[INFO] Scanning for projects...
[INFO] 
[INFO] -----------------< si.konferenca:registration-backend >-----------------
[INFO] Building registration-backend 1.0.0
[INFO]   from pom.xml
[INFO] --------------------------------[ jar ]---------------------------------
[INFO] 
[INFO] --- jacoco:0.8.12:prepare-agent (prepare-agent) @ registration-backend ---
[INFO] Skipping JaCoCo execution because property jacoco.skip is set.
[INFO] argLine set to empty
[INFO] 
[INFO] --- resources:3.5.0:resources (default-resources) @ registration-backend ---
[INFO] Copying 0 resource from src/main/resources to target/classes
[INFO] Copying 0 resource from src/main/resources to target/classes
[INFO] 
[INFO] --- compiler:3.15.0:compile (default-compile) @ registration-backend ---
[INFO] Nothing to compile - all classes are up to date.
[INFO] 
[INFO] --- resources:3.5.0:testResources (default-testResources) @ registration-backend ---
[INFO] Copying 1 resource from src/test/resources to target/test-classes
[INFO] 
[INFO] --- compiler:3.15.0:testCompile (default-testCompile) @ registration-backend ---
[INFO] Recompiling the module because of changed source code.
[INFO] Compiling 14 source files with javac [debug parameters release 21] to target/test-classes
[INFO] 
[INFO] --- surefire:3.5.6:test (default-test) @ registration-backend ---
[INFO] Using auto detected provider org.apache.maven.surefire.junitplatform.JUnitPlatformProvider
[INFO] 
[INFO] -------------------------------------------------------
[INFO]  T E S T S
[INFO] -------------------------------------------------------
[INFO] Running si.konferenca.registration.acceptance.ParticipantEmailAcceptanceTest
20:17:40.144 [main] INFO org.testcontainers.images.PullPolicy -- Image pull policy will be performed by: DefaultPullPolicy()
20:17:40.148 [main] INFO org.testcontainers.utility.ImageNameSubstitutor -- Image name substitution will be performed by: DefaultImageNameSubstitutor (composite of 'ConfigurationFileImageNameSubstitutor' and 'PrefixingImageNameSubstitutor')
20:17:40.176 [main] INFO org.testcontainers.DockerClientFactory -- Testcontainers version: 2.0.5
20:17:40.861 [main] INFO org.testcontainers.dockerclient.DockerClientProviderStrategy -- Found Docker environment with Docker accessed via Unix socket (/home/tjan-kazar/.docker/desktop/docker.sock)
20:17:40.863 [main] INFO org.testcontainers.DockerClientFactory -- Docker host IP address is localhost
20:17:40.879 [main] INFO org.testcontainers.DockerClientFactory -- Connected to docker: 
  Server Version: 29.3.1
  API Version: 1.54
  Operating System: Docker Desktop
  Total Memory: 31283 MB
  Labels: 
    com.docker.desktop.address=unix:///home/tjan-kazar/.docker/desktop/docker-cli.sock
20:17:41.183 [main] INFO tc.testcontainers/ryuk:0.14.0 -- Creating container for image: testcontainers/ryuk:0.14.0
20:17:41.357 [main] INFO tc.testcontainers/ryuk:0.14.0 -- Container testcontainers/ryuk:0.14.0 is starting: 69c74c1edd47e3d9c4160162429714b6f51924b37d40002f00e176057d880388
20:17:41.888 [main] INFO tc.testcontainers/ryuk:0.14.0 -- Container testcontainers/ryuk:0.14.0 started in PT0.705217096S
20:17:41.894 [main] INFO org.testcontainers.utility.RyukResourceReaper -- Ryuk started - will monitor and terminate Testcontainers containers on JVM exit
20:17:41.894 [main] INFO org.testcontainers.DockerClientFactory -- Checking the system...
20:17:41.895 [main] INFO org.testcontainers.DockerClientFactory -- ✔︎ Docker server version should be at least 1.6.0
20:17:41.896 [main] INFO tc.postgres:16.15-alpine -- Creating container for image: postgres:16.15-alpine
20:17:42.001 [main] INFO tc.postgres:16.15-alpine -- Container postgres:16.15-alpine is starting: 4d895c615a6e8adbdfd2dea00400b946aa8ec4224c2a5d1610deb24b5ab203cd
20:17:43.992 [main] INFO tc.postgres:16.15-alpine -- Container postgres:16.15-alpine started in PT2.096289686S
20:17:43.993 [main] INFO tc.postgres:16.15-alpine -- Container is started (JDBC URL: jdbc:postgresql://localhost:38917/test?loggerLevel=OFF)
20:17:43.993 [main] INFO tc.axllent/mailpit:v1.31.1 -- Creating container for image: axllent/mailpit:v1.31.1
20:17:44.153 [main] INFO tc.axllent/mailpit:v1.31.1 -- Container axllent/mailpit:v1.31.1 is starting: e99ccd385852133134d968425279b6d7409e9bc9d2ac8132367d72309c85d754
20:17:44.534 [main] INFO org.testcontainers.containers.wait.strategy.HttpWaitStrategy -- /nice_kare: Waiting for 60 seconds for URL: http://localhost:41849/api/v1/messages (where port 41849 maps to container port 8025)
20:17:44.548 [main] INFO tc.axllent/mailpit:v1.31.1 -- Container axllent/mailpit:v1.31.1 started in PT0.554972358S

  .   ____          _            __ _ _
 /\\ / ___'_ __ _ _(_)_ __  __ _ \ \ \ \
( ( )\___ | '_ | '_| | '_ \/ _` | \ \ \ \
 \\/  ___)| |_)| | | | | || (_| |  ) ) ) )
  '  |____| .__|_| |_|_| |_\__, | / / / /
 =========|_|==============|___/=/_/_/_/

 :: Spring Boot ::                (v4.1.1)

2026-10-06T20:17:45.361+02:00  INFO 327323 --- [           main] o.a.maven.surefire.booter.ForkedBooter   : Starting ForkedBooter v3.5.6 using Java 21.0.12.1 with PID 327323 (started by tjan-kazar in /home/tjan-kazar/storage/Work/lab/agentic_lab/agentic_lab/02_output/backend)
2026-10-06T20:17:45.363+02:00  INFO 327323 --- [           main] o.a.maven.surefire.booter.ForkedBooter   : The following 1 profile is active: "test"
2026-10-06T20:17:46.032+02:00  INFO 327323 --- [           main] .s.d.r.c.RepositoryConfigurationDelegate : Bootstrapping Spring Data JPA repositories in DEFAULT mode.
2026-10-06T20:17:46.054+02:00  INFO 327323 --- [           main] .s.d.r.c.RepositoryConfigurationDelegate : Finished Spring Data repository scanning in 14 ms. Found 0 JPA repository interfaces.
2026-10-06T20:17:46.588+02:00  INFO 327323 --- [           main] o.s.boot.tomcat.TomcatWebServer          : Tomcat initialized with port 0 (http)
2026-10-06T20:17:46.602+02:00  INFO 327323 --- [           main] o.apache.catalina.core.StandardService   : Starting service [Tomcat]
2026-10-06T20:17:46.603+02:00  INFO 327323 --- [           main] o.apache.catalina.core.StandardEngine    : Starting Servlet engine: [Apache Tomcat/11.0.26]
2026-10-06T20:17:46.641+02:00  INFO 327323 --- [           main] b.w.c.s.WebApplicationContextInitializer : Root WebApplicationContext: initialization completed in 1248 ms
2026-10-06T20:17:46.953+02:00  INFO 327323 --- [           main] com.zaxxer.hikari.HikariDataSource       : HikariPool-1 - Starting...
2026-10-06T20:17:46.995+02:00  INFO 327323 --- [           main] com.zaxxer.hikari.pool.HikariPool        : HikariPool-1 - Added connection org.postgresql.jdbc.PgConnection@7a85454b
2026-10-06T20:17:46.996+02:00  INFO 327323 --- [           main] com.zaxxer.hikari.HikariDataSource       : HikariPool-1 - Start completed.
2026-10-06T20:17:47.029+02:00  INFO 327323 --- [           main] org.flywaydb.core.FlywayExecutor         : Database: jdbc:postgresql://localhost:38917/reg_327323_2 (PostgreSQL 16.15)
2026-10-06T20:17:47.081+02:00  INFO 327323 --- [           main] o.f.c.i.s.JdbcTableSchemaHistory         : Schema history table "public"."flyway_schema_history" does not exist yet
2026-10-06T20:17:47.083+02:00  INFO 327323 --- [           main] o.f.core.internal.command.DbValidate     : Successfully validated 0 migrations (execution time 00:00.009s)
2026-10-06T20:17:47.084+02:00  WARN 327323 --- [           main] o.f.core.internal.command.DbValidate     : No migrations found. Are your locations set up correctly?
2026-10-06T20:17:47.103+02:00  INFO 327323 --- [           main] o.f.c.i.s.JdbcTableSchemaHistory         : Creating Schema History table "public"."flyway_schema_history" ...
2026-10-06T20:17:47.161+02:00  INFO 327323 --- [           main] o.f.core.internal.command.DbMigrate      : Current version of schema "public": << Empty Schema >>
2026-10-06T20:17:47.165+02:00  INFO 327323 --- [           main] o.f.core.internal.command.DbMigrate      : Schema "public" is up to date. No migration necessary.
2026-10-06T20:17:47.267+02:00  INFO 327323 --- [           main] org.hibernate.orm.jpa                    : HHH008540: Processing PersistenceUnitInfo [name: default]
2026-10-06T20:17:47.317+02:00  INFO 327323 --- [           main] org.hibernate.orm.core                   : HHH000001: Hibernate ORM core version 7.4.5.Final
2026-10-06T20:17:47.655+02:00  INFO 327323 --- [           main] o.s.o.j.p.SpringPersistenceUnitInfo      : No LoadTimeWeaver setup: ignoring JPA class transformer
2026-10-06T20:17:47.724+02:00  INFO 327323 --- [           main] org.hibernate.orm.connections.pooling    : HHH10001005: Database info:
	Database JDBC URL [jdbc:postgresql://localhost:38917/reg_327323_2]
	Database driver: PostgreSQL JDBC Driver
	Database dialect: PostgreSQLDialect
	Database version: 16.15
	Default catalog/schema: reg_327323_2/public
	Autocommit mode: undefined/unknown
	Isolation level: READ_COMMITTED [default READ_COMMITTED]
	JDBC fetch size: none
	Pool: DataSourceConnectionProvider
	Minimum pool size: undefined/unknown
	Maximum pool size: undefined/unknown
2026-10-06T20:17:48.015+02:00  INFO 327323 --- [           main] org.hibernate.orm.core                   : HHH000489: No JTA platform available (set 'hibernate.transaction.jta.platform' to enable JTA platform integration)
2026-10-06T20:17:48.021+02:00  INFO 327323 --- [           main] j.LocalContainerEntityManagerFactoryBean : Initialized JPA EntityManagerFactory for persistence unit 'default'
2026-10-06T20:17:48.077+02:00  WARN 327323 --- [           main] JpaBaseConfiguration$JpaWebConfiguration : spring.jpa.open-in-view is enabled by default. Therefore, database queries may be performed during view rendering. Explicitly configure spring.jpa.open-in-view to disable this warning
2026-10-06T20:17:48.488+02:00  WARN 327323 --- [           main] .s.a.UserDetailsServiceAutoConfiguration : 

Using generated security password: 6aaa0cc9-4600-41ea-b03b-66eb0a09ef78

This generated password is for development use only. Your security configuration must be updated before running your application in production.

2026-10-06T20:17:48.510+02:00  INFO 327323 --- [           main] r$InitializeUserDetailsManagerConfigurer : Global AuthenticationManager configured with UserDetailsService bean with name inMemoryUserDetailsManager
2026-10-06T20:17:48.680+02:00  INFO 327323 --- [           main] o.s.b.a.e.web.EndpointLinksResolver      : Exposing 1 endpoint beneath base path '/actuator'
2026-10-06T20:17:48.774+02:00  INFO 327323 --- [           main] o.s.boot.tomcat.TomcatWebServer          : Tomcat started on port 39371 (http) with context path '/'
2026-10-06T20:17:48.785+02:00  INFO 327323 --- [           main] o.a.maven.surefire.booter.ForkedBooter   : Started ForkedBooter in 3.731 seconds (process running for 9.511)

  .   ____          _            __ _ _
 /\\ / ___'_ __ _ _(_)_ __  __ _ \ \ \ \
( ( )\___ | '_ | '_| | '_ \/ _` | \ \ \ \
 \\/  ___)| |_)| | | | | || (_| |  ) ) ) )
  '  |____| .__|_| |_|_| |_\__, | / / / /
 =========|_|==============|___/=/_/_/_/

 :: Spring Boot ::                (v4.1.1)

2026-10-06T20:17:48.951+02:00  INFO 327323 --- [           main] o.a.maven.surefire.booter.ForkedBooter   : Starting ForkedBooter v3.5.6 using Java 21.0.12.1 with PID 327323 (started by tjan-kazar in /home/tjan-kazar/storage/Work/lab/agentic_lab/agentic_lab/02_output/backend)
2026-10-06T20:17:48.951+02:00  INFO 327323 --- [           main] o.a.maven.surefire.booter.ForkedBooter   : The following 1 profile is active: "test"
2026-10-06T20:17:49.110+02:00  INFO 327323 --- [           main] .s.d.r.c.RepositoryConfigurationDelegate : Bootstrapping Spring Data JPA repositories in DEFAULT mode.
2026-10-06T20:17:49.114+02:00  INFO 327323 --- [           main] .s.d.r.c.RepositoryConfigurationDelegate : Finished Spring Data repository scanning in 2 ms. Found 0 JPA repository interfaces.
2026-10-06T20:17:49.210+02:00  INFO 327323 --- [           main] o.s.boot.tomcat.TomcatWebServer          : Tomcat initialized with port 0 (http)
2026-10-06T20:17:49.211+02:00  INFO 327323 --- [           main] o.apache.catalina.core.StandardService   : Starting service [Tomcat]
2026-10-06T20:17:49.212+02:00  INFO 327323 --- [           main] o.apache.catalina.core.StandardEngine    : Starting Servlet engine: [Apache Tomcat/11.0.26]
2026-10-06T20:17:49.224+02:00  INFO 327323 --- [           main] b.w.c.s.WebApplicationContextInitializer : Root WebApplicationContext: initialization completed in 271 ms
2026-10-06T20:17:49.290+02:00  INFO 327323 --- [           main] com.zaxxer.hikari.HikariDataSource       : HikariPool-2 - Starting...
2026-10-06T20:17:49.313+02:00  INFO 327323 --- [           main] com.zaxxer.hikari.pool.HikariPool        : HikariPool-2 - Added connection org.postgresql.jdbc.PgConnection@66a2bc61
2026-10-06T20:17:49.313+02:00  INFO 327323 --- [           main] com.zaxxer.hikari.HikariDataSource       : HikariPool-2 - Start completed.
2026-10-06T20:17:49.315+02:00  INFO 327323 --- [           main] org.flywaydb.core.FlywayExecutor         : Database: jdbc:postgresql://localhost:38917/reg_327323_4 (PostgreSQL 16.15)
2026-10-06T20:17:49.337+02:00  INFO 327323 --- [           main] o.f.c.i.s.JdbcTableSchemaHistory         : Schema history table "public"."flyway_schema_history" does not exist yet
2026-10-06T20:17:49.338+02:00  INFO 327323 --- [           main] o.f.core.internal.command.DbValidate     : Successfully validated 0 migrations (execution time 00:00.004s)
2026-10-06T20:17:49.338+02:00  WARN 327323 --- [           main] o.f.core.internal.command.DbValidate     : No migrations found. Are your locations set up correctly?
2026-10-06T20:17:49.352+02:00  INFO 327323 --- [           main] o.f.c.i.s.JdbcTableSchemaHistory         : Creating Schema History table "public"."flyway_schema_history" ...
2026-10-06T20:17:49.393+02:00  INFO 327323 --- [           main] o.f.core.internal.command.DbMigrate      : Current version of schema "public": << Empty Schema >>
2026-10-06T20:17:49.394+02:00  INFO 327323 --- [           main] o.f.core.internal.command.DbMigrate      : Schema "public" is up to date. No migration necessary.
2026-10-06T20:17:49.412+02:00  INFO 327323 --- [           main] org.hibernate.orm.jpa                    : HHH008540: Processing PersistenceUnitInfo [name: default]
2026-10-06T20:17:49.436+02:00  INFO 327323 --- [           main] o.s.o.j.p.SpringPersistenceUnitInfo      : No LoadTimeWeaver setup: ignoring JPA class transformer
2026-10-06T20:17:49.445+02:00  INFO 327323 --- [           main] org.hibernate.orm.connections.pooling    : HHH10001005: Database info:
	Database JDBC URL [jdbc:postgresql://localhost:38917/reg_327323_4]
	Database driver: PostgreSQL JDBC Driver
	Database dialect: PostgreSQLDialect
	Database version: 16.15
	Default catalog/schema: reg_327323_4/public
	Autocommit mode: undefined/unknown
	Isolation level: READ_COMMITTED [default READ_COMMITTED]
	JDBC fetch size: none
	Pool: DataSourceConnectionProvider
	Minimum pool size: undefined/unknown
	Maximum pool size: undefined/unknown
2026-10-06T20:17:49.464+02:00  INFO 327323 --- [           main] org.hibernate.orm.core                   : HHH000489: No JTA platform available (set 'hibernate.transaction.jta.platform' to enable JTA platform integration)
2026-10-06T20:17:49.465+02:00  INFO 327323 --- [           main] j.LocalContainerEntityManagerFactoryBean : Initialized JPA EntityManagerFactory for persistence unit 'default'
2026-10-06T20:17:49.481+02:00  WARN 327323 --- [           main] JpaBaseConfiguration$JpaWebConfiguration : spring.jpa.open-in-view is enabled by default. Therefore, database queries may be performed during view rendering. Explicitly configure spring.jpa.open-in-view to disable this warning
2026-10-06T20:17:49.611+02:00  WARN 327323 --- [           main] .s.a.UserDetailsServiceAutoConfiguration : 

Using generated security password: 37d7d51f-46d9-4b85-a504-3bd6554441b9

This generated password is for development use only. Your security configuration must be updated before running your application in production.

2026-10-06T20:17:49.620+02:00  INFO 327323 --- [           main] r$InitializeUserDetailsManagerConfigurer : Global AuthenticationManager configured with UserDetailsService bean with name inMemoryUserDetailsManager
2026-10-06T20:17:49.647+02:00  INFO 327323 --- [           main] o.s.b.a.e.web.EndpointLinksResolver      : Exposing 1 endpoint beneath base path '/actuator'
2026-10-06T20:17:49.674+02:00  INFO 327323 --- [           main] o.s.boot.tomcat.TomcatWebServer          : Tomcat started on port 44225 (http) with context path '/'
2026-10-06T20:17:49.678+02:00  INFO 327323 --- [           main] o.a.maven.surefire.booter.ForkedBooter   : Started ForkedBooter in 0.746 seconds (process running for 10.404)
2026-10-06T20:17:49.776+02:00  INFO 327323 --- [o-auto-2-exec-1] o.a.c.c.C.[Tomcat-1].[localhost].[/]     : Initializing Spring DispatcherServlet 'dispatcherServlet'
2026-10-06T20:17:49.776+02:00  INFO 327323 --- [o-auto-2-exec-1] o.s.web.servlet.DispatcherServlet        : Initializing Servlet 'dispatcherServlet'
2026-10-06T20:17:49.777+02:00  INFO 327323 --- [o-auto-2-exec-1] o.s.web.servlet.DispatcherServlet        : Completed initialization in 1 ms
2026-10-06T20:17:49.899+02:00  INFO 327323 --- [           main] o.s.boot.tomcat.GracefulShutdown         : Commencing graceful shutdown. Waiting for active requests to complete
2026-10-06T20:17:49.900+02:00  INFO 327323 --- [tomcat-shutdown] o.s.boot.tomcat.GracefulShutdown         : Graceful shutdown complete
2026-10-06T20:17:49.905+02:00  INFO 327323 --- [           main] j.LocalContainerEntityManagerFactoryBean : Closing JPA EntityManagerFactory for persistence unit 'default'
2026-10-06T20:17:49.907+02:00  INFO 327323 --- [           main] com.zaxxer.hikari.HikariDataSource       : HikariPool-2 - Shutdown initiated...
2026-10-06T20:17:49.909+02:00  INFO 327323 --- [           main] com.zaxxer.hikari.HikariDataSource       : HikariPool-2 - Shutdown completed.
2026-10-06T20:17:49.911+02:00  INFO 327323 --- [           main] o.apache.catalina.core.StandardService   : Stopping service [Tomcat]
2026-10-06T20:17:49.912+02:00  INFO 327323 --- [           main] o.a.c.c.C.[Tomcat-1].[localhost].[/]     : Destroying Spring FrameworkServlet 'dispatcherServlet'
2026-10-06T20:17:49.935+02:00  INFO 327323 --- [o-auto-1-exec-1] o.a.c.c.C.[Tomcat].[localhost].[/]       : Initializing Spring DispatcherServlet 'dispatcherServlet'
2026-10-06T20:17:49.935+02:00  INFO 327323 --- [o-auto-1-exec-1] o.s.web.servlet.DispatcherServlet        : Initializing Servlet 'dispatcherServlet'
2026-10-06T20:17:49.936+02:00  INFO 327323 --- [o-auto-1-exec-1] o.s.web.servlet.DispatcherServlet        : Completed initialization in 1 ms
2026-10-06T20:17:49.959+02:00  INFO 327323 --- [           main] o.s.boot.tomcat.GracefulShutdown         : Commencing graceful shutdown. Waiting for active requests to complete
2026-10-06T20:17:49.960+02:00  INFO 327323 --- [tomcat-shutdown] o.s.boot.tomcat.GracefulShutdown         : Graceful shutdown complete
2026-10-06T20:17:49.964+02:00  INFO 327323 --- [           main] j.LocalContainerEntityManagerFactoryBean : Closing JPA EntityManagerFactory for persistence unit 'default'
2026-10-06T20:17:49.965+02:00  INFO 327323 --- [           main] com.zaxxer.hikari.HikariDataSource       : HikariPool-1 - Shutdown initiated...
2026-10-06T20:17:49.966+02:00  INFO 327323 --- [           main] com.zaxxer.hikari.HikariDataSource       : HikariPool-1 - Shutdown completed.
[ERROR] Tests run: 3, Failures: 3, Errors: 0, Skipped: 0, Time elapsed: 9.884 s <<< FAILURE! -- in si.konferenca.registration.acceptance.ParticipantEmailAcceptanceTest
[ERROR] si.konferenca.registration.acceptance.ParticipantEmailAcceptanceTest.AC_006_03_unavailableMailServerDoesNotPreventAcceptance -- Time elapsed: 1.063 s <<< FAILURE!
org.opentest4j.AssertionFailedError: 

expected: 201
 but was: 401
	at si.konferenca.registration.acceptance.ParticipantEmailAcceptanceTest.AC_006_03_unavailableMailServerDoesNotPreventAcceptance(ParticipantEmailAcceptanceTest.java:83)

[ERROR] si.konferenca.registration.acceptance.ParticipantEmailAcceptanceTest.AC_006_02_rejectedRegistrationSendsNoEmail -- Time elapsed: 0.014 s <<< FAILURE!
org.opentest4j.AssertionFailedError: 

expected: 400
 but was: 401
	at si.konferenca.registration.acceptance.ParticipantEmailAcceptanceTest.AC_006_02_rejectedRegistrationSendsNoEmail(ParticipantEmailAcceptanceTest.java:62)

[ERROR] si.konferenca.registration.acceptance.ParticipantEmailAcceptanceTest.AC_006_01_participantReceivesConfirmationWithNameAndOptions -- Time elapsed: 0.010 s <<< FAILURE!
org.opentest4j.AssertionFailedError: 

expected: 201
 but was: 401
	at si.konferenca.registration.acceptance.ParticipantEmailAcceptanceTest.AC_006_01_participantReceivesConfirmationWithNameAndOptions(ParticipantEmailAcceptanceTest.java:43)

[INFO] Running si.konferenca.registration.acceptance.RegistrationStorageAcceptanceTest

  .   ____          _            __ _ _
 /\\ / ___'_ __ _ _(_)_ __  __ _ \ \ \ \
( ( )\___ | '_ | '_| | '_ \/ _` | \ \ \ \
 \\/  ___)| |_)| | | | | || (_| |  ) ) ) )
  '  |____| .__|_| |_|_| |_\__, | / / / /
 =========|_|==============|___/=/_/_/_/

 :: Spring Boot ::                (v4.1.1)

2026-10-06T20:17:50.047+02:00  INFO 327323 --- [           main] o.a.maven.surefire.booter.ForkedBooter   : Starting ForkedBooter v3.5.6 using Java 21.0.12.1 with PID 327323 (started by tjan-kazar in /home/tjan-kazar/storage/Work/lab/agentic_lab/agentic_lab/02_output/backend)
2026-10-06T20:17:50.047+02:00  INFO 327323 --- [           main] o.a.maven.surefire.booter.ForkedBooter   : The following 1 profile is active: "test"
2026-10-06T20:17:50.190+02:00  INFO 327323 --- [           main] .s.d.r.c.RepositoryConfigurationDelegate : Bootstrapping Spring Data JPA repositories in DEFAULT mode.
2026-10-06T20:17:50.194+02:00  INFO 327323 --- [           main] .s.d.r.c.RepositoryConfigurationDelegate : Finished Spring Data repository scanning in 1 ms. Found 0 JPA repository interfaces.
2026-10-06T20:17:50.271+02:00  INFO 327323 --- [           main] o.s.boot.tomcat.TomcatWebServer          : Tomcat initialized with port 0 (http)
2026-10-06T20:17:50.272+02:00  INFO 327323 --- [           main] o.apache.catalina.core.StandardService   : Starting service [Tomcat]
2026-10-06T20:17:50.272+02:00  INFO 327323 --- [           main] o.apache.catalina.core.StandardEngine    : Starting Servlet engine: [Apache Tomcat/11.0.26]
2026-10-06T20:17:50.282+02:00  INFO 327323 --- [           main] b.w.c.s.WebApplicationContextInitializer : Root WebApplicationContext: initialization completed in 233 ms
2026-10-06T20:17:50.338+02:00  INFO 327323 --- [           main] com.zaxxer.hikari.HikariDataSource       : HikariPool-3 - Starting...
2026-10-06T20:17:50.366+02:00  INFO 327323 --- [           main] com.zaxxer.hikari.pool.HikariPool        : HikariPool-3 - Added connection org.postgresql.jdbc.PgConnection@54856056
2026-10-06T20:17:50.366+02:00  INFO 327323 --- [           main] com.zaxxer.hikari.HikariDataSource       : HikariPool-3 - Start completed.
2026-10-06T20:17:50.368+02:00  INFO 327323 --- [           main] org.flywaydb.core.FlywayExecutor         : Database: jdbc:postgresql://localhost:38917/reg_327323_6 (PostgreSQL 16.15)
2026-10-06T20:17:50.387+02:00  INFO 327323 --- [           main] o.f.c.i.s.JdbcTableSchemaHistory         : Schema history table "public"."flyway_schema_history" does not exist yet
2026-10-06T20:17:50.388+02:00  INFO 327323 --- [           main] o.f.core.internal.command.DbValidate     : Successfully validated 0 migrations (execution time 00:00.004s)
2026-10-06T20:17:50.388+02:00  WARN 327323 --- [           main] o.f.core.internal.command.DbValidate     : No migrations found. Are your locations set up correctly?
2026-10-06T20:17:50.401+02:00  INFO 327323 --- [           main] o.f.c.i.s.JdbcTableSchemaHistory         : Creating Schema History table "public"."flyway_schema_history" ...
2026-10-06T20:17:50.439+02:00  INFO 327323 --- [           main] o.f.core.internal.command.DbMigrate      : Current version of schema "public": << Empty Schema >>
2026-10-06T20:17:50.440+02:00  INFO 327323 --- [           main] o.f.core.internal.command.DbMigrate      : Schema "public" is up to date. No migration necessary.
2026-10-06T20:17:50.454+02:00  INFO 327323 --- [           main] org.hibernate.orm.jpa                    : HHH008540: Processing PersistenceUnitInfo [name: default]
2026-10-06T20:17:50.479+02:00  INFO 327323 --- [           main] o.s.o.j.p.SpringPersistenceUnitInfo      : No LoadTimeWeaver setup: ignoring JPA class transformer
2026-10-06T20:17:50.492+02:00  INFO 327323 --- [           main] org.hibernate.orm.connections.pooling    : HHH10001005: Database info:
	Database JDBC URL [jdbc:postgresql://localhost:38917/reg_327323_6]
	Database driver: PostgreSQL JDBC Driver
	Database dialect: PostgreSQLDialect
	Database version: 16.15
	Default catalog/schema: reg_327323_6/public
	Autocommit mode: undefined/unknown
	Isolation level: READ_COMMITTED [default READ_COMMITTED]
	JDBC fetch size: none
	Pool: DataSourceConnectionProvider
	Minimum pool size: undefined/unknown
	Maximum pool size: undefined/unknown
2026-10-06T20:17:50.510+02:00  INFO 327323 --- [           main] org.hibernate.orm.core                   : HHH000489: No JTA platform available (set 'hibernate.transaction.jta.platform' to enable JTA platform integration)
2026-10-06T20:17:50.510+02:00  INFO 327323 --- [           main] j.LocalContainerEntityManagerFactoryBean : Initialized JPA EntityManagerFactory for persistence unit 'default'
2026-10-06T20:17:50.537+02:00  WARN 327323 --- [           main] JpaBaseConfiguration$JpaWebConfiguration : spring.jpa.open-in-view is enabled by default. Therefore, database queries may be performed during view rendering. Explicitly configure spring.jpa.open-in-view to disable this warning
2026-10-06T20:17:50.633+02:00  WARN 327323 --- [           main] .s.a.UserDetailsServiceAutoConfiguration : 

Using generated security password: 545612d5-bb6c-4234-aa02-14a39079fb96

This generated password is for development use only. Your security configuration must be updated before running your application in production.

2026-10-06T20:17:50.639+02:00  INFO 327323 --- [           main] r$InitializeUserDetailsManagerConfigurer : Global AuthenticationManager configured with UserDetailsService bean with name inMemoryUserDetailsManager
2026-10-06T20:17:50.658+02:00  INFO 327323 --- [           main] o.s.b.a.e.web.EndpointLinksResolver      : Exposing 1 endpoint beneath base path '/actuator'
2026-10-06T20:17:50.680+02:00  INFO 327323 --- [           main] o.s.boot.tomcat.TomcatWebServer          : Tomcat started on port 46715 (http) with context path '/'
2026-10-06T20:17:50.683+02:00  INFO 327323 --- [           main] o.a.maven.surefire.booter.ForkedBooter   : Started ForkedBooter in 0.655 seconds (process running for 11.409)
2026-10-06T20:17:50.686+02:00  INFO 327323 --- [o-auto-3-exec-1] o.a.c.c.C.[Tomcat].[localhost].[/]       : Initializing Spring DispatcherServlet 'dispatcherServlet'
2026-10-06T20:17:50.687+02:00  INFO 327323 --- [o-auto-3-exec-1] o.s.web.servlet.DispatcherServlet        : Initializing Servlet 'dispatcherServlet'
2026-10-06T20:17:50.688+02:00  INFO 327323 --- [o-auto-3-exec-1] o.s.web.servlet.DispatcherServlet        : Completed initialization in 1 ms
2026-10-06T20:17:50.696+02:00  INFO 327323 --- [           main] o.s.boot.tomcat.GracefulShutdown         : Commencing graceful shutdown. Waiting for active requests to complete
2026-10-06T20:17:50.697+02:00  INFO 327323 --- [tomcat-shutdown] o.s.boot.tomcat.GracefulShutdown         : Graceful shutdown complete
2026-10-06T20:17:50.700+02:00  INFO 327323 --- [           main] j.LocalContainerEntityManagerFactoryBean : Closing JPA EntityManagerFactory for persistence unit 'default'
2026-10-06T20:17:50.700+02:00  INFO 327323 --- [           main] com.zaxxer.hikari.HikariDataSource       : HikariPool-3 - Shutdown initiated...
2026-10-06T20:17:50.706+02:00  INFO 327323 --- [           main] com.zaxxer.hikari.HikariDataSource       : HikariPool-3 - Shutdown completed.

  .   ____          _            __ _ _
 /\\ / ___'_ __ _ _(_)_ __  __ _ \ \ \ \
( ( )\___ | '_ | '_| | '_ \/ _` | \ \ \ \
 \\/  ___)| |_)| | | | | || (_| |  ) ) ) )
  '  |____| .__|_| |_|_| |_\__, | / / / /
 =========|_|==============|___/=/_/_/_/

 :: Spring Boot ::                (v4.1.1)

2026-10-06T20:17:50.765+02:00  INFO 327323 --- [           main] o.a.maven.surefire.booter.ForkedBooter   : Starting ForkedBooter v3.5.6 using Java 21.0.12.1 with PID 327323 (started by tjan-kazar in /home/tjan-kazar/storage/Work/lab/agentic_lab/agentic_lab/02_output/backend)
2026-10-06T20:17:50.765+02:00  INFO 327323 --- [           main] o.a.maven.surefire.booter.ForkedBooter   : The following 1 profile is active: "test"
2026-10-06T20:17:50.874+02:00  INFO 327323 --- [           main] .s.d.r.c.RepositoryConfigurationDelegate : Bootstrapping Spring Data JPA repositories in DEFAULT mode.
2026-10-06T20:17:50.877+02:00  INFO 327323 --- [           main] .s.d.r.c.RepositoryConfigurationDelegate : Finished Spring Data repository scanning in 1 ms. Found 0 JPA repository interfaces.
2026-10-06T20:17:50.955+02:00  INFO 327323 --- [           main] o.s.boot.tomcat.TomcatWebServer          : Tomcat initialized with port 0 (http)
2026-10-06T20:17:50.956+02:00  INFO 327323 --- [           main] o.apache.catalina.core.StandardService   : Starting service [Tomcat]
2026-10-06T20:17:50.956+02:00  INFO 327323 --- [           main] o.apache.catalina.core.StandardEngine    : Starting Servlet engine: [Apache Tomcat/11.0.26]
2026-10-06T20:17:50.967+02:00  INFO 327323 --- [           main] b.w.c.s.WebApplicationContextInitializer : Root WebApplicationContext: initialization completed in 200 ms
2026-10-06T20:17:51.021+02:00  INFO 327323 --- [           main] com.zaxxer.hikari.HikariDataSource       : HikariPool-4 - Starting...
2026-10-06T20:17:51.041+02:00  INFO 327323 --- [           main] com.zaxxer.hikari.pool.HikariPool        : HikariPool-4 - Added connection org.postgresql.jdbc.PgConnection@46bb8cba
2026-10-06T20:17:51.042+02:00  INFO 327323 --- [           main] com.zaxxer.hikari.HikariDataSource       : HikariPool-4 - Start completed.
2026-10-06T20:17:51.043+02:00  INFO 327323 --- [           main] org.flywaydb.core.FlywayExecutor         : Database: jdbc:postgresql://localhost:38917/reg_327323_8 (PostgreSQL 16.15)
2026-10-06T20:17:51.059+02:00  INFO 327323 --- [           main] o.f.c.i.s.JdbcTableSchemaHistory         : Schema history table "public"."flyway_schema_history" does not exist yet
2026-10-06T20:17:51.060+02:00  INFO 327323 --- [           main] o.f.core.internal.command.DbValidate     : Successfully validated 0 migrations (execution time 00:00.003s)
2026-10-06T20:17:51.060+02:00  WARN 327323 --- [           main] o.f.core.internal.command.DbValidate     : No migrations found. Are your locations set up correctly?
2026-10-06T20:17:51.070+02:00  INFO 327323 --- [           main] o.f.c.i.s.JdbcTableSchemaHistory         : Creating Schema History table "public"."flyway_schema_history" ...
2026-10-06T20:17:51.100+02:00  INFO 327323 --- [           main] o.f.core.internal.command.DbMigrate      : Current version of schema "public": << Empty Schema >>
2026-10-06T20:17:51.100+02:00  INFO 327323 --- [           main] o.f.core.internal.command.DbMigrate      : Schema "public" is up to date. No migration necessary.
2026-10-06T20:17:51.112+02:00  INFO 327323 --- [           main] org.hibernate.orm.jpa                    : HHH008540: Processing PersistenceUnitInfo [name: default]
2026-10-06T20:17:51.131+02:00  INFO 327323 --- [           main] o.s.o.j.p.SpringPersistenceUnitInfo      : No LoadTimeWeaver setup: ignoring JPA class transformer
2026-10-06T20:17:51.140+02:00  INFO 327323 --- [           main] org.hibernate.orm.connections.pooling    : HHH10001005: Database info:
	Database JDBC URL [jdbc:postgresql://localhost:38917/reg_327323_8]
	Database driver: PostgreSQL JDBC Driver
	Database dialect: PostgreSQLDialect
	Database version: 16.15
	Default catalog/schema: reg_327323_8/public
	Autocommit mode: undefined/unknown
	Isolation level: READ_COMMITTED [default READ_COMMITTED]
	JDBC fetch size: none
	Pool: DataSourceConnectionProvider
	Minimum pool size: undefined/unknown
	Maximum pool size: undefined/unknown
2026-10-06T20:17:51.158+02:00  INFO 327323 --- [           main] org.hibernate.orm.core                   : HHH000489: No JTA platform available (set 'hibernate.transaction.jta.platform' to enable JTA platform integration)
2026-10-06T20:17:51.159+02:00  INFO 327323 --- [           main] j.LocalContainerEntityManagerFactoryBean : Initialized JPA EntityManagerFactory for persistence unit 'default'
2026-10-06T20:17:51.171+02:00  WARN 327323 --- [           main] JpaBaseConfiguration$JpaWebConfiguration : spring.jpa.open-in-view is enabled by default. Therefore, database queries may be performed during view rendering. Explicitly configure spring.jpa.open-in-view to disable this warning
2026-10-06T20:17:51.265+02:00  WARN 327323 --- [           main] .s.a.UserDetailsServiceAutoConfiguration : 

Using generated security password: 7469040b-55f8-4a30-b574-b2015f3a1b7f

This generated password is for development use only. Your security configuration must be updated before running your application in production.

2026-10-06T20:17:51.273+02:00  INFO 327323 --- [           main] r$InitializeUserDetailsManagerConfigurer : Global AuthenticationManager configured with UserDetailsService bean with name inMemoryUserDetailsManager
2026-10-06T20:17:51.298+02:00  INFO 327323 --- [           main] o.s.b.a.e.web.EndpointLinksResolver      : Exposing 1 endpoint beneath base path '/actuator'
2026-10-06T20:17:51.316+02:00  INFO 327323 --- [           main] o.s.boot.tomcat.TomcatWebServer          : Tomcat started on port 45243 (http) with context path '/'
2026-10-06T20:17:51.319+02:00  INFO 327323 --- [           main] o.a.maven.surefire.booter.ForkedBooter   : Started ForkedBooter in 0.571 seconds (process running for 12.046)
2026-10-06T20:17:51.323+02:00  INFO 327323 --- [o-auto-4-exec-1] o.a.c.c.C.[Tomcat].[localhost].[/]       : Initializing Spring DispatcherServlet 'dispatcherServlet'
2026-10-06T20:17:51.323+02:00  INFO 327323 --- [o-auto-4-exec-1] o.s.web.servlet.DispatcherServlet        : Initializing Servlet 'dispatcherServlet'
2026-10-06T20:17:51.325+02:00  INFO 327323 --- [o-auto-4-exec-1] o.s.web.servlet.DispatcherServlet        : Completed initialization in 2 ms
2026-10-06T20:17:51.333+02:00  INFO 327323 --- [           main] o.s.boot.tomcat.GracefulShutdown         : Commencing graceful shutdown. Waiting for active requests to complete
2026-10-06T20:17:51.334+02:00  INFO 327323 --- [tomcat-shutdown] o.s.boot.tomcat.GracefulShutdown         : Graceful shutdown complete
2026-10-06T20:17:51.336+02:00  INFO 327323 --- [           main] j.LocalContainerEntityManagerFactoryBean : Closing JPA EntityManagerFactory for persistence unit 'default'
2026-10-06T20:17:51.337+02:00  INFO 327323 --- [           main] com.zaxxer.hikari.HikariDataSource       : HikariPool-4 - Shutdown initiated...
2026-10-06T20:17:51.368+02:00  INFO 327323 --- [           main] com.zaxxer.hikari.HikariDataSource       : HikariPool-4 - Shutdown completed.

  .   ____          _            __ _ _
 /\\ / ___'_ __ _ _(_)_ __  __ _ \ \ \ \
( ( )\___ | '_ | '_| | '_ \/ _` | \ \ \ \
 \\/  ___)| |_)| | | | | || (_| |  ) ) ) )
  '  |____| .__|_| |_|_| |_\__, | / / / /
 =========|_|==============|___/=/_/_/_/

 :: Spring Boot ::                (v4.1.1)

2026-10-06T20:17:51.422+02:00  INFO 327323 --- [           main] o.a.maven.surefire.booter.ForkedBooter   : Starting ForkedBooter v3.5.6 using Java 21.0.12.1 with PID 327323 (started by tjan-kazar in /home/tjan-kazar/storage/Work/lab/agentic_lab/agentic_lab/02_output/backend)
2026-10-06T20:17:51.422+02:00  INFO 327323 --- [           main] o.a.maven.surefire.booter.ForkedBooter   : The following 1 profile is active: "test"
2026-10-06T20:17:51.532+02:00  INFO 327323 --- [           main] .s.d.r.c.RepositoryConfigurationDelegate : Bootstrapping Spring Data JPA repositories in DEFAULT mode.
2026-10-06T20:17:51.534+02:00  INFO 327323 --- [           main] .s.d.r.c.RepositoryConfigurationDelegate : Finished Spring Data repository scanning in 1 ms. Found 0 JPA repository interfaces.
2026-10-06T20:17:51.596+02:00  INFO 327323 --- [           main] o.s.boot.tomcat.TomcatWebServer          : Tomcat initialized with port 0 (http)
2026-10-06T20:17:51.597+02:00  INFO 327323 --- [           main] o.apache.catalina.core.StandardService   : Starting service [Tomcat]
2026-10-06T20:17:51.598+02:00  INFO 327323 --- [           main] o.apache.catalina.core.StandardEngine    : Starting Servlet engine: [Apache Tomcat/11.0.26]
2026-10-06T20:17:51.606+02:00  INFO 327323 --- [           main] b.w.c.s.WebApplicationContextInitializer : Root WebApplicationContext: initialization completed in 182 ms
2026-10-06T20:17:51.662+02:00  INFO 327323 --- [           main] com.zaxxer.hikari.HikariDataSource       : HikariPool-5 - Starting...
2026-10-06T20:17:51.686+02:00  INFO 327323 --- [           main] com.zaxxer.hikari.pool.HikariPool        : HikariPool-5 - Added connection org.postgresql.jdbc.PgConnection@1432a683
2026-10-06T20:17:51.686+02:00  INFO 327323 --- [           main] com.zaxxer.hikari.HikariDataSource       : HikariPool-5 - Start completed.
2026-10-06T20:17:51.688+02:00  INFO 327323 --- [           main] org.flywaydb.core.FlywayExecutor         : Database: jdbc:postgresql://localhost:38917/reg_327323_10 (PostgreSQL 16.15)
2026-10-06T20:17:51.706+02:00  INFO 327323 --- [           main] o.f.c.i.s.JdbcTableSchemaHistory         : Schema history table "public"."flyway_schema_history" does not exist yet
2026-10-06T20:17:51.707+02:00  INFO 327323 --- [           main] o.f.core.internal.command.DbValidate     : Successfully validated 0 migrations (execution time 00:00.004s)
2026-10-06T20:17:51.708+02:00  WARN 327323 --- [           main] o.f.core.internal.command.DbValidate     : No migrations found. Are your locations set up correctly?
2026-10-06T20:17:51.720+02:00  INFO 327323 --- [           main] o.f.c.i.s.JdbcTableSchemaHistory         : Creating Schema History table "public"."flyway_schema_history" ...
2026-10-06T20:17:51.759+02:00  INFO 327323 --- [           main] o.f.core.internal.command.DbMigrate      : Current version of schema "public": << Empty Schema >>
2026-10-06T20:17:51.759+02:00  INFO 327323 --- [           main] o.f.core.internal.command.DbMigrate      : Schema "public" is up to date. No migration necessary.
2026-10-06T20:17:51.772+02:00  INFO 327323 --- [           main] org.hibernate.orm.jpa                    : HHH008540: Processing PersistenceUnitInfo [name: default]
2026-10-06T20:17:51.791+02:00  INFO 327323 --- [           main] o.s.o.j.p.SpringPersistenceUnitInfo      : No LoadTimeWeaver setup: ignoring JPA class transformer
2026-10-06T20:17:51.810+02:00  INFO 327323 --- [           main] org.hibernate.orm.connections.pooling    : HHH10001005: Database info:
	Database JDBC URL [jdbc:postgresql://localhost:38917/reg_327323_10]
	Database driver: PostgreSQL JDBC Driver
	Database dialect: PostgreSQLDialect
	Database version: 16.15
	Default catalog/schema: reg_327323_10/public
	Autocommit mode: undefined/unknown
	Isolation level: READ_COMMITTED [default READ_COMMITTED]
	JDBC fetch size: none
	Pool: DataSourceConnectionProvider
	Minimum pool size: undefined/unknown
	Maximum pool size: undefined/unknown
2026-10-06T20:17:51.828+02:00  INFO 327323 --- [           main] org.hibernate.orm.core                   : HHH000489: No JTA platform available (set 'hibernate.transaction.jta.platform' to enable JTA platform integration)
2026-10-06T20:17:51.828+02:00  INFO 327323 --- [           main] j.LocalContainerEntityManagerFactoryBean : Initialized JPA EntityManagerFactory for persistence unit 'default'
2026-10-06T20:17:51.841+02:00  WARN 327323 --- [           main] JpaBaseConfiguration$JpaWebConfiguration : spring.jpa.open-in-view is enabled by default. Therefore, database queries may be performed during view rendering. Explicitly configure spring.jpa.open-in-view to disable this warning
2026-10-06T20:17:51.939+02:00  WARN 327323 --- [           main] .s.a.UserDetailsServiceAutoConfiguration : 

Using generated security password: 29fa773a-7a7f-44d7-bef9-fe1bf514d9ef

This generated password is for development use only. Your security configuration must be updated before running your application in production.

2026-10-06T20:17:51.945+02:00  INFO 327323 --- [           main] r$InitializeUserDetailsManagerConfigurer : Global AuthenticationManager configured with UserDetailsService bean with name inMemoryUserDetailsManager
2026-10-06T20:17:51.976+02:00  INFO 327323 --- [           main] o.s.b.a.e.web.EndpointLinksResolver      : Exposing 1 endpoint beneath base path '/actuator'
2026-10-06T20:17:51.999+02:00  INFO 327323 --- [           main] o.s.boot.tomcat.TomcatWebServer          : Tomcat started on port 39383 (http) with context path '/'
2026-10-06T20:17:52.003+02:00  INFO 327323 --- [           main] o.a.maven.surefire.booter.ForkedBooter   : Started ForkedBooter in 0.595 seconds (process running for 12.729)
2026-10-06T20:17:52.006+02:00  INFO 327323 --- [o-auto-5-exec-1] o.a.c.c.C.[Tomcat].[localhost].[/]       : Initializing Spring DispatcherServlet 'dispatcherServlet'
2026-10-06T20:17:52.007+02:00  INFO 327323 --- [o-auto-5-exec-1] o.s.web.servlet.DispatcherServlet        : Initializing Servlet 'dispatcherServlet'
2026-10-06T20:17:52.008+02:00  INFO 327323 --- [o-auto-5-exec-1] o.s.web.servlet.DispatcherServlet        : Completed initialization in 1 ms
2026-10-06T20:17:52.016+02:00  INFO 327323 --- [           main] o.s.boot.tomcat.GracefulShutdown         : Commencing graceful shutdown. Waiting for active requests to complete
2026-10-06T20:17:52.019+02:00  INFO 327323 --- [tomcat-shutdown] o.s.boot.tomcat.GracefulShutdown         : Graceful shutdown complete
2026-10-06T20:17:52.036+02:00  INFO 327323 --- [           main] j.LocalContainerEntityManagerFactoryBean : Closing JPA EntityManagerFactory for persistence unit 'default'
2026-10-06T20:17:52.037+02:00  INFO 327323 --- [           main] com.zaxxer.hikari.HikariDataSource       : HikariPool-5 - Shutdown initiated...
2026-10-06T20:17:52.075+02:00  INFO 327323 --- [           main] com.zaxxer.hikari.HikariDataSource       : HikariPool-5 - Shutdown completed.
2026-10-06T20:17:52.081+02:00  INFO 327323 --- [           main] tc.postgres:16.15-alpine                 : Creating container for image: postgres:16.15-alpine
2026-10-06T20:17:52.829+02:00  INFO 327323 --- [           main] tc.postgres:16.15-alpine                 : Container postgres:16.15-alpine is starting: 26e6459f97de8026e78eba5ed3a1cdc7c7cc0fc9a1efe521cf002797bc25a099
2026-10-06T20:17:55.401+02:00  INFO 327323 --- [           main] tc.postgres:16.15-alpine                 : Container postgres:16.15-alpine started in PT3.320058347S
2026-10-06T20:17:55.401+02:00  INFO 327323 --- [           main] tc.postgres:16.15-alpine                 : Container is started (JDBC URL: jdbc:postgresql://localhost:35411/test?loggerLevel=OFF)

  .   ____          _            __ _ _
 /\\ / ___'_ __ _ _(_)_ __  __ _ \ \ \ \
( ( )\___ | '_ | '_| | '_ \/ _` | \ \ \ \
 \\/  ___)| |_)| | | | | || (_| |  ) ) ) )
  '  |____| .__|_| |_|_| |_\__, | / / / /
 =========|_|==============|___/=/_/_/_/

 :: Spring Boot ::                (v4.1.1)

2026-10-06T20:17:55.455+02:00  INFO 327323 --- [           main] o.a.maven.surefire.booter.ForkedBooter   : Starting ForkedBooter v3.5.6 using Java 21.0.12.1 with PID 327323 (started by tjan-kazar in /home/tjan-kazar/storage/Work/lab/agentic_lab/agentic_lab/02_output/backend)
2026-10-06T20:17:55.455+02:00  INFO 327323 --- [           main] o.a.maven.surefire.booter.ForkedBooter   : The following 1 profile is active: "test"
2026-10-06T20:17:55.569+02:00  INFO 327323 --- [           main] .s.d.r.c.RepositoryConfigurationDelegate : Bootstrapping Spring Data JPA repositories in DEFAULT mode.
2026-10-06T20:17:55.571+02:00  INFO 327323 --- [           main] .s.d.r.c.RepositoryConfigurationDelegate : Finished Spring Data repository scanning in 1 ms. Found 0 JPA repository interfaces.
2026-10-06T20:17:55.638+02:00  INFO 327323 --- [           main] o.s.boot.tomcat.TomcatWebServer          : Tomcat initialized with port 0 (http)
2026-10-06T20:17:55.639+02:00  INFO 327323 --- [           main] o.apache.catalina.core.StandardService   : Starting service [Tomcat]
2026-10-06T20:17:55.639+02:00  INFO 327323 --- [           main] o.apache.catalina.core.StandardEngine    : Starting Servlet engine: [Apache Tomcat/11.0.26]
2026-10-06T20:17:55.648+02:00  INFO 327323 --- [           main] b.w.c.s.WebApplicationContextInitializer : Root WebApplicationContext: initialization completed in 191 ms
2026-10-06T20:17:55.700+02:00  INFO 327323 --- [           main] com.zaxxer.hikari.HikariDataSource       : HikariPool-6 - Starting...
2026-10-06T20:17:55.725+02:00  INFO 327323 --- [           main] com.zaxxer.hikari.pool.HikariPool        : HikariPool-6 - Added connection org.postgresql.jdbc.PgConnection@4ba3612b
2026-10-06T20:17:55.725+02:00  INFO 327323 --- [           main] com.zaxxer.hikari.HikariDataSource       : HikariPool-6 - Start completed.
2026-10-06T20:17:55.727+02:00  INFO 327323 --- [           main] org.flywaydb.core.FlywayExecutor         : Database: jdbc:postgresql://localhost:35411/test?loggerLevel=OFF (PostgreSQL 16.15)
2026-10-06T20:17:55.745+02:00  INFO 327323 --- [           main] o.f.c.i.s.JdbcTableSchemaHistory         : Schema history table "public"."flyway_schema_history" does not exist yet
2026-10-06T20:17:55.746+02:00  INFO 327323 --- [           main] o.f.core.internal.command.DbValidate     : Successfully validated 0 migrations (execution time 00:00.003s)
2026-10-06T20:17:55.746+02:00  WARN 327323 --- [           main] o.f.core.internal.command.DbValidate     : No migrations found. Are your locations set up correctly?
2026-10-06T20:17:55.760+02:00  INFO 327323 --- [           main] o.f.c.i.s.JdbcTableSchemaHistory         : Creating Schema History table "public"."flyway_schema_history" ...
2026-10-06T20:17:55.797+02:00  INFO 327323 --- [           main] o.f.core.internal.command.DbMigrate      : Current version of schema "public": << Empty Schema >>
2026-10-06T20:17:55.798+02:00  INFO 327323 --- [           main] o.f.core.internal.command.DbMigrate      : Schema "public" is up to date. No migration necessary.
2026-10-06T20:17:55.809+02:00  INFO 327323 --- [           main] org.hibernate.orm.jpa                    : HHH008540: Processing PersistenceUnitInfo [name: default]
2026-10-06T20:17:55.827+02:00  INFO 327323 --- [           main] o.s.o.j.p.SpringPersistenceUnitInfo      : No LoadTimeWeaver setup: ignoring JPA class transformer
2026-10-06T20:17:55.835+02:00  INFO 327323 --- [           main] org.hibernate.orm.connections.pooling    : HHH10001005: Database info:
	Database JDBC URL [jdbc:postgresql://localhost:35411/test?loggerLevel=OFF]
	Database driver: PostgreSQL JDBC Driver
	Database dialect: PostgreSQLDialect
	Database version: 16.15
	Default catalog/schema: test/public
	Autocommit mode: undefined/unknown
	Isolation level: READ_COMMITTED [default READ_COMMITTED]
	JDBC fetch size: none
	Pool: DataSourceConnectionProvider
	Minimum pool size: undefined/unknown
	Maximum pool size: undefined/unknown
2026-10-06T20:17:55.849+02:00  INFO 327323 --- [           main] org.hibernate.orm.core                   : HHH000489: No JTA platform available (set 'hibernate.transaction.jta.platform' to enable JTA platform integration)
2026-10-06T20:17:55.850+02:00  INFO 327323 --- [           main] j.LocalContainerEntityManagerFactoryBean : Initialized JPA EntityManagerFactory for persistence unit 'default'
2026-10-06T20:17:55.858+02:00  WARN 327323 --- [           main] JpaBaseConfiguration$JpaWebConfiguration : spring.jpa.open-in-view is enabled by default. Therefore, database queries may be performed during view rendering. Explicitly configure spring.jpa.open-in-view to disable this warning
2026-10-06T20:17:55.938+02:00  WARN 327323 --- [           main] .s.a.UserDetailsServiceAutoConfiguration : 

Using generated security password: 4aa74f64-18ef-41ef-9db5-9238bae66df6

This generated password is for development use only. Your security configuration must be updated before running your application in production.

2026-10-06T20:17:55.944+02:00  INFO 327323 --- [           main] r$InitializeUserDetailsManagerConfigurer : Global AuthenticationManager configured with UserDetailsService bean with name inMemoryUserDetailsManager
2026-10-06T20:17:55.971+02:00  INFO 327323 --- [           main] o.s.b.a.e.web.EndpointLinksResolver      : Exposing 1 endpoint beneath base path '/actuator'
2026-10-06T20:17:55.988+02:00  INFO 327323 --- [           main] o.s.boot.tomcat.TomcatWebServer          : Tomcat started on port 34541 (http) with context path '/'
2026-10-06T20:17:55.990+02:00  INFO 327323 --- [           main] o.a.maven.surefire.booter.ForkedBooter   : Started ForkedBooter in 0.55 seconds (process running for 16.716)
2026-10-06T20:17:56.404+02:00  INFO 327323 --- [o-auto-6-exec-1] o.a.c.c.C.[Tomcat].[localhost].[/]       : Initializing Spring DispatcherServlet 'dispatcherServlet'
2026-10-06T20:17:56.404+02:00  INFO 327323 --- [o-auto-6-exec-1] o.s.web.servlet.DispatcherServlet        : Initializing Servlet 'dispatcherServlet'
2026-10-06T20:17:56.405+02:00  INFO 327323 --- [o-auto-6-exec-1] o.s.web.servlet.DispatcherServlet        : Completed initialization in 1 ms
2026-10-06T20:17:56.420+02:00  INFO 327323 --- [           main] o.s.boot.tomcat.GracefulShutdown         : Commencing graceful shutdown. Waiting for active requests to complete
2026-10-06T20:17:56.421+02:00  INFO 327323 --- [tomcat-shutdown] o.s.boot.tomcat.GracefulShutdown         : Graceful shutdown complete
2026-10-06T20:17:56.424+02:00  INFO 327323 --- [           main] j.LocalContainerEntityManagerFactoryBean : Closing JPA EntityManagerFactory for persistence unit 'default'
2026-10-06T20:17:56.425+02:00  INFO 327323 --- [           main] com.zaxxer.hikari.HikariDataSource       : HikariPool-6 - Shutdown initiated...
2026-10-06T20:17:56.458+02:00  INFO 327323 --- [           main] com.zaxxer.hikari.HikariDataSource       : HikariPool-6 - Shutdown completed.

  .   ____          _            __ _ _
 /\\ / ___'_ __ _ _(_)_ __  __ _ \ \ \ \
( ( )\___ | '_ | '_| | '_ \/ _` | \ \ \ \
 \\/  ___)| |_)| | | | | || (_| |  ) ) ) )
  '  |____| .__|_| |_|_| |_\__, | / / / /
 =========|_|==============|___/=/_/_/_/

 :: Spring Boot ::                (v4.1.1)

2026-10-06T20:17:56.546+02:00  INFO 327323 --- [           main] o.a.maven.surefire.booter.ForkedBooter   : Starting ForkedBooter v3.5.6 using Java 21.0.12.1 with PID 327323 (started by tjan-kazar in /home/tjan-kazar/storage/Work/lab/agentic_lab/agentic_lab/02_output/backend)
2026-10-06T20:17:56.546+02:00  INFO 327323 --- [           main] o.a.maven.surefire.booter.ForkedBooter   : The following 1 profile is active: "test"
2026-10-06T20:17:56.683+02:00  INFO 327323 --- [           main] .s.d.r.c.RepositoryConfigurationDelegate : Bootstrapping Spring Data JPA repositories in DEFAULT mode.
2026-10-06T20:17:56.688+02:00  INFO 327323 --- [           main] .s.d.r.c.RepositoryConfigurationDelegate : Finished Spring Data repository scanning in 1 ms. Found 0 JPA repository interfaces.
2026-10-06T20:17:56.790+02:00  INFO 327323 --- [           main] o.s.boot.tomcat.TomcatWebServer          : Tomcat initialized with port 0 (http)
2026-10-06T20:17:56.791+02:00  INFO 327323 --- [           main] o.apache.catalina.core.StandardService   : Starting service [Tomcat]
2026-10-06T20:17:56.791+02:00  INFO 327323 --- [           main] o.apache.catalina.core.StandardEngine    : Starting Servlet engine: [Apache Tomcat/11.0.26]
2026-10-06T20:17:56.802+02:00  INFO 327323 --- [           main] b.w.c.s.WebApplicationContextInitializer : Root WebApplicationContext: initialization completed in 254 ms
2026-10-06T20:17:56.866+02:00  INFO 327323 --- [           main] com.zaxxer.hikari.HikariDataSource       : HikariPool-7 - Starting...
2026-10-06T20:17:56.900+02:00  INFO 327323 --- [           main] com.zaxxer.hikari.pool.HikariPool        : HikariPool-7 - Added connection org.postgresql.jdbc.PgConnection@1fc93e75
2026-10-06T20:17:56.900+02:00  INFO 327323 --- [           main] com.zaxxer.hikari.HikariDataSource       : HikariPool-7 - Start completed.
2026-10-06T20:17:56.902+02:00  INFO 327323 --- [           main] org.flywaydb.core.FlywayExecutor         : Database: jdbc:postgresql://localhost:38917/reg_327323_14 (PostgreSQL 16.15)
2026-10-06T20:17:56.925+02:00  INFO 327323 --- [           main] o.f.c.i.s.JdbcTableSchemaHistory         : Schema history table "public"."flyway_schema_history" does not exist yet
2026-10-06T20:17:56.926+02:00  INFO 327323 --- [           main] o.f.core.internal.command.DbValidate     : Successfully validated 0 migrations (execution time 00:00.005s)
2026-10-06T20:17:56.926+02:00  WARN 327323 --- [           main] o.f.core.internal.command.DbValidate     : No migrations found. Are your locations set up correctly?
2026-10-06T20:17:56.943+02:00  INFO 327323 --- [           main] o.f.c.i.s.JdbcTableSchemaHistory         : Creating Schema History table "public"."flyway_schema_history" ...
2026-10-06T20:17:56.994+02:00  INFO 327323 --- [           main] o.f.core.internal.command.DbMigrate      : Current version of schema "public": << Empty Schema >>
2026-10-06T20:17:56.995+02:00  INFO 327323 --- [           main] o.f.core.internal.command.DbMigrate      : Schema "public" is up to date. No migration necessary.
2026-10-06T20:17:57.013+02:00  INFO 327323 --- [           main] org.hibernate.orm.jpa                    : HHH008540: Processing PersistenceUnitInfo [name: default]
2026-10-06T20:17:57.038+02:00  INFO 327323 --- [           main] o.s.o.j.p.SpringPersistenceUnitInfo      : No LoadTimeWeaver setup: ignoring JPA class transformer
2026-10-06T20:17:57.053+02:00  INFO 327323 --- [           main] org.hibernate.orm.connections.pooling    : HHH10001005: Database info:
	Database JDBC URL [jdbc:postgresql://localhost:38917/reg_327323_14]
	Database driver: PostgreSQL JDBC Driver
	Database dialect: PostgreSQLDialect
	Database version: 16.15
	Default catalog/schema: reg_327323_14/public
	Autocommit mode: undefined/unknown
	Isolation level: READ_COMMITTED [default READ_COMMITTED]
	JDBC fetch size: none
	Pool: DataSourceConnectionProvider
	Minimum pool size: undefined/unknown
	Maximum pool size: undefined/unknown
2026-10-06T20:17:57.079+02:00  INFO 327323 --- [           main] org.hibernate.orm.core                   : HHH000489: No JTA platform available (set 'hibernate.transaction.jta.platform' to enable JTA platform integration)
2026-10-06T20:17:57.080+02:00  INFO 327323 --- [           main] j.LocalContainerEntityManagerFactoryBean : Initialized JPA EntityManagerFactory for persistence unit 'default'
2026-10-06T20:17:57.096+02:00  WARN 327323 --- [           main] JpaBaseConfiguration$JpaWebConfiguration : spring.jpa.open-in-view is enabled by default. Therefore, database queries may be performed during view rendering. Explicitly configure spring.jpa.open-in-view to disable this warning
2026-10-06T20:17:57.194+02:00  WARN 327323 --- [           main] .s.a.UserDetailsServiceAutoConfiguration : 

Using generated security password: c98ce7eb-046e-4736-b934-81f405615ca7

This generated password is for development use only. Your security configuration must be updated before running your application in production.

2026-10-06T20:17:57.200+02:00  INFO 327323 --- [           main] r$InitializeUserDetailsManagerConfigurer : Global AuthenticationManager configured with UserDetailsService bean with name inMemoryUserDetailsManager
2026-10-06T20:17:57.233+02:00  INFO 327323 --- [           main] o.s.b.a.e.web.EndpointLinksResolver      : Exposing 1 endpoint beneath base path '/actuator'
2026-10-06T20:17:57.251+02:00  INFO 327323 --- [           main] o.s.boot.tomcat.TomcatWebServer          : Tomcat started on port 35991 (http) with context path '/'
2026-10-06T20:17:57.254+02:00  INFO 327323 --- [           main] o.a.maven.surefire.booter.ForkedBooter   : Started ForkedBooter in 0.723 seconds (process running for 17.98)
2026-10-06T20:17:57.258+02:00  INFO 327323 --- [o-auto-7-exec-1] o.a.c.c.C.[Tomcat].[localhost].[/]       : Initializing Spring DispatcherServlet 'dispatcherServlet'
2026-10-06T20:17:57.258+02:00  INFO 327323 --- [o-auto-7-exec-1] o.s.web.servlet.DispatcherServlet        : Initializing Servlet 'dispatcherServlet'
2026-10-06T20:17:57.260+02:00  INFO 327323 --- [o-auto-7-exec-1] o.s.web.servlet.DispatcherServlet        : Completed initialization in 1 ms
2026-10-06T20:17:57.270+02:00  INFO 327323 --- [           main] o.s.boot.tomcat.GracefulShutdown         : Commencing graceful shutdown. Waiting for active requests to complete
2026-10-06T20:17:57.273+02:00  INFO 327323 --- [tomcat-shutdown] o.s.boot.tomcat.GracefulShutdown         : Graceful shutdown complete
2026-10-06T20:17:57.277+02:00  INFO 327323 --- [           main] j.LocalContainerEntityManagerFactoryBean : Closing JPA EntityManagerFactory for persistence unit 'default'
2026-10-06T20:17:57.278+02:00  INFO 327323 --- [           main] com.zaxxer.hikari.HikariDataSource       : HikariPool-7 - Shutdown initiated...
2026-10-06T20:17:57.307+02:00  INFO 327323 --- [           main] com.zaxxer.hikari.HikariDataSource       : HikariPool-7 - Shutdown completed.
[ERROR] Tests run: 5, Failures: 5, Errors: 0, Skipped: 0, Time elapsed: 7.331 s <<< FAILURE! -- in si.konferenca.registration.acceptance.RegistrationStorageAcceptanceTest
[ERROR] si.konferenca.registration.acceptance.RegistrationStorageAcceptanceTest.AC_005_01_acceptedRegistrationIsStoredWithAllData -- Time elapsed: 0.730 s <<< FAILURE!
org.opentest4j.AssertionFailedError: 

expected: 201
 but was: 401
	at si.konferenca.registration.acceptance.RegistrationStorageAcceptanceTest.AC_005_01_acceptedRegistrationIsStoredWithAllData(RegistrationStorageAcceptanceTest.java:46)

[ERROR] si.konferenca.registration.acceptance.RegistrationStorageAcceptanceTest.AC_005_05_registrationsAndCopiesSurviveRestart -- Time elapsed: 0.661 s <<< FAILURE!
org.opentest4j.AssertionFailedError: 

expected: 201
 but was: 401
	at si.konferenca.registration.acceptance.RegistrationStorageAcceptanceTest.AC_005_05_registrationsAndCopiesSurviveRestart(RegistrationStorageAcceptanceTest.java:174)

[ERROR] si.konferenca.registration.acceptance.RegistrationStorageAcceptanceTest.AC_005_02_acceptedRegistrationHasRawJsonCopy -- Time elapsed: 0.706 s <<< FAILURE!
org.opentest4j.AssertionFailedError: 

expected: 201
 but was: 401
	at si.konferenca.registration.acceptance.RegistrationStorageAcceptanceTest.AC_005_02_acceptedRegistrationHasRawJsonCopy(RegistrationStorageAcceptanceTest.java:81)

[ERROR] si.konferenca.registration.acceptance.RegistrationStorageAcceptanceTest.AC_005_04_databaseFailureMeansNotAcceptedAndNoEmail -- Time elapsed: 4.382 s <<< FAILURE!
org.opentest4j.AssertionFailedError: 

expected: 503
 but was: 401
	at si.konferenca.registration.acceptance.RegistrationStorageAcceptanceTest.AC_005_04_databaseFailureMeansNotAcceptedAndNoEmail(RegistrationStorageAcceptanceTest.java:152)

[ERROR] si.konferenca.registration.acceptance.RegistrationStorageAcceptanceTest.AC_005_03_unwritableJsonCopyMeansNotAcceptedAndNothingRemains -- Time elapsed: 0.846 s <<< FAILURE!
org.opentest4j.AssertionFailedError: 

expected: 503
 but was: 401
	at si.konferenca.registration.acceptance.RegistrationStorageAcceptanceTest.AC_005_03_unwritableJsonCopyMeansNotAcceptedAndNothingRemains(RegistrationStorageAcceptanceTest.java:121)

[INFO] Running si.konferenca.registration.acceptance.ExternalRegistrationAcceptanceTest

  .   ____          _            __ _ _
 /\\ / ___'_ __ _ _(_)_ __  __ _ \ \ \ \
( ( )\___ | '_ | '_| | '_ \/ _` | \ \ \ \
 \\/  ___)| |_)| | | | | || (_| |  ) ) ) )
  '  |____| .__|_| |_|_| |_\__, | / / / /
 =========|_|==============|___/=/_/_/_/

 :: Spring Boot ::                (v4.1.1)

2026-10-06T20:17:57.410+02:00  INFO 327323 --- [           main] o.a.maven.surefire.booter.ForkedBooter   : Starting ForkedBooter v3.5.6 using Java 21.0.12.1 with PID 327323 (started by tjan-kazar in /home/tjan-kazar/storage/Work/lab/agentic_lab/agentic_lab/02_output/backend)
2026-10-06T20:17:57.410+02:00  INFO 327323 --- [           main] o.a.maven.surefire.booter.ForkedBooter   : The following 1 profile is active: "test"
2026-10-06T20:17:57.531+02:00  INFO 327323 --- [           main] .s.d.r.c.RepositoryConfigurationDelegate : Bootstrapping Spring Data JPA repositories in DEFAULT mode.
2026-10-06T20:17:57.533+02:00  INFO 327323 --- [           main] .s.d.r.c.RepositoryConfigurationDelegate : Finished Spring Data repository scanning in 1 ms. Found 0 JPA repository interfaces.
2026-10-06T20:17:57.592+02:00  INFO 327323 --- [           main] o.s.boot.tomcat.TomcatWebServer          : Tomcat initialized with port 0 (http)
2026-10-06T20:17:57.593+02:00  INFO 327323 --- [           main] o.apache.catalina.core.StandardService   : Starting service [Tomcat]
2026-10-06T20:17:57.593+02:00  INFO 327323 --- [           main] o.apache.catalina.core.StandardEngine    : Starting Servlet engine: [Apache Tomcat/11.0.26]
2026-10-06T20:17:57.600+02:00  INFO 327323 --- [           main] b.w.c.s.WebApplicationContextInitializer : Root WebApplicationContext: initialization completed in 189 ms
2026-10-06T20:17:57.643+02:00  INFO 327323 --- [           main] com.zaxxer.hikari.HikariDataSource       : HikariPool-8 - Starting...
2026-10-06T20:17:57.664+02:00  INFO 327323 --- [           main] com.zaxxer.hikari.pool.HikariPool        : HikariPool-8 - Added connection org.postgresql.jdbc.PgConnection@322ece6d
2026-10-06T20:17:57.664+02:00  INFO 327323 --- [           main] com.zaxxer.hikari.HikariDataSource       : HikariPool-8 - Start completed.
2026-10-06T20:17:57.666+02:00  INFO 327323 --- [           main] org.flywaydb.core.FlywayExecutor         : Database: jdbc:postgresql://localhost:38917/reg_327323_16 (PostgreSQL 16.15)
2026-10-06T20:17:57.682+02:00  INFO 327323 --- [           main] o.f.c.i.s.JdbcTableSchemaHistory         : Schema history table "public"."flyway_schema_history" does not exist yet
2026-10-06T20:17:57.683+02:00  INFO 327323 --- [           main] o.f.core.internal.command.DbValidate     : Successfully validated 0 migrations (execution time 00:00.003s)
2026-10-06T20:17:57.683+02:00  WARN 327323 --- [           main] o.f.core.internal.command.DbValidate     : No migrations found. Are your locations set up correctly?
2026-10-06T20:17:57.695+02:00  INFO 327323 --- [           main] o.f.c.i.s.JdbcTableSchemaHistory         : Creating Schema History table "public"."flyway_schema_history" ...
2026-10-06T20:17:57.728+02:00  INFO 327323 --- [           main] o.f.core.internal.command.DbMigrate      : Current version of schema "public": << Empty Schema >>
2026-10-06T20:17:57.728+02:00  INFO 327323 --- [           main] o.f.core.internal.command.DbMigrate      : Schema "public" is up to date. No migration necessary.
2026-10-06T20:17:57.738+02:00  INFO 327323 --- [           main] org.hibernate.orm.jpa                    : HHH008540: Processing PersistenceUnitInfo [name: default]
2026-10-06T20:17:57.754+02:00  INFO 327323 --- [           main] o.s.o.j.p.SpringPersistenceUnitInfo      : No LoadTimeWeaver setup: ignoring JPA class transformer
2026-10-06T20:17:57.762+02:00  INFO 327323 --- [           main] org.hibernate.orm.connections.pooling    : HHH10001005: Database info:
	Database JDBC URL [jdbc:postgresql://localhost:38917/reg_327323_16]
	Database driver: PostgreSQL JDBC Driver
	Database dialect: PostgreSQLDialect
	Database version: 16.15
	Default catalog/schema: reg_327323_16/public
	Autocommit mode: undefined/unknown
	Isolation level: READ_COMMITTED [default READ_COMMITTED]
	JDBC fetch size: none
	Pool: DataSourceConnectionProvider
	Minimum pool size: undefined/unknown
	Maximum pool size: undefined/unknown
2026-10-06T20:17:57.777+02:00  INFO 327323 --- [           main] org.hibernate.orm.core                   : HHH000489: No JTA platform available (set 'hibernate.transaction.jta.platform' to enable JTA platform integration)
2026-10-06T20:17:57.777+02:00  INFO 327323 --- [           main] j.LocalContainerEntityManagerFactoryBean : Initialized JPA EntityManagerFactory for persistence unit 'default'
2026-10-06T20:17:57.785+02:00  WARN 327323 --- [           main] JpaBaseConfiguration$JpaWebConfiguration : spring.jpa.open-in-view is enabled by default. Therefore, database queries may be performed during view rendering. Explicitly configure spring.jpa.open-in-view to disable this warning
2026-10-06T20:17:57.851+02:00  WARN 327323 --- [           main] .s.a.UserDetailsServiceAutoConfiguration : 

Using generated security password: fee4b36d-314a-4b60-b3d5-a46e730ee157

This generated password is for development use only. Your security configuration must be updated before running your application in production.

2026-10-06T20:17:57.857+02:00  INFO 327323 --- [           main] r$InitializeUserDetailsManagerConfigurer : Global AuthenticationManager configured with UserDetailsService bean with name inMemoryUserDetailsManager
2026-10-06T20:17:57.882+02:00  INFO 327323 --- [           main] o.s.b.a.e.web.EndpointLinksResolver      : Exposing 1 endpoint beneath base path '/actuator'
2026-10-06T20:17:57.904+02:00  INFO 327323 --- [           main] o.s.boot.tomcat.TomcatWebServer          : Tomcat started on port 42997 (http) with context path '/'
2026-10-06T20:17:57.907+02:00  INFO 327323 --- [           main] o.a.maven.surefire.booter.ForkedBooter   : Started ForkedBooter in 0.513 seconds (process running for 18.633)
2026-10-06T20:17:57.913+02:00  INFO 327323 --- [o-auto-8-exec-1] o.a.c.c.C.[Tomcat].[localhost].[/]       : Initializing Spring DispatcherServlet 'dispatcherServlet'
2026-10-06T20:17:57.913+02:00  INFO 327323 --- [o-auto-8-exec-1] o.s.web.servlet.DispatcherServlet        : Initializing Servlet 'dispatcherServlet'
2026-10-06T20:17:57.914+02:00  INFO 327323 --- [o-auto-8-exec-1] o.s.web.servlet.DispatcherServlet        : Completed initialization in 1 ms
2026-10-06T20:17:58.181+02:00  INFO 327323 --- [           main] o.s.boot.tomcat.GracefulShutdown         : Commencing graceful shutdown. Waiting for active requests to complete
2026-10-06T20:17:58.182+02:00  INFO 327323 --- [tomcat-shutdown] o.s.boot.tomcat.GracefulShutdown         : Graceful shutdown complete
2026-10-06T20:17:58.183+02:00  INFO 327323 --- [           main] j.LocalContainerEntityManagerFactoryBean : Closing JPA EntityManagerFactory for persistence unit 'default'
2026-10-06T20:17:58.184+02:00  INFO 327323 --- [           main] com.zaxxer.hikari.HikariDataSource       : HikariPool-8 - Shutdown initiated...
2026-10-06T20:17:58.185+02:00  INFO 327323 --- [           main] com.zaxxer.hikari.HikariDataSource       : HikariPool-8 - Shutdown completed.
[ERROR] Tests run: 32, Failures: 32, Errors: 0, Skipped: 0, Time elapsed: 0.878 s <<< FAILURE! -- in si.konferenca.registration.acceptance.ExternalRegistrationAcceptanceTest
[ERROR] si.konferenca.registration.acceptance.ExternalRegistrationAcceptanceTest.AC_001_11_onlyActiveOptionsAreOfferedWithCategoryAndName -- Time elapsed: 0.016 s <<< FAILURE!
org.opentest4j.AssertionFailedError: 

expected: 200
 but was: 401
	at si.konferenca.registration.acceptance.ExternalRegistrationAcceptanceTest.AC_001_11_onlyActiveOptionsAreOfferedWithCategoryAndName(ExternalRegistrationAcceptanceTest.java:196)

[ERROR] si.konferenca.registration.acceptance.ExternalRegistrationAcceptanceTest.AC_001_13_severalOptionsOfOneCategoryAreAccepted -- Time elapsed: 0.019 s <<< FAILURE!
org.opentest4j.AssertionFailedError: 

expected: 201
 but was: 401
	at si.konferenca.registration.acceptance.ExternalRegistrationAcceptanceTest.AC_001_13_severalOptionsOfOneCategoryAreAccepted(ExternalRegistrationAcceptanceTest.java:232)

[ERROR] si.konferenca.registration.acceptance.ExternalRegistrationAcceptanceTest.AC_001_15_secondRegistrationWithSameEmailIsRejected -- Time elapsed: 0.010 s <<< FAILURE!
org.opentest4j.AssertionFailedError: 

expected: 201
 but was: 401
	at si.konferenca.registration.acceptance.ExternalRegistrationAcceptanceTest.AC_001_15_secondRegistrationWithSameEmailIsRejected(ExternalRegistrationAcceptanceTest.java:262)

[ERROR] si.konferenca.registration.acceptance.ExternalRegistrationAcceptanceTest.AC_001_05_invalidEmailIsRejected(String)[1] -- Time elapsed: 0.012 s <<< FAILURE!
org.opentest4j.AssertionFailedError: 

expected: 400
 but was: 401
	at si.konferenca.registration.acceptance.ExternalRegistrationAcceptanceTest.AC_001_05_invalidEmailIsRejected(ExternalRegistrationAcceptanceTest.java:129)

[ERROR] si.konferenca.registration.acceptance.ExternalRegistrationAcceptanceTest.AC_001_05_invalidEmailIsRejected(String)[2] -- Time elapsed: 0.007 s <<< FAILURE!
org.opentest4j.AssertionFailedError: 

expected: 400
 but was: 401
	at si.konferenca.registration.acceptance.ExternalRegistrationAcceptanceTest.AC_001_05_invalidEmailIsRejected(ExternalRegistrationAcceptanceTest.java:129)

[ERROR] si.konferenca.registration.acceptance.ExternalRegistrationAcceptanceTest.AC_001_05_invalidEmailIsRejected(String)[3] -- Time elapsed: 0.006 s <<< FAILURE!
org.opentest4j.AssertionFailedError: 

expected: 400
 but was: 401
	at si.konferenca.registration.acceptance.ExternalRegistrationAcceptanceTest.AC_001_05_invalidEmailIsRejected(ExternalRegistrationAcceptanceTest.java:129)

[ERROR] si.konferenca.registration.acceptance.ExternalRegistrationAcceptanceTest.AC_001_05_invalidEmailIsRejected(String)[4] -- Time elapsed: 0.006 s <<< FAILURE!
org.opentest4j.AssertionFailedError: 

expected: 400
 but was: 401
	at si.konferenca.registration.acceptance.ExternalRegistrationAcceptanceTest.AC_001_05_invalidEmailIsRejected(ExternalRegistrationAcceptanceTest.java:129)

[ERROR] si.konferenca.registration.acceptance.ExternalRegistrationAcceptanceTest.AC_001_05_invalidEmailIsRejected(String)[5] -- Time elapsed: 0.006 s <<< FAILURE!
org.opentest4j.AssertionFailedError: 

expected: 400
 but was: 401
	at si.konferenca.registration.acceptance.ExternalRegistrationAcceptanceTest.AC_001_05_invalidEmailIsRejected(ExternalRegistrationAcceptanceTest.java:129)

[ERROR] si.konferenca.registration.acceptance.ExternalRegistrationAcceptanceTest.AC_001_05_invalidEmailIsRejected(String)[6] -- Time elapsed: 0.007 s <<< FAILURE!
org.opentest4j.AssertionFailedError: 

expected: 400
 but was: 401
	at si.konferenca.registration.acceptance.ExternalRegistrationAcceptanceTest.AC_001_05_invalidEmailIsRejected(ExternalRegistrationAcceptanceTest.java:129)

[ERROR] si.konferenca.registration.acceptance.ExternalRegistrationAcceptanceTest.AC_001_12_registrationWithoutOptionsIsAccepted -- Time elapsed: 0.006 s <<< FAILURE!
org.opentest4j.AssertionFailedError: 

expected: 201
 but was: 401
	at si.konferenca.registration.acceptance.ExternalRegistrationAcceptanceTest.AC_001_12_registrationWithoutOptionsIsAccepted(ExternalRegistrationAcceptanceTest.java:220)

[ERROR] si.konferenca.registration.acceptance.ExternalRegistrationAcceptanceTest.AC_001_14_failedAntiAutomationCheckIsRejectedAndNothingStored -- Time elapsed: 0.006 s <<< FAILURE!
org.opentest4j.AssertionFailedError: 

expected: 400
 but was: 401
	at si.konferenca.registration.acceptance.ExternalRegistrationAcceptanceTest.assertRejectedAndNothingStored(ExternalRegistrationAcceptanceTest.java:35)
	at si.konferenca.registration.acceptance.ExternalRegistrationAcceptanceTest.AC_001_14_failedAntiAutomationCheckIsRejectedAndNothingStored(ExternalRegistrationAcceptanceTest.java:244)

[ERROR] si.konferenca.registration.acceptance.ExternalRegistrationAcceptanceTest.AC_001_02_emptyRequiredFieldIsRejectedAndIdentified(String)[1] -- Time elapsed: 0.006 s <<< FAILURE!
org.opentest4j.AssertionFailedError: 

expected: 400
 but was: 401
	at si.konferenca.registration.acceptance.ExternalRegistrationAcceptanceTest.assertRejectedAndNothingStored(ExternalRegistrationAcceptanceTest.java:35)
	at si.konferenca.registration.acceptance.ExternalRegistrationAcceptanceTest.AC_001_02_emptyRequiredFieldIsRejectedAndIdentified(ExternalRegistrationAcceptanceTest.java:63)

[ERROR] si.konferenca.registration.acceptance.ExternalRegistrationAcceptanceTest.AC_001_02_emptyRequiredFieldIsRejectedAndIdentified(String)[2] -- Time elapsed: 0.006 s <<< FAILURE!
org.opentest4j.AssertionFailedError: 

expected: 400
 but was: 401
	at si.konferenca.registration.acceptance.ExternalRegistrationAcceptanceTest.assertRejectedAndNothingStored(ExternalRegistrationAcceptanceTest.java:35)
	at si.konferenca.registration.acceptance.ExternalRegistrationAcceptanceTest.AC_001_02_emptyRequiredFieldIsRejectedAndIdentified(ExternalRegistrationAcceptanceTest.java:63)

[ERROR] si.konferenca.registration.acceptance.ExternalRegistrationAcceptanceTest.AC_001_02_emptyRequiredFieldIsRejectedAndIdentified(String)[3] -- Time elapsed: 0.006 s <<< FAILURE!
org.opentest4j.AssertionFailedError: 

expected: 400
 but was: 401
	at si.konferenca.registration.acceptance.ExternalRegistrationAcceptanceTest.assertRejectedAndNothingStored(ExternalRegistrationAcceptanceTest.java:35)
	at si.konferenca.registration.acceptance.ExternalRegistrationAcceptanceTest.AC_001_02_emptyRequiredFieldIsRejectedAndIdentified(ExternalRegistrationAcceptanceTest.java:63)

[ERROR] si.konferenca.registration.acceptance.ExternalRegistrationAcceptanceTest.AC_001_02_emptyRequiredFieldIsRejectedAndIdentified(String)[4] -- Time elapsed: 0.006 s <<< FAILURE!
org.opentest4j.AssertionFailedError: 

expected: 400
 but was: 401
	at si.konferenca.registration.acceptance.ExternalRegistrationAcceptanceTest.assertRejectedAndNothingStored(ExternalRegistrationAcceptanceTest.java:35)
	at si.konferenca.registration.acceptance.ExternalRegistrationAcceptanceTest.AC_001_02_emptyRequiredFieldIsRejectedAndIdentified(ExternalRegistrationAcceptanceTest.java:63)

[ERROR] si.konferenca.registration.acceptance.ExternalRegistrationAcceptanceTest.AC_001_06_slovenianCharactersAreAcceptedAndStoredUnchanged -- Time elapsed: 0.006 s <<< FAILURE!
org.opentest4j.AssertionFailedError: 

expected: 201
 but was: 401
	at si.konferenca.registration.acceptance.ExternalRegistrationAcceptanceTest.AC_001_06_slovenianCharactersAreAcceptedAndStoredUnchanged(ExternalRegistrationAcceptanceTest.java:143)

[ERROR] si.konferenca.registration.acceptance.ExternalRegistrationAcceptanceTest.AC_001_01_validExternalRegistrationIsAccepted -- Time elapsed: 0.006 s <<< FAILURE!
org.opentest4j.AssertionFailedError: 

expected: 201
 but was: 401
	at si.konferenca.registration.acceptance.ExternalRegistrationAcceptanceTest.AC_001_01_validExternalRegistrationIsAccepted(ExternalRegistrationAcceptanceTest.java:46)

[ERROR] si.konferenca.registration.acceptance.ExternalRegistrationAcceptanceTest.AC_001_10_consentWordingIsOfferedToTheForm -- Time elapsed: 0.005 s <<< FAILURE!
org.opentest4j.AssertionFailedError: 

expected: 200
 but was: 401
	at si.konferenca.registration.acceptance.ExternalRegistrationAcceptanceTest.AC_001_10_consentWordingIsOfferedToTheForm(ExternalRegistrationAcceptanceTest.java:185)

[ERROR] si.konferenca.registration.acceptance.ExternalRegistrationAcceptanceTest.AC_001_08_unknownOptionIsRejectedAndNothingStored -- Time elapsed: 0.005 s <<< FAILURE!
org.opentest4j.AssertionFailedError: 

expected: 400
 but was: 401
	at si.konferenca.registration.acceptance.ExternalRegistrationAcceptanceTest.assertRejectedAndNothingStored(ExternalRegistrationAcceptanceTest.java:35)
	at si.konferenca.registration.acceptance.ExternalRegistrationAcceptanceTest.AC_001_08_unknownOptionIsRejectedAndNothingStored(ExternalRegistrationAcceptanceTest.java:167)

[ERROR] si.konferenca.registration.acceptance.ExternalRegistrationAcceptanceTest.AC_001_09_missingConsentIsRejectedAndIdentified -- Time elapsed: 0.005 s <<< FAILURE!
org.opentest4j.AssertionFailedError: 

expected: 400
 but was: 401
	at si.konferenca.registration.acceptance.ExternalRegistrationAcceptanceTest.assertRejectedAndNothingStored(ExternalRegistrationAcceptanceTest.java:35)
	at si.konferenca.registration.acceptance.ExternalRegistrationAcceptanceTest.AC_001_09_missingConsentIsRejectedAndIdentified(ExternalRegistrationAcceptanceTest.java:177)

[ERROR] si.konferenca.registration.acceptance.ExternalRegistrationAcceptanceTest.AC_001_02_missingRequiredFieldIsRejectedAndIdentified(String)[1] -- Time elapsed: 0.006 s <<< FAILURE!
org.opentest4j.AssertionFailedError: 

expected: 400
 but was: 401
	at si.konferenca.registration.acceptance.ExternalRegistrationAcceptanceTest.AC_001_02_missingRequiredFieldIsRejectedAndIdentified(ExternalRegistrationAcceptanceTest.java:75)

[ERROR] si.konferenca.registration.acceptance.ExternalRegistrationAcceptanceTest.AC_001_02_missingRequiredFieldIsRejectedAndIdentified(String)[2] -- Time elapsed: 0.006 s <<< FAILURE!
org.opentest4j.AssertionFailedError: 

expected: 400
 but was: 401
	at si.konferenca.registration.acceptance.ExternalRegistrationAcceptanceTest.AC_001_02_missingRequiredFieldIsRejectedAndIdentified(ExternalRegistrationAcceptanceTest.java:75)

[ERROR] si.konferenca.registration.acceptance.ExternalRegistrationAcceptanceTest.AC_001_02_missingRequiredFieldIsRejectedAndIdentified(String)[3] -- Time elapsed: 0.005 s <<< FAILURE!
org.opentest4j.AssertionFailedError: 

expected: 400
 but was: 401
	at si.konferenca.registration.acceptance.ExternalRegistrationAcceptanceTest.AC_001_02_missingRequiredFieldIsRejectedAndIdentified(ExternalRegistrationAcceptanceTest.java:75)

[ERROR] si.konferenca.registration.acceptance.ExternalRegistrationAcceptanceTest.AC_001_02_missingRequiredFieldIsRejectedAndIdentified(String)[4] -- Time elapsed: 0.005 s <<< FAILURE!
org.opentest4j.AssertionFailedError: 

expected: 400
 but was: 401
	at si.konferenca.registration.acceptance.ExternalRegistrationAcceptanceTest.AC_001_02_missingRequiredFieldIsRejectedAndIdentified(ExternalRegistrationAcceptanceTest.java:75)

[ERROR] si.konferenca.registration.acceptance.ExternalRegistrationAcceptanceTest.AC_001_03_whitespaceOnlyFieldIncludingNoBreakSpaceIsRejected(String)[1] -- Time elapsed: 0.005 s <<< FAILURE!
org.opentest4j.AssertionFailedError: 

expected: 400
 but was: 401
	at si.konferenca.registration.acceptance.ExternalRegistrationAcceptanceTest.assertRejectedAndNothingStored(ExternalRegistrationAcceptanceTest.java:35)
	at si.konferenca.registration.acceptance.ExternalRegistrationAcceptanceTest.AC_001_03_whitespaceOnlyFieldIncludingNoBreakSpaceIsRejected(ExternalRegistrationAcceptanceTest.java:88)

[ERROR] si.konferenca.registration.acceptance.ExternalRegistrationAcceptanceTest.AC_001_03_whitespaceOnlyFieldIncludingNoBreakSpaceIsRejected(String)[2] -- Time elapsed: 0.005 s <<< FAILURE!
org.opentest4j.AssertionFailedError: 

expected: 400
 but was: 401
	at si.konferenca.registration.acceptance.ExternalRegistrationAcceptanceTest.assertRejectedAndNothingStored(ExternalRegistrationAcceptanceTest.java:35)
	at si.konferenca.registration.acceptance.ExternalRegistrationAcceptanceTest.AC_001_03_whitespaceOnlyFieldIncludingNoBreakSpaceIsRejected(ExternalRegistrationAcceptanceTest.java:88)

[ERROR] si.konferenca.registration.acceptance.ExternalRegistrationAcceptanceTest.AC_001_03_whitespaceOnlyFieldIncludingNoBreakSpaceIsRejected(String)[3] -- Time elapsed: 0.006 s <<< FAILURE!
org.opentest4j.AssertionFailedError: 

expected: 400
 but was: 401
	at si.konferenca.registration.acceptance.ExternalRegistrationAcceptanceTest.assertRejectedAndNothingStored(ExternalRegistrationAcceptanceTest.java:35)
	at si.konferenca.registration.acceptance.ExternalRegistrationAcceptanceTest.AC_001_03_whitespaceOnlyFieldIncludingNoBreakSpaceIsRejected(ExternalRegistrationAcceptanceTest.java:88)

[ERROR] si.konferenca.registration.acceptance.ExternalRegistrationAcceptanceTest.AC_001_03_whitespaceOnlyFieldIncludingNoBreakSpaceIsRejected(String)[4] -- Time elapsed: 0.006 s <<< FAILURE!
org.opentest4j.AssertionFailedError: 

expected: 400
 but was: 401
	at si.konferenca.registration.acceptance.ExternalRegistrationAcceptanceTest.assertRejectedAndNothingStored(ExternalRegistrationAcceptanceTest.java:35)
	at si.konferenca.registration.acceptance.ExternalRegistrationAcceptanceTest.AC_001_03_whitespaceOnlyFieldIncludingNoBreakSpaceIsRejected(ExternalRegistrationAcceptanceTest.java:88)

[ERROR] si.konferenca.registration.acceptance.ExternalRegistrationAcceptanceTest.AC_001_14_missingAntiAutomationTokenIsRejectedAndNothingStored -- Time elapsed: 0.005 s <<< FAILURE!
org.opentest4j.AssertionFailedError: 

expected: 400
 but was: 401
	at si.konferenca.registration.acceptance.ExternalRegistrationAcceptanceTest.AC_001_14_missingAntiAutomationTokenIsRejectedAndNothingStored(ExternalRegistrationAcceptanceTest.java:254)

[ERROR] si.konferenca.registration.acceptance.ExternalRegistrationAcceptanceTest.AC_001_03_whitespaceOnlyFirstNameIsRejected -- Time elapsed: 0.005 s <<< FAILURE!
org.opentest4j.AssertionFailedError: 

expected: 400
 but was: 401
	at si.konferenca.registration.acceptance.ExternalRegistrationAcceptanceTest.assertRejectedAndNothingStored(ExternalRegistrationAcceptanceTest.java:35)
	at si.konferenca.registration.acceptance.ExternalRegistrationAcceptanceTest.AC_001_03_whitespaceOnlyFirstNameIsRejected(ExternalRegistrationAcceptanceTest.java:98)

[ERROR] si.konferenca.registration.acceptance.ExternalRegistrationAcceptanceTest.AC_001_07_inactiveOptionIsRejectedAndNothingStored -- Time elapsed: 0.005 s <<< FAILURE!
org.opentest4j.AssertionFailedError: 

expected: 400
 but was: 401
	at si.konferenca.registration.acceptance.ExternalRegistrationAcceptanceTest.assertRejectedAndNothingStored(ExternalRegistrationAcceptanceTest.java:35)
	at si.konferenca.registration.acceptance.ExternalRegistrationAcceptanceTest.AC_001_07_inactiveOptionIsRejectedAndNothingStored(ExternalRegistrationAcceptanceTest.java:157)

[ERROR] si.konferenca.registration.acceptance.ExternalRegistrationAcceptanceTest.AC_001_04_leadingAndTrailingWhitespaceIsNotStored -- Time elapsed: 0.005 s <<< FAILURE!
org.opentest4j.AssertionFailedError: 

expected: 201
 but was: 401
	at si.konferenca.registration.acceptance.ExternalRegistrationAcceptanceTest.AC_001_04_leadingAndTrailingWhitespaceIsNotStored(ExternalRegistrationAcceptanceTest.java:113)

[INFO] Running si.konferenca.registration.acceptance.RegistrationConfirmationAcceptanceTest

  .   ____          _            __ _ _
 /\\ / ___'_ __ _ _(_)_ __  __ _ \ \ \ \
( ( )\___ | '_ | '_| | '_ \/ _` | \ \ \ \
 \\/  ___)| |_)| | | | | || (_| |  ) ) ) )
  '  |____| .__|_| |_|_| |_\__, | / / / /
 =========|_|==============|___/=/_/_/_/

 :: Spring Boot ::                (v4.1.1)

2026-10-06T20:17:58.246+02:00  INFO 327323 --- [           main] o.a.maven.surefire.booter.ForkedBooter   : Starting ForkedBooter v3.5.6 using Java 21.0.12.1 with PID 327323 (started by tjan-kazar in /home/tjan-kazar/storage/Work/lab/agentic_lab/agentic_lab/02_output/backend)
2026-10-06T20:17:58.246+02:00  INFO 327323 --- [           main] o.a.maven.surefire.booter.ForkedBooter   : The following 1 profile is active: "test"
2026-10-06T20:17:58.327+02:00  INFO 327323 --- [           main] .s.d.r.c.RepositoryConfigurationDelegate : Bootstrapping Spring Data JPA repositories in DEFAULT mode.
2026-10-06T20:17:58.329+02:00  INFO 327323 --- [           main] .s.d.r.c.RepositoryConfigurationDelegate : Finished Spring Data repository scanning in 1 ms. Found 0 JPA repository interfaces.
2026-10-06T20:17:58.385+02:00  INFO 327323 --- [           main] o.s.boot.tomcat.TomcatWebServer          : Tomcat initialized with port 0 (http)
2026-10-06T20:17:58.386+02:00  INFO 327323 --- [           main] o.apache.catalina.core.StandardService   : Starting service [Tomcat]
2026-10-06T20:17:58.386+02:00  INFO 327323 --- [           main] o.apache.catalina.core.StandardEngine    : Starting Servlet engine: [Apache Tomcat/11.0.26]
2026-10-06T20:17:58.394+02:00  INFO 327323 --- [           main] b.w.c.s.WebApplicationContextInitializer : Root WebApplicationContext: initialization completed in 147 ms
2026-10-06T20:17:58.438+02:00  INFO 327323 --- [           main] com.zaxxer.hikari.HikariDataSource       : HikariPool-9 - Starting...
2026-10-06T20:17:58.462+02:00  INFO 327323 --- [           main] com.zaxxer.hikari.pool.HikariPool        : HikariPool-9 - Added connection org.postgresql.jdbc.PgConnection@7afe09fb
2026-10-06T20:17:58.462+02:00  INFO 327323 --- [           main] com.zaxxer.hikari.HikariDataSource       : HikariPool-9 - Start completed.
2026-10-06T20:17:58.464+02:00  INFO 327323 --- [           main] org.flywaydb.core.FlywayExecutor         : Database: jdbc:postgresql://localhost:38917/reg_327323_18 (PostgreSQL 16.15)
2026-10-06T20:17:58.482+02:00  INFO 327323 --- [           main] o.f.c.i.s.JdbcTableSchemaHistory         : Schema history table "public"."flyway_schema_history" does not exist yet
2026-10-06T20:17:58.483+02:00  INFO 327323 --- [           main] o.f.core.internal.command.DbValidate     : Successfully validated 0 migrations (execution time 00:00.004s)
2026-10-06T20:17:58.483+02:00  WARN 327323 --- [           main] o.f.core.internal.command.DbValidate     : No migrations found. Are your locations set up correctly?
2026-10-06T20:17:58.495+02:00  INFO 327323 --- [           main] o.f.c.i.s.JdbcTableSchemaHistory         : Creating Schema History table "public"."flyway_schema_history" ...
2026-10-06T20:17:58.528+02:00  INFO 327323 --- [           main] o.f.core.internal.command.DbMigrate      : Current version of schema "public": << Empty Schema >>
2026-10-06T20:17:58.529+02:00  INFO 327323 --- [           main] o.f.core.internal.command.DbMigrate      : Schema "public" is up to date. No migration necessary.
2026-10-06T20:17:58.541+02:00  INFO 327323 --- [           main] org.hibernate.orm.jpa                    : HHH008540: Processing PersistenceUnitInfo [name: default]
2026-10-06T20:17:58.558+02:00  INFO 327323 --- [           main] o.s.o.j.p.SpringPersistenceUnitInfo      : No LoadTimeWeaver setup: ignoring JPA class transformer
2026-10-06T20:17:58.567+02:00  INFO 327323 --- [           main] org.hibernate.orm.connections.pooling    : HHH10001005: Database info:
	Database JDBC URL [jdbc:postgresql://localhost:38917/reg_327323_18]
	Database driver: PostgreSQL JDBC Driver
	Database dialect: PostgreSQLDialect
	Database version: 16.15
	Default catalog/schema: reg_327323_18/public
	Autocommit mode: undefined/unknown
	Isolation level: READ_COMMITTED [default READ_COMMITTED]
	JDBC fetch size: none
	Pool: DataSourceConnectionProvider
	Minimum pool size: undefined/unknown
	Maximum pool size: undefined/unknown
2026-10-06T20:17:58.587+02:00  INFO 327323 --- [           main] org.hibernate.orm.core                   : HHH000489: No JTA platform available (set 'hibernate.transaction.jta.platform' to enable JTA platform integration)
2026-10-06T20:17:58.587+02:00  INFO 327323 --- [           main] j.LocalContainerEntityManagerFactoryBean : Initialized JPA EntityManagerFactory for persistence unit 'default'
2026-10-06T20:17:58.596+02:00  WARN 327323 --- [           main] JpaBaseConfiguration$JpaWebConfiguration : spring.jpa.open-in-view is enabled by default. Therefore, database queries may be performed during view rendering. Explicitly configure spring.jpa.open-in-view to disable this warning
2026-10-06T20:17:58.664+02:00  WARN 327323 --- [           main] .s.a.UserDetailsServiceAutoConfiguration : 

Using generated security password: 656bc9ad-74b4-4796-8d2d-0e583f4eacd4

This generated password is for development use only. Your security configuration must be updated before running your application in production.

2026-10-06T20:17:58.668+02:00  INFO 327323 --- [           main] r$InitializeUserDetailsManagerConfigurer : Global AuthenticationManager configured with UserDetailsService bean with name inMemoryUserDetailsManager
2026-10-06T20:17:58.684+02:00  INFO 327323 --- [           main] o.s.b.a.e.web.EndpointLinksResolver      : Exposing 1 endpoint beneath base path '/actuator'
2026-10-06T20:17:58.699+02:00  INFO 327323 --- [           main] o.s.boot.tomcat.TomcatWebServer          : Tomcat started on port 45425 (http) with context path '/'
2026-10-06T20:17:58.701+02:00  INFO 327323 --- [           main] o.a.maven.surefire.booter.ForkedBooter   : Started ForkedBooter in 0.467 seconds (process running for 19.428)
2026-10-06T20:17:58.722+02:00  INFO 327323 --- [o-auto-9-exec-1] o.a.c.c.C.[Tomcat].[localhost].[/]       : Initializing Spring DispatcherServlet 'dispatcherServlet'
2026-10-06T20:17:58.722+02:00  INFO 327323 --- [o-auto-9-exec-1] o.s.web.servlet.DispatcherServlet        : Initializing Servlet 'dispatcherServlet'
2026-10-06T20:17:58.723+02:00  INFO 327323 --- [o-auto-9-exec-1] o.s.web.servlet.DispatcherServlet        : Completed initialization in 1 ms
2026-10-06T20:17:58.756+02:00  INFO 327323 --- [           main] o.s.boot.tomcat.GracefulShutdown         : Commencing graceful shutdown. Waiting for active requests to complete
2026-10-06T20:17:58.757+02:00  INFO 327323 --- [tomcat-shutdown] o.s.boot.tomcat.GracefulShutdown         : Graceful shutdown complete
2026-10-06T20:17:58.758+02:00  INFO 327323 --- [           main] j.LocalContainerEntityManagerFactoryBean : Closing JPA EntityManagerFactory for persistence unit 'default'
2026-10-06T20:17:58.758+02:00  INFO 327323 --- [           main] com.zaxxer.hikari.HikariDataSource       : HikariPool-9 - Shutdown initiated...
2026-10-06T20:17:58.777+02:00  INFO 327323 --- [           main] com.zaxxer.hikari.HikariDataSource       : HikariPool-9 - Shutdown completed.
[ERROR] Tests run: 5, Failures: 5, Errors: 0, Skipped: 0, Time elapsed: 0.586 s <<< FAILURE! -- in si.konferenca.registration.acceptance.RegistrationConfirmationAcceptanceTest
[ERROR] si.konferenca.registration.acceptance.RegistrationConfirmationAcceptanceTest.AC_004_03_oversizedRequestIsRefusedWithoutInternals -- Time elapsed: 0.026 s <<< FAILURE!
org.opentest4j.AssertionFailedError: 

expected: 413
 but was: 401
	at si.konferenca.registration.acceptance.RegistrationConfirmationAcceptanceTest.AC_004_03_oversizedRequestIsRefusedWithoutInternals(RegistrationConfirmationAcceptanceTest.java:94)

[ERROR] si.konferenca.registration.acceptance.RegistrationConfirmationAcceptanceTest.AC_004_03_unknownPropertyGivesGeneralErrorWithoutInternals -- Time elapsed: 0.006 s <<< FAILURE!
org.opentest4j.AssertionFailedError: 

expected: 400
 but was: 401
	at si.konferenca.registration.acceptance.RegistrationConfirmationAcceptanceTest.AC_004_03_unknownPropertyGivesGeneralErrorWithoutInternals(RegistrationConfirmationAcceptanceTest.java:85)

[ERROR] si.konferenca.registration.acceptance.RegistrationConfirmationAcceptanceTest.AC_004_01_acceptedRegistrationReturnsConfirmationData -- Time elapsed: 0.008 s <<< FAILURE!
org.opentest4j.AssertionFailedError: 

expected: 201
 but was: 401
	at si.konferenca.registration.acceptance.RegistrationConfirmationAcceptanceTest.AC_004_01_acceptedRegistrationReturnsConfirmationData(RegistrationConfirmationAcceptanceTest.java:49)

[ERROR] si.konferenca.registration.acceptance.RegistrationConfirmationAcceptanceTest.AC_004_02_rejectedRegistrationReturnsFieldErrorsAndNoConfirmation -- Time elapsed: 0.005 s <<< FAILURE!
org.opentest4j.AssertionFailedError: 

expected: 400
 but was: 401
	at si.konferenca.registration.acceptance.RegistrationConfirmationAcceptanceTest.AC_004_02_rejectedRegistrationReturnsFieldErrorsAndNoConfirmation(RegistrationConfirmationAcceptanceTest.java:62)

[ERROR] si.konferenca.registration.acceptance.RegistrationConfirmationAcceptanceTest.AC_004_03_malformedRequestGivesGeneralErrorWithoutInternals -- Time elapsed: 0.004 s <<< FAILURE!
org.opentest4j.AssertionFailedError: 

expected: 400
 but was: 401
	at si.konferenca.registration.acceptance.RegistrationConfirmationAcceptanceTest.AC_004_03_malformedRequestGivesGeneralErrorWithoutInternals(RegistrationConfirmationAcceptanceTest.java:75)

[INFO] Running si.konferenca.registration.acceptance.OrganizerNotificationAcceptanceTest

  .   ____          _            __ _ _
 /\\ / ___'_ __ _ _(_)_ __  __ _ \ \ \ \
( ( )\___ | '_ | '_| | '_ \/ _` | \ \ \ \
 \\/  ___)| |_)| | | | | || (_| |  ) ) ) )
  '  |____| .__|_| |_|_| |_\__, | / / / /
 =========|_|==============|___/=/_/_/_/

 :: Spring Boot ::                (v4.1.1)

2026-10-06T20:17:58.834+02:00  INFO 327323 --- [           main] o.a.maven.surefire.booter.ForkedBooter   : Starting ForkedBooter v3.5.6 using Java 21.0.12.1 with PID 327323 (started by tjan-kazar in /home/tjan-kazar/storage/Work/lab/agentic_lab/agentic_lab/02_output/backend)
2026-10-06T20:17:58.834+02:00  INFO 327323 --- [           main] o.a.maven.surefire.booter.ForkedBooter   : The following 1 profile is active: "test"
2026-10-06T20:17:58.924+02:00  INFO 327323 --- [           main] .s.d.r.c.RepositoryConfigurationDelegate : Bootstrapping Spring Data JPA repositories in DEFAULT mode.
2026-10-06T20:17:58.926+02:00  INFO 327323 --- [           main] .s.d.r.c.RepositoryConfigurationDelegate : Finished Spring Data repository scanning in 0 ms. Found 0 JPA repository interfaces.
2026-10-06T20:17:58.979+02:00  INFO 327323 --- [           main] o.s.boot.tomcat.TomcatWebServer          : Tomcat initialized with port 0 (http)
2026-10-06T20:17:58.980+02:00  INFO 327323 --- [           main] o.apache.catalina.core.StandardService   : Starting service [Tomcat]
2026-10-06T20:17:58.981+02:00  INFO 327323 --- [           main] o.apache.catalina.core.StandardEngine    : Starting Servlet engine: [Apache Tomcat/11.0.26]
2026-10-06T20:17:58.989+02:00  INFO 327323 --- [           main] b.w.c.s.WebApplicationContextInitializer : Root WebApplicationContext: initialization completed in 154 ms
2026-10-06T20:17:59.036+02:00  INFO 327323 --- [           main] com.zaxxer.hikari.HikariDataSource       : HikariPool-10 - Starting...
2026-10-06T20:17:59.057+02:00  INFO 327323 --- [           main] com.zaxxer.hikari.pool.HikariPool        : HikariPool-10 - Added connection org.postgresql.jdbc.PgConnection@51b5b2d8
2026-10-06T20:17:59.057+02:00  INFO 327323 --- [           main] com.zaxxer.hikari.HikariDataSource       : HikariPool-10 - Start completed.
2026-10-06T20:17:59.058+02:00  INFO 327323 --- [           main] org.flywaydb.core.FlywayExecutor         : Database: jdbc:postgresql://localhost:38917/reg_327323_20 (PostgreSQL 16.15)
2026-10-06T20:17:59.072+02:00  INFO 327323 --- [           main] o.f.c.i.s.JdbcTableSchemaHistory         : Schema history table "public"."flyway_schema_history" does not exist yet
2026-10-06T20:17:59.073+02:00  INFO 327323 --- [           main] o.f.core.internal.command.DbValidate     : Successfully validated 0 migrations (execution time 00:00.003s)
2026-10-06T20:17:59.073+02:00  WARN 327323 --- [           main] o.f.core.internal.command.DbValidate     : No migrations found. Are your locations set up correctly?
2026-10-06T20:17:59.083+02:00  INFO 327323 --- [           main] o.f.c.i.s.JdbcTableSchemaHistory         : Creating Schema History table "public"."flyway_schema_history" ...
2026-10-06T20:17:59.118+02:00  INFO 327323 --- [           main] o.f.core.internal.command.DbMigrate      : Current version of schema "public": << Empty Schema >>
2026-10-06T20:17:59.118+02:00  INFO 327323 --- [           main] o.f.core.internal.command.DbMigrate      : Schema "public" is up to date. No migration necessary.
2026-10-06T20:17:59.129+02:00  INFO 327323 --- [           main] org.hibernate.orm.jpa                    : HHH008540: Processing PersistenceUnitInfo [name: default]
2026-10-06T20:17:59.145+02:00  INFO 327323 --- [           main] o.s.o.j.p.SpringPersistenceUnitInfo      : No LoadTimeWeaver setup: ignoring JPA class transformer
2026-10-06T20:17:59.152+02:00  INFO 327323 --- [           main] org.hibernate.orm.connections.pooling    : HHH10001005: Database info:
	Database JDBC URL [jdbc:postgresql://localhost:38917/reg_327323_20]
	Database driver: PostgreSQL JDBC Driver
	Database dialect: PostgreSQLDialect
	Database version: 16.15
	Default catalog/schema: reg_327323_20/public
	Autocommit mode: undefined/unknown
	Isolation level: READ_COMMITTED [default READ_COMMITTED]
	JDBC fetch size: none
	Pool: DataSourceConnectionProvider
	Minimum pool size: undefined/unknown
	Maximum pool size: undefined/unknown
2026-10-06T20:17:59.166+02:00  INFO 327323 --- [           main] org.hibernate.orm.core                   : HHH000489: No JTA platform available (set 'hibernate.transaction.jta.platform' to enable JTA platform integration)
2026-10-06T20:17:59.166+02:00  INFO 327323 --- [           main] j.LocalContainerEntityManagerFactoryBean : Initialized JPA EntityManagerFactory for persistence unit 'default'
2026-10-06T20:17:59.175+02:00  WARN 327323 --- [           main] JpaBaseConfiguration$JpaWebConfiguration : spring.jpa.open-in-view is enabled by default. Therefore, database queries may be performed during view rendering. Explicitly configure spring.jpa.open-in-view to disable this warning
2026-10-06T20:17:59.246+02:00  WARN 327323 --- [           main] .s.a.UserDetailsServiceAutoConfiguration : 

Using generated security password: 6b7c1474-8211-4c84-bbf7-278609b7d28a

This generated password is for development use only. Your security configuration must be updated before running your application in production.

2026-10-06T20:17:59.251+02:00  INFO 327323 --- [           main] r$InitializeUserDetailsManagerConfigurer : Global AuthenticationManager configured with UserDetailsService bean with name inMemoryUserDetailsManager
2026-10-06T20:17:59.267+02:00  INFO 327323 --- [           main] o.s.b.a.e.web.EndpointLinksResolver      : Exposing 1 endpoint beneath base path '/actuator'
2026-10-06T20:17:59.281+02:00  INFO 327323 --- [           main] o.s.boot.tomcat.TomcatWebServer          : Tomcat started on port 45977 (http) with context path '/'
2026-10-06T20:17:59.283+02:00  INFO 327323 --- [           main] o.a.maven.surefire.booter.ForkedBooter   : Started ForkedBooter in 0.46 seconds (process running for 20.009)
2026-10-06T20:17:59.285+02:00  INFO 327323 --- [-auto-10-exec-1] o.a.c.c.C.[Tomcat].[localhost].[/]       : Initializing Spring DispatcherServlet 'dispatcherServlet'
2026-10-06T20:17:59.285+02:00  INFO 327323 --- [-auto-10-exec-1] o.s.web.servlet.DispatcherServlet        : Initializing Servlet 'dispatcherServlet'
2026-10-06T20:17:59.286+02:00  INFO 327323 --- [-auto-10-exec-1] o.s.web.servlet.DispatcherServlet        : Completed initialization in 1 ms
2026-10-06T20:17:59.303+02:00  INFO 327323 --- [           main] o.s.boot.tomcat.GracefulShutdown         : Commencing graceful shutdown. Waiting for active requests to complete
2026-10-06T20:17:59.304+02:00  INFO 327323 --- [tomcat-shutdown] o.s.boot.tomcat.GracefulShutdown         : Graceful shutdown complete
2026-10-06T20:17:59.305+02:00  INFO 327323 --- [           main] j.LocalContainerEntityManagerFactoryBean : Closing JPA EntityManagerFactory for persistence unit 'default'
2026-10-06T20:17:59.305+02:00  INFO 327323 --- [           main] com.zaxxer.hikari.HikariDataSource       : HikariPool-10 - Shutdown initiated...
2026-10-06T20:17:59.330+02:00  INFO 327323 --- [           main] com.zaxxer.hikari.HikariDataSource       : HikariPool-10 - Shutdown completed.
[ERROR] Tests run: 3, Failures: 3, Errors: 0, Skipped: 0, Time elapsed: 0.552 s <<< FAILURE! -- in si.konferenca.registration.acceptance.OrganizerNotificationAcceptanceTest
[ERROR] si.konferenca.registration.acceptance.OrganizerNotificationAcceptanceTest.AC_007_02_rejectedRegistrationSendsNoOrganizerEmail -- Time elapsed: 0.008 s <<< FAILURE!
org.opentest4j.AssertionFailedError: 

expected: 400
 but was: 401
	at si.konferenca.registration.acceptance.OrganizerNotificationAcceptanceTest.AC_007_02_rejectedRegistrationSendsNoOrganizerEmail(OrganizerNotificationAcceptanceTest.java:107)

[ERROR] si.konferenca.registration.acceptance.OrganizerNotificationAcceptanceTest.AC_007_01_everyOrganizerReceivesDataWithJsonIdenticalToCopy -- Time elapsed: 0.004 s <<< FAILURE!
org.opentest4j.AssertionFailedError: 

expected: 201
 but was: 401
	at si.konferenca.registration.acceptance.OrganizerNotificationAcceptanceTest.AC_007_01_everyOrganizerReceivesDataWithJsonIdenticalToCopy(OrganizerNotificationAcceptanceTest.java:75)

[ERROR] si.konferenca.registration.acceptance.OrganizerNotificationAcceptanceTest.AC_007_03_markupCharactersAppearAsText -- Time elapsed: 0.005 s <<< FAILURE!
org.opentest4j.AssertionFailedError: 

expected: 201
 but was: 401
	at si.konferenca.registration.acceptance.OrganizerNotificationAcceptanceTest.AC_007_03_markupCharactersAppearAsText(OrganizerNotificationAcceptanceTest.java:128)

[INFO] Running si.konferenca.registration.acceptance.ConfigurableOptionsAcceptanceTest

  .   ____          _            __ _ _
 /\\ / ___'_ __ _ _(_)_ __  __ _ \ \ \ \
( ( )\___ | '_ | '_| | '_ \/ _` | \ \ \ \
 \\/  ___)| |_)| | | | | || (_| |  ) ) ) )
  '  |____| .__|_| |_|_| |_\__, | / / / /
 =========|_|==============|___/=/_/_/_/

 :: Spring Boot ::                (v4.1.1)

2026-10-06T20:17:59.383+02:00  INFO 327323 --- [           main] o.a.maven.surefire.booter.ForkedBooter   : Starting ForkedBooter v3.5.6 using Java 21.0.12.1 with PID 327323 (started by tjan-kazar in /home/tjan-kazar/storage/Work/lab/agentic_lab/agentic_lab/02_output/backend)
2026-10-06T20:17:59.384+02:00  INFO 327323 --- [           main] o.a.maven.surefire.booter.ForkedBooter   : The following 1 profile is active: "test"
2026-10-06T20:17:59.473+02:00  INFO 327323 --- [           main] .s.d.r.c.RepositoryConfigurationDelegate : Bootstrapping Spring Data JPA repositories in DEFAULT mode.
2026-10-06T20:17:59.475+02:00  INFO 327323 --- [           main] .s.d.r.c.RepositoryConfigurationDelegate : Finished Spring Data repository scanning in 0 ms. Found 0 JPA repository interfaces.
2026-10-06T20:17:59.546+02:00  INFO 327323 --- [           main] o.s.boot.tomcat.TomcatWebServer          : Tomcat initialized with port 0 (http)
2026-10-06T20:17:59.547+02:00  INFO 327323 --- [           main] o.apache.catalina.core.StandardService   : Starting service [Tomcat]
2026-10-06T20:17:59.547+02:00  INFO 327323 --- [           main] o.apache.catalina.core.StandardEngine    : Starting Servlet engine: [Apache Tomcat/11.0.26]
2026-10-06T20:17:59.557+02:00  INFO 327323 --- [           main] b.w.c.s.WebApplicationContextInitializer : Root WebApplicationContext: initialization completed in 172 ms
2026-10-06T20:17:59.618+02:00  INFO 327323 --- [           main] com.zaxxer.hikari.HikariDataSource       : HikariPool-11 - Starting...
2026-10-06T20:17:59.642+02:00  INFO 327323 --- [           main] com.zaxxer.hikari.pool.HikariPool        : HikariPool-11 - Added connection org.postgresql.jdbc.PgConnection@4af7d349
2026-10-06T20:17:59.642+02:00  INFO 327323 --- [           main] com.zaxxer.hikari.HikariDataSource       : HikariPool-11 - Start completed.
2026-10-06T20:17:59.643+02:00  INFO 327323 --- [           main] org.flywaydb.core.FlywayExecutor         : Database: jdbc:postgresql://localhost:38917/reg_327323_22 (PostgreSQL 16.15)
2026-10-06T20:17:59.659+02:00  INFO 327323 --- [           main] o.f.c.i.s.JdbcTableSchemaHistory         : Schema history table "public"."flyway_schema_history" does not exist yet
2026-10-06T20:17:59.660+02:00  INFO 327323 --- [           main] o.f.core.internal.command.DbValidate     : Successfully validated 0 migrations (execution time 00:00.004s)
2026-10-06T20:17:59.660+02:00  WARN 327323 --- [           main] o.f.core.internal.command.DbValidate     : No migrations found. Are your locations set up correctly?
2026-10-06T20:17:59.671+02:00  INFO 327323 --- [           main] o.f.c.i.s.JdbcTableSchemaHistory         : Creating Schema History table "public"."flyway_schema_history" ...
2026-10-06T20:17:59.704+02:00  INFO 327323 --- [           main] o.f.core.internal.command.DbMigrate      : Current version of schema "public": << Empty Schema >>
2026-10-06T20:17:59.704+02:00  INFO 327323 --- [           main] o.f.core.internal.command.DbMigrate      : Schema "public" is up to date. No migration necessary.
2026-10-06T20:17:59.714+02:00  INFO 327323 --- [           main] org.hibernate.orm.jpa                    : HHH008540: Processing PersistenceUnitInfo [name: default]
2026-10-06T20:17:59.730+02:00  INFO 327323 --- [           main] o.s.o.j.p.SpringPersistenceUnitInfo      : No LoadTimeWeaver setup: ignoring JPA class transformer
2026-10-06T20:17:59.739+02:00  INFO 327323 --- [           main] org.hibernate.orm.connections.pooling    : HHH10001005: Database info:
	Database JDBC URL [jdbc:postgresql://localhost:38917/reg_327323_22]
	Database driver: PostgreSQL JDBC Driver
	Database dialect: PostgreSQLDialect
	Database version: 16.15
	Default catalog/schema: reg_327323_22/public
	Autocommit mode: undefined/unknown
	Isolation level: READ_COMMITTED [default READ_COMMITTED]
	JDBC fetch size: none
	Pool: DataSourceConnectionProvider
	Minimum pool size: undefined/unknown
	Maximum pool size: undefined/unknown
2026-10-06T20:17:59.756+02:00  INFO 327323 --- [           main] org.hibernate.orm.core                   : HHH000489: No JTA platform available (set 'hibernate.transaction.jta.platform' to enable JTA platform integration)
2026-10-06T20:17:59.756+02:00  INFO 327323 --- [           main] j.LocalContainerEntityManagerFactoryBean : Initialized JPA EntityManagerFactory for persistence unit 'default'
2026-10-06T20:17:59.763+02:00  WARN 327323 --- [           main] JpaBaseConfiguration$JpaWebConfiguration : spring.jpa.open-in-view is enabled by default. Therefore, database queries may be performed during view rendering. Explicitly configure spring.jpa.open-in-view to disable this warning
2026-10-06T20:17:59.831+02:00  WARN 327323 --- [           main] .s.a.UserDetailsServiceAutoConfiguration : 

Using generated security password: 4d0715b9-b442-4af4-b1f5-cdc39bc82d85

This generated password is for development use only. Your security configuration must be updated before running your application in production.

2026-10-06T20:17:59.837+02:00  INFO 327323 --- [           main] r$InitializeUserDetailsManagerConfigurer : Global AuthenticationManager configured with UserDetailsService bean with name inMemoryUserDetailsManager
2026-10-06T20:17:59.853+02:00  INFO 327323 --- [           main] o.s.b.a.e.web.EndpointLinksResolver      : Exposing 1 endpoint beneath base path '/actuator'
2026-10-06T20:17:59.868+02:00  INFO 327323 --- [           main] o.s.boot.tomcat.TomcatWebServer          : Tomcat started on port 40743 (http) with context path '/'
2026-10-06T20:17:59.871+02:00  INFO 327323 --- [           main] o.a.maven.surefire.booter.ForkedBooter   : Started ForkedBooter in 0.499 seconds (process running for 20.597)
2026-10-06T20:17:59.872+02:00  INFO 327323 --- [           main] o.s.boot.tomcat.GracefulShutdown         : Commencing graceful shutdown. Waiting for active requests to complete
2026-10-06T20:17:59.873+02:00  INFO 327323 --- [tomcat-shutdown] o.s.boot.tomcat.GracefulShutdown         : Graceful shutdown complete
2026-10-06T20:17:59.874+02:00  INFO 327323 --- [           main] j.LocalContainerEntityManagerFactoryBean : Closing JPA EntityManagerFactory for persistence unit 'default'
2026-10-06T20:17:59.875+02:00  INFO 327323 --- [           main] com.zaxxer.hikari.HikariDataSource       : HikariPool-11 - Shutdown initiated...
2026-10-06T20:17:59.914+02:00  INFO 327323 --- [           main] com.zaxxer.hikari.HikariDataSource       : HikariPool-11 - Shutdown completed.

  .   ____          _            __ _ _
 /\\ / ___'_ __ _ _(_)_ __  __ _ \ \ \ \
( ( )\___ | '_ | '_| | '_ \/ _` | \ \ \ \
 \\/  ___)| |_)| | | | | || (_| |  ) ) ) )
  '  |____| .__|_| |_|_| |_\__, | / / / /
 =========|_|==============|___/=/_/_/_/

 :: Spring Boot ::                (v4.1.1)

2026-10-06T20:17:59.967+02:00  INFO 327323 --- [           main] o.a.maven.surefire.booter.ForkedBooter   : Starting ForkedBooter v3.5.6 using Java 21.0.12.1 with PID 327323 (started by tjan-kazar in /home/tjan-kazar/storage/Work/lab/agentic_lab/agentic_lab/02_output/backend)
2026-10-06T20:17:59.967+02:00  INFO 327323 --- [           main] o.a.maven.surefire.booter.ForkedBooter   : The following 1 profile is active: "test"
2026-10-06T20:18:00.064+02:00  INFO 327323 --- [           main] .s.d.r.c.RepositoryConfigurationDelegate : Bootstrapping Spring Data JPA repositories in DEFAULT mode.
2026-10-06T20:18:00.066+02:00  INFO 327323 --- [           main] .s.d.r.c.RepositoryConfigurationDelegate : Finished Spring Data repository scanning in 0 ms. Found 0 JPA repository interfaces.
2026-10-06T20:18:00.112+02:00  INFO 327323 --- [           main] o.s.boot.tomcat.TomcatWebServer          : Tomcat initialized with port 0 (http)
2026-10-06T20:18:00.113+02:00  INFO 327323 --- [           main] o.apache.catalina.core.StandardService   : Starting service [Tomcat]
2026-10-06T20:18:00.113+02:00  INFO 327323 --- [           main] o.apache.catalina.core.StandardEngine    : Starting Servlet engine: [Apache Tomcat/11.0.26]
2026-10-06T20:18:00.121+02:00  INFO 327323 --- [           main] b.w.c.s.WebApplicationContextInitializer : Root WebApplicationContext: initialization completed in 153 ms
2026-10-06T20:18:00.158+02:00  INFO 327323 --- [           main] com.zaxxer.hikari.HikariDataSource       : HikariPool-12 - Starting...
2026-10-06T20:18:00.181+02:00  INFO 327323 --- [           main] com.zaxxer.hikari.pool.HikariPool        : HikariPool-12 - Added connection org.postgresql.jdbc.PgConnection@256b48b2
2026-10-06T20:18:00.181+02:00  INFO 327323 --- [           main] com.zaxxer.hikari.HikariDataSource       : HikariPool-12 - Start completed.
2026-10-06T20:18:00.182+02:00  INFO 327323 --- [           main] org.flywaydb.core.FlywayExecutor         : Database: jdbc:postgresql://localhost:38917/reg_327323_24 (PostgreSQL 16.15)
2026-10-06T20:18:00.195+02:00  INFO 327323 --- [           main] o.f.c.i.s.JdbcTableSchemaHistory         : Schema history table "public"."flyway_schema_history" does not exist yet
2026-10-06T20:18:00.195+02:00  INFO 327323 --- [           main] o.f.core.internal.command.DbValidate     : Successfully validated 0 migrations (execution time 00:00.003s)
2026-10-06T20:18:00.195+02:00  WARN 327323 --- [           main] o.f.core.internal.command.DbValidate     : No migrations found. Are your locations set up correctly?
2026-10-06T20:18:00.205+02:00  INFO 327323 --- [           main] o.f.c.i.s.JdbcTableSchemaHistory         : Creating Schema History table "public"."flyway_schema_history" ...
2026-10-06T20:18:00.231+02:00  INFO 327323 --- [           main] o.f.core.internal.command.DbMigrate      : Current version of schema "public": << Empty Schema >>
2026-10-06T20:18:00.232+02:00  INFO 327323 --- [           main] o.f.core.internal.command.DbMigrate      : Schema "public" is up to date. No migration necessary.
2026-10-06T20:18:00.241+02:00  INFO 327323 --- [           main] org.hibernate.orm.jpa                    : HHH008540: Processing PersistenceUnitInfo [name: default]
2026-10-06T20:18:00.258+02:00  INFO 327323 --- [           main] o.s.o.j.p.SpringPersistenceUnitInfo      : No LoadTimeWeaver setup: ignoring JPA class transformer
2026-10-06T20:18:00.266+02:00  INFO 327323 --- [           main] org.hibernate.orm.connections.pooling    : HHH10001005: Database info:
	Database JDBC URL [jdbc:postgresql://localhost:38917/reg_327323_24]
	Database driver: PostgreSQL JDBC Driver
	Database dialect: PostgreSQLDialect
	Database version: 16.15
	Default catalog/schema: reg_327323_24/public
	Autocommit mode: undefined/unknown
	Isolation level: READ_COMMITTED [default READ_COMMITTED]
	JDBC fetch size: none
	Pool: DataSourceConnectionProvider
	Minimum pool size: undefined/unknown
	Maximum pool size: undefined/unknown
2026-10-06T20:18:00.280+02:00  INFO 327323 --- [           main] org.hibernate.orm.core                   : HHH000489: No JTA platform available (set 'hibernate.transaction.jta.platform' to enable JTA platform integration)
2026-10-06T20:18:00.281+02:00  INFO 327323 --- [           main] j.LocalContainerEntityManagerFactoryBean : Initialized JPA EntityManagerFactory for persistence unit 'default'
2026-10-06T20:18:00.291+02:00  WARN 327323 --- [           main] JpaBaseConfiguration$JpaWebConfiguration : spring.jpa.open-in-view is enabled by default. Therefore, database queries may be performed during view rendering. Explicitly configure spring.jpa.open-in-view to disable this warning
2026-10-06T20:18:00.356+02:00  WARN 327323 --- [           main] .s.a.UserDetailsServiceAutoConfiguration : 

Using generated security password: 630d26ae-94af-4ccc-9a42-a9c69e5669a7

This generated password is for development use only. Your security configuration must be updated before running your application in production.

2026-10-06T20:18:00.361+02:00  INFO 327323 --- [           main] r$InitializeUserDetailsManagerConfigurer : Global AuthenticationManager configured with UserDetailsService bean with name inMemoryUserDetailsManager
2026-10-06T20:18:00.382+02:00  INFO 327323 --- [           main] o.s.b.a.e.web.EndpointLinksResolver      : Exposing 1 endpoint beneath base path '/actuator'
2026-10-06T20:18:00.396+02:00  INFO 327323 --- [           main] o.s.boot.tomcat.TomcatWebServer          : Tomcat started on port 33907 (http) with context path '/'
2026-10-06T20:18:00.398+02:00  INFO 327323 --- [           main] o.a.maven.surefire.booter.ForkedBooter   : Started ForkedBooter in 0.441 seconds (process running for 21.124)
2026-10-06T20:18:00.399+02:00  INFO 327323 --- [           main] o.s.boot.tomcat.GracefulShutdown         : Commencing graceful shutdown. Waiting for active requests to complete
2026-10-06T20:18:00.399+02:00  INFO 327323 --- [tomcat-shutdown] o.s.boot.tomcat.GracefulShutdown         : Graceful shutdown complete
2026-10-06T20:18:00.401+02:00  INFO 327323 --- [           main] j.LocalContainerEntityManagerFactoryBean : Closing JPA EntityManagerFactory for persistence unit 'default'
2026-10-06T20:18:00.401+02:00  INFO 327323 --- [           main] com.zaxxer.hikari.HikariDataSource       : HikariPool-12 - Shutdown initiated...
2026-10-06T20:18:00.408+02:00  INFO 327323 --- [           main] com.zaxxer.hikari.HikariDataSource       : HikariPool-12 - Shutdown completed.

  .   ____          _            __ _ _
 /\\ / ___'_ __ _ _(_)_ __  __ _ \ \ \ \
( ( )\___ | '_ | '_| | '_ \/ _` | \ \ \ \
 \\/  ___)| |_)| | | | | || (_| |  ) ) ) )
  '  |____| .__|_| |_|_| |_\__, | / / / /
 =========|_|==============|___/=/_/_/_/

 :: Spring Boot ::                (v4.1.1)

2026-10-06T20:18:00.457+02:00  INFO 327323 --- [           main] o.a.maven.surefire.booter.ForkedBooter   : Starting ForkedBooter v3.5.6 using Java 21.0.12.1 with PID 327323 (started by tjan-kazar in /home/tjan-kazar/storage/Work/lab/agentic_lab/agentic_lab/02_output/backend)
2026-10-06T20:18:00.457+02:00  INFO 327323 --- [           main] o.a.maven.surefire.booter.ForkedBooter   : The following 1 profile is active: "test"
2026-10-06T20:18:00.532+02:00  INFO 327323 --- [           main] .s.d.r.c.RepositoryConfigurationDelegate : Bootstrapping Spring Data JPA repositories in DEFAULT mode.
2026-10-06T20:18:00.534+02:00  INFO 327323 --- [           main] .s.d.r.c.RepositoryConfigurationDelegate : Finished Spring Data repository scanning in 0 ms. Found 0 JPA repository interfaces.
2026-10-06T20:18:00.587+02:00  INFO 327323 --- [           main] o.s.boot.tomcat.TomcatWebServer          : Tomcat initialized with port 0 (http)
2026-10-06T20:18:00.588+02:00  INFO 327323 --- [           main] o.apache.catalina.core.StandardService   : Starting service [Tomcat]
2026-10-06T20:18:00.588+02:00  INFO 327323 --- [           main] o.apache.catalina.core.StandardEngine    : Starting Servlet engine: [Apache Tomcat/11.0.26]
2026-10-06T20:18:00.596+02:00  INFO 327323 --- [           main] b.w.c.s.WebApplicationContextInitializer : Root WebApplicationContext: initialization completed in 138 ms
2026-10-06T20:18:00.641+02:00  INFO 327323 --- [           main] com.zaxxer.hikari.HikariDataSource       : HikariPool-13 - Starting...
2026-10-06T20:18:00.664+02:00  INFO 327323 --- [           main] com.zaxxer.hikari.pool.HikariPool        : HikariPool-13 - Added connection org.postgresql.jdbc.PgConnection@774900ac
2026-10-06T20:18:00.664+02:00  INFO 327323 --- [           main] com.zaxxer.hikari.HikariDataSource       : HikariPool-13 - Start completed.
2026-10-06T20:18:00.665+02:00  INFO 327323 --- [           main] org.flywaydb.core.FlywayExecutor         : Database: jdbc:postgresql://localhost:38917/reg_327323_26 (PostgreSQL 16.15)
2026-10-06T20:18:00.680+02:00  INFO 327323 --- [           main] o.f.c.i.s.JdbcTableSchemaHistory         : Schema history table "public"."flyway_schema_history" does not exist yet
2026-10-06T20:18:00.680+02:00  INFO 327323 --- [           main] o.f.core.internal.command.DbValidate     : Successfully validated 0 migrations (execution time 00:00.003s)
2026-10-06T20:18:00.681+02:00  WARN 327323 --- [           main] o.f.core.internal.command.DbValidate     : No migrations found. Are your locations set up correctly?
2026-10-06T20:18:00.690+02:00  INFO 327323 --- [           main] o.f.c.i.s.JdbcTableSchemaHistory         : Creating Schema History table "public"."flyway_schema_history" ...
2026-10-06T20:18:00.717+02:00  INFO 327323 --- [           main] o.f.core.internal.command.DbMigrate      : Current version of schema "public": << Empty Schema >>
2026-10-06T20:18:00.718+02:00  INFO 327323 --- [           main] o.f.core.internal.command.DbMigrate      : Schema "public" is up to date. No migration necessary.
2026-10-06T20:18:00.727+02:00  INFO 327323 --- [           main] org.hibernate.orm.jpa                    : HHH008540: Processing PersistenceUnitInfo [name: default]
2026-10-06T20:18:00.741+02:00  INFO 327323 --- [           main] o.s.o.j.p.SpringPersistenceUnitInfo      : No LoadTimeWeaver setup: ignoring JPA class transformer
2026-10-06T20:18:00.749+02:00  INFO 327323 --- [           main] org.hibernate.orm.connections.pooling    : HHH10001005: Database info:
	Database JDBC URL [jdbc:postgresql://localhost:38917/reg_327323_26]
	Database driver: PostgreSQL JDBC Driver
	Database dialect: PostgreSQLDialect
	Database version: 16.15
	Default catalog/schema: reg_327323_26/public
	Autocommit mode: undefined/unknown
	Isolation level: READ_COMMITTED [default READ_COMMITTED]
	JDBC fetch size: none
	Pool: DataSourceConnectionProvider
	Minimum pool size: undefined/unknown
	Maximum pool size: undefined/unknown
2026-10-06T20:18:00.761+02:00  INFO 327323 --- [           main] org.hibernate.orm.core                   : HHH000489: No JTA platform available (set 'hibernate.transaction.jta.platform' to enable JTA platform integration)
2026-10-06T20:18:00.762+02:00  INFO 327323 --- [           main] j.LocalContainerEntityManagerFactoryBean : Initialized JPA EntityManagerFactory for persistence unit 'default'
2026-10-06T20:18:00.771+02:00  WARN 327323 --- [           main] JpaBaseConfiguration$JpaWebConfiguration : spring.jpa.open-in-view is enabled by default. Therefore, database queries may be performed during view rendering. Explicitly configure spring.jpa.open-in-view to disable this warning
2026-10-06T20:18:00.835+02:00  WARN 327323 --- [           main] .s.a.UserDetailsServiceAutoConfiguration : 

Using generated security password: 283747c3-274b-48d5-a1ba-1681c508809d

This generated password is for development use only. Your security configuration must be updated before running your application in production.

2026-10-06T20:18:00.840+02:00  INFO 327323 --- [           main] r$InitializeUserDetailsManagerConfigurer : Global AuthenticationManager configured with UserDetailsService bean with name inMemoryUserDetailsManager
2026-10-06T20:18:00.857+02:00  INFO 327323 --- [           main] o.s.b.a.e.web.EndpointLinksResolver      : Exposing 1 endpoint beneath base path '/actuator'
2026-10-06T20:18:00.885+02:00  INFO 327323 --- [           main] o.s.boot.tomcat.TomcatWebServer          : Tomcat started on port 42249 (http) with context path '/'
2026-10-06T20:18:00.888+02:00  INFO 327323 --- [           main] o.a.maven.surefire.booter.ForkedBooter   : Started ForkedBooter in 0.44 seconds (process running for 21.614)
2026-10-06T20:18:00.890+02:00  INFO 327323 --- [-auto-13-exec-1] o.a.c.c.C.[Tomcat].[localhost].[/]       : Initializing Spring DispatcherServlet 'dispatcherServlet'
2026-10-06T20:18:00.891+02:00  INFO 327323 --- [-auto-13-exec-1] o.s.web.servlet.DispatcherServlet        : Initializing Servlet 'dispatcherServlet'
2026-10-06T20:18:00.892+02:00  INFO 327323 --- [-auto-13-exec-1] o.s.web.servlet.DispatcherServlet        : Completed initialization in 1 ms
2026-10-06T20:18:00.915+02:00  INFO 327323 --- [           main] o.s.boot.tomcat.GracefulShutdown         : Commencing graceful shutdown. Waiting for active requests to complete
2026-10-06T20:18:00.920+02:00  INFO 327323 --- [tomcat-shutdown] o.s.boot.tomcat.GracefulShutdown         : Graceful shutdown complete
2026-10-06T20:18:00.922+02:00  INFO 327323 --- [           main] j.LocalContainerEntityManagerFactoryBean : Closing JPA EntityManagerFactory for persistence unit 'default'
2026-10-06T20:18:00.923+02:00  INFO 327323 --- [           main] com.zaxxer.hikari.HikariDataSource       : HikariPool-13 - Shutdown initiated...
2026-10-06T20:18:00.955+02:00  INFO 327323 --- [           main] com.zaxxer.hikari.HikariDataSource       : HikariPool-13 - Shutdown completed.

  .   ____          _            __ _ _
 /\\ / ___'_ __ _ _(_)_ __  __ _ \ \ \ \
( ( )\___ | '_ | '_| | '_ \/ _` | \ \ \ \
 \\/  ___)| |_)| | | | | || (_| |  ) ) ) )
  '  |____| .__|_| |_|_| |_\__, | / / / /
 =========|_|==============|___/=/_/_/_/

 :: Spring Boot ::                (v4.1.1)

2026-10-06T20:18:01.011+02:00  INFO 327323 --- [           main] o.a.maven.surefire.booter.ForkedBooter   : Starting ForkedBooter v3.5.6 using Java 21.0.12.1 with PID 327323 (started by tjan-kazar in /home/tjan-kazar/storage/Work/lab/agentic_lab/agentic_lab/02_output/backend)
2026-10-06T20:18:01.012+02:00  INFO 327323 --- [           main] o.a.maven.surefire.booter.ForkedBooter   : The following 1 profile is active: "test"
2026-10-06T20:18:01.076+02:00  INFO 327323 --- [           main] .s.d.r.c.RepositoryConfigurationDelegate : Bootstrapping Spring Data JPA repositories in DEFAULT mode.
2026-10-06T20:18:01.078+02:00  INFO 327323 --- [           main] .s.d.r.c.RepositoryConfigurationDelegate : Finished Spring Data repository scanning in 0 ms. Found 0 JPA repository interfaces.
2026-10-06T20:18:01.125+02:00  INFO 327323 --- [           main] o.s.boot.tomcat.TomcatWebServer          : Tomcat initialized with port 0 (http)
2026-10-06T20:18:01.126+02:00  INFO 327323 --- [           main] o.apache.catalina.core.StandardService   : Starting service [Tomcat]
2026-10-06T20:18:01.126+02:00  INFO 327323 --- [           main] o.apache.catalina.core.StandardEngine    : Starting Servlet engine: [Apache Tomcat/11.0.26]
2026-10-06T20:18:01.133+02:00  INFO 327323 --- [           main] b.w.c.s.WebApplicationContextInitializer : Root WebApplicationContext: initialization completed in 120 ms
2026-10-06T20:18:01.172+02:00  INFO 327323 --- [           main] com.zaxxer.hikari.HikariDataSource       : HikariPool-14 - Starting...
2026-10-06T20:18:01.193+02:00  INFO 327323 --- [           main] com.zaxxer.hikari.pool.HikariPool        : HikariPool-14 - Added connection org.postgresql.jdbc.PgConnection@674af03a
2026-10-06T20:18:01.194+02:00  INFO 327323 --- [           main] com.zaxxer.hikari.HikariDataSource       : HikariPool-14 - Start completed.
2026-10-06T20:18:01.195+02:00  INFO 327323 --- [           main] org.flywaydb.core.FlywayExecutor         : Database: jdbc:postgresql://localhost:38917/reg_327323_28 (PostgreSQL 16.15)
2026-10-06T20:18:01.210+02:00  INFO 327323 --- [           main] o.f.c.i.s.JdbcTableSchemaHistory         : Schema history table "public"."flyway_schema_history" does not exist yet
2026-10-06T20:18:01.210+02:00  INFO 327323 --- [           main] o.f.core.internal.command.DbValidate     : Successfully validated 0 migrations (execution time 00:00.003s)
2026-10-06T20:18:01.211+02:00  WARN 327323 --- [           main] o.f.core.internal.command.DbValidate     : No migrations found. Are your locations set up correctly?
2026-10-06T20:18:01.221+02:00  INFO 327323 --- [           main] o.f.c.i.s.JdbcTableSchemaHistory         : Creating Schema History table "public"."flyway_schema_history" ...
2026-10-06T20:18:01.253+02:00  INFO 327323 --- [           main] o.f.core.internal.command.DbMigrate      : Current version of schema "public": << Empty Schema >>
2026-10-06T20:18:01.253+02:00  INFO 327323 --- [           main] o.f.core.internal.command.DbMigrate      : Schema "public" is up to date. No migration necessary.
2026-10-06T20:18:01.263+02:00  INFO 327323 --- [           main] org.hibernate.orm.jpa                    : HHH008540: Processing PersistenceUnitInfo [name: default]
2026-10-06T20:18:01.279+02:00  INFO 327323 --- [           main] o.s.o.j.p.SpringPersistenceUnitInfo      : No LoadTimeWeaver setup: ignoring JPA class transformer
2026-10-06T20:18:01.287+02:00  INFO 327323 --- [           main] org.hibernate.orm.connections.pooling    : HHH10001005: Database info:
	Database JDBC URL [jdbc:postgresql://localhost:38917/reg_327323_28]
	Database driver: PostgreSQL JDBC Driver
	Database dialect: PostgreSQLDialect
	Database version: 16.15
	Default catalog/schema: reg_327323_28/public
	Autocommit mode: undefined/unknown
	Isolation level: READ_COMMITTED [default READ_COMMITTED]
	JDBC fetch size: none
	Pool: DataSourceConnectionProvider
	Minimum pool size: undefined/unknown
	Maximum pool size: undefined/unknown
2026-10-06T20:18:01.301+02:00  INFO 327323 --- [           main] org.hibernate.orm.core                   : HHH000489: No JTA platform available (set 'hibernate.transaction.jta.platform' to enable JTA platform integration)
2026-10-06T20:18:01.302+02:00  INFO 327323 --- [           main] j.LocalContainerEntityManagerFactoryBean : Initialized JPA EntityManagerFactory for persistence unit 'default'
2026-10-06T20:18:01.311+02:00  WARN 327323 --- [           main] JpaBaseConfiguration$JpaWebConfiguration : spring.jpa.open-in-view is enabled by default. Therefore, database queries may be performed during view rendering. Explicitly configure spring.jpa.open-in-view to disable this warning
2026-10-06T20:18:01.382+02:00  WARN 327323 --- [           main] .s.a.UserDetailsServiceAutoConfiguration : 

Using generated security password: f0c86d8a-a89e-4137-abbd-835831114361

This generated password is for development use only. Your security configuration must be updated before running your application in production.

2026-10-06T20:18:01.387+02:00  INFO 327323 --- [           main] r$InitializeUserDetailsManagerConfigurer : Global AuthenticationManager configured with UserDetailsService bean with name inMemoryUserDetailsManager
2026-10-06T20:18:01.403+02:00  INFO 327323 --- [           main] o.s.b.a.e.web.EndpointLinksResolver      : Exposing 1 endpoint beneath base path '/actuator'
2026-10-06T20:18:01.417+02:00  INFO 327323 --- [           main] o.s.boot.tomcat.TomcatWebServer          : Tomcat started on port 35453 (http) with context path '/'
2026-10-06T20:18:01.419+02:00  INFO 327323 --- [           main] o.a.maven.surefire.booter.ForkedBooter   : Started ForkedBooter in 0.418 seconds (process running for 22.146)
2026-10-06T20:18:01.420+02:00  INFO 327323 --- [           main] o.s.boot.tomcat.GracefulShutdown         : Commencing graceful shutdown. Waiting for active requests to complete
2026-10-06T20:18:01.421+02:00  INFO 327323 --- [tomcat-shutdown] o.s.boot.tomcat.GracefulShutdown         : Graceful shutdown complete
2026-10-06T20:18:01.422+02:00  INFO 327323 --- [           main] j.LocalContainerEntityManagerFactoryBean : Closing JPA EntityManagerFactory for persistence unit 'default'
2026-10-06T20:18:01.423+02:00  INFO 327323 --- [           main] com.zaxxer.hikari.HikariDataSource       : HikariPool-14 - Shutdown initiated...
2026-10-06T20:18:01.463+02:00  INFO 327323 --- [           main] com.zaxxer.hikari.HikariDataSource       : HikariPool-14 - Shutdown completed.

  .   ____          _            __ _ _
 /\\ / ___'_ __ _ _(_)_ __  __ _ \ \ \ \
( ( )\___ | '_ | '_| | '_ \/ _` | \ \ \ \
 \\/  ___)| |_)| | | | | || (_| |  ) ) ) )
  '  |____| .__|_| |_|_| |_\__, | / / / /
 =========|_|==============|___/=/_/_/_/

 :: Spring Boot ::                (v4.1.1)

2026-10-06T20:18:01.509+02:00  INFO 327323 --- [           main] o.a.maven.surefire.booter.ForkedBooter   : Starting ForkedBooter v3.5.6 using Java 21.0.12.1 with PID 327323 (started by tjan-kazar in /home/tjan-kazar/storage/Work/lab/agentic_lab/agentic_lab/02_output/backend)
2026-10-06T20:18:01.509+02:00  INFO 327323 --- [           main] o.a.maven.surefire.booter.ForkedBooter   : The following 1 profile is active: "test"
2026-10-06T20:18:01.575+02:00  INFO 327323 --- [           main] .s.d.r.c.RepositoryConfigurationDelegate : Bootstrapping Spring Data JPA repositories in DEFAULT mode.
2026-10-06T20:18:01.577+02:00  INFO 327323 --- [           main] .s.d.r.c.RepositoryConfigurationDelegate : Finished Spring Data repository scanning in 0 ms. Found 0 JPA repository interfaces.
2026-10-06T20:18:01.635+02:00  INFO 327323 --- [           main] o.s.boot.tomcat.TomcatWebServer          : Tomcat initialized with port 0 (http)
2026-10-06T20:18:01.636+02:00  INFO 327323 --- [           main] o.apache.catalina.core.StandardService   : Starting service [Tomcat]
2026-10-06T20:18:01.636+02:00  INFO 327323 --- [           main] o.apache.catalina.core.StandardEngine    : Starting Servlet engine: [Apache Tomcat/11.0.26]
2026-10-06T20:18:01.644+02:00  INFO 327323 --- [           main] b.w.c.s.WebApplicationContextInitializer : Root WebApplicationContext: initialization completed in 134 ms
2026-10-06T20:18:01.681+02:00  INFO 327323 --- [           main] com.zaxxer.hikari.HikariDataSource       : HikariPool-15 - Starting...
2026-10-06T20:18:01.700+02:00  INFO 327323 --- [           main] com.zaxxer.hikari.pool.HikariPool        : HikariPool-15 - Added connection org.postgresql.jdbc.PgConnection@1ba9111b
2026-10-06T20:18:01.701+02:00  INFO 327323 --- [           main] com.zaxxer.hikari.HikariDataSource       : HikariPool-15 - Start completed.
2026-10-06T20:18:01.702+02:00  INFO 327323 --- [           main] org.flywaydb.core.FlywayExecutor         : Database: jdbc:postgresql://localhost:38917/reg_327323_30 (PostgreSQL 16.15)
2026-10-06T20:18:01.714+02:00  INFO 327323 --- [           main] o.f.c.i.s.JdbcTableSchemaHistory         : Schema history table "public"."flyway_schema_history" does not exist yet
2026-10-06T20:18:01.715+02:00  INFO 327323 --- [           main] o.f.core.internal.command.DbValidate     : Successfully validated 0 migrations (execution time 00:00.002s)
2026-10-06T20:18:01.715+02:00  WARN 327323 --- [           main] o.f.core.internal.command.DbValidate     : No migrations found. Are your locations set up correctly?
2026-10-06T20:18:01.724+02:00  INFO 327323 --- [           main] o.f.c.i.s.JdbcTableSchemaHistory         : Creating Schema History table "public"."flyway_schema_history" ...
2026-10-06T20:18:01.754+02:00  INFO 327323 --- [           main] o.f.core.internal.command.DbMigrate      : Current version of schema "public": << Empty Schema >>
2026-10-06T20:18:01.755+02:00  INFO 327323 --- [           main] o.f.core.internal.command.DbMigrate      : Schema "public" is up to date. No migration necessary.
2026-10-06T20:18:01.765+02:00  INFO 327323 --- [           main] org.hibernate.orm.jpa                    : HHH008540: Processing PersistenceUnitInfo [name: default]
2026-10-06T20:18:01.782+02:00  INFO 327323 --- [           main] o.s.o.j.p.SpringPersistenceUnitInfo      : No LoadTimeWeaver setup: ignoring JPA class transformer
2026-10-06T20:18:01.790+02:00  INFO 327323 --- [           main] org.hibernate.orm.connections.pooling    : HHH10001005: Database info:
	Database JDBC URL [jdbc:postgresql://localhost:38917/reg_327323_30]
	Database driver: PostgreSQL JDBC Driver
	Database dialect: PostgreSQLDialect
	Database version: 16.15
	Default catalog/schema: reg_327323_30/public
	Autocommit mode: undefined/unknown
	Isolation level: READ_COMMITTED [default READ_COMMITTED]
	JDBC fetch size: none
	Pool: DataSourceConnectionProvider
	Minimum pool size: undefined/unknown
	Maximum pool size: undefined/unknown
2026-10-06T20:18:01.803+02:00  INFO 327323 --- [           main] org.hibernate.orm.core                   : HHH000489: No JTA platform available (set 'hibernate.transaction.jta.platform' to enable JTA platform integration)
2026-10-06T20:18:01.803+02:00  INFO 327323 --- [           main] j.LocalContainerEntityManagerFactoryBean : Initialized JPA EntityManagerFactory for persistence unit 'default'
2026-10-06T20:18:01.812+02:00  WARN 327323 --- [           main] JpaBaseConfiguration$JpaWebConfiguration : spring.jpa.open-in-view is enabled by default. Therefore, database queries may be performed during view rendering. Explicitly configure spring.jpa.open-in-view to disable this warning
2026-10-06T20:18:01.879+02:00  WARN 327323 --- [           main] .s.a.UserDetailsServiceAutoConfiguration : 

Using generated security password: c2335e5a-57ad-4856-ac0b-3c562fd11b79

This generated password is for development use only. Your security configuration must be updated before running your application in production.

2026-10-06T20:18:01.883+02:00  INFO 327323 --- [           main] r$InitializeUserDetailsManagerConfigurer : Global AuthenticationManager configured with UserDetailsService bean with name inMemoryUserDetailsManager
2026-10-06T20:18:01.909+02:00  INFO 327323 --- [           main] o.s.b.a.e.web.EndpointLinksResolver      : Exposing 1 endpoint beneath base path '/actuator'
2026-10-06T20:18:01.925+02:00  INFO 327323 --- [           main] o.s.boot.tomcat.TomcatWebServer          : Tomcat started on port 41645 (http) with context path '/'
2026-10-06T20:18:01.927+02:00  INFO 327323 --- [           main] o.a.maven.surefire.booter.ForkedBooter   : Started ForkedBooter in 0.426 seconds (process running for 22.653)
2026-10-06T20:18:01.929+02:00  INFO 327323 --- [-auto-15-exec-1] o.a.c.c.C.[Tomcat].[localhost].[/]       : Initializing Spring DispatcherServlet 'dispatcherServlet'
2026-10-06T20:18:01.930+02:00  INFO 327323 --- [-auto-15-exec-1] o.s.web.servlet.DispatcherServlet        : Initializing Servlet 'dispatcherServlet'
2026-10-06T20:18:01.931+02:00  INFO 327323 --- [-auto-15-exec-1] o.s.web.servlet.DispatcherServlet        : Completed initialization in 1 ms
2026-10-06T20:18:01.939+02:00  INFO 327323 --- [           main] o.s.boot.tomcat.GracefulShutdown         : Commencing graceful shutdown. Waiting for active requests to complete
2026-10-06T20:18:01.939+02:00  INFO 327323 --- [tomcat-shutdown] o.s.boot.tomcat.GracefulShutdown         : Graceful shutdown complete
2026-10-06T20:18:01.940+02:00  INFO 327323 --- [           main] j.LocalContainerEntityManagerFactoryBean : Closing JPA EntityManagerFactory for persistence unit 'default'
2026-10-06T20:18:01.941+02:00  INFO 327323 --- [           main] com.zaxxer.hikari.HikariDataSource       : HikariPool-15 - Shutdown initiated...
2026-10-06T20:18:01.970+02:00  INFO 327323 --- [           main] com.zaxxer.hikari.HikariDataSource       : HikariPool-15 - Shutdown completed.

  .   ____          _            __ _ _
 /\\ / ___'_ __ _ _(_)_ __  __ _ \ \ \ \
( ( )\___ | '_ | '_| | '_ \/ _` | \ \ \ \
 \\/  ___)| |_)| | | | | || (_| |  ) ) ) )
  '  |____| .__|_| |_|_| |_\__, | / / / /
 =========|_|==============|___/=/_/_/_/

 :: Spring Boot ::                (v4.1.1)

2026-10-06T20:18:02.018+02:00  INFO 327323 --- [           main] o.a.maven.surefire.booter.ForkedBooter   : Starting ForkedBooter v3.5.6 using Java 21.0.12.1 with PID 327323 (started by tjan-kazar in /home/tjan-kazar/storage/Work/lab/agentic_lab/agentic_lab/02_output/backend)
2026-10-06T20:18:02.018+02:00  INFO 327323 --- [           main] o.a.maven.surefire.booter.ForkedBooter   : The following 1 profile is active: "test"
2026-10-06T20:18:02.087+02:00  INFO 327323 --- [           main] .s.d.r.c.RepositoryConfigurationDelegate : Bootstrapping Spring Data JPA repositories in DEFAULT mode.
2026-10-06T20:18:02.089+02:00  INFO 327323 --- [           main] .s.d.r.c.RepositoryConfigurationDelegate : Finished Spring Data repository scanning in 0 ms. Found 0 JPA repository interfaces.
2026-10-06T20:18:02.132+02:00  INFO 327323 --- [           main] o.s.boot.tomcat.TomcatWebServer          : Tomcat initialized with port 0 (http)
2026-10-06T20:18:02.133+02:00  INFO 327323 --- [           main] o.apache.catalina.core.StandardService   : Starting service [Tomcat]
2026-10-06T20:18:02.133+02:00  INFO 327323 --- [           main] o.apache.catalina.core.StandardEngine    : Starting Servlet engine: [Apache Tomcat/11.0.26]
2026-10-06T20:18:02.140+02:00  INFO 327323 --- [           main] b.w.c.s.WebApplicationContextInitializer : Root WebApplicationContext: initialization completed in 121 ms
2026-10-06T20:18:02.173+02:00  INFO 327323 --- [           main] com.zaxxer.hikari.HikariDataSource       : HikariPool-16 - Starting...
2026-10-06T20:18:02.193+02:00  INFO 327323 --- [           main] com.zaxxer.hikari.pool.HikariPool        : HikariPool-16 - Added connection org.postgresql.jdbc.PgConnection@4841bb70
2026-10-06T20:18:02.193+02:00  INFO 327323 --- [           main] com.zaxxer.hikari.HikariDataSource       : HikariPool-16 - Start completed.
2026-10-06T20:18:02.194+02:00  INFO 327323 --- [           main] org.flywaydb.core.FlywayExecutor         : Database: jdbc:postgresql://localhost:38917/reg_327323_32 (PostgreSQL 16.15)
2026-10-06T20:18:02.207+02:00  INFO 327323 --- [           main] o.f.c.i.s.JdbcTableSchemaHistory         : Schema history table "public"."flyway_schema_history" does not exist yet
2026-10-06T20:18:02.207+02:00  INFO 327323 --- [           main] o.f.core.internal.command.DbValidate     : Successfully validated 0 migrations (execution time 00:00.002s)
2026-10-06T20:18:02.207+02:00  WARN 327323 --- [           main] o.f.core.internal.command.DbValidate     : No migrations found. Are your locations set up correctly?
2026-10-06T20:18:02.216+02:00  INFO 327323 --- [           main] o.f.c.i.s.JdbcTableSchemaHistory         : Creating Schema History table "public"."flyway_schema_history" ...
2026-10-06T20:18:02.243+02:00  INFO 327323 --- [           main] o.f.core.internal.command.DbMigrate      : Current version of schema "public": << Empty Schema >>
2026-10-06T20:18:02.244+02:00  INFO 327323 --- [           main] o.f.core.internal.command.DbMigrate      : Schema "public" is up to date. No migration necessary.
2026-10-06T20:18:02.256+02:00  INFO 327323 --- [           main] org.hibernate.orm.jpa                    : HHH008540: Processing PersistenceUnitInfo [name: default]
2026-10-06T20:18:02.270+02:00  INFO 327323 --- [           main] o.s.o.j.p.SpringPersistenceUnitInfo      : No LoadTimeWeaver setup: ignoring JPA class transformer
2026-10-06T20:18:02.278+02:00  INFO 327323 --- [           main] org.hibernate.orm.connections.pooling    : HHH10001005: Database info:
	Database JDBC URL [jdbc:postgresql://localhost:38917/reg_327323_32]
	Database driver: PostgreSQL JDBC Driver
	Database dialect: PostgreSQLDialect
	Database version: 16.15
	Default catalog/schema: reg_327323_32/public
	Autocommit mode: undefined/unknown
	Isolation level: READ_COMMITTED [default READ_COMMITTED]
	JDBC fetch size: none
	Pool: DataSourceConnectionProvider
	Minimum pool size: undefined/unknown
	Maximum pool size: undefined/unknown
2026-10-06T20:18:02.290+02:00  INFO 327323 --- [           main] org.hibernate.orm.core                   : HHH000489: No JTA platform available (set 'hibernate.transaction.jta.platform' to enable JTA platform integration)
2026-10-06T20:18:02.290+02:00  INFO 327323 --- [           main] j.LocalContainerEntityManagerFactoryBean : Initialized JPA EntityManagerFactory for persistence unit 'default'
2026-10-06T20:18:02.298+02:00  WARN 327323 --- [           main] JpaBaseConfiguration$JpaWebConfiguration : spring.jpa.open-in-view is enabled by default. Therefore, database queries may be performed during view rendering. Explicitly configure spring.jpa.open-in-view to disable this warning
2026-10-06T20:18:02.357+02:00  WARN 327323 --- [           main] .s.a.UserDetailsServiceAutoConfiguration : 

Using generated security password: 227f26ac-c397-4b1e-919f-d3dfba254d2a

This generated password is for development use only. Your security configuration must be updated before running your application in production.

2026-10-06T20:18:02.361+02:00  INFO 327323 --- [           main] r$InitializeUserDetailsManagerConfigurer : Global AuthenticationManager configured with UserDetailsService bean with name inMemoryUserDetailsManager
2026-10-06T20:18:02.375+02:00  INFO 327323 --- [           main] o.s.b.a.e.web.EndpointLinksResolver      : Exposing 1 endpoint beneath base path '/actuator'
2026-10-06T20:18:02.390+02:00  INFO 327323 --- [           main] o.s.boot.tomcat.TomcatWebServer          : Tomcat started on port 41611 (http) with context path '/'
2026-10-06T20:18:02.392+02:00  INFO 327323 --- [           main] o.a.maven.surefire.booter.ForkedBooter   : Started ForkedBooter in 0.383 seconds (process running for 23.118)
2026-10-06T20:18:02.394+02:00  INFO 327323 --- [-auto-16-exec-1] o.a.c.c.C.[Tomcat].[localhost].[/]       : Initializing Spring DispatcherServlet 'dispatcherServlet'
2026-10-06T20:18:02.394+02:00  INFO 327323 --- [-auto-16-exec-1] o.s.web.servlet.DispatcherServlet        : Initializing Servlet 'dispatcherServlet'
2026-10-06T20:18:02.395+02:00  INFO 327323 --- [-auto-16-exec-1] o.s.web.servlet.DispatcherServlet        : Completed initialization in 1 ms
2026-10-06T20:18:02.400+02:00  INFO 327323 --- [           main] o.s.boot.tomcat.GracefulShutdown         : Commencing graceful shutdown. Waiting for active requests to complete
2026-10-06T20:18:02.400+02:00  INFO 327323 --- [tomcat-shutdown] o.s.boot.tomcat.GracefulShutdown         : Graceful shutdown complete
2026-10-06T20:18:02.401+02:00  INFO 327323 --- [           main] j.LocalContainerEntityManagerFactoryBean : Closing JPA EntityManagerFactory for persistence unit 'default'
2026-10-06T20:18:02.402+02:00  INFO 327323 --- [           main] com.zaxxer.hikari.HikariDataSource       : HikariPool-16 - Shutdown initiated...
2026-10-06T20:18:02.423+02:00  INFO 327323 --- [           main] com.zaxxer.hikari.HikariDataSource       : HikariPool-16 - Shutdown completed.
[ERROR] Tests run: 6, Failures: 6, Errors: 0, Skipped: 0, Time elapsed: 3.093 s <<< FAILURE! -- in si.konferenca.registration.acceptance.ConfigurableOptionsAcceptanceTest
[ERROR] si.konferenca.registration.acceptance.ConfigurableOptionsAcceptanceTest.AC_003_04_duplicateIdentifierStopsStartupWithConfigurationError -- Time elapsed: 0.587 s <<< FAILURE!
java.lang.AssertionError: 

Expecting actual not to be null
	at si.konferenca.registration.acceptance.ConfigurableOptionsAcceptanceTest.AC_003_04_duplicateIdentifierStopsStartupWithConfigurationError(ConfigurableOptionsAcceptanceTest.java:150)

[ERROR] si.konferenca.registration.acceptance.ConfigurableOptionsAcceptanceTest.AC_003_04_missingDisplayNameStopsStartupWithConfigurationError -- Time elapsed: 0.492 s <<< FAILURE!
java.lang.AssertionError: 

Expecting actual not to be null
	at si.konferenca.registration.acceptance.ConfigurableOptionsAcceptanceTest.AC_003_04_missingDisplayNameStopsStartupWithConfigurationError(ConfigurableOptionsAcceptanceTest.java:160)

[ERROR] si.konferenca.registration.acceptance.ConfigurableOptionsAcceptanceTest.AC_003_02_optionMarkedInactiveIsNoLongerOfferedAndIsRejected -- Time elapsed: 0.544 s <<< FAILURE!
java.lang.AssertionError: 

Expecting ListN:
  []
to contain:
  ["meal-lunch"]
but could not find the following element(s):
  ["meal-lunch"]

	at si.konferenca.registration.acceptance.ConfigurableOptionsAcceptanceTest.AC_003_02_optionMarkedInactiveIsNoLongerOfferedAndIsRejected(ConfigurableOptionsAcceptanceTest.java:92)

[ERROR] si.konferenca.registration.acceptance.ConfigurableOptionsAcceptanceTest.AC_003_04_unknownCategoryStopsStartupWithConfigurationError -- Time elapsed: 0.507 s <<< FAILURE!
java.lang.AssertionError: 

Expecting actual not to be null
	at si.konferenca.registration.acceptance.ConfigurableOptionsAcceptanceTest.AC_003_04_unknownCategoryStopsStartupWithConfigurationError(ConfigurableOptionsAcceptanceTest.java:138)

[ERROR] si.konferenca.registration.acceptance.ConfigurableOptionsAcceptanceTest.AC_003_01_optionAddedToConfigurationIsOfferedAfterRestart -- Time elapsed: 0.505 s <<< FAILURE!
org.opentest4j.AssertionFailedError: 

Expecting actual:
  []
to contain exactly (and in same order):
  ["ws-ai"]
but could not find the following elements:
  ["ws-ai"]

	at si.konferenca.registration.acceptance.ConfigurableOptionsAcceptanceTest.AC_003_01_optionAddedToConfigurationIsOfferedAfterRestart(ConfigurableOptionsAcceptanceTest.java:63)

[ERROR] si.konferenca.registration.acceptance.ConfigurableOptionsAcceptanceTest.AC_003_03_changedOptionsDoNotChangeParticipantFields -- Time elapsed: 0.452 s <<< FAILURE!
org.opentest4j.AssertionFailedError: 

expected: 201
 but was: 401
	at si.konferenca.registration.acceptance.ConfigurableOptionsAcceptanceTest.AC_003_03_changedOptionsDoNotChangeParticipantFields(ConfigurableOptionsAcceptanceTest.java:121)

[INFO] Running si.konferenca.registration.acceptance.StudentRegistrationAcceptanceTest

  .   ____          _            __ _ _
 /\\ / ___'_ __ _ _(_)_ __  __ _ \ \ \ \
( ( )\___ | '_ | '_| | '_ \/ _` | \ \ \ \
 \\/  ___)| |_)| | | | | || (_| |  ) ) ) )
  '  |____| .__|_| |_|_| |_\__, | / / / /
 =========|_|==============|___/=/_/_/_/

 :: Spring Boot ::                (v4.1.1)

2026-10-06T20:18:02.481+02:00  INFO 327323 --- [           main] o.a.maven.surefire.booter.ForkedBooter   : Starting ForkedBooter v3.5.6 using Java 21.0.12.1 with PID 327323 (started by tjan-kazar in /home/tjan-kazar/storage/Work/lab/agentic_lab/agentic_lab/02_output/backend)
2026-10-06T20:18:02.481+02:00  INFO 327323 --- [           main] o.a.maven.surefire.booter.ForkedBooter   : The following 1 profile is active: "test"
2026-10-06T20:18:02.546+02:00  INFO 327323 --- [           main] .s.d.r.c.RepositoryConfigurationDelegate : Bootstrapping Spring Data JPA repositories in DEFAULT mode.
2026-10-06T20:18:02.547+02:00  INFO 327323 --- [           main] .s.d.r.c.RepositoryConfigurationDelegate : Finished Spring Data repository scanning in 0 ms. Found 0 JPA repository interfaces.
2026-10-06T20:18:02.591+02:00  INFO 327323 --- [           main] o.s.boot.tomcat.TomcatWebServer          : Tomcat initialized with port 0 (http)
2026-10-06T20:18:02.592+02:00  INFO 327323 --- [           main] o.apache.catalina.core.StandardService   : Starting service [Tomcat]
2026-10-06T20:18:02.592+02:00  INFO 327323 --- [           main] o.apache.catalina.core.StandardEngine    : Starting Servlet engine: [Apache Tomcat/11.0.26]
2026-10-06T20:18:02.599+02:00  INFO 327323 --- [           main] b.w.c.s.WebApplicationContextInitializer : Root WebApplicationContext: initialization completed in 117 ms
2026-10-06T20:18:02.635+02:00  INFO 327323 --- [           main] com.zaxxer.hikari.HikariDataSource       : HikariPool-17 - Starting...
2026-10-06T20:18:02.654+02:00  INFO 327323 --- [           main] com.zaxxer.hikari.pool.HikariPool        : HikariPool-17 - Added connection org.postgresql.jdbc.PgConnection@14f63bd
2026-10-06T20:18:02.654+02:00  INFO 327323 --- [           main] com.zaxxer.hikari.HikariDataSource       : HikariPool-17 - Start completed.
2026-10-06T20:18:02.655+02:00  INFO 327323 --- [           main] org.flywaydb.core.FlywayExecutor         : Database: jdbc:postgresql://localhost:38917/reg_327323_34 (PostgreSQL 16.15)
2026-10-06T20:18:02.667+02:00  INFO 327323 --- [           main] o.f.c.i.s.JdbcTableSchemaHistory         : Schema history table "public"."flyway_schema_history" does not exist yet
2026-10-06T20:18:02.667+02:00  INFO 327323 --- [           main] o.f.core.internal.command.DbValidate     : Successfully validated 0 migrations (execution time 00:00.002s)
2026-10-06T20:18:02.667+02:00  WARN 327323 --- [           main] o.f.core.internal.command.DbValidate     : No migrations found. Are your locations set up correctly?
2026-10-06T20:18:02.676+02:00  INFO 327323 --- [           main] o.f.c.i.s.JdbcTableSchemaHistory         : Creating Schema History table "public"."flyway_schema_history" ...
2026-10-06T20:18:02.703+02:00  INFO 327323 --- [           main] o.f.core.internal.command.DbMigrate      : Current version of schema "public": << Empty Schema >>
2026-10-06T20:18:02.703+02:00  INFO 327323 --- [           main] o.f.core.internal.command.DbMigrate      : Schema "public" is up to date. No migration necessary.
2026-10-06T20:18:02.712+02:00  INFO 327323 --- [           main] org.hibernate.orm.jpa                    : HHH008540: Processing PersistenceUnitInfo [name: default]
2026-10-06T20:18:02.725+02:00  INFO 327323 --- [           main] o.s.o.j.p.SpringPersistenceUnitInfo      : No LoadTimeWeaver setup: ignoring JPA class transformer
2026-10-06T20:18:02.732+02:00  INFO 327323 --- [           main] org.hibernate.orm.connections.pooling    : HHH10001005: Database info:
	Database JDBC URL [jdbc:postgresql://localhost:38917/reg_327323_34]
	Database driver: PostgreSQL JDBC Driver
	Database dialect: PostgreSQLDialect
	Database version: 16.15
	Default catalog/schema: reg_327323_34/public
	Autocommit mode: undefined/unknown
	Isolation level: READ_COMMITTED [default READ_COMMITTED]
	JDBC fetch size: none
	Pool: DataSourceConnectionProvider
	Minimum pool size: undefined/unknown
	Maximum pool size: undefined/unknown
2026-10-06T20:18:02.748+02:00  INFO 327323 --- [           main] org.hibernate.orm.core                   : HHH000489: No JTA platform available (set 'hibernate.transaction.jta.platform' to enable JTA platform integration)
2026-10-06T20:18:02.748+02:00  INFO 327323 --- [           main] j.LocalContainerEntityManagerFactoryBean : Initialized JPA EntityManagerFactory for persistence unit 'default'
2026-10-06T20:18:02.754+02:00  WARN 327323 --- [           main] JpaBaseConfiguration$JpaWebConfiguration : spring.jpa.open-in-view is enabled by default. Therefore, database queries may be performed during view rendering. Explicitly configure spring.jpa.open-in-view to disable this warning
2026-10-06T20:18:02.809+02:00  WARN 327323 --- [           main] .s.a.UserDetailsServiceAutoConfiguration : 

Using generated security password: 06951a33-3e1e-4531-8209-011bf4c41d61

This generated password is for development use only. Your security configuration must be updated before running your application in production.

2026-10-06T20:18:02.812+02:00  INFO 327323 --- [           main] r$InitializeUserDetailsManagerConfigurer : Global AuthenticationManager configured with UserDetailsService bean with name inMemoryUserDetailsManager
2026-10-06T20:18:02.827+02:00  INFO 327323 --- [           main] o.s.b.a.e.web.EndpointLinksResolver      : Exposing 1 endpoint beneath base path '/actuator'
2026-10-06T20:18:02.841+02:00  INFO 327323 --- [           main] o.s.boot.tomcat.TomcatWebServer          : Tomcat started on port 38315 (http) with context path '/'
2026-10-06T20:18:02.844+02:00  INFO 327323 --- [           main] o.a.maven.surefire.booter.ForkedBooter   : Started ForkedBooter in 0.371 seconds (process running for 23.57)
2026-10-06T20:18:02.849+02:00  INFO 327323 --- [-auto-17-exec-1] o.a.c.c.C.[Tomcat].[localhost].[/]       : Initializing Spring DispatcherServlet 'dispatcherServlet'
2026-10-06T20:18:02.849+02:00  INFO 327323 --- [-auto-17-exec-1] o.s.web.servlet.DispatcherServlet        : Initializing Servlet 'dispatcherServlet'
2026-10-06T20:18:02.850+02:00  INFO 327323 --- [-auto-17-exec-1] o.s.web.servlet.DispatcherServlet        : Completed initialization in 1 ms
2026-10-06T20:18:02.945+02:00  INFO 327323 --- [           main] o.s.boot.tomcat.GracefulShutdown         : Commencing graceful shutdown. Waiting for active requests to complete
2026-10-06T20:18:02.946+02:00  INFO 327323 --- [tomcat-shutdown] o.s.boot.tomcat.GracefulShutdown         : Graceful shutdown complete
2026-10-06T20:18:02.947+02:00  INFO 327323 --- [           main] j.LocalContainerEntityManagerFactoryBean : Closing JPA EntityManagerFactory for persistence unit 'default'
2026-10-06T20:18:02.947+02:00  INFO 327323 --- [           main] com.zaxxer.hikari.HikariDataSource       : HikariPool-17 - Shutdown initiated...
2026-10-06T20:18:02.973+02:00  INFO 327323 --- [           main] com.zaxxer.hikari.HikariDataSource       : HikariPool-17 - Shutdown completed.
[ERROR] Tests run: 15, Failures: 15, Errors: 0, Skipped: 0, Time elapsed: 0.549 s <<< FAILURE! -- in si.konferenca.registration.acceptance.StudentRegistrationAcceptanceTest
[ERROR] si.konferenca.registration.acceptance.StudentRegistrationAcceptanceTest.AC_002_02_emptyRequiredStudentFieldIsRejectedAndIdentified(String)[1] -- Time elapsed: 0.010 s <<< FAILURE!
org.opentest4j.AssertionFailedError: 

expected: 400
 but was: 401
	at si.konferenca.registration.acceptance.StudentRegistrationAcceptanceTest.AC_002_02_emptyRequiredStudentFieldIsRejectedAndIdentified(StudentRegistrationAcceptanceTest.java:65)

[ERROR] si.konferenca.registration.acceptance.StudentRegistrationAcceptanceTest.AC_002_02_emptyRequiredStudentFieldIsRejectedAndIdentified(String)[2] -- Time elapsed: 0.005 s <<< FAILURE!
org.opentest4j.AssertionFailedError: 

expected: 400
 but was: 401
	at si.konferenca.registration.acceptance.StudentRegistrationAcceptanceTest.AC_002_02_emptyRequiredStudentFieldIsRejectedAndIdentified(StudentRegistrationAcceptanceTest.java:65)

[ERROR] si.konferenca.registration.acceptance.StudentRegistrationAcceptanceTest.AC_002_02_emptyRequiredStudentFieldIsRejectedAndIdentified(String)[3] -- Time elapsed: 0.005 s <<< FAILURE!
org.opentest4j.AssertionFailedError: 

expected: 400
 but was: 401
	at si.konferenca.registration.acceptance.StudentRegistrationAcceptanceTest.AC_002_02_emptyRequiredStudentFieldIsRejectedAndIdentified(StudentRegistrationAcceptanceTest.java:65)

[ERROR] si.konferenca.registration.acceptance.StudentRegistrationAcceptanceTest.AC_002_02_emptyRequiredStudentFieldIsRejectedAndIdentified(String)[4] -- Time elapsed: 0.005 s <<< FAILURE!
org.opentest4j.AssertionFailedError: 

expected: 400
 but was: 401
	at si.konferenca.registration.acceptance.StudentRegistrationAcceptanceTest.AC_002_02_emptyRequiredStudentFieldIsRejectedAndIdentified(StudentRegistrationAcceptanceTest.java:65)

[ERROR] si.konferenca.registration.acceptance.StudentRegistrationAcceptanceTest.AC_002_02_emptyRequiredStudentFieldIsRejectedAndIdentified(String)[5] -- Time elapsed: 0.006 s <<< FAILURE!
org.opentest4j.AssertionFailedError: 

expected: 400
 but was: 401
	at si.konferenca.registration.acceptance.StudentRegistrationAcceptanceTest.AC_002_02_emptyRequiredStudentFieldIsRejectedAndIdentified(StudentRegistrationAcceptanceTest.java:65)

[ERROR] si.konferenca.registration.acceptance.StudentRegistrationAcceptanceTest.AC_002_02_emptyRequiredStudentFieldIsRejectedAndIdentified(String)[6] -- Time elapsed: 0.006 s <<< FAILURE!
org.opentest4j.AssertionFailedError: 

expected: 400
 but was: 401
	at si.konferenca.registration.acceptance.StudentRegistrationAcceptanceTest.AC_002_02_emptyRequiredStudentFieldIsRejectedAndIdentified(StudentRegistrationAcceptanceTest.java:65)

[ERROR] si.konferenca.registration.acceptance.StudentRegistrationAcceptanceTest.AC_002_03_whitespaceOnlyStudentFieldIsRejected(String)[1] -- Time elapsed: 0.006 s <<< FAILURE!
org.opentest4j.AssertionFailedError: 

expected: 400
 but was: 401
	at si.konferenca.registration.acceptance.StudentRegistrationAcceptanceTest.AC_002_03_whitespaceOnlyStudentFieldIsRejected(StudentRegistrationAcceptanceTest.java:77)

[ERROR] si.konferenca.registration.acceptance.StudentRegistrationAcceptanceTest.AC_002_03_whitespaceOnlyStudentFieldIsRejected(String)[2] -- Time elapsed: 0.005 s <<< FAILURE!
org.opentest4j.AssertionFailedError: 

expected: 400
 but was: 401
	at si.konferenca.registration.acceptance.StudentRegistrationAcceptanceTest.AC_002_03_whitespaceOnlyStudentFieldIsRejected(StudentRegistrationAcceptanceTest.java:77)

[ERROR] si.konferenca.registration.acceptance.StudentRegistrationAcceptanceTest.AC_002_05_optionNotOfferedToStudentsIsRejectedAndNothingStored -- Time elapsed: 0.005 s <<< FAILURE!
org.opentest4j.AssertionFailedError: 

expected: 400
 but was: 401
	at si.konferenca.registration.acceptance.StudentRegistrationAcceptanceTest.AC_002_05_optionNotOfferedToStudentsIsRejectedAndNothingStored(StudentRegistrationAcceptanceTest.java:99)

[ERROR] si.konferenca.registration.acceptance.StudentRegistrationAcceptanceTest.AC_002_04_invalidStudentEmailIsRejected -- Time elapsed: 0.004 s <<< FAILURE!
org.opentest4j.AssertionFailedError: 

expected: 400
 but was: 401
	at si.konferenca.registration.acceptance.StudentRegistrationAcceptanceTest.AC_002_04_invalidStudentEmailIsRejected(StudentRegistrationAcceptanceTest.java:88)

[ERROR] si.konferenca.registration.acceptance.StudentRegistrationAcceptanceTest.AC_002_09_externalFieldIsNotAllowedForStudents -- Time elapsed: 0.005 s <<< FAILURE!
org.opentest4j.AssertionFailedError: 

expected: 400
 but was: 401
	at si.konferenca.registration.acceptance.StudentRegistrationAcceptanceTest.AC_002_09_externalFieldIsNotAllowedForStudents(StudentRegistrationAcceptanceTest.java:157)

[ERROR] si.konferenca.registration.acceptance.StudentRegistrationAcceptanceTest.AC_002_08_studentRegistrationWithoutConsentIsRejected -- Time elapsed: 0.006 s <<< FAILURE!
org.opentest4j.AssertionFailedError: 

expected: 400
 but was: 401
	at si.konferenca.registration.acceptance.StudentRegistrationAcceptanceTest.AC_002_08_studentRegistrationWithoutConsentIsRejected(StudentRegistrationAcceptanceTest.java:146)

[ERROR] si.konferenca.registration.acceptance.StudentRegistrationAcceptanceTest.AC_002_06_optionNotOfferedToStudentsIsMarkedSoForTheForm -- Time elapsed: 0.006 s <<< FAILURE!
org.opentest4j.AssertionFailedError: 

expected: 200
 but was: 401
	at si.konferenca.registration.acceptance.StudentRegistrationAcceptanceTest.AC_002_06_optionNotOfferedToStudentsIsMarkedSoForTheForm(StudentRegistrationAcceptanceTest.java:108)

[ERROR] si.konferenca.registration.acceptance.StudentRegistrationAcceptanceTest.AC_002_01_validStudentRegistrationIsAcceptedAsStudent -- Time elapsed: 0.005 s <<< FAILURE!
org.opentest4j.AssertionFailedError: 

expected: 201
 but was: 401
	at si.konferenca.registration.acceptance.StudentRegistrationAcceptanceTest.AC_002_01_validStudentRegistrationIsAcceptedAsStudent(StudentRegistrationAcceptanceTest.java:39)

[ERROR] si.konferenca.registration.acceptance.StudentRegistrationAcceptanceTest.AC_002_07_inactiveOptionIsRejectedForStudents -- Time elapsed: 0.007 s <<< FAILURE!
org.opentest4j.AssertionFailedError: 

expected: 400
 but was: 401
	at si.konferenca.registration.acceptance.StudentRegistrationAcceptanceTest.AC_002_07_inactiveOptionIsRejectedForStudents(StudentRegistrationAcceptanceTest.java:135)

[INFO] Running si.konferenca.registration.acceptance.AntiAutomationAcceptanceTest

  .   ____          _            __ _ _
 /\\ / ___'_ __ _ _(_)_ __  __ _ \ \ \ \
( ( )\___ | '_ | '_| | '_ \/ _` | \ \ \ \
 \\/  ___)| |_)| | | | | || (_| |  ) ) ) )
  '  |____| .__|_| |_|_| |_\__, | / / / /
 =========|_|==============|___/=/_/_/_/

 :: Spring Boot ::                (v4.1.1)

2026-10-06T20:18:03.036+02:00  INFO 327323 --- [           main] o.a.maven.surefire.booter.ForkedBooter   : Starting ForkedBooter v3.5.6 using Java 21.0.12.1 with PID 327323 (started by tjan-kazar in /home/tjan-kazar/storage/Work/lab/agentic_lab/agentic_lab/02_output/backend)
2026-10-06T20:18:03.036+02:00  INFO 327323 --- [           main] o.a.maven.surefire.booter.ForkedBooter   : The following 1 profile is active: "test"
2026-10-06T20:18:03.100+02:00  INFO 327323 --- [           main] .s.d.r.c.RepositoryConfigurationDelegate : Bootstrapping Spring Data JPA repositories in DEFAULT mode.
2026-10-06T20:18:03.101+02:00  INFO 327323 --- [           main] .s.d.r.c.RepositoryConfigurationDelegate : Finished Spring Data repository scanning in 0 ms. Found 0 JPA repository interfaces.
2026-10-06T20:18:03.148+02:00  INFO 327323 --- [           main] o.s.boot.tomcat.TomcatWebServer          : Tomcat initialized with port 0 (http)
2026-10-06T20:18:03.148+02:00  INFO 327323 --- [           main] o.apache.catalina.core.StandardService   : Starting service [Tomcat]
2026-10-06T20:18:03.149+02:00  INFO 327323 --- [           main] o.apache.catalina.core.StandardEngine    : Starting Servlet engine: [Apache Tomcat/11.0.26]
2026-10-06T20:18:03.156+02:00  INFO 327323 --- [           main] b.w.c.s.WebApplicationContextInitializer : Root WebApplicationContext: initialization completed in 119 ms
2026-10-06T20:18:03.194+02:00  INFO 327323 --- [           main] com.zaxxer.hikari.HikariDataSource       : HikariPool-18 - Starting...
2026-10-06T20:18:03.216+02:00  INFO 327323 --- [           main] com.zaxxer.hikari.pool.HikariPool        : HikariPool-18 - Added connection org.postgresql.jdbc.PgConnection@10be5d15
2026-10-06T20:18:03.216+02:00  INFO 327323 --- [           main] com.zaxxer.hikari.HikariDataSource       : HikariPool-18 - Start completed.
2026-10-06T20:18:03.217+02:00  INFO 327323 --- [           main] org.flywaydb.core.FlywayExecutor         : Database: jdbc:postgresql://localhost:38917/reg_327323_36 (PostgreSQL 16.15)
2026-10-06T20:18:03.232+02:00  INFO 327323 --- [           main] o.f.c.i.s.JdbcTableSchemaHistory         : Schema history table "public"."flyway_schema_history" does not exist yet
2026-10-06T20:18:03.233+02:00  INFO 327323 --- [           main] o.f.core.internal.command.DbValidate     : Successfully validated 0 migrations (execution time 00:00.003s)
2026-10-06T20:18:03.233+02:00  WARN 327323 --- [           main] o.f.core.internal.command.DbValidate     : No migrations found. Are your locations set up correctly?
2026-10-06T20:18:03.244+02:00  INFO 327323 --- [           main] o.f.c.i.s.JdbcTableSchemaHistory         : Creating Schema History table "public"."flyway_schema_history" ...
2026-10-06T20:18:03.275+02:00  INFO 327323 --- [           main] o.f.core.internal.command.DbMigrate      : Current version of schema "public": << Empty Schema >>
2026-10-06T20:18:03.276+02:00  INFO 327323 --- [           main] o.f.core.internal.command.DbMigrate      : Schema "public" is up to date. No migration necessary.
2026-10-06T20:18:03.285+02:00  INFO 327323 --- [           main] org.hibernate.orm.jpa                    : HHH008540: Processing PersistenceUnitInfo [name: default]
2026-10-06T20:18:03.305+02:00  INFO 327323 --- [           main] o.s.o.j.p.SpringPersistenceUnitInfo      : No LoadTimeWeaver setup: ignoring JPA class transformer
2026-10-06T20:18:03.314+02:00  INFO 327323 --- [           main] org.hibernate.orm.connections.pooling    : HHH10001005: Database info:
	Database JDBC URL [jdbc:postgresql://localhost:38917/reg_327323_36]
	Database driver: PostgreSQL JDBC Driver
	Database dialect: PostgreSQLDialect
	Database version: 16.15
	Default catalog/schema: reg_327323_36/public
	Autocommit mode: undefined/unknown
	Isolation level: READ_COMMITTED [default READ_COMMITTED]
	JDBC fetch size: none
	Pool: DataSourceConnectionProvider
	Minimum pool size: undefined/unknown
	Maximum pool size: undefined/unknown
2026-10-06T20:18:03.330+02:00  INFO 327323 --- [           main] org.hibernate.orm.core                   : HHH000489: No JTA platform available (set 'hibernate.transaction.jta.platform' to enable JTA platform integration)
2026-10-06T20:18:03.330+02:00  INFO 327323 --- [           main] j.LocalContainerEntityManagerFactoryBean : Initialized JPA EntityManagerFactory for persistence unit 'default'
2026-10-06T20:18:03.340+02:00  WARN 327323 --- [           main] JpaBaseConfiguration$JpaWebConfiguration : spring.jpa.open-in-view is enabled by default. Therefore, database queries may be performed during view rendering. Explicitly configure spring.jpa.open-in-view to disable this warning
2026-10-06T20:18:03.446+02:00  WARN 327323 --- [           main] .s.a.UserDetailsServiceAutoConfiguration : 

Using generated security password: 63791563-5e0d-4157-9bd3-e6af6ff0c341

This generated password is for development use only. Your security configuration must be updated before running your application in production.

2026-10-06T20:18:03.453+02:00  INFO 327323 --- [           main] r$InitializeUserDetailsManagerConfigurer : Global AuthenticationManager configured with UserDetailsService bean with name inMemoryUserDetailsManager
2026-10-06T20:18:03.471+02:00  INFO 327323 --- [           main] o.s.b.a.e.web.EndpointLinksResolver      : Exposing 1 endpoint beneath base path '/actuator'
2026-10-06T20:18:03.489+02:00  INFO 327323 --- [           main] o.s.boot.tomcat.TomcatWebServer          : Tomcat started on port 40847 (http) with context path '/'
2026-10-06T20:18:03.491+02:00  INFO 327323 --- [           main] o.a.maven.surefire.booter.ForkedBooter   : Started ForkedBooter in 0.464 seconds (process running for 24.218)
2026-10-06T20:18:03.497+02:00  INFO 327323 --- [-auto-18-exec-1] o.a.c.c.C.[Tomcat].[localhost].[/]       : Initializing Spring DispatcherServlet 'dispatcherServlet'
2026-10-06T20:18:03.497+02:00  INFO 327323 --- [-auto-18-exec-1] o.s.web.servlet.DispatcherServlet        : Initializing Servlet 'dispatcherServlet'
2026-10-06T20:18:03.498+02:00  INFO 327323 --- [-auto-18-exec-1] o.s.web.servlet.DispatcherServlet        : Completed initialization in 1 ms
2026-10-06T20:18:03.522+02:00  INFO 327323 --- [           main] o.s.boot.tomcat.GracefulShutdown         : Commencing graceful shutdown. Waiting for active requests to complete
2026-10-06T20:18:03.522+02:00  INFO 327323 --- [tomcat-shutdown] o.s.boot.tomcat.GracefulShutdown         : Graceful shutdown complete
2026-10-06T20:18:03.524+02:00  INFO 327323 --- [           main] j.LocalContainerEntityManagerFactoryBean : Closing JPA EntityManagerFactory for persistence unit 'default'
2026-10-06T20:18:03.524+02:00  INFO 327323 --- [           main] com.zaxxer.hikari.HikariDataSource       : HikariPool-18 - Shutdown initiated...
2026-10-06T20:18:03.530+02:00  INFO 327323 --- [           main] com.zaxxer.hikari.HikariDataSource       : HikariPool-18 - Shutdown completed.
[ERROR] Tests run: 4, Failures: 4, Errors: 0, Skipped: 0, Time elapsed: 0.558 s <<< FAILURE! -- in si.konferenca.registration.acceptance.AntiAutomationAcceptanceTest
[ERROR] si.konferenca.registration.acceptance.AntiAutomationAcceptanceTest.AC_001_14_testModeTokenIsNotAcceptedWhenTestModeIsOff -- Time elapsed: 0.012 s <<< FAILURE!
org.opentest4j.AssertionFailedError: 

expected: 400
 but was: 401
	at si.konferenca.registration.acceptance.AntiAutomationAcceptanceTest.AC_001_14_testModeTokenIsNotAcceptedWhenTestModeIsOff(AntiAutomationAcceptanceTest.java:99)

[ERROR] si.konferenca.registration.acceptance.AntiAutomationAcceptanceTest.AC_001_14_tokenRejectedByVerificationServiceIsRejectedAndNothingStored -- Time elapsed: 0.005 s <<< FAILURE!
org.opentest4j.AssertionFailedError: 

expected: 400
 but was: 401
	at si.konferenca.registration.acceptance.AntiAutomationAcceptanceTest.AC_001_14_tokenRejectedByVerificationServiceIsRejectedAndNothingStored(AntiAutomationAcceptanceTest.java:76)

[ERROR] si.konferenca.registration.acceptance.AntiAutomationAcceptanceTest.AC_001_14_tokenConfirmedByVerificationServiceIsAccepted -- Time elapsed: 0.004 s <<< FAILURE!
org.opentest4j.AssertionFailedError: 

expected: 201
 but was: 401
	at si.konferenca.registration.acceptance.AntiAutomationAcceptanceTest.AC_001_14_tokenConfirmedByVerificationServiceIsAccepted(AntiAutomationAcceptanceTest.java:88)

[ERROR] si.konferenca.registration.acceptance.AntiAutomationAcceptanceTest.AC_001_14_formSetupOffersSiteKeyAndNoTestMode -- Time elapsed: 0.005 s <<< FAILURE!
org.opentest4j.AssertionFailedError: 

expected: 200
 but was: 401
	at si.konferenca.registration.acceptance.AntiAutomationAcceptanceTest.AC_001_14_formSetupOffersSiteKeyAndNoTestMode(AntiAutomationAcceptanceTest.java:107)

[INFO] Running si.konferenca.registration.acceptance.RegistrationExportAcceptanceTest

  .   ____          _            __ _ _
 /\\ / ___'_ __ _ _(_)_ __  __ _ \ \ \ \
( ( )\___ | '_ | '_| | '_ \/ _` | \ \ \ \
 \\/  ___)| |_)| | | | | || (_| |  ) ) ) )
  '  |____| .__|_| |_|_| |_\__, | / / / /
 =========|_|==============|___/=/_/_/_/

 :: Spring Boot ::                (v4.1.1)

2026-10-06T20:18:03.592+02:00  INFO 327323 --- [           main] o.a.maven.surefire.booter.ForkedBooter   : Starting ForkedBooter v3.5.6 using Java 21.0.12.1 with PID 327323 (started by tjan-kazar in /home/tjan-kazar/storage/Work/lab/agentic_lab/agentic_lab/02_output/backend)
2026-10-06T20:18:03.592+02:00  INFO 327323 --- [           main] o.a.maven.surefire.booter.ForkedBooter   : The following 1 profile is active: "test"
2026-10-06T20:18:03.657+02:00  INFO 327323 --- [           main] .s.d.r.c.RepositoryConfigurationDelegate : Bootstrapping Spring Data JPA repositories in DEFAULT mode.
2026-10-06T20:18:03.658+02:00  INFO 327323 --- [           main] .s.d.r.c.RepositoryConfigurationDelegate : Finished Spring Data repository scanning in 0 ms. Found 0 JPA repository interfaces.
2026-10-06T20:18:03.704+02:00  INFO 327323 --- [           main] o.s.boot.tomcat.TomcatWebServer          : Tomcat initialized with port 0 (http)
2026-10-06T20:18:03.704+02:00  INFO 327323 --- [           main] o.apache.catalina.core.StandardService   : Starting service [Tomcat]
2026-10-06T20:18:03.704+02:00  INFO 327323 --- [           main] o.apache.catalina.core.StandardEngine    : Starting Servlet engine: [Apache Tomcat/11.0.26]
2026-10-06T20:18:03.712+02:00  INFO 327323 --- [           main] b.w.c.s.WebApplicationContextInitializer : Root WebApplicationContext: initialization completed in 119 ms
2026-10-06T20:18:03.749+02:00  INFO 327323 --- [           main] com.zaxxer.hikari.HikariDataSource       : HikariPool-19 - Starting...
2026-10-06T20:18:03.773+02:00  INFO 327323 --- [           main] com.zaxxer.hikari.pool.HikariPool        : HikariPool-19 - Added connection org.postgresql.jdbc.PgConnection@625c4d8f
2026-10-06T20:18:03.773+02:00  INFO 327323 --- [           main] com.zaxxer.hikari.HikariDataSource       : HikariPool-19 - Start completed.
2026-10-06T20:18:03.775+02:00  INFO 327323 --- [           main] org.flywaydb.core.FlywayExecutor         : Database: jdbc:postgresql://localhost:38917/reg_327323_38 (PostgreSQL 16.15)
2026-10-06T20:18:03.791+02:00  INFO 327323 --- [           main] o.f.c.i.s.JdbcTableSchemaHistory         : Schema history table "public"."flyway_schema_history" does not exist yet
2026-10-06T20:18:03.792+02:00  INFO 327323 --- [           main] o.f.core.internal.command.DbValidate     : Successfully validated 0 migrations (execution time 00:00.002s)
2026-10-06T20:18:03.792+02:00  WARN 327323 --- [           main] o.f.core.internal.command.DbValidate     : No migrations found. Are your locations set up correctly?
2026-10-06T20:18:03.802+02:00  INFO 327323 --- [           main] o.f.c.i.s.JdbcTableSchemaHistory         : Creating Schema History table "public"."flyway_schema_history" ...
2026-10-06T20:18:03.832+02:00  INFO 327323 --- [           main] o.f.core.internal.command.DbMigrate      : Current version of schema "public": << Empty Schema >>
2026-10-06T20:18:03.832+02:00  INFO 327323 --- [           main] o.f.core.internal.command.DbMigrate      : Schema "public" is up to date. No migration necessary.
2026-10-06T20:18:03.841+02:00  INFO 327323 --- [           main] org.hibernate.orm.jpa                    : HHH008540: Processing PersistenceUnitInfo [name: default]
2026-10-06T20:18:03.863+02:00  INFO 327323 --- [           main] o.s.o.j.p.SpringPersistenceUnitInfo      : No LoadTimeWeaver setup: ignoring JPA class transformer
2026-10-06T20:18:03.871+02:00  INFO 327323 --- [           main] org.hibernate.orm.connections.pooling    : HHH10001005: Database info:
	Database JDBC URL [jdbc:postgresql://localhost:38917/reg_327323_38]
	Database driver: PostgreSQL JDBC Driver
	Database dialect: PostgreSQLDialect
	Database version: 16.15
	Default catalog/schema: reg_327323_38/public
	Autocommit mode: undefined/unknown
	Isolation level: READ_COMMITTED [default READ_COMMITTED]
	JDBC fetch size: none
	Pool: DataSourceConnectionProvider
	Minimum pool size: undefined/unknown
	Maximum pool size: undefined/unknown
2026-10-06T20:18:03.884+02:00  INFO 327323 --- [           main] org.hibernate.orm.core                   : HHH000489: No JTA platform available (set 'hibernate.transaction.jta.platform' to enable JTA platform integration)
2026-10-06T20:18:03.885+02:00  INFO 327323 --- [           main] j.LocalContainerEntityManagerFactoryBean : Initialized JPA EntityManagerFactory for persistence unit 'default'
2026-10-06T20:18:03.892+02:00  WARN 327323 --- [           main] JpaBaseConfiguration$JpaWebConfiguration : spring.jpa.open-in-view is enabled by default. Therefore, database queries may be performed during view rendering. Explicitly configure spring.jpa.open-in-view to disable this warning
2026-10-06T20:18:03.967+02:00  WARN 327323 --- [           main] .s.a.UserDetailsServiceAutoConfiguration : 

Using generated security password: 29c2a13a-3198-492a-866a-3223064a6f76

This generated password is for development use only. Your security configuration must be updated before running your application in production.

2026-10-06T20:18:03.972+02:00  INFO 327323 --- [           main] r$InitializeUserDetailsManagerConfigurer : Global AuthenticationManager configured with UserDetailsService bean with name inMemoryUserDetailsManager
2026-10-06T20:18:03.991+02:00  INFO 327323 --- [           main] o.s.b.a.e.web.EndpointLinksResolver      : Exposing 1 endpoint beneath base path '/actuator'
2026-10-06T20:18:04.009+02:00  INFO 327323 --- [           main] o.s.boot.tomcat.TomcatWebServer          : Tomcat started on port 42805 (http) with context path '/'
2026-10-06T20:18:04.011+02:00  INFO 327323 --- [           main] o.a.maven.surefire.booter.ForkedBooter   : Started ForkedBooter in 0.429 seconds (process running for 24.737)
2026-10-06T20:18:04.018+02:00  INFO 327323 --- [-auto-19-exec-1] o.a.c.c.C.[Tomcat].[localhost].[/]       : Initializing Spring DispatcherServlet 'dispatcherServlet'
2026-10-06T20:18:04.018+02:00  INFO 327323 --- [-auto-19-exec-1] o.s.web.servlet.DispatcherServlet        : Initializing Servlet 'dispatcherServlet'
2026-10-06T20:18:04.019+02:00  INFO 327323 --- [-auto-19-exec-1] o.s.web.servlet.DispatcherServlet        : Completed initialization in 1 ms
2026-10-06T20:18:04.025+02:00  INFO 327323 --- [           main] o.s.boot.tomcat.GracefulShutdown         : Commencing graceful shutdown. Waiting for active requests to complete
2026-10-06T20:18:04.028+02:00  INFO 327323 --- [tomcat-shutdown] o.s.boot.tomcat.GracefulShutdown         : Graceful shutdown complete
2026-10-06T20:18:04.032+02:00  INFO 327323 --- [           main] j.LocalContainerEntityManagerFactoryBean : Closing JPA EntityManagerFactory for persistence unit 'default'
2026-10-06T20:18:04.032+02:00  INFO 327323 --- [           main] com.zaxxer.hikari.HikariDataSource       : HikariPool-19 - Shutdown initiated...
2026-10-06T20:18:04.069+02:00  INFO 327323 --- [           main] com.zaxxer.hikari.HikariDataSource       : HikariPool-19 - Shutdown completed.

  .   ____          _            __ _ _
 /\\ / ___'_ __ _ _(_)_ __  __ _ \ \ \ \
( ( )\___ | '_ | '_| | '_ \/ _` | \ \ \ \
 \\/  ___)| |_)| | | | | || (_| |  ) ) ) )
  '  |____| .__|_| |_|_| |_\__, | / / / /
 =========|_|==============|___/=/_/_/_/

 :: Spring Boot ::                (v4.1.1)

2026-10-06T20:18:04.128+02:00  INFO 327323 --- [           main] o.a.maven.surefire.booter.ForkedBooter   : Starting ForkedBooter v3.5.6 using Java 21.0.12.1 with PID 327323 (started by tjan-kazar in /home/tjan-kazar/storage/Work/lab/agentic_lab/agentic_lab/02_output/backend)
2026-10-06T20:18:04.128+02:00  INFO 327323 --- [           main] o.a.maven.surefire.booter.ForkedBooter   : The following 1 profile is active: "test"
2026-10-06T20:18:04.211+02:00  INFO 327323 --- [           main] .s.d.r.c.RepositoryConfigurationDelegate : Bootstrapping Spring Data JPA repositories in DEFAULT mode.
2026-10-06T20:18:04.212+02:00  INFO 327323 --- [           main] .s.d.r.c.RepositoryConfigurationDelegate : Finished Spring Data repository scanning in 0 ms. Found 0 JPA repository interfaces.
2026-10-06T20:18:04.294+02:00  INFO 327323 --- [           main] o.s.boot.tomcat.TomcatWebServer          : Tomcat initialized with port 0 (http)
2026-10-06T20:18:04.295+02:00  INFO 327323 --- [           main] o.apache.catalina.core.StandardService   : Starting service [Tomcat]
2026-10-06T20:18:04.295+02:00  INFO 327323 --- [           main] o.apache.catalina.core.StandardEngine    : Starting Servlet engine: [Apache Tomcat/11.0.26]
2026-10-06T20:18:04.303+02:00  INFO 327323 --- [           main] b.w.c.s.WebApplicationContextInitializer : Root WebApplicationContext: initialization completed in 174 ms
2026-10-06T20:18:04.344+02:00  INFO 327323 --- [           main] com.zaxxer.hikari.HikariDataSource       : HikariPool-20 - Starting...
2026-10-06T20:18:04.363+02:00  INFO 327323 --- [           main] com.zaxxer.hikari.pool.HikariPool        : HikariPool-20 - Added connection org.postgresql.jdbc.PgConnection@12e5e108
2026-10-06T20:18:04.363+02:00  INFO 327323 --- [           main] com.zaxxer.hikari.HikariDataSource       : HikariPool-20 - Start completed.
2026-10-06T20:18:04.365+02:00  INFO 327323 --- [           main] org.flywaydb.core.FlywayExecutor         : Database: jdbc:postgresql://localhost:38917/reg_327323_40 (PostgreSQL 16.15)
2026-10-06T20:18:04.377+02:00  INFO 327323 --- [           main] o.f.c.i.s.JdbcTableSchemaHistory         : Schema history table "public"."flyway_schema_history" does not exist yet
2026-10-06T20:18:04.377+02:00  INFO 327323 --- [           main] o.f.core.internal.command.DbValidate     : Successfully validated 0 migrations (execution time 00:00.002s)
2026-10-06T20:18:04.377+02:00  WARN 327323 --- [           main] o.f.core.internal.command.DbValidate     : No migrations found. Are your locations set up correctly?
2026-10-06T20:18:04.386+02:00  INFO 327323 --- [           main] o.f.c.i.s.JdbcTableSchemaHistory         : Creating Schema History table "public"."flyway_schema_history" ...
2026-10-06T20:18:04.413+02:00  INFO 327323 --- [           main] o.f.core.internal.command.DbMigrate      : Current version of schema "public": << Empty Schema >>
2026-10-06T20:18:04.413+02:00  INFO 327323 --- [           main] o.f.core.internal.command.DbMigrate      : Schema "public" is up to date. No migration necessary.
2026-10-06T20:18:04.422+02:00  INFO 327323 --- [           main] org.hibernate.orm.jpa                    : HHH008540: Processing PersistenceUnitInfo [name: default]
2026-10-06T20:18:04.436+02:00  INFO 327323 --- [           main] o.s.o.j.p.SpringPersistenceUnitInfo      : No LoadTimeWeaver setup: ignoring JPA class transformer
2026-10-06T20:18:04.444+02:00  INFO 327323 --- [           main] org.hibernate.orm.connections.pooling    : HHH10001005: Database info:
	Database JDBC URL [jdbc:postgresql://localhost:38917/reg_327323_40]
	Database driver: PostgreSQL JDBC Driver
	Database dialect: PostgreSQLDialect
	Database version: 16.15
	Default catalog/schema: reg_327323_40/public
	Autocommit mode: undefined/unknown
	Isolation level: READ_COMMITTED [default READ_COMMITTED]
	JDBC fetch size: none
	Pool: DataSourceConnectionProvider
	Minimum pool size: undefined/unknown
	Maximum pool size: undefined/unknown
2026-10-06T20:18:04.455+02:00  INFO 327323 --- [           main] org.hibernate.orm.core                   : HHH000489: No JTA platform available (set 'hibernate.transaction.jta.platform' to enable JTA platform integration)
2026-10-06T20:18:04.456+02:00  INFO 327323 --- [           main] j.LocalContainerEntityManagerFactoryBean : Initialized JPA EntityManagerFactory for persistence unit 'default'
2026-10-06T20:18:04.462+02:00  WARN 327323 --- [           main] JpaBaseConfiguration$JpaWebConfiguration : spring.jpa.open-in-view is enabled by default. Therefore, database queries may be performed during view rendering. Explicitly configure spring.jpa.open-in-view to disable this warning
2026-10-06T20:18:04.516+02:00  WARN 327323 --- [           main] .s.a.UserDetailsServiceAutoConfiguration : 

Using generated security password: dd083d30-ad24-430c-bd00-38a91b942575

This generated password is for development use only. Your security configuration must be updated before running your application in production.

2026-10-06T20:18:04.519+02:00  INFO 327323 --- [           main] r$InitializeUserDetailsManagerConfigurer : Global AuthenticationManager configured with UserDetailsService bean with name inMemoryUserDetailsManager
2026-10-06T20:18:04.533+02:00  INFO 327323 --- [           main] o.s.b.a.e.web.EndpointLinksResolver      : Exposing 1 endpoint beneath base path '/actuator'
2026-10-06T20:18:04.546+02:00  INFO 327323 --- [           main] o.s.boot.tomcat.TomcatWebServer          : Tomcat started on port 33267 (http) with context path '/'
2026-10-06T20:18:04.548+02:00  INFO 327323 --- [           main] o.a.maven.surefire.booter.ForkedBooter   : Started ForkedBooter in 0.43 seconds (process running for 25.274)
2026-10-06T20:18:04.550+02:00  INFO 327323 --- [-auto-20-exec-1] o.a.c.c.C.[Tomcat].[localhost].[/]       : Initializing Spring DispatcherServlet 'dispatcherServlet'
2026-10-06T20:18:04.550+02:00  INFO 327323 --- [-auto-20-exec-1] o.s.web.servlet.DispatcherServlet        : Initializing Servlet 'dispatcherServlet'
2026-10-06T20:18:04.551+02:00  INFO 327323 --- [-auto-20-exec-1] o.s.web.servlet.DispatcherServlet        : Completed initialization in 1 ms
2026-10-06T20:18:04.555+02:00  INFO 327323 --- [           main] o.s.boot.tomcat.GracefulShutdown         : Commencing graceful shutdown. Waiting for active requests to complete
2026-10-06T20:18:04.556+02:00  INFO 327323 --- [tomcat-shutdown] o.s.boot.tomcat.GracefulShutdown         : Graceful shutdown complete
2026-10-06T20:18:04.557+02:00  INFO 327323 --- [           main] j.LocalContainerEntityManagerFactoryBean : Closing JPA EntityManagerFactory for persistence unit 'default'
2026-10-06T20:18:04.558+02:00  INFO 327323 --- [           main] com.zaxxer.hikari.HikariDataSource       : HikariPool-20 - Shutdown initiated...
2026-10-06T20:18:04.588+02:00  INFO 327323 --- [           main] com.zaxxer.hikari.HikariDataSource       : HikariPool-20 - Shutdown completed.

  .   ____          _            __ _ _
 /\\ / ___'_ __ _ _(_)_ __  __ _ \ \ \ \
( ( )\___ | '_ | '_| | '_ \/ _` | \ \ \ \
 \\/  ___)| |_)| | | | | || (_| |  ) ) ) )
  '  |____| .__|_| |_|_| |_\__, | / / / /
 =========|_|==============|___/=/_/_/_/

 :: Spring Boot ::                (v4.1.1)

2026-10-06T20:18:04.641+02:00  INFO 327323 --- [           main] o.a.maven.surefire.booter.ForkedBooter   : Starting ForkedBooter v3.5.6 using Java 21.0.12.1 with PID 327323 (started by tjan-kazar in /home/tjan-kazar/storage/Work/lab/agentic_lab/agentic_lab/02_output/backend)
2026-10-06T20:18:04.641+02:00  INFO 327323 --- [           main] o.a.maven.surefire.booter.ForkedBooter   : The following 1 profile is active: "test"
2026-10-06T20:18:04.699+02:00  INFO 327323 --- [           main] .s.d.r.c.RepositoryConfigurationDelegate : Bootstrapping Spring Data JPA repositories in DEFAULT mode.
2026-10-06T20:18:04.701+02:00  INFO 327323 --- [           main] .s.d.r.c.RepositoryConfigurationDelegate : Finished Spring Data repository scanning in 0 ms. Found 0 JPA repository interfaces.
2026-10-06T20:18:04.742+02:00  INFO 327323 --- [           main] o.s.boot.tomcat.TomcatWebServer          : Tomcat initialized with port 0 (http)
2026-10-06T20:18:04.743+02:00  INFO 327323 --- [           main] o.apache.catalina.core.StandardService   : Starting service [Tomcat]
2026-10-06T20:18:04.743+02:00  INFO 327323 --- [           main] o.apache.catalina.core.StandardEngine    : Starting Servlet engine: [Apache Tomcat/11.0.26]
2026-10-06T20:18:04.750+02:00  INFO 327323 --- [           main] b.w.c.s.WebApplicationContextInitializer : Root WebApplicationContext: initialization completed in 109 ms
2026-10-06T20:18:04.794+02:00  INFO 327323 --- [           main] com.zaxxer.hikari.HikariDataSource       : HikariPool-21 - Starting...
2026-10-06T20:18:04.816+02:00  INFO 327323 --- [           main] com.zaxxer.hikari.pool.HikariPool        : HikariPool-21 - Added connection org.postgresql.jdbc.PgConnection@5867f849
2026-10-06T20:18:04.816+02:00  INFO 327323 --- [           main] com.zaxxer.hikari.HikariDataSource       : HikariPool-21 - Start completed.
2026-10-06T20:18:04.817+02:00  INFO 327323 --- [           main] org.flywaydb.core.FlywayExecutor         : Database: jdbc:postgresql://localhost:38917/reg_327323_42 (PostgreSQL 16.15)
2026-10-06T20:18:04.833+02:00  INFO 327323 --- [           main] o.f.c.i.s.JdbcTableSchemaHistory         : Schema history table "public"."flyway_schema_history" does not exist yet
2026-10-06T20:18:04.833+02:00  INFO 327323 --- [           main] o.f.core.internal.command.DbValidate     : Successfully validated 0 migrations (execution time 00:00.003s)
2026-10-06T20:18:04.833+02:00  WARN 327323 --- [           main] o.f.core.internal.command.DbValidate     : No migrations found. Are your locations set up correctly?
2026-10-06T20:18:04.844+02:00  INFO 327323 --- [           main] o.f.c.i.s.JdbcTableSchemaHistory         : Creating Schema History table "public"."flyway_schema_history" ...
2026-10-06T20:18:04.886+02:00  INFO 327323 --- [           main] o.f.core.internal.command.DbMigrate      : Current version of schema "public": << Empty Schema >>
2026-10-06T20:18:04.886+02:00  INFO 327323 --- [           main] o.f.core.internal.command.DbMigrate      : Schema "public" is up to date. No migration necessary.
2026-10-06T20:18:04.898+02:00  INFO 327323 --- [           main] org.hibernate.orm.jpa                    : HHH008540: Processing PersistenceUnitInfo [name: default]
2026-10-06T20:18:04.913+02:00  INFO 327323 --- [           main] o.s.o.j.p.SpringPersistenceUnitInfo      : No LoadTimeWeaver setup: ignoring JPA class transformer
2026-10-06T20:18:04.923+02:00  INFO 327323 --- [           main] org.hibernate.orm.connections.pooling    : HHH10001005: Database info:
	Database JDBC URL [jdbc:postgresql://localhost:38917/reg_327323_42]
	Database driver: PostgreSQL JDBC Driver
	Database dialect: PostgreSQLDialect
	Database version: 16.15
	Default catalog/schema: reg_327323_42/public
	Autocommit mode: undefined/unknown
	Isolation level: READ_COMMITTED [default READ_COMMITTED]
	JDBC fetch size: none
	Pool: DataSourceConnectionProvider
	Minimum pool size: undefined/unknown
	Maximum pool size: undefined/unknown
2026-10-06T20:18:04.934+02:00  INFO 327323 --- [           main] org.hibernate.orm.core                   : HHH000489: No JTA platform available (set 'hibernate.transaction.jta.platform' to enable JTA platform integration)
2026-10-06T20:18:04.935+02:00  INFO 327323 --- [           main] j.LocalContainerEntityManagerFactoryBean : Initialized JPA EntityManagerFactory for persistence unit 'default'
2026-10-06T20:18:04.941+02:00  WARN 327323 --- [           main] JpaBaseConfiguration$JpaWebConfiguration : spring.jpa.open-in-view is enabled by default. Therefore, database queries may be performed during view rendering. Explicitly configure spring.jpa.open-in-view to disable this warning
2026-10-06T20:18:04.994+02:00  WARN 327323 --- [           main] .s.a.UserDetailsServiceAutoConfiguration : 

Using generated security password: 185e54ee-4732-4447-b2a1-7f8236032088

This generated password is for development use only. Your security configuration must be updated before running your application in production.

2026-10-06T20:18:04.997+02:00  INFO 327323 --- [           main] r$InitializeUserDetailsManagerConfigurer : Global AuthenticationManager configured with UserDetailsService bean with name inMemoryUserDetailsManager
2026-10-06T20:18:05.014+02:00  INFO 327323 --- [           main] o.s.b.a.e.web.EndpointLinksResolver      : Exposing 1 endpoint beneath base path '/actuator'
2026-10-06T20:18:05.027+02:00  INFO 327323 --- [           main] o.s.boot.tomcat.TomcatWebServer          : Tomcat started on port 42009 (http) with context path '/'
2026-10-06T20:18:05.029+02:00  INFO 327323 --- [           main] o.a.maven.surefire.booter.ForkedBooter   : Started ForkedBooter in 0.396 seconds (process running for 25.755)
2026-10-06T20:18:05.031+02:00  INFO 327323 --- [-auto-21-exec-1] o.a.c.c.C.[Tomcat].[localhost].[/]       : Initializing Spring DispatcherServlet 'dispatcherServlet'
2026-10-06T20:18:05.031+02:00  INFO 327323 --- [-auto-21-exec-1] o.s.web.servlet.DispatcherServlet        : Initializing Servlet 'dispatcherServlet'
2026-10-06T20:18:05.032+02:00  INFO 327323 --- [-auto-21-exec-1] o.s.web.servlet.DispatcherServlet        : Completed initialization in 1 ms
2026-10-06T20:18:05.037+02:00  INFO 327323 --- [           main] o.s.boot.tomcat.GracefulShutdown         : Commencing graceful shutdown. Waiting for active requests to complete
2026-10-06T20:18:05.038+02:00  INFO 327323 --- [tomcat-shutdown] o.s.boot.tomcat.GracefulShutdown         : Graceful shutdown complete
2026-10-06T20:18:05.039+02:00  INFO 327323 --- [           main] j.LocalContainerEntityManagerFactoryBean : Closing JPA EntityManagerFactory for persistence unit 'default'
2026-10-06T20:18:05.039+02:00  INFO 327323 --- [           main] com.zaxxer.hikari.HikariDataSource       : HikariPool-21 - Shutdown initiated...
2026-10-06T20:18:05.043+02:00  INFO 327323 --- [           main] com.zaxxer.hikari.HikariDataSource       : HikariPool-21 - Shutdown completed.

  .   ____          _            __ _ _
 /\\ / ___'_ __ _ _(_)_ __  __ _ \ \ \ \
( ( )\___ | '_ | '_| | '_ \/ _` | \ \ \ \
 \\/  ___)| |_)| | | | | || (_| |  ) ) ) )
  '  |____| .__|_| |_|_| |_\__, | / / / /
 =========|_|==============|___/=/_/_/_/

 :: Spring Boot ::                (v4.1.1)

2026-10-06T20:18:05.093+02:00  INFO 327323 --- [           main] o.a.maven.surefire.booter.ForkedBooter   : Starting ForkedBooter v3.5.6 using Java 21.0.12.1 with PID 327323 (started by tjan-kazar in /home/tjan-kazar/storage/Work/lab/agentic_lab/agentic_lab/02_output/backend)
2026-10-06T20:18:05.093+02:00  INFO 327323 --- [           main] o.a.maven.surefire.booter.ForkedBooter   : The following 1 profile is active: "test"
2026-10-06T20:18:05.155+02:00  INFO 327323 --- [           main] .s.d.r.c.RepositoryConfigurationDelegate : Bootstrapping Spring Data JPA repositories in DEFAULT mode.
2026-10-06T20:18:05.156+02:00  INFO 327323 --- [           main] .s.d.r.c.RepositoryConfigurationDelegate : Finished Spring Data repository scanning in 0 ms. Found 0 JPA repository interfaces.
2026-10-06T20:18:05.203+02:00  INFO 327323 --- [           main] o.s.boot.tomcat.TomcatWebServer          : Tomcat initialized with port 0 (http)
2026-10-06T20:18:05.204+02:00  INFO 327323 --- [           main] o.apache.catalina.core.StandardService   : Starting service [Tomcat]
2026-10-06T20:18:05.204+02:00  INFO 327323 --- [           main] o.apache.catalina.core.StandardEngine    : Starting Servlet engine: [Apache Tomcat/11.0.26]
2026-10-06T20:18:05.211+02:00  INFO 327323 --- [           main] b.w.c.s.WebApplicationContextInitializer : Root WebApplicationContext: initialization completed in 117 ms
2026-10-06T20:18:05.245+02:00  INFO 327323 --- [           main] com.zaxxer.hikari.HikariDataSource       : HikariPool-22 - Starting...
2026-10-06T20:18:05.268+02:00  INFO 327323 --- [           main] com.zaxxer.hikari.pool.HikariPool        : HikariPool-22 - Added connection org.postgresql.jdbc.PgConnection@3ac9e68b
2026-10-06T20:18:05.269+02:00  INFO 327323 --- [           main] com.zaxxer.hikari.HikariDataSource       : HikariPool-22 - Start completed.
2026-10-06T20:18:05.270+02:00  INFO 327323 --- [           main] org.flywaydb.core.FlywayExecutor         : Database: jdbc:postgresql://localhost:38917/reg_327323_44 (PostgreSQL 16.15)
2026-10-06T20:18:05.283+02:00  INFO 327323 --- [           main] o.f.c.i.s.JdbcTableSchemaHistory         : Schema history table "public"."flyway_schema_history" does not exist yet
2026-10-06T20:18:05.284+02:00  INFO 327323 --- [           main] o.f.core.internal.command.DbValidate     : Successfully validated 0 migrations (execution time 00:00.002s)
2026-10-06T20:18:05.284+02:00  WARN 327323 --- [           main] o.f.core.internal.command.DbValidate     : No migrations found. Are your locations set up correctly?
2026-10-06T20:18:05.294+02:00  INFO 327323 --- [           main] o.f.c.i.s.JdbcTableSchemaHistory         : Creating Schema History table "public"."flyway_schema_history" ...
2026-10-06T20:18:05.322+02:00  INFO 327323 --- [           main] o.f.core.internal.command.DbMigrate      : Current version of schema "public": << Empty Schema >>
2026-10-06T20:18:05.322+02:00  INFO 327323 --- [           main] o.f.core.internal.command.DbMigrate      : Schema "public" is up to date. No migration necessary.
2026-10-06T20:18:05.330+02:00  INFO 327323 --- [           main] org.hibernate.orm.jpa                    : HHH008540: Processing PersistenceUnitInfo [name: default]
2026-10-06T20:18:05.344+02:00  INFO 327323 --- [           main] o.s.o.j.p.SpringPersistenceUnitInfo      : No LoadTimeWeaver setup: ignoring JPA class transformer
2026-10-06T20:18:05.350+02:00  INFO 327323 --- [           main] org.hibernate.orm.connections.pooling    : HHH10001005: Database info:
	Database JDBC URL [jdbc:postgresql://localhost:38917/reg_327323_44]
	Database driver: PostgreSQL JDBC Driver
	Database dialect: PostgreSQLDialect
	Database version: 16.15
	Default catalog/schema: reg_327323_44/public
	Autocommit mode: undefined/unknown
	Isolation level: READ_COMMITTED [default READ_COMMITTED]
	JDBC fetch size: none
	Pool: DataSourceConnectionProvider
	Minimum pool size: undefined/unknown
	Maximum pool size: undefined/unknown
2026-10-06T20:18:05.360+02:00  INFO 327323 --- [           main] org.hibernate.orm.core                   : HHH000489: No JTA platform available (set 'hibernate.transaction.jta.platform' to enable JTA platform integration)
2026-10-06T20:18:05.361+02:00  INFO 327323 --- [           main] j.LocalContainerEntityManagerFactoryBean : Initialized JPA EntityManagerFactory for persistence unit 'default'
2026-10-06T20:18:05.366+02:00  WARN 327323 --- [           main] JpaBaseConfiguration$JpaWebConfiguration : spring.jpa.open-in-view is enabled by default. Therefore, database queries may be performed during view rendering. Explicitly configure spring.jpa.open-in-view to disable this warning
2026-10-06T20:18:05.418+02:00  WARN 327323 --- [           main] .s.a.UserDetailsServiceAutoConfiguration : 

Using generated security password: 2397af1b-32fa-4314-af1a-74160a8e5958

This generated password is for development use only. Your security configuration must be updated before running your application in production.

2026-10-06T20:18:05.422+02:00  INFO 327323 --- [           main] r$InitializeUserDetailsManagerConfigurer : Global AuthenticationManager configured with UserDetailsService bean with name inMemoryUserDetailsManager
2026-10-06T20:18:05.437+02:00  INFO 327323 --- [           main] o.s.b.a.e.web.EndpointLinksResolver      : Exposing 1 endpoint beneath base path '/actuator'
2026-10-06T20:18:05.449+02:00  INFO 327323 --- [           main] o.s.boot.tomcat.TomcatWebServer          : Tomcat started on port 33057 (http) with context path '/'
2026-10-06T20:18:05.451+02:00  INFO 327323 --- [           main] o.a.maven.surefire.booter.ForkedBooter   : Started ForkedBooter in 0.366 seconds (process running for 26.177)
2026-10-06T20:18:05.453+02:00  INFO 327323 --- [-auto-22-exec-1] o.a.c.c.C.[Tomcat].[localhost].[/]       : Initializing Spring DispatcherServlet 'dispatcherServlet'
2026-10-06T20:18:05.453+02:00  INFO 327323 --- [-auto-22-exec-1] o.s.web.servlet.DispatcherServlet        : Initializing Servlet 'dispatcherServlet'
2026-10-06T20:18:05.454+02:00  INFO 327323 --- [-auto-22-exec-1] o.s.web.servlet.DispatcherServlet        : Completed initialization in 1 ms
2026-10-06T20:18:05.608+02:00  INFO 327323 --- [           main] o.s.boot.tomcat.GracefulShutdown         : Commencing graceful shutdown. Waiting for active requests to complete
2026-10-06T20:18:05.609+02:00  INFO 327323 --- [tomcat-shutdown] o.s.boot.tomcat.GracefulShutdown         : Graceful shutdown complete
2026-10-06T20:18:05.610+02:00  INFO 327323 --- [           main] j.LocalContainerEntityManagerFactoryBean : Closing JPA EntityManagerFactory for persistence unit 'default'
2026-10-06T20:18:05.610+02:00  INFO 327323 --- [           main] com.zaxxer.hikari.HikariDataSource       : HikariPool-22 - Shutdown initiated...
2026-10-06T20:18:05.620+02:00  INFO 327323 --- [           main] com.zaxxer.hikari.HikariDataSource       : HikariPool-22 - Shutdown completed.

  .   ____          _            __ _ _
 /\\ / ___'_ __ _ _(_)_ __  __ _ \ \ \ \
( ( )\___ | '_ | '_| | '_ \/ _` | \ \ \ \
 \\/  ___)| |_)| | | | | || (_| |  ) ) ) )
  '  |____| .__|_| |_|_| |_\__, | / / / /
 =========|_|==============|___/=/_/_/_/

 :: Spring Boot ::                (v4.1.1)

2026-10-06T20:18:05.667+02:00  INFO 327323 --- [           main] o.a.maven.surefire.booter.ForkedBooter   : Starting ForkedBooter v3.5.6 using Java 21.0.12.1 with PID 327323 (started by tjan-kazar in /home/tjan-kazar/storage/Work/lab/agentic_lab/agentic_lab/02_output/backend)
2026-10-06T20:18:05.667+02:00  INFO 327323 --- [           main] o.a.maven.surefire.booter.ForkedBooter   : The following 1 profile is active: "test"
2026-10-06T20:18:05.734+02:00  INFO 327323 --- [           main] .s.d.r.c.RepositoryConfigurationDelegate : Bootstrapping Spring Data JPA repositories in DEFAULT mode.
2026-10-06T20:18:05.736+02:00  INFO 327323 --- [           main] .s.d.r.c.RepositoryConfigurationDelegate : Finished Spring Data repository scanning in 0 ms. Found 0 JPA repository interfaces.
2026-10-06T20:18:05.785+02:00  INFO 327323 --- [           main] o.s.boot.tomcat.TomcatWebServer          : Tomcat initialized with port 0 (http)
2026-10-06T20:18:05.786+02:00  INFO 327323 --- [           main] o.apache.catalina.core.StandardService   : Starting service [Tomcat]
2026-10-06T20:18:05.786+02:00  INFO 327323 --- [           main] o.apache.catalina.core.StandardEngine    : Starting Servlet engine: [Apache Tomcat/11.0.26]
2026-10-06T20:18:05.796+02:00  INFO 327323 --- [           main] b.w.c.s.WebApplicationContextInitializer : Root WebApplicationContext: initialization completed in 128 ms
2026-10-06T20:18:05.836+02:00  INFO 327323 --- [           main] com.zaxxer.hikari.HikariDataSource       : HikariPool-23 - Starting...
2026-10-06T20:18:05.859+02:00  INFO 327323 --- [           main] com.zaxxer.hikari.pool.HikariPool        : HikariPool-23 - Added connection org.postgresql.jdbc.PgConnection@1506ea0f
2026-10-06T20:18:05.859+02:00  INFO 327323 --- [           main] com.zaxxer.hikari.HikariDataSource       : HikariPool-23 - Start completed.
2026-10-06T20:18:05.860+02:00  INFO 327323 --- [           main] org.flywaydb.core.FlywayExecutor         : Database: jdbc:postgresql://localhost:38917/reg_327323_46 (PostgreSQL 16.15)
2026-10-06T20:18:05.875+02:00  INFO 327323 --- [           main] o.f.c.i.s.JdbcTableSchemaHistory         : Schema history table "public"."flyway_schema_history" does not exist yet
2026-10-06T20:18:05.876+02:00  INFO 327323 --- [           main] o.f.core.internal.command.DbValidate     : Successfully validated 0 migrations (execution time 00:00.003s)
2026-10-06T20:18:05.876+02:00  WARN 327323 --- [           main] o.f.core.internal.command.DbValidate     : No migrations found. Are your locations set up correctly?
2026-10-06T20:18:05.886+02:00  INFO 327323 --- [           main] o.f.c.i.s.JdbcTableSchemaHistory         : Creating Schema History table "public"."flyway_schema_history" ...
2026-10-06T20:18:05.922+02:00  INFO 327323 --- [           main] o.f.core.internal.command.DbMigrate      : Current version of schema "public": << Empty Schema >>
2026-10-06T20:18:05.922+02:00  INFO 327323 --- [           main] o.f.core.internal.command.DbMigrate      : Schema "public" is up to date. No migration necessary.
2026-10-06T20:18:05.932+02:00  INFO 327323 --- [           main] org.hibernate.orm.jpa                    : HHH008540: Processing PersistenceUnitInfo [name: default]
2026-10-06T20:18:05.946+02:00  INFO 327323 --- [           main] o.s.o.j.p.SpringPersistenceUnitInfo      : No LoadTimeWeaver setup: ignoring JPA class transformer
2026-10-06T20:18:05.954+02:00  INFO 327323 --- [           main] org.hibernate.orm.connections.pooling    : HHH10001005: Database info:
	Database JDBC URL [jdbc:postgresql://localhost:38917/reg_327323_46]
	Database driver: PostgreSQL JDBC Driver
	Database dialect: PostgreSQLDialect
	Database version: 16.15
	Default catalog/schema: reg_327323_46/public
	Autocommit mode: undefined/unknown
	Isolation level: READ_COMMITTED [default READ_COMMITTED]
	JDBC fetch size: none
	Pool: DataSourceConnectionProvider
	Minimum pool size: undefined/unknown
	Maximum pool size: undefined/unknown
2026-10-06T20:18:05.966+02:00  INFO 327323 --- [           main] org.hibernate.orm.core                   : HHH000489: No JTA platform available (set 'hibernate.transaction.jta.platform' to enable JTA platform integration)
2026-10-06T20:18:05.967+02:00  INFO 327323 --- [           main] j.LocalContainerEntityManagerFactoryBean : Initialized JPA EntityManagerFactory for persistence unit 'default'
2026-10-06T20:18:05.974+02:00  WARN 327323 --- [           main] JpaBaseConfiguration$JpaWebConfiguration : spring.jpa.open-in-view is enabled by default. Therefore, database queries may be performed during view rendering. Explicitly configure spring.jpa.open-in-view to disable this warning
2026-10-06T20:18:06.032+02:00  WARN 327323 --- [           main] .s.a.UserDetailsServiceAutoConfiguration : 

Using generated security password: 73413ffa-5177-4d15-8692-abebfeecc2de

This generated password is for development use only. Your security configuration must be updated before running your application in production.

2026-10-06T20:18:06.037+02:00  INFO 327323 --- [           main] r$InitializeUserDetailsManagerConfigurer : Global AuthenticationManager configured with UserDetailsService bean with name inMemoryUserDetailsManager
2026-10-06T20:18:06.053+02:00  INFO 327323 --- [           main] o.s.b.a.e.web.EndpointLinksResolver      : Exposing 1 endpoint beneath base path '/actuator'
2026-10-06T20:18:06.067+02:00  INFO 327323 --- [           main] o.s.boot.tomcat.TomcatWebServer          : Tomcat started on port 38177 (http) with context path '/'
2026-10-06T20:18:06.069+02:00  INFO 327323 --- [           main] o.a.maven.surefire.booter.ForkedBooter   : Started ForkedBooter in 0.41 seconds (process running for 26.796)
2026-10-06T20:18:06.071+02:00  INFO 327323 --- [-auto-23-exec-1] o.a.c.c.C.[Tomcat].[localhost].[/]       : Initializing Spring DispatcherServlet 'dispatcherServlet'
2026-10-06T20:18:06.071+02:00  INFO 327323 --- [-auto-23-exec-1] o.s.web.servlet.DispatcherServlet        : Initializing Servlet 'dispatcherServlet'
2026-10-06T20:18:06.072+02:00  INFO 327323 --- [-auto-23-exec-1] o.s.web.servlet.DispatcherServlet        : Completed initialization in 1 ms
2026-10-06T20:18:06.076+02:00  INFO 327323 --- [           main] o.s.boot.tomcat.GracefulShutdown         : Commencing graceful shutdown. Waiting for active requests to complete
2026-10-06T20:18:06.077+02:00  INFO 327323 --- [tomcat-shutdown] o.s.boot.tomcat.GracefulShutdown         : Graceful shutdown complete
2026-10-06T20:18:06.078+02:00  INFO 327323 --- [           main] j.LocalContainerEntityManagerFactoryBean : Closing JPA EntityManagerFactory for persistence unit 'default'
2026-10-06T20:18:06.078+02:00  INFO 327323 --- [           main] com.zaxxer.hikari.HikariDataSource       : HikariPool-23 - Shutdown initiated...
2026-10-06T20:18:06.086+02:00  INFO 327323 --- [           main] com.zaxxer.hikari.HikariDataSource       : HikariPool-23 - Shutdown completed.

  .   ____          _            __ _ _
 /\\ / ___'_ __ _ _(_)_ __  __ _ \ \ \ \
( ( )\___ | '_ | '_| | '_ \/ _` | \ \ \ \
 \\/  ___)| |_)| | | | | || (_| |  ) ) ) )
  '  |____| .__|_| |_|_| |_\__, | / / / /
 =========|_|==============|___/=/_/_/_/

 :: Spring Boot ::                (v4.1.1)

2026-10-06T20:18:06.134+02:00  INFO 327323 --- [           main] o.a.maven.surefire.booter.ForkedBooter   : Starting ForkedBooter v3.5.6 using Java 21.0.12.1 with PID 327323 (started by tjan-kazar in /home/tjan-kazar/storage/Work/lab/agentic_lab/agentic_lab/02_output/backend)
2026-10-06T20:18:06.134+02:00  INFO 327323 --- [           main] o.a.maven.surefire.booter.ForkedBooter   : The following 1 profile is active: "test"
2026-10-06T20:18:06.195+02:00  INFO 327323 --- [           main] .s.d.r.c.RepositoryConfigurationDelegate : Bootstrapping Spring Data JPA repositories in DEFAULT mode.
2026-10-06T20:18:06.196+02:00  INFO 327323 --- [           main] .s.d.r.c.RepositoryConfigurationDelegate : Finished Spring Data repository scanning in 0 ms. Found 0 JPA repository interfaces.
2026-10-06T20:18:06.237+02:00  INFO 327323 --- [           main] o.s.boot.tomcat.TomcatWebServer          : Tomcat initialized with port 0 (http)
2026-10-06T20:18:06.238+02:00  INFO 327323 --- [           main] o.apache.catalina.core.StandardService   : Starting service [Tomcat]
2026-10-06T20:18:06.238+02:00  INFO 327323 --- [           main] o.apache.catalina.core.StandardEngine    : Starting Servlet engine: [Apache Tomcat/11.0.26]
2026-10-06T20:18:06.245+02:00  INFO 327323 --- [           main] b.w.c.s.WebApplicationContextInitializer : Root WebApplicationContext: initialization completed in 110 ms
2026-10-06T20:18:06.289+02:00  INFO 327323 --- [           main] com.zaxxer.hikari.HikariDataSource       : HikariPool-24 - Starting...
2026-10-06T20:18:06.316+02:00  INFO 327323 --- [           main] com.zaxxer.hikari.pool.HikariPool        : HikariPool-24 - Added connection org.postgresql.jdbc.PgConnection@3744469d
2026-10-06T20:18:06.317+02:00  INFO 327323 --- [           main] com.zaxxer.hikari.HikariDataSource       : HikariPool-24 - Start completed.
2026-10-06T20:18:06.318+02:00  INFO 327323 --- [           main] org.flywaydb.core.FlywayExecutor         : Database: jdbc:postgresql://localhost:38917/reg_327323_48 (PostgreSQL 16.15)
2026-10-06T20:18:06.335+02:00  INFO 327323 --- [           main] o.f.c.i.s.JdbcTableSchemaHistory         : Schema history table "public"."flyway_schema_history" does not exist yet
2026-10-06T20:18:06.335+02:00  INFO 327323 --- [           main] o.f.core.internal.command.DbValidate     : Successfully validated 0 migrations (execution time 00:00.003s)
2026-10-06T20:18:06.336+02:00  WARN 327323 --- [           main] o.f.core.internal.command.DbValidate     : No migrations found. Are your locations set up correctly?
2026-10-06T20:18:06.348+02:00  INFO 327323 --- [           main] o.f.c.i.s.JdbcTableSchemaHistory         : Creating Schema History table "public"."flyway_schema_history" ...
2026-10-06T20:18:06.391+02:00  INFO 327323 --- [           main] o.f.core.internal.command.DbMigrate      : Current version of schema "public": << Empty Schema >>
2026-10-06T20:18:06.392+02:00  INFO 327323 --- [           main] o.f.core.internal.command.DbMigrate      : Schema "public" is up to date. No migration necessary.
2026-10-06T20:18:06.404+02:00  INFO 327323 --- [           main] org.hibernate.orm.jpa                    : HHH008540: Processing PersistenceUnitInfo [name: default]
2026-10-06T20:18:06.418+02:00  INFO 327323 --- [           main] o.s.o.j.p.SpringPersistenceUnitInfo      : No LoadTimeWeaver setup: ignoring JPA class transformer
2026-10-06T20:18:06.428+02:00  INFO 327323 --- [           main] org.hibernate.orm.connections.pooling    : HHH10001005: Database info:
	Database JDBC URL [jdbc:postgresql://localhost:38917/reg_327323_48]
	Database driver: PostgreSQL JDBC Driver
	Database dialect: PostgreSQLDialect
	Database version: 16.15
	Default catalog/schema: reg_327323_48/public
	Autocommit mode: undefined/unknown
	Isolation level: READ_COMMITTED [default READ_COMMITTED]
	JDBC fetch size: none
	Pool: DataSourceConnectionProvider
	Minimum pool size: undefined/unknown
	Maximum pool size: undefined/unknown
2026-10-06T20:18:06.440+02:00  INFO 327323 --- [           main] org.hibernate.orm.core                   : HHH000489: No JTA platform available (set 'hibernate.transaction.jta.platform' to enable JTA platform integration)
2026-10-06T20:18:06.440+02:00  INFO 327323 --- [           main] j.LocalContainerEntityManagerFactoryBean : Initialized JPA EntityManagerFactory for persistence unit 'default'
2026-10-06T20:18:06.447+02:00  WARN 327323 --- [           main] JpaBaseConfiguration$JpaWebConfiguration : spring.jpa.open-in-view is enabled by default. Therefore, database queries may be performed during view rendering. Explicitly configure spring.jpa.open-in-view to disable this warning
2026-10-06T20:18:06.508+02:00  WARN 327323 --- [           main] .s.a.UserDetailsServiceAutoConfiguration : 

Using generated security password: 2aeeae0d-6c39-45fc-b7e7-7f17185ea351

This generated password is for development use only. Your security configuration must be updated before running your application in production.

2026-10-06T20:18:06.513+02:00  INFO 327323 --- [           main] r$InitializeUserDetailsManagerConfigurer : Global AuthenticationManager configured with UserDetailsService bean with name inMemoryUserDetailsManager
2026-10-06T20:18:06.528+02:00  INFO 327323 --- [           main] o.s.b.a.e.web.EndpointLinksResolver      : Exposing 1 endpoint beneath base path '/actuator'
2026-10-06T20:18:06.540+02:00  INFO 327323 --- [           main] o.s.boot.tomcat.TomcatWebServer          : Tomcat started on port 42887 (http) with context path '/'
2026-10-06T20:18:06.542+02:00  INFO 327323 --- [           main] o.a.maven.surefire.booter.ForkedBooter   : Started ForkedBooter in 0.416 seconds (process running for 27.268)
2026-10-06T20:18:06.544+02:00  INFO 327323 --- [-auto-24-exec-1] o.a.c.c.C.[Tomcat].[localhost].[/]       : Initializing Spring DispatcherServlet 'dispatcherServlet'
2026-10-06T20:18:06.544+02:00  INFO 327323 --- [-auto-24-exec-1] o.s.web.servlet.DispatcherServlet        : Initializing Servlet 'dispatcherServlet'
2026-10-06T20:18:06.545+02:00  INFO 327323 --- [-auto-24-exec-1] o.s.web.servlet.DispatcherServlet        : Completed initialization in 1 ms
2026-10-06T20:18:06.553+02:00  INFO 327323 --- [           main] o.s.boot.tomcat.GracefulShutdown         : Commencing graceful shutdown. Waiting for active requests to complete
2026-10-06T20:18:06.554+02:00  INFO 327323 --- [tomcat-shutdown] o.s.boot.tomcat.GracefulShutdown         : Graceful shutdown complete
2026-10-06T20:18:06.555+02:00  INFO 327323 --- [           main] j.LocalContainerEntityManagerFactoryBean : Closing JPA EntityManagerFactory for persistence unit 'default'
2026-10-06T20:18:06.556+02:00  INFO 327323 --- [           main] com.zaxxer.hikari.HikariDataSource       : HikariPool-24 - Shutdown initiated...
2026-10-06T20:18:06.594+02:00  INFO 327323 --- [           main] com.zaxxer.hikari.HikariDataSource       : HikariPool-24 - Shutdown completed.
[ERROR] Tests run: 6, Failures: 6, Errors: 0, Skipped: 0, Time elapsed: 3.061 s <<< FAILURE! -- in si.konferenca.registration.acceptance.RegistrationExportAcceptanceTest
[ERROR] si.konferenca.registration.acceptance.RegistrationExportAcceptanceTest.AC_008_06_formulaLikeValuesAreTextNotFormulas -- Time elapsed: 0.536 s <<< FAILURE!
org.opentest4j.AssertionFailedError: 

expected: 201
 but was: 401
	at si.konferenca.registration.acceptance.RegistrationExportAcceptanceTest.AC_008_06_formulaLikeValuesAreTextNotFormulas(RegistrationExportAcceptanceTest.java:127)

[ERROR] si.konferenca.registration.acceptance.RegistrationExportAcceptanceTest.AC_008_03_exportWithWrongCredentialsIsRefused -- Time elapsed: 0.518 s <<< FAILURE!
org.opentest4j.AssertionFailedError: 

expected: 201
 but was: 401
	at si.konferenca.registration.acceptance.RegistrationExportAcceptanceTest.AC_008_03_exportWithWrongCredentialsIsRefused(RegistrationExportAcceptanceTest.java:81)

[ERROR] si.konferenca.registration.acceptance.RegistrationExportAcceptanceTest.AC_008_05_slovenianCharactersAreUnchangedInExport -- Time elapsed: 0.454 s <<< FAILURE!
org.opentest4j.AssertionFailedError: 

expected: 201
 but was: 401
	at si.konferenca.registration.acceptance.RegistrationExportAcceptanceTest.AC_008_05_slovenianCharactersAreUnchangedInExport(RegistrationExportAcceptanceTest.java:111)

[ERROR] si.konferenca.registration.acceptance.RegistrationExportAcceptanceTest.AC_008_04_emptyExportHasOnlyHeaderRow -- Time elapsed: 0.575 s <<< FAILURE!
org.opentest4j.AssertionFailedError: 

expected: 200
 but was: 401
	at si.konferenca.registration.acceptance.RegistrationExportAcceptanceTest.AC_008_04_emptyExportHasOnlyHeaderRow(RegistrationExportAcceptanceTest.java:97)

[ERROR] si.konferenca.registration.acceptance.RegistrationExportAcceptanceTest.AC_008_02_exportWithoutCredentialsIsRefused -- Time elapsed: 0.467 s <<< FAILURE!
org.opentest4j.AssertionFailedError: 

expected: 201
 but was: 401
	at si.konferenca.registration.acceptance.RegistrationExportAcceptanceTest.AC_008_02_exportWithoutCredentialsIsRefused(RegistrationExportAcceptanceTest.java:69)

[ERROR] si.konferenca.registration.acceptance.RegistrationExportAcceptanceTest.AC_008_01_organizerExportsOneRowPerRegistrationWithAllData -- Time elapsed: 0.507 s <<< FAILURE!
org.opentest4j.AssertionFailedError: 

expected: 201
 but was: 401
	at si.konferenca.registration.acceptance.RegistrationExportAcceptanceTest.AC_008_01_organizerExportsOneRowPerRegistrationWithAllData(RegistrationExportAcceptanceTest.java:37)

[INFO] 
[INFO] Results:
[INFO] 
[ERROR] Failures: 
[ERROR]   AntiAutomationAcceptanceTest.AC_001_14_formSetupOffersSiteKeyAndNoTestMode:107 
expected: 200
 but was: 401
[ERROR]   AntiAutomationAcceptanceTest.AC_001_14_testModeTokenIsNotAcceptedWhenTestModeIsOff:99 
expected: 400
 but was: 401
[ERROR]   AntiAutomationAcceptanceTest.AC_001_14_tokenConfirmedByVerificationServiceIsAccepted:88 
expected: 201
 but was: 401
[ERROR]   AntiAutomationAcceptanceTest.AC_001_14_tokenRejectedByVerificationServiceIsRejectedAndNothingStored:76 
expected: 400
 but was: 401
[ERROR]   ConfigurableOptionsAcceptanceTest.AC_003_01_optionAddedToConfigurationIsOfferedAfterRestart:63 
Expecting actual:
  []
to contain exactly (and in same order):
  ["ws-ai"]
but could not find the following elements:
  ["ws-ai"]

[ERROR]   ConfigurableOptionsAcceptanceTest.AC_003_02_optionMarkedInactiveIsNoLongerOfferedAndIsRejected:92 
Expecting ListN:
  []
to contain:
  ["meal-lunch"]
but could not find the following element(s):
  ["meal-lunch"]

[ERROR]   ConfigurableOptionsAcceptanceTest.AC_003_03_changedOptionsDoNotChangeParticipantFields:121 
expected: 201
 but was: 401
[ERROR]   ConfigurableOptionsAcceptanceTest.AC_003_04_duplicateIdentifierStopsStartupWithConfigurationError:150 
Expecting actual not to be null
[ERROR]   ConfigurableOptionsAcceptanceTest.AC_003_04_missingDisplayNameStopsStartupWithConfigurationError:160 
Expecting actual not to be null
[ERROR]   ConfigurableOptionsAcceptanceTest.AC_003_04_unknownCategoryStopsStartupWithConfigurationError:138 
Expecting actual not to be null
[ERROR]   ExternalRegistrationAcceptanceTest.AC_001_01_validExternalRegistrationIsAccepted:46 
expected: 201
 but was: 401
[ERROR]   ExternalRegistrationAcceptanceTest.AC_001_02_emptyRequiredFieldIsRejectedAndIdentified:63->assertRejectedAndNothingStored:35 
expected: 400
 but was: 401
[ERROR]   ExternalRegistrationAcceptanceTest.AC_001_02_emptyRequiredFieldIsRejectedAndIdentified:63->assertRejectedAndNothingStored:35 
expected: 400
 but was: 401
[ERROR]   ExternalRegistrationAcceptanceTest.AC_001_02_emptyRequiredFieldIsRejectedAndIdentified:63->assertRejectedAndNothingStored:35 
expected: 400
 but was: 401
[ERROR]   ExternalRegistrationAcceptanceTest.AC_001_02_emptyRequiredFieldIsRejectedAndIdentified:63->assertRejectedAndNothingStored:35 
expected: 400
 but was: 401
[ERROR]   ExternalRegistrationAcceptanceTest.AC_001_02_missingRequiredFieldIsRejectedAndIdentified:75 
expected: 400
 but was: 401
[ERROR]   ExternalRegistrationAcceptanceTest.AC_001_02_missingRequiredFieldIsRejectedAndIdentified:75 
expected: 400
 but was: 401
[ERROR]   ExternalRegistrationAcceptanceTest.AC_001_02_missingRequiredFieldIsRejectedAndIdentified:75 
expected: 400
 but was: 401
[ERROR]   ExternalRegistrationAcceptanceTest.AC_001_02_missingRequiredFieldIsRejectedAndIdentified:75 
expected: 400
 but was: 401
[ERROR]   ExternalRegistrationAcceptanceTest.AC_001_03_whitespaceOnlyFieldIncludingNoBreakSpaceIsRejected:88->assertRejectedAndNothingStored:35 
expected: 400
 but was: 401
[ERROR]   ExternalRegistrationAcceptanceTest.AC_001_03_whitespaceOnlyFieldIncludingNoBreakSpaceIsRejected:88->assertRejectedAndNothingStored:35 
expected: 400
 but was: 401
[ERROR]   ExternalRegistrationAcceptanceTest.AC_001_03_whitespaceOnlyFieldIncludingNoBreakSpaceIsRejected:88->assertRejectedAndNothingStored:35 
expected: 400
 but was: 401
[ERROR]   ExternalRegistrationAcceptanceTest.AC_001_03_whitespaceOnlyFieldIncludingNoBreakSpaceIsRejected:88->assertRejectedAndNothingStored:35 
expected: 400
 but was: 401
[ERROR]   ExternalRegistrationAcceptanceTest.AC_001_03_whitespaceOnlyFirstNameIsRejected:98->assertRejectedAndNothingStored:35 
expected: 400
 but was: 401
[ERROR]   ExternalRegistrationAcceptanceTest.AC_001_04_leadingAndTrailingWhitespaceIsNotStored:113 
expected: 201
 but was: 401
[ERROR]   ExternalRegistrationAcceptanceTest.AC_001_05_invalidEmailIsRejected:129 
expected: 400
 but was: 401
[ERROR]   ExternalRegistrationAcceptanceTest.AC_001_05_invalidEmailIsRejected:129 
expected: 400
 but was: 401
[ERROR]   ExternalRegistrationAcceptanceTest.AC_001_05_invalidEmailIsRejected:129 
expected: 400
 but was: 401
[ERROR]   ExternalRegistrationAcceptanceTest.AC_001_05_invalidEmailIsRejected:129 
expected: 400
 but was: 401
[ERROR]   ExternalRegistrationAcceptanceTest.AC_001_05_invalidEmailIsRejected:129 
expected: 400
 but was: 401
[ERROR]   ExternalRegistrationAcceptanceTest.AC_001_05_invalidEmailIsRejected:129 
expected: 400
 but was: 401
[ERROR]   ExternalRegistrationAcceptanceTest.AC_001_06_slovenianCharactersAreAcceptedAndStoredUnchanged:143 
expected: 201
 but was: 401
[ERROR]   ExternalRegistrationAcceptanceTest.AC_001_07_inactiveOptionIsRejectedAndNothingStored:157->assertRejectedAndNothingStored:35 
expected: 400
 but was: 401
[ERROR]   ExternalRegistrationAcceptanceTest.AC_001_08_unknownOptionIsRejectedAndNothingStored:167->assertRejectedAndNothingStored:35 
expected: 400
 but was: 401
[ERROR]   ExternalRegistrationAcceptanceTest.AC_001_09_missingConsentIsRejectedAndIdentified:177->assertRejectedAndNothingStored:35 
expected: 400
 but was: 401
[ERROR]   ExternalRegistrationAcceptanceTest.AC_001_10_consentWordingIsOfferedToTheForm:185 
expected: 200
 but was: 401
[ERROR]   ExternalRegistrationAcceptanceTest.AC_001_11_onlyActiveOptionsAreOfferedWithCategoryAndName:196 
expected: 200
 but was: 401
[ERROR]   ExternalRegistrationAcceptanceTest.AC_001_12_registrationWithoutOptionsIsAccepted:220 
expected: 201
 but was: 401
[ERROR]   ExternalRegistrationAcceptanceTest.AC_001_13_severalOptionsOfOneCategoryAreAccepted:232 
expected: 201
 but was: 401
[ERROR]   ExternalRegistrationAcceptanceTest.AC_001_14_failedAntiAutomationCheckIsRejectedAndNothingStored:244->assertRejectedAndNothingStored:35 
expected: 400
 but was: 401
[ERROR]   ExternalRegistrationAcceptanceTest.AC_001_14_missingAntiAutomationTokenIsRejectedAndNothingStored:254 
expected: 400
 but was: 401
[ERROR]   ExternalRegistrationAcceptanceTest.AC_001_15_secondRegistrationWithSameEmailIsRejected:262 
expected: 201
 but was: 401
[ERROR]   OrganizerNotificationAcceptanceTest.AC_007_01_everyOrganizerReceivesDataWithJsonIdenticalToCopy:75 
expected: 201
 but was: 401
[ERROR]   OrganizerNotificationAcceptanceTest.AC_007_02_rejectedRegistrationSendsNoOrganizerEmail:107 
expected: 400
 but was: 401
[ERROR]   OrganizerNotificationAcceptanceTest.AC_007_03_markupCharactersAppearAsText:128 
expected: 201
 but was: 401
[ERROR]   ParticipantEmailAcceptanceTest.AC_006_01_participantReceivesConfirmationWithNameAndOptions:43 
expected: 201
 but was: 401
[ERROR]   ParticipantEmailAcceptanceTest.AC_006_02_rejectedRegistrationSendsNoEmail:62 
expected: 400
 but was: 401
[ERROR]   ParticipantEmailAcceptanceTest.AC_006_03_unavailableMailServerDoesNotPreventAcceptance:83 
expected: 201
 but was: 401
[ERROR]   RegistrationConfirmationAcceptanceTest.AC_004_01_acceptedRegistrationReturnsConfirmationData:49 
expected: 201
 but was: 401
[ERROR]   RegistrationConfirmationAcceptanceTest.AC_004_02_rejectedRegistrationReturnsFieldErrorsAndNoConfirmation:62 
expected: 400
 but was: 401
[ERROR]   RegistrationConfirmationAcceptanceTest.AC_004_03_malformedRequestGivesGeneralErrorWithoutInternals:75 
expected: 400
 but was: 401
[ERROR]   RegistrationConfirmationAcceptanceTest.AC_004_03_oversizedRequestIsRefusedWithoutInternals:94 
expected: 413
 but was: 401
[ERROR]   RegistrationConfirmationAcceptanceTest.AC_004_03_unknownPropertyGivesGeneralErrorWithoutInternals:85 
expected: 400
 but was: 401
[ERROR]   RegistrationExportAcceptanceTest.AC_008_01_organizerExportsOneRowPerRegistrationWithAllData:37 
expected: 201
 but was: 401
[ERROR]   RegistrationExportAcceptanceTest.AC_008_02_exportWithoutCredentialsIsRefused:69 
expected: 201
 but was: 401
[ERROR]   RegistrationExportAcceptanceTest.AC_008_03_exportWithWrongCredentialsIsRefused:81 
expected: 201
 but was: 401
[ERROR]   RegistrationExportAcceptanceTest.AC_008_04_emptyExportHasOnlyHeaderRow:97 
expected: 200
 but was: 401
[ERROR]   RegistrationExportAcceptanceTest.AC_008_05_slovenianCharactersAreUnchangedInExport:111 
expected: 201
 but was: 401
[ERROR]   RegistrationExportAcceptanceTest.AC_008_06_formulaLikeValuesAreTextNotFormulas:127 
expected: 201
 but was: 401
[ERROR]   RegistrationStorageAcceptanceTest.AC_005_01_acceptedRegistrationIsStoredWithAllData:46 
expected: 201
 but was: 401
[ERROR]   RegistrationStorageAcceptanceTest.AC_005_02_acceptedRegistrationHasRawJsonCopy:81 
expected: 201
 but was: 401
[ERROR]   RegistrationStorageAcceptanceTest.AC_005_03_unwritableJsonCopyMeansNotAcceptedAndNothingRemains:121 
expected: 503
 but was: 401
[ERROR]   RegistrationStorageAcceptanceTest.AC_005_04_databaseFailureMeansNotAcceptedAndNoEmail:152 
expected: 503
 but was: 401
[ERROR]   RegistrationStorageAcceptanceTest.AC_005_05_registrationsAndCopiesSurviveRestart:174 
expected: 201
 but was: 401
[ERROR]   StudentRegistrationAcceptanceTest.AC_002_01_validStudentRegistrationIsAcceptedAsStudent:39 
expected: 201
 but was: 401
[ERROR]   StudentRegistrationAcceptanceTest.AC_002_02_emptyRequiredStudentFieldIsRejectedAndIdentified:65 
expected: 400
 but was: 401
[ERROR]   StudentRegistrationAcceptanceTest.AC_002_02_emptyRequiredStudentFieldIsRejectedAndIdentified:65 
expected: 400
 but was: 401
[ERROR]   StudentRegistrationAcceptanceTest.AC_002_02_emptyRequiredStudentFieldIsRejectedAndIdentified:65 
expected: 400
 but was: 401
[ERROR]   StudentRegistrationAcceptanceTest.AC_002_02_emptyRequiredStudentFieldIsRejectedAndIdentified:65 
expected: 400
 but was: 401
[ERROR]   StudentRegistrationAcceptanceTest.AC_002_02_emptyRequiredStudentFieldIsRejectedAndIdentified:65 
expected: 400
 but was: 401
[ERROR]   StudentRegistrationAcceptanceTest.AC_002_02_emptyRequiredStudentFieldIsRejectedAndIdentified:65 
expected: 400
 but was: 401
[ERROR]   StudentRegistrationAcceptanceTest.AC_002_03_whitespaceOnlyStudentFieldIsRejected:77 
expected: 400
 but was: 401
[ERROR]   StudentRegistrationAcceptanceTest.AC_002_03_whitespaceOnlyStudentFieldIsRejected:77 
expected: 400
 but was: 401
[ERROR]   StudentRegistrationAcceptanceTest.AC_002_04_invalidStudentEmailIsRejected:88 
expected: 400
 but was: 401
[ERROR]   StudentRegistrationAcceptanceTest.AC_002_05_optionNotOfferedToStudentsIsRejectedAndNothingStored:99 
expected: 400
 but was: 401
[ERROR]   StudentRegistrationAcceptanceTest.AC_002_06_optionNotOfferedToStudentsIsMarkedSoForTheForm:108 
expected: 200
 but was: 401
[ERROR]   StudentRegistrationAcceptanceTest.AC_002_07_inactiveOptionIsRejectedForStudents:135 
expected: 400
 but was: 401
[ERROR]   StudentRegistrationAcceptanceTest.AC_002_08_studentRegistrationWithoutConsentIsRejected:146 
expected: 400
 but was: 401
[ERROR]   StudentRegistrationAcceptanceTest.AC_002_09_externalFieldIsNotAllowedForStudents:157 
expected: 400
 but was: 401
[INFO] 
[ERROR] Tests run: 79, Failures: 79, Errors: 0, Skipped: 0
[INFO] 
[INFO] ------------------------------------------------------------------------
[INFO] BUILD FAILURE
[INFO] ------------------------------------------------------------------------
[INFO] Total time:  31.330 s
[INFO] Finished at: 2026-10-06T20:18:07+02:00
[INFO] ------------------------------------------------------------------------
[ERROR] Failed to execute goal org.apache.maven.plugins:maven-surefire-plugin:3.5.6:test (default-test) on project registration-backend: There are test failures.
[ERROR] 
[ERROR] See /home/tjan-kazar/storage/Work/lab/agentic_lab/agentic_lab/02_output/backend/target/surefire-reports for the individual test results.
[ERROR] See dump files (if any exist) [date].dump, [date]-jvmRun[N].dump and [date].dumpstream.
[ERROR] -> [Help 1]
[ERROR] 
[ERROR] To see the full stack trace of the errors, re-run Maven with the -e switch.
[ERROR] Re-run Maven using the -X switch to enable full debug logging.
[ERROR] 
[ERROR] For more information about the errors and possible solutions, please read the following articles:
[ERROR] [Help 1] http://cwiki.apache.org/confluence/display/MAVEN/MojoFailureException
