[INFO] Scanning for projects...
[INFO] 
[INFO] -----------------< si.konferenca:registration-backend >-----------------
[INFO] Building registration-backend 1.0.0
[INFO]   from pom.xml
[INFO] --------------------------------[ jar ]---------------------------------
[INFO] 
[INFO] --- jacoco:0.8.12:prepare-agent (prepare-agent) @ registration-backend ---
[INFO] Skipping JaCoCo execution because property jacoco.skip is set.
[INFO] argLine set to empty
[INFO] 
[INFO] --- resources:3.5.0:resources (default-resources) @ registration-backend ---
[INFO] Copying 3 resources from src/main/resources to target/classes
[INFO] Copying 2 resources from src/main/resources to target/classes
[INFO] 
[INFO] --- compiler:3.15.0:compile (default-compile) @ registration-backend ---
[INFO] Nothing to compile - all classes are up to date.
[INFO] 
[INFO] --- resources:3.5.0:testResources (default-testResources) @ registration-backend ---
[INFO] Copying 1 resource from src/test/resources to target/test-classes
[INFO] 
[INFO] --- compiler:3.15.0:testCompile (default-testCompile) @ registration-backend ---
[INFO] Nothing to compile - all classes are up to date.
[INFO] 
[INFO] --- surefire:3.5.6:test (default-test) @ registration-backend ---
[INFO] Using auto detected provider org.apache.maven.surefire.junitplatform.JUnitPlatformProvider
[INFO] 
[INFO] -------------------------------------------------------
[INFO]  T E S T S
[INFO] -------------------------------------------------------
[INFO] Running si.konferenca.registration.acceptance.ParticipantEmailAcceptanceTest
20:30:21.956 [main] INFO org.testcontainers.images.PullPolicy -- Image pull policy will be performed by: DefaultPullPolicy()
20:30:21.960 [main] INFO org.testcontainers.utility.ImageNameSubstitutor -- Image name substitution will be performed by: DefaultImageNameSubstitutor (composite of 'ConfigurationFileImageNameSubstitutor' and 'PrefixingImageNameSubstitutor')
20:30:21.989 [main] INFO org.testcontainers.DockerClientFactory -- Testcontainers version: 2.0.5
20:30:22.667 [main] INFO org.testcontainers.dockerclient.DockerClientProviderStrategy -- Found Docker environment with Docker accessed via Unix socket (/home/tjan-kazar/.docker/desktop/docker.sock)
20:30:22.668 [main] INFO org.testcontainers.DockerClientFactory -- Docker host IP address is localhost
20:30:22.684 [main] INFO org.testcontainers.DockerClientFactory -- Connected to docker: 
  Server Version: 29.3.1
  API Version: 1.54
  Operating System: Docker Desktop
  Total Memory: 31283 MB
  Labels: 
    com.docker.desktop.address=unix:///home/tjan-kazar/.docker/desktop/docker-cli.sock
20:30:22.987 [main] INFO tc.testcontainers/ryuk:0.14.0 -- Creating container for image: testcontainers/ryuk:0.14.0
20:30:23.148 [main] INFO tc.testcontainers/ryuk:0.14.0 -- Container testcontainers/ryuk:0.14.0 is starting: 532b233887791e96679b1ed92197b7eff467e20e3e9b87b32d93a039b7f22c7a
20:30:23.625 [main] INFO tc.testcontainers/ryuk:0.14.0 -- Container testcontainers/ryuk:0.14.0 started in PT0.638125734S
20:30:23.631 [main] INFO org.testcontainers.utility.RyukResourceReaper -- Ryuk started - will monitor and terminate Testcontainers containers on JVM exit
20:30:23.631 [main] INFO org.testcontainers.DockerClientFactory -- Checking the system...
20:30:23.632 [main] INFO org.testcontainers.DockerClientFactory -- ✔︎ Docker server version should be at least 1.6.0
20:30:23.633 [main] INFO tc.postgres:16.15-alpine -- Creating container for image: postgres:16.15-alpine
20:30:23.742 [main] INFO tc.postgres:16.15-alpine -- Container postgres:16.15-alpine is starting: 55808191ff7af59f482e5732bd39c1de721c9c712587f8c1ca10d9b5f9dcde86
20:30:25.814 [main] INFO tc.postgres:16.15-alpine -- Container postgres:16.15-alpine started in PT2.180927246S
20:30:25.814 [main] INFO tc.postgres:16.15-alpine -- Container is started (JDBC URL: jdbc:postgresql://localhost:42797/test?loggerLevel=OFF)
20:30:25.815 [main] INFO tc.axllent/mailpit:v1.31.1 -- Creating container for image: axllent/mailpit:v1.31.1
20:30:25.895 [main] INFO tc.axllent/mailpit:v1.31.1 -- Container axllent/mailpit:v1.31.1 is starting: f1c49f76d281e96eca7b985bd0fb2a8597792bd1b4739398b1160840673a8f22
20:30:26.281 [main] INFO org.testcontainers.containers.wait.strategy.HttpWaitStrategy -- /heuristic_gates: Waiting for 60 seconds for URL: http://localhost:42229/api/v1/messages (where port 42229 maps to container port 8025)
20:30:26.294 [main] INFO tc.axllent/mailpit:v1.31.1 -- Container axllent/mailpit:v1.31.1 started in PT0.479210582S
2026-10-06T20:30:27.135+02:00  INFO 337982 --- [registration-backend] [           main] o.a.maven.surefire.booter.ForkedBooter   : Starting ForkedBooter v3.5.6 using Java 21.0.12.1 with PID 337982 (started by tjan-kazar in /home/tjan-kazar/storage/Work/lab/agentic_lab/agentic_lab/02_output/backend)
2026-10-06T20:30:27.136+02:00  INFO 337982 --- [registration-backend] [           main] o.a.maven.surefire.booter.ForkedBooter   : The following 1 profile is active: "test"
2026-10-06T20:30:27.826+02:00  INFO 337982 --- [registration-backend] [           main] .s.d.r.c.RepositoryConfigurationDelegate : Bootstrapping Spring Data JPA repositories in DEFAULT mode.
2026-10-06T20:30:27.877+02:00  INFO 337982 --- [registration-backend] [           main] .s.d.r.c.RepositoryConfigurationDelegate : Finished Spring Data repository scanning in 43 ms. Found 1 JPA repository interface.
2026-10-06T20:30:28.503+02:00  INFO 337982 --- [registration-backend] [           main] o.s.boot.tomcat.TomcatWebServer          : Tomcat initialized with port 0 (http)
2026-10-06T20:30:28.517+02:00  INFO 337982 --- [registration-backend] [           main] o.apache.catalina.core.StandardService   : Starting service [Tomcat]
2026-10-06T20:30:28.518+02:00  INFO 337982 --- [registration-backend] [           main] o.apache.catalina.core.StandardEngine    : Starting Servlet engine: [Apache Tomcat/11.0.26]
2026-10-06T20:30:28.556+02:00  INFO 337982 --- [registration-backend] [           main] b.w.c.s.WebApplicationContextInitializer : Root WebApplicationContext: initialization completed in 1390 ms
2026-10-06T20:30:28.928+02:00  INFO 337982 --- [registration-backend] [           main] com.zaxxer.hikari.HikariDataSource       : HikariPool-1 - Starting...
2026-10-06T20:30:29.005+02:00  INFO 337982 --- [registration-backend] [           main] com.zaxxer.hikari.pool.HikariPool        : HikariPool-1 - Added connection org.postgresql.jdbc.PgConnection@14b9817b
2026-10-06T20:30:29.007+02:00  INFO 337982 --- [registration-backend] [           main] com.zaxxer.hikari.HikariDataSource       : HikariPool-1 - Start completed.
2026-10-06T20:30:29.027+02:00  INFO 337982 --- [registration-backend] [           main] org.flywaydb.core.FlywayExecutor         : Database: jdbc:postgresql://localhost:42797/reg_337982_2 (PostgreSQL 16.15)
2026-10-06T20:30:29.076+02:00  INFO 337982 --- [registration-backend] [           main] o.f.c.i.s.JdbcTableSchemaHistory         : Schema history table "public"."flyway_schema_history" does not exist yet
2026-10-06T20:30:29.079+02:00  INFO 337982 --- [registration-backend] [           main] o.f.core.internal.command.DbValidate     : Successfully validated 1 migration (execution time 00:00.014s)
2026-10-06T20:30:29.096+02:00  INFO 337982 --- [registration-backend] [           main] o.f.c.i.s.JdbcTableSchemaHistory         : Creating Schema History table "public"."flyway_schema_history" ...
2026-10-06T20:30:29.148+02:00  INFO 337982 --- [registration-backend] [           main] o.f.core.internal.command.DbMigrate      : Current version of schema "public": << Empty Schema >>
2026-10-06T20:30:29.163+02:00  INFO 337982 --- [registration-backend] [           main] o.f.core.internal.command.DbMigrate      : Migrating schema "public" to version "1 - create registration"
2026-10-06T20:30:29.204+02:00  INFO 337982 --- [registration-backend] [           main] o.f.core.internal.command.DbMigrate      : Successfully applied 1 migration to schema "public", now at version v1 (execution time 00:00.025s)
2026-10-06T20:30:29.298+02:00  INFO 337982 --- [registration-backend] [           main] org.hibernate.orm.jpa                    : HHH008540: Processing PersistenceUnitInfo [name: default]
2026-10-06T20:30:29.344+02:00  INFO 337982 --- [registration-backend] [           main] org.hibernate.orm.core                   : HHH000001: Hibernate ORM core version 7.4.5.Final
2026-10-06T20:30:29.691+02:00  INFO 337982 --- [registration-backend] [           main] o.s.o.j.p.SpringPersistenceUnitInfo      : No LoadTimeWeaver setup: ignoring JPA class transformer
2026-10-06T20:30:29.757+02:00  INFO 337982 --- [registration-backend] [           main] org.hibernate.orm.connections.pooling    : HHH10001005: Database info:
	Database JDBC URL [jdbc:postgresql://localhost:42797/reg_337982_2]
	Database driver: PostgreSQL JDBC Driver
	Database dialect: PostgreSQLDialect
	Database version: 16.15
	Default catalog/schema: reg_337982_2/public
	Autocommit mode: undefined/unknown
	Isolation level: READ_COMMITTED [default READ_COMMITTED]
	JDBC fetch size: none
	Pool: DataSourceConnectionProvider
	Minimum pool size: undefined/unknown
	Maximum pool size: undefined/unknown
2026-10-06T20:30:30.444+02:00  INFO 337982 --- [registration-backend] [           main] org.hibernate.orm.core                   : HHH000489: No JTA platform available (set 'hibernate.transaction.jta.platform' to enable JTA platform integration)
2026-10-06T20:30:30.486+02:00  INFO 337982 --- [registration-backend] [           main] j.LocalContainerEntityManagerFactoryBean : Initialized JPA EntityManagerFactory for persistence unit 'default'
2026-10-06T20:30:30.557+02:00  INFO 337982 --- [registration-backend] [           main] o.s.d.j.r.query.QueryEnhancerFactories   : Hibernate is in classpath; If applicable, HQL parser will be used.
2026-10-06T20:30:30.931+02:00  INFO 337982 --- [registration-backend] [           main] r$InitializeUserDetailsManagerConfigurer : Global AuthenticationManager configured with UserDetailsService bean with name organizers
2026-10-06T20:30:31.379+02:00  INFO 337982 --- [registration-backend] [           main] o.s.b.a.e.web.EndpointLinksResolver      : Exposing 1 endpoint beneath base path '/actuator'
2026-10-06T20:30:31.458+02:00  INFO 337982 --- [registration-backend] [           main] o.s.boot.tomcat.TomcatWebServer          : Tomcat started on port 40263 (http) with context path '/'
2026-10-06T20:30:31.468+02:00  INFO 337982 --- [registration-backend] [           main] o.a.maven.surefire.booter.ForkedBooter   : Started ForkedBooter in 4.684 seconds (process running for 10.391)
2026-10-06T20:30:31.633+02:00  INFO 337982 --- [registration-backend] [           main] o.a.maven.surefire.booter.ForkedBooter   : Starting ForkedBooter v3.5.6 using Java 21.0.12.1 with PID 337982 (started by tjan-kazar in /home/tjan-kazar/storage/Work/lab/agentic_lab/agentic_lab/02_output/backend)
2026-10-06T20:30:31.634+02:00  INFO 337982 --- [registration-backend] [           main] o.a.maven.surefire.booter.ForkedBooter   : The following 1 profile is active: "test"
2026-10-06T20:30:31.788+02:00  INFO 337982 --- [registration-backend] [           main] .s.d.r.c.RepositoryConfigurationDelegate : Bootstrapping Spring Data JPA repositories in DEFAULT mode.
2026-10-06T20:30:31.797+02:00  INFO 337982 --- [registration-backend] [           main] .s.d.r.c.RepositoryConfigurationDelegate : Finished Spring Data repository scanning in 7 ms. Found 1 JPA repository interface.
2026-10-06T20:30:31.892+02:00  INFO 337982 --- [registration-backend] [           main] o.s.boot.tomcat.TomcatWebServer          : Tomcat initialized with port 0 (http)
2026-10-06T20:30:31.893+02:00  INFO 337982 --- [registration-backend] [           main] o.apache.catalina.core.StandardService   : Starting service [Tomcat]
2026-10-06T20:30:31.894+02:00  INFO 337982 --- [registration-backend] [           main] o.apache.catalina.core.StandardEngine    : Starting Servlet engine: [Apache Tomcat/11.0.26]
2026-10-06T20:30:31.905+02:00  INFO 337982 --- [registration-backend] [           main] b.w.c.s.WebApplicationContextInitializer : Root WebApplicationContext: initialization completed in 269 ms
2026-10-06T20:30:31.972+02:00  INFO 337982 --- [registration-backend] [           main] com.zaxxer.hikari.HikariDataSource       : HikariPool-2 - Starting...
2026-10-06T20:30:31.997+02:00  INFO 337982 --- [registration-backend] [           main] com.zaxxer.hikari.pool.HikariPool        : HikariPool-2 - Added connection org.postgresql.jdbc.PgConnection@12e75177
2026-10-06T20:30:31.998+02:00  INFO 337982 --- [registration-backend] [           main] com.zaxxer.hikari.HikariDataSource       : HikariPool-2 - Start completed.
2026-10-06T20:30:32.000+02:00  INFO 337982 --- [registration-backend] [           main] org.flywaydb.core.FlywayExecutor         : Database: jdbc:postgresql://localhost:42797/reg_337982_4 (PostgreSQL 16.15)
2026-10-06T20:30:32.021+02:00  INFO 337982 --- [registration-backend] [           main] o.f.c.i.s.JdbcTableSchemaHistory         : Schema history table "public"."flyway_schema_history" does not exist yet
2026-10-06T20:30:32.022+02:00  INFO 337982 --- [registration-backend] [           main] o.f.core.internal.command.DbValidate     : Successfully validated 1 migration (execution time 00:00.005s)
2026-10-06T20:30:32.034+02:00  INFO 337982 --- [registration-backend] [           main] o.f.c.i.s.JdbcTableSchemaHistory         : Creating Schema History table "public"."flyway_schema_history" ...
2026-10-06T20:30:32.071+02:00  INFO 337982 --- [registration-backend] [           main] o.f.core.internal.command.DbMigrate      : Current version of schema "public": << Empty Schema >>
2026-10-06T20:30:32.078+02:00  INFO 337982 --- [registration-backend] [           main] o.f.core.internal.command.DbMigrate      : Migrating schema "public" to version "1 - create registration"
2026-10-06T20:30:32.106+02:00  INFO 337982 --- [registration-backend] [           main] o.f.core.internal.command.DbMigrate      : Successfully applied 1 migration to schema "public", now at version v1 (execution time 00:00.020s)
2026-10-06T20:30:32.121+02:00  INFO 337982 --- [registration-backend] [           main] org.hibernate.orm.jpa                    : HHH008540: Processing PersistenceUnitInfo [name: default]
2026-10-06T20:30:32.141+02:00  INFO 337982 --- [registration-backend] [           main] o.s.o.j.p.SpringPersistenceUnitInfo      : No LoadTimeWeaver setup: ignoring JPA class transformer
2026-10-06T20:30:32.149+02:00  INFO 337982 --- [registration-backend] [           main] org.hibernate.orm.connections.pooling    : HHH10001005: Database info:
	Database JDBC URL [jdbc:postgresql://localhost:42797/reg_337982_4]
	Database driver: PostgreSQL JDBC Driver
	Database dialect: PostgreSQLDialect
	Database version: 16.15
	Default catalog/schema: reg_337982_4/public
	Autocommit mode: undefined/unknown
	Isolation level: READ_COMMITTED [default READ_COMMITTED]
	JDBC fetch size: none
	Pool: DataSourceConnectionProvider
	Minimum pool size: undefined/unknown
	Maximum pool size: undefined/unknown
2026-10-06T20:30:32.190+02:00  INFO 337982 --- [registration-backend] [           main] org.hibernate.orm.core                   : HHH000489: No JTA platform available (set 'hibernate.transaction.jta.platform' to enable JTA platform integration)
2026-10-06T20:30:32.208+02:00  INFO 337982 --- [registration-backend] [           main] j.LocalContainerEntityManagerFactoryBean : Initialized JPA EntityManagerFactory for persistence unit 'default'
2026-10-06T20:30:32.359+02:00  INFO 337982 --- [registration-backend] [           main] r$InitializeUserDetailsManagerConfigurer : Global AuthenticationManager configured with UserDetailsService bean with name organizers
2026-10-06T20:30:32.464+02:00  INFO 337982 --- [registration-backend] [           main] o.s.b.a.e.web.EndpointLinksResolver      : Exposing 1 endpoint beneath base path '/actuator'
2026-10-06T20:30:32.478+02:00  INFO 337982 --- [registration-backend] [           main] o.s.boot.tomcat.TomcatWebServer          : Tomcat started on port 33333 (http) with context path '/'
2026-10-06T20:30:32.483+02:00  INFO 337982 --- [registration-backend] [           main] o.a.maven.surefire.booter.ForkedBooter   : Started ForkedBooter in 0.874 seconds (process running for 11.405)
2026-10-06T20:30:32.567+02:00  INFO 337982 --- [registration-backend] [o-auto-2-exec-1] o.a.c.c.C.[Tomcat-1].[localhost].[/]     : Initializing Spring DispatcherServlet 'dispatcherServlet'
2026-10-06T20:30:32.567+02:00  INFO 337982 --- [registration-backend] [o-auto-2-exec-1] o.s.web.servlet.DispatcherServlet        : Initializing Servlet 'dispatcherServlet'
2026-10-06T20:30:32.568+02:00  INFO 337982 --- [registration-backend] [o-auto-2-exec-1] o.s.web.servlet.DispatcherServlet        : Completed initialization in 1 ms
2026-10-06T20:30:33.047+02:00  INFO 337982 --- [registration-backend] [o-auto-2-exec-1] s.k.r.application.RegistrationService    : Registration dd37e6a0-9f05-4b6b-8717-aa56a95d288d accepted
2026-10-06T20:30:33.082+02:00 ERROR 337982 --- [registration-backend] [         mail-1] s.k.r.infrastructure.mail.SmtpNotifier   : Sending participant confirmation for registration dd37e6a0-9f05-4b6b-8717-aa56a95d288d failed: MailSendException
2026-10-06T20:30:33.082+02:00 ERROR 337982 --- [registration-backend] [         mail-2] s.k.r.infrastructure.mail.SmtpNotifier   : Sending organizer notification for registration dd37e6a0-9f05-4b6b-8717-aa56a95d288d failed: MailSendException
2026-10-06T20:30:33.151+02:00  INFO 337982 --- [registration-backend] [           main] o.s.boot.tomcat.GracefulShutdown         : Commencing graceful shutdown. Waiting for active requests to complete
2026-10-06T20:30:33.153+02:00  INFO 337982 --- [registration-backend] [tomcat-shutdown] o.s.boot.tomcat.GracefulShutdown         : Graceful shutdown complete
2026-10-06T20:30:33.158+02:00  INFO 337982 --- [registration-backend] [           main] j.LocalContainerEntityManagerFactoryBean : Closing JPA EntityManagerFactory for persistence unit 'default'
2026-10-06T20:30:33.161+02:00  INFO 337982 --- [registration-backend] [           main] com.zaxxer.hikari.HikariDataSource       : HikariPool-2 - Shutdown initiated...
2026-10-06T20:30:33.163+02:00  INFO 337982 --- [registration-backend] [           main] com.zaxxer.hikari.HikariDataSource       : HikariPool-2 - Shutdown completed.
2026-10-06T20:30:33.174+02:00  INFO 337982 --- [registration-backend] [           main] o.apache.catalina.core.StandardService   : Stopping service [Tomcat]
2026-10-06T20:30:33.175+02:00  INFO 337982 --- [registration-backend] [           main] o.a.c.c.C.[Tomcat-1].[localhost].[/]     : Destroying Spring FrameworkServlet 'dispatcherServlet'
2026-10-06T20:30:33.191+02:00  INFO 337982 --- [registration-backend] [o-auto-1-exec-1] o.a.c.c.C.[Tomcat].[localhost].[/]       : Initializing Spring DispatcherServlet 'dispatcherServlet'
2026-10-06T20:30:33.192+02:00  INFO 337982 --- [registration-backend] [o-auto-1-exec-1] o.s.web.servlet.DispatcherServlet        : Initializing Servlet 'dispatcherServlet'
2026-10-06T20:30:33.193+02:00  INFO 337982 --- [registration-backend] [o-auto-1-exec-1] o.s.web.servlet.DispatcherServlet        : Completed initialization in 1 ms
2026-10-06T20:30:36.261+02:00  INFO 337982 --- [registration-backend] [o-auto-1-exec-2] s.k.r.application.RegistrationService    : Registration e7753a50-0312-4a19-8c39-8a9965ca9252 accepted
2026-10-06T20:30:36.574+02:00  INFO 337982 --- [registration-backend] [           main] o.s.boot.tomcat.GracefulShutdown         : Commencing graceful shutdown. Waiting for active requests to complete
2026-10-06T20:30:36.576+02:00  INFO 337982 --- [registration-backend] [tomcat-shutdown] o.s.boot.tomcat.GracefulShutdown         : Graceful shutdown complete
2026-10-06T20:30:36.587+02:00  INFO 337982 --- [registration-backend] [           main] j.LocalContainerEntityManagerFactoryBean : Closing JPA EntityManagerFactory for persistence unit 'default'
2026-10-06T20:30:36.589+02:00  INFO 337982 --- [registration-backend] [           main] com.zaxxer.hikari.HikariDataSource       : HikariPool-1 - Shutdown initiated...
2026-10-06T20:30:36.591+02:00  INFO 337982 --- [registration-backend] [           main] com.zaxxer.hikari.HikariDataSource       : HikariPool-1 - Shutdown completed.
[INFO] Tests run: 3, Failures: 0, Errors: 0, Skipped: 0, Time elapsed: 14.70 s -- in si.konferenca.registration.acceptance.ParticipantEmailAcceptanceTest
[INFO] Running si.konferenca.registration.acceptance.RegistrationStorageAcceptanceTest
2026-10-06T20:30:36.687+02:00  INFO 337982 --- [registration-backend] [           main] o.a.maven.surefire.booter.ForkedBooter   : Starting ForkedBooter v3.5.6 using Java 21.0.12.1 with PID 337982 (started by tjan-kazar in /home/tjan-kazar/storage/Work/lab/agentic_lab/agentic_lab/02_output/backend)
2026-10-06T20:30:36.687+02:00  INFO 337982 --- [registration-backend] [           main] o.a.maven.surefire.booter.ForkedBooter   : The following 1 profile is active: "test"
2026-10-06T20:30:36.865+02:00  INFO 337982 --- [registration-backend] [           main] .s.d.r.c.RepositoryConfigurationDelegate : Bootstrapping Spring Data JPA repositories in DEFAULT mode.
2026-10-06T20:30:36.874+02:00  INFO 337982 --- [registration-backend] [           main] .s.d.r.c.RepositoryConfigurationDelegate : Finished Spring Data repository scanning in 6 ms. Found 1 JPA repository interface.
2026-10-06T20:30:36.946+02:00  INFO 337982 --- [registration-backend] [           main] o.s.boot.tomcat.TomcatWebServer          : Tomcat initialized with port 0 (http)
2026-10-06T20:30:36.947+02:00  INFO 337982 --- [registration-backend] [           main] o.apache.catalina.core.StandardService   : Starting service [Tomcat]
2026-10-06T20:30:36.947+02:00  INFO 337982 --- [registration-backend] [           main] o.apache.catalina.core.StandardEngine    : Starting Servlet engine: [Apache Tomcat/11.0.26]
2026-10-06T20:30:36.957+02:00  INFO 337982 --- [registration-backend] [           main] b.w.c.s.WebApplicationContextInitializer : Root WebApplicationContext: initialization completed in 268 ms
2026-10-06T20:30:37.016+02:00  INFO 337982 --- [registration-backend] [           main] com.zaxxer.hikari.HikariDataSource       : HikariPool-3 - Starting...
2026-10-06T20:30:37.037+02:00  INFO 337982 --- [registration-backend] [           main] com.zaxxer.hikari.pool.HikariPool        : HikariPool-3 - Added connection org.postgresql.jdbc.PgConnection@33bbedab
2026-10-06T20:30:37.037+02:00  INFO 337982 --- [registration-backend] [           main] com.zaxxer.hikari.HikariDataSource       : HikariPool-3 - Start completed.
2026-10-06T20:30:37.038+02:00  INFO 337982 --- [registration-backend] [           main] org.flywaydb.core.FlywayExecutor         : Database: jdbc:postgresql://localhost:42797/reg_337982_6 (PostgreSQL 16.15)
2026-10-06T20:30:37.056+02:00  INFO 337982 --- [registration-backend] [           main] o.f.c.i.s.JdbcTableSchemaHistory         : Schema history table "public"."flyway_schema_history" does not exist yet
2026-10-06T20:30:37.057+02:00  INFO 337982 --- [registration-backend] [           main] o.f.core.internal.command.DbValidate     : Successfully validated 1 migration (execution time 00:00.004s)
2026-10-06T20:30:37.068+02:00  INFO 337982 --- [registration-backend] [           main] o.f.c.i.s.JdbcTableSchemaHistory         : Creating Schema History table "public"."flyway_schema_history" ...
2026-10-06T20:30:37.098+02:00  INFO 337982 --- [registration-backend] [           main] o.f.core.internal.command.DbMigrate      : Current version of schema "public": << Empty Schema >>
2026-10-06T20:30:37.104+02:00  INFO 337982 --- [registration-backend] [           main] o.f.core.internal.command.DbMigrate      : Migrating schema "public" to version "1 - create registration"
2026-10-06T20:30:37.129+02:00  INFO 337982 --- [registration-backend] [           main] o.f.core.internal.command.DbMigrate      : Successfully applied 1 migration to schema "public", now at version v1 (execution time 00:00.019s)
2026-10-06T20:30:37.145+02:00  INFO 337982 --- [registration-backend] [           main] org.hibernate.orm.jpa                    : HHH008540: Processing PersistenceUnitInfo [name: default]
2026-10-06T20:30:37.163+02:00  INFO 337982 --- [registration-backend] [           main] o.s.o.j.p.SpringPersistenceUnitInfo      : No LoadTimeWeaver setup: ignoring JPA class transformer
2026-10-06T20:30:37.178+02:00  INFO 337982 --- [registration-backend] [           main] org.hibernate.orm.connections.pooling    : HHH10001005: Database info:
	Database JDBC URL [jdbc:postgresql://localhost:42797/reg_337982_6]
	Database driver: PostgreSQL JDBC Driver
	Database dialect: PostgreSQLDialect
	Database version: 16.15
	Default catalog/schema: reg_337982_6/public
	Autocommit mode: undefined/unknown
	Isolation level: READ_COMMITTED [default READ_COMMITTED]
	JDBC fetch size: none
	Pool: DataSourceConnectionProvider
	Minimum pool size: undefined/unknown
	Maximum pool size: undefined/unknown
2026-10-06T20:30:37.217+02:00  INFO 337982 --- [registration-backend] [           main] org.hibernate.orm.core                   : HHH000489: No JTA platform available (set 'hibernate.transaction.jta.platform' to enable JTA platform integration)
2026-10-06T20:30:37.235+02:00  INFO 337982 --- [registration-backend] [           main] j.LocalContainerEntityManagerFactoryBean : Initialized JPA EntityManagerFactory for persistence unit 'default'
2026-10-06T20:30:37.363+02:00  INFO 337982 --- [registration-backend] [           main] r$InitializeUserDetailsManagerConfigurer : Global AuthenticationManager configured with UserDetailsService bean with name organizers
2026-10-06T20:30:37.455+02:00  INFO 337982 --- [registration-backend] [           main] o.s.b.a.e.web.EndpointLinksResolver      : Exposing 1 endpoint beneath base path '/actuator'
2026-10-06T20:30:37.467+02:00  INFO 337982 --- [registration-backend] [           main] o.s.boot.tomcat.TomcatWebServer          : Tomcat started on port 41753 (http) with context path '/'
2026-10-06T20:30:37.470+02:00  INFO 337982 --- [registration-backend] [           main] o.a.maven.surefire.booter.ForkedBooter   : Started ForkedBooter in 0.807 seconds (process running for 16.393)
2026-10-06T20:30:37.473+02:00  INFO 337982 --- [registration-backend] [o-auto-3-exec-1] o.a.c.c.C.[Tomcat].[localhost].[/]       : Initializing Spring DispatcherServlet 'dispatcherServlet'
2026-10-06T20:30:37.473+02:00  INFO 337982 --- [registration-backend] [o-auto-3-exec-1] o.s.web.servlet.DispatcherServlet        : Initializing Servlet 'dispatcherServlet'
2026-10-06T20:30:37.474+02:00  INFO 337982 --- [registration-backend] [o-auto-3-exec-1] o.s.web.servlet.DispatcherServlet        : Completed initialization in 1 ms
2026-10-06T20:30:37.535+02:00  INFO 337982 --- [registration-backend] [o-auto-3-exec-1] s.k.r.application.RegistrationService    : Registration bf3cc7ea-46b9-4526-850e-5ac3aecc8998 accepted
2026-10-06T20:30:37.564+02:00  INFO 337982 --- [registration-backend] [           main] o.s.boot.tomcat.GracefulShutdown         : Commencing graceful shutdown. Waiting for active requests to complete
2026-10-06T20:30:37.565+02:00  INFO 337982 --- [registration-backend] [tomcat-shutdown] o.s.boot.tomcat.GracefulShutdown         : Graceful shutdown complete
2026-10-06T20:30:37.569+02:00  INFO 337982 --- [registration-backend] [           main] j.LocalContainerEntityManagerFactoryBean : Closing JPA EntityManagerFactory for persistence unit 'default'
2026-10-06T20:30:37.570+02:00  INFO 337982 --- [registration-backend] [           main] com.zaxxer.hikari.HikariDataSource       : HikariPool-3 - Shutdown initiated...
2026-10-06T20:30:37.571+02:00  INFO 337982 --- [registration-backend] [           main] com.zaxxer.hikari.HikariDataSource       : HikariPool-3 - Shutdown completed.
2026-10-06T20:30:37.654+02:00  INFO 337982 --- [registration-backend] [           main] o.a.maven.surefire.booter.ForkedBooter   : Starting ForkedBooter v3.5.6 using Java 21.0.12.1 with PID 337982 (started by tjan-kazar in /home/tjan-kazar/storage/Work/lab/agentic_lab/agentic_lab/02_output/backend)
2026-10-06T20:30:37.654+02:00  INFO 337982 --- [registration-backend] [           main] o.a.maven.surefire.booter.ForkedBooter   : The following 1 profile is active: "test"
2026-10-06T20:30:37.767+02:00  INFO 337982 --- [registration-backend] [           main] .s.d.r.c.RepositoryConfigurationDelegate : Bootstrapping Spring Data JPA repositories in DEFAULT mode.
2026-10-06T20:30:37.786+02:00  INFO 337982 --- [registration-backend] [           main] .s.d.r.c.RepositoryConfigurationDelegate : Finished Spring Data repository scanning in 7 ms. Found 1 JPA repository interface.
2026-10-06T20:30:37.860+02:00  INFO 337982 --- [registration-backend] [           main] o.s.boot.tomcat.TomcatWebServer          : Tomcat initialized with port 0 (http)
2026-10-06T20:30:37.861+02:00  INFO 337982 --- [registration-backend] [           main] o.apache.catalina.core.StandardService   : Starting service [Tomcat]
2026-10-06T20:30:37.862+02:00  INFO 337982 --- [registration-backend] [           main] o.apache.catalina.core.StandardEngine    : Starting Servlet engine: [Apache Tomcat/11.0.26]
2026-10-06T20:30:37.871+02:00  INFO 337982 --- [registration-backend] [           main] b.w.c.s.WebApplicationContextInitializer : Root WebApplicationContext: initialization completed in 215 ms
2026-10-06T20:30:37.923+02:00  INFO 337982 --- [registration-backend] [           main] com.zaxxer.hikari.HikariDataSource       : HikariPool-4 - Starting...
2026-10-06T20:30:37.947+02:00  INFO 337982 --- [registration-backend] [           main] com.zaxxer.hikari.pool.HikariPool        : HikariPool-4 - Added connection org.postgresql.jdbc.PgConnection@1229de5e
2026-10-06T20:30:37.948+02:00  INFO 337982 --- [registration-backend] [           main] com.zaxxer.hikari.HikariDataSource       : HikariPool-4 - Start completed.
2026-10-06T20:30:37.950+02:00  INFO 337982 --- [registration-backend] [           main] org.flywaydb.core.FlywayExecutor         : Database: jdbc:postgresql://localhost:42797/reg_337982_8 (PostgreSQL 16.15)
2026-10-06T20:30:37.970+02:00  INFO 337982 --- [registration-backend] [           main] o.f.c.i.s.JdbcTableSchemaHistory         : Schema history table "public"."flyway_schema_history" does not exist yet
2026-10-06T20:30:37.970+02:00  INFO 337982 --- [registration-backend] [           main] o.f.core.internal.command.DbValidate     : Successfully validated 1 migration (execution time 00:00.004s)
2026-10-06T20:30:37.983+02:00  INFO 337982 --- [registration-backend] [           main] o.f.c.i.s.JdbcTableSchemaHistory         : Creating Schema History table "public"."flyway_schema_history" ...
2026-10-06T20:30:38.020+02:00  INFO 337982 --- [registration-backend] [           main] o.f.core.internal.command.DbMigrate      : Current version of schema "public": << Empty Schema >>
2026-10-06T20:30:38.026+02:00  INFO 337982 --- [registration-backend] [           main] o.f.core.internal.command.DbMigrate      : Migrating schema "public" to version "1 - create registration"
2026-10-06T20:30:38.056+02:00  INFO 337982 --- [registration-backend] [           main] o.f.core.internal.command.DbMigrate      : Successfully applied 1 migration to schema "public", now at version v1 (execution time 00:00.020s)
2026-10-06T20:30:38.074+02:00  INFO 337982 --- [registration-backend] [           main] org.hibernate.orm.jpa                    : HHH008540: Processing PersistenceUnitInfo [name: default]
2026-10-06T20:30:38.091+02:00  INFO 337982 --- [registration-backend] [           main] o.s.o.j.p.SpringPersistenceUnitInfo      : No LoadTimeWeaver setup: ignoring JPA class transformer
2026-10-06T20:30:38.100+02:00  INFO 337982 --- [registration-backend] [           main] org.hibernate.orm.connections.pooling    : HHH10001005: Database info:
	Database JDBC URL [jdbc:postgresql://localhost:42797/reg_337982_8]
	Database driver: PostgreSQL JDBC Driver
	Database dialect: PostgreSQLDialect
	Database version: 16.15
	Default catalog/schema: reg_337982_8/public
	Autocommit mode: undefined/unknown
	Isolation level: READ_COMMITTED [default READ_COMMITTED]
	JDBC fetch size: none
	Pool: DataSourceConnectionProvider
	Minimum pool size: undefined/unknown
	Maximum pool size: undefined/unknown
2026-10-06T20:30:38.136+02:00  INFO 337982 --- [registration-backend] [           main] org.hibernate.orm.core                   : HHH000489: No JTA platform available (set 'hibernate.transaction.jta.platform' to enable JTA platform integration)
2026-10-06T20:30:38.155+02:00  INFO 337982 --- [registration-backend] [           main] j.LocalContainerEntityManagerFactoryBean : Initialized JPA EntityManagerFactory for persistence unit 'default'
2026-10-06T20:30:38.279+02:00  INFO 337982 --- [registration-backend] [           main] r$InitializeUserDetailsManagerConfigurer : Global AuthenticationManager configured with UserDetailsService bean with name organizers
2026-10-06T20:30:38.373+02:00  INFO 337982 --- [registration-backend] [           main] o.s.b.a.e.web.EndpointLinksResolver      : Exposing 1 endpoint beneath base path '/actuator'
2026-10-06T20:30:38.404+02:00  INFO 337982 --- [registration-backend] [           main] o.s.boot.tomcat.TomcatWebServer          : Tomcat started on port 41317 (http) with context path '/'
2026-10-06T20:30:38.413+02:00  INFO 337982 --- [registration-backend] [           main] o.a.maven.surefire.booter.ForkedBooter   : Started ForkedBooter in 0.783 seconds (process running for 17.336)
2026-10-06T20:30:38.417+02:00  INFO 337982 --- [registration-backend] [o-auto-4-exec-1] o.a.c.c.C.[Tomcat].[localhost].[/]       : Initializing Spring DispatcherServlet 'dispatcherServlet'
2026-10-06T20:30:38.417+02:00  INFO 337982 --- [registration-backend] [o-auto-4-exec-1] o.s.web.servlet.DispatcherServlet        : Initializing Servlet 'dispatcherServlet'
2026-10-06T20:30:38.418+02:00  INFO 337982 --- [registration-backend] [o-auto-4-exec-1] o.s.web.servlet.DispatcherServlet        : Completed initialization in 1 ms
2026-10-06T20:30:38.453+02:00  INFO 337982 --- [registration-backend] [o-auto-4-exec-1] s.k.r.application.RegistrationService    : Registration 86f0aebe-775e-40e1-818a-f8be43c1c66f accepted
2026-10-06T20:30:38.457+02:00  INFO 337982 --- [registration-backend] [           main] o.s.boot.tomcat.GracefulShutdown         : Commencing graceful shutdown. Waiting for active requests to complete
2026-10-06T20:30:38.458+02:00  INFO 337982 --- [registration-backend] [tomcat-shutdown] o.s.boot.tomcat.GracefulShutdown         : Graceful shutdown complete
2026-10-06T20:30:38.489+02:00  INFO 337982 --- [registration-backend] [           main] j.LocalContainerEntityManagerFactoryBean : Closing JPA EntityManagerFactory for persistence unit 'default'
2026-10-06T20:30:38.490+02:00  INFO 337982 --- [registration-backend] [           main] com.zaxxer.hikari.HikariDataSource       : HikariPool-4 - Shutdown initiated...
2026-10-06T20:30:38.491+02:00  INFO 337982 --- [registration-backend] [           main] com.zaxxer.hikari.HikariDataSource       : HikariPool-4 - Shutdown completed.
2026-10-06T20:30:38.517+02:00  INFO 337982 --- [registration-backend] [           main] o.a.maven.surefire.booter.ForkedBooter   : Starting ForkedBooter v3.5.6 using Java 21.0.12.1 with PID 337982 (started by tjan-kazar in /home/tjan-kazar/storage/Work/lab/agentic_lab/agentic_lab/02_output/backend)
2026-10-06T20:30:38.518+02:00  INFO 337982 --- [registration-backend] [           main] o.a.maven.surefire.booter.ForkedBooter   : The following 1 profile is active: "test"
2026-10-06T20:30:38.664+02:00  INFO 337982 --- [registration-backend] [           main] .s.d.r.c.RepositoryConfigurationDelegate : Bootstrapping Spring Data JPA repositories in DEFAULT mode.
2026-10-06T20:30:38.672+02:00  INFO 337982 --- [registration-backend] [           main] .s.d.r.c.RepositoryConfigurationDelegate : Finished Spring Data repository scanning in 6 ms. Found 1 JPA repository interface.
2026-10-06T20:30:38.758+02:00  INFO 337982 --- [registration-backend] [           main] o.s.boot.tomcat.TomcatWebServer          : Tomcat initialized with port 0 (http)
2026-10-06T20:30:38.759+02:00  INFO 337982 --- [registration-backend] [           main] o.apache.catalina.core.StandardService   : Starting service [Tomcat]
2026-10-06T20:30:38.759+02:00  INFO 337982 --- [registration-backend] [           main] o.apache.catalina.core.StandardEngine    : Starting Servlet engine: [Apache Tomcat/11.0.26]
2026-10-06T20:30:38.768+02:00  INFO 337982 --- [registration-backend] [           main] b.w.c.s.WebApplicationContextInitializer : Root WebApplicationContext: initialization completed in 249 ms
2026-10-06T20:30:38.820+02:00  INFO 337982 --- [registration-backend] [           main] com.zaxxer.hikari.HikariDataSource       : HikariPool-5 - Starting...
2026-10-06T20:30:38.834+02:00  INFO 337982 --- [registration-backend] [           main] com.zaxxer.hikari.pool.HikariPool        : HikariPool-5 - Added connection org.postgresql.jdbc.PgConnection@e1ee5bf
2026-10-06T20:30:38.834+02:00  INFO 337982 --- [registration-backend] [           main] com.zaxxer.hikari.HikariDataSource       : HikariPool-5 - Start completed.
2026-10-06T20:30:38.836+02:00  INFO 337982 --- [registration-backend] [           main] org.flywaydb.core.FlywayExecutor         : Database: jdbc:postgresql://localhost:42797/reg_337982_8 (PostgreSQL 16.15)
2026-10-06T20:30:38.859+02:00  INFO 337982 --- [registration-backend] [           main] o.f.core.internal.command.DbValidate     : Successfully validated 1 migration (execution time 00:00.009s)
2026-10-06T20:30:38.880+02:00  INFO 337982 --- [registration-backend] [           main] o.f.core.internal.command.DbMigrate      : Current version of schema "public": 1
2026-10-06T20:30:38.881+02:00  INFO 337982 --- [registration-backend] [           main] o.f.core.internal.command.DbMigrate      : Schema "public" is up to date. No migration necessary.
2026-10-06T20:30:38.894+02:00  INFO 337982 --- [registration-backend] [           main] org.hibernate.orm.jpa                    : HHH008540: Processing PersistenceUnitInfo [name: default]
2026-10-06T20:30:38.910+02:00  INFO 337982 --- [registration-backend] [           main] o.s.o.j.p.SpringPersistenceUnitInfo      : No LoadTimeWeaver setup: ignoring JPA class transformer
2026-10-06T20:30:38.918+02:00  INFO 337982 --- [registration-backend] [           main] org.hibernate.orm.connections.pooling    : HHH10001005: Database info:
	Database JDBC URL [jdbc:postgresql://localhost:42797/reg_337982_8]
	Database driver: PostgreSQL JDBC Driver
	Database dialect: PostgreSQLDialect
	Database version: 16.15
	Default catalog/schema: reg_337982_8/public
	Autocommit mode: undefined/unknown
	Isolation level: READ_COMMITTED [default READ_COMMITTED]
	JDBC fetch size: none
	Pool: DataSourceConnectionProvider
	Minimum pool size: undefined/unknown
	Maximum pool size: undefined/unknown
2026-10-06T20:30:38.952+02:00  INFO 337982 --- [registration-backend] [           main] org.hibernate.orm.core                   : HHH000489: No JTA platform available (set 'hibernate.transaction.jta.platform' to enable JTA platform integration)
2026-10-06T20:30:38.971+02:00  INFO 337982 --- [registration-backend] [           main] j.LocalContainerEntityManagerFactoryBean : Initialized JPA EntityManagerFactory for persistence unit 'default'
2026-10-06T20:30:39.093+02:00  INFO 337982 --- [registration-backend] [           main] r$InitializeUserDetailsManagerConfigurer : Global AuthenticationManager configured with UserDetailsService bean with name organizers
2026-10-06T20:30:39.192+02:00  INFO 337982 --- [registration-backend] [           main] o.s.b.a.e.web.EndpointLinksResolver      : Exposing 1 endpoint beneath base path '/actuator'
2026-10-06T20:30:39.203+02:00  INFO 337982 --- [registration-backend] [           main] o.s.boot.tomcat.TomcatWebServer          : Tomcat started on port 44219 (http) with context path '/'
2026-10-06T20:30:39.205+02:00  INFO 337982 --- [registration-backend] [           main] o.a.maven.surefire.booter.ForkedBooter   : Started ForkedBooter in 0.705 seconds (process running for 18.128)
2026-10-06T20:30:39.225+02:00  INFO 337982 --- [registration-backend] [o-auto-5-exec-1] o.a.c.c.C.[Tomcat].[localhost].[/]       : Initializing Spring DispatcherServlet 'dispatcherServlet'
2026-10-06T20:30:39.225+02:00  INFO 337982 --- [registration-backend] [o-auto-5-exec-1] o.s.web.servlet.DispatcherServlet        : Initializing Servlet 'dispatcherServlet'
2026-10-06T20:30:39.226+02:00  INFO 337982 --- [registration-backend] [o-auto-5-exec-1] o.s.web.servlet.DispatcherServlet        : Completed initialization in 1 ms
2026-10-06T20:30:39.819+02:00  INFO 337982 --- [registration-backend] [           main] o.s.boot.tomcat.GracefulShutdown         : Commencing graceful shutdown. Waiting for active requests to complete
2026-10-06T20:30:39.820+02:00  INFO 337982 --- [registration-backend] [tomcat-shutdown] o.s.boot.tomcat.GracefulShutdown         : Graceful shutdown complete
2026-10-06T20:30:39.822+02:00  INFO 337982 --- [registration-backend] [           main] j.LocalContainerEntityManagerFactoryBean : Closing JPA EntityManagerFactory for persistence unit 'default'
2026-10-06T20:30:39.822+02:00  INFO 337982 --- [registration-backend] [           main] com.zaxxer.hikari.HikariDataSource       : HikariPool-5 - Shutdown initiated...
2026-10-06T20:30:39.823+02:00  INFO 337982 --- [registration-backend] [           main] com.zaxxer.hikari.HikariDataSource       : HikariPool-5 - Shutdown completed.
2026-10-06T20:30:39.890+02:00  INFO 337982 --- [registration-backend] [           main] o.a.maven.surefire.booter.ForkedBooter   : Starting ForkedBooter v3.5.6 using Java 21.0.12.1 with PID 337982 (started by tjan-kazar in /home/tjan-kazar/storage/Work/lab/agentic_lab/agentic_lab/02_output/backend)
2026-10-06T20:30:39.890+02:00  INFO 337982 --- [registration-backend] [           main] o.a.maven.surefire.booter.ForkedBooter   : The following 1 profile is active: "test"
2026-10-06T20:30:40.007+02:00  INFO 337982 --- [registration-backend] [           main] .s.d.r.c.RepositoryConfigurationDelegate : Bootstrapping Spring Data JPA repositories in DEFAULT mode.
2026-10-06T20:30:40.016+02:00  INFO 337982 --- [registration-backend] [           main] .s.d.r.c.RepositoryConfigurationDelegate : Finished Spring Data repository scanning in 7 ms. Found 1 JPA repository interface.
2026-10-06T20:30:40.102+02:00  INFO 337982 --- [registration-backend] [           main] o.s.boot.tomcat.TomcatWebServer          : Tomcat initialized with port 0 (http)
2026-10-06T20:30:40.103+02:00  INFO 337982 --- [registration-backend] [           main] o.apache.catalina.core.StandardService   : Starting service [Tomcat]
2026-10-06T20:30:40.104+02:00  INFO 337982 --- [registration-backend] [           main] o.apache.catalina.core.StandardEngine    : Starting Servlet engine: [Apache Tomcat/11.0.26]
2026-10-06T20:30:40.113+02:00  INFO 337982 --- [registration-backend] [           main] b.w.c.s.WebApplicationContextInitializer : Root WebApplicationContext: initialization completed in 222 ms
2026-10-06T20:30:40.161+02:00  INFO 337982 --- [registration-backend] [           main] com.zaxxer.hikari.HikariDataSource       : HikariPool-6 - Starting...
2026-10-06T20:30:40.182+02:00  INFO 337982 --- [registration-backend] [           main] com.zaxxer.hikari.pool.HikariPool        : HikariPool-6 - Added connection org.postgresql.jdbc.PgConnection@12cd9e08
2026-10-06T20:30:40.183+02:00  INFO 337982 --- [registration-backend] [           main] com.zaxxer.hikari.HikariDataSource       : HikariPool-6 - Start completed.
2026-10-06T20:30:40.184+02:00  INFO 337982 --- [registration-backend] [           main] org.flywaydb.core.FlywayExecutor         : Database: jdbc:postgresql://localhost:42797/reg_337982_10 (PostgreSQL 16.15)
2026-10-06T20:30:40.200+02:00  INFO 337982 --- [registration-backend] [           main] o.f.c.i.s.JdbcTableSchemaHistory         : Schema history table "public"."flyway_schema_history" does not exist yet
2026-10-06T20:30:40.201+02:00  INFO 337982 --- [registration-backend] [           main] o.f.core.internal.command.DbValidate     : Successfully validated 1 migration (execution time 00:00.004s)
2026-10-06T20:30:40.212+02:00  INFO 337982 --- [registration-backend] [           main] o.f.c.i.s.JdbcTableSchemaHistory         : Creating Schema History table "public"."flyway_schema_history" ...
2026-10-06T20:30:40.241+02:00  INFO 337982 --- [registration-backend] [           main] o.f.core.internal.command.DbMigrate      : Current version of schema "public": << Empty Schema >>
2026-10-06T20:30:40.246+02:00  INFO 337982 --- [registration-backend] [           main] o.f.core.internal.command.DbMigrate      : Migrating schema "public" to version "1 - create registration"
2026-10-06T20:30:40.272+02:00  INFO 337982 --- [registration-backend] [           main] o.f.core.internal.command.DbMigrate      : Successfully applied 1 migration to schema "public", now at version v1 (execution time 00:00.018s)
2026-10-06T20:30:40.284+02:00  INFO 337982 --- [registration-backend] [           main] org.hibernate.orm.jpa                    : HHH008540: Processing PersistenceUnitInfo [name: default]
2026-10-06T20:30:40.301+02:00  INFO 337982 --- [registration-backend] [           main] o.s.o.j.p.SpringPersistenceUnitInfo      : No LoadTimeWeaver setup: ignoring JPA class transformer
2026-10-06T20:30:40.310+02:00  INFO 337982 --- [registration-backend] [           main] org.hibernate.orm.connections.pooling    : HHH10001005: Database info:
	Database JDBC URL [jdbc:postgresql://localhost:42797/reg_337982_10]
	Database driver: PostgreSQL JDBC Driver
	Database dialect: PostgreSQLDialect
	Database version: 16.15
	Default catalog/schema: reg_337982_10/public
	Autocommit mode: undefined/unknown
	Isolation level: READ_COMMITTED [default READ_COMMITTED]
	JDBC fetch size: none
	Pool: DataSourceConnectionProvider
	Minimum pool size: undefined/unknown
	Maximum pool size: undefined/unknown
2026-10-06T20:30:40.342+02:00  INFO 337982 --- [registration-backend] [           main] org.hibernate.orm.core                   : HHH000489: No JTA platform available (set 'hibernate.transaction.jta.platform' to enable JTA platform integration)
2026-10-06T20:30:40.361+02:00  INFO 337982 --- [registration-backend] [           main] j.LocalContainerEntityManagerFactoryBean : Initialized JPA EntityManagerFactory for persistence unit 'default'
2026-10-06T20:30:40.488+02:00  INFO 337982 --- [registration-backend] [           main] r$InitializeUserDetailsManagerConfigurer : Global AuthenticationManager configured with UserDetailsService bean with name organizers
2026-10-06T20:30:40.580+02:00  INFO 337982 --- [registration-backend] [           main] o.s.b.a.e.web.EndpointLinksResolver      : Exposing 1 endpoint beneath base path '/actuator'
2026-10-06T20:30:40.591+02:00  INFO 337982 --- [registration-backend] [           main] o.s.boot.tomcat.TomcatWebServer          : Tomcat started on port 38961 (http) with context path '/'
2026-10-06T20:30:40.593+02:00  INFO 337982 --- [registration-backend] [           main] o.a.maven.surefire.booter.ForkedBooter   : Started ForkedBooter in 0.721 seconds (process running for 19.516)
2026-10-06T20:30:40.596+02:00  INFO 337982 --- [registration-backend] [o-auto-6-exec-1] o.a.c.c.C.[Tomcat].[localhost].[/]       : Initializing Spring DispatcherServlet 'dispatcherServlet'
2026-10-06T20:30:40.597+02:00  INFO 337982 --- [registration-backend] [o-auto-6-exec-1] o.s.web.servlet.DispatcherServlet        : Initializing Servlet 'dispatcherServlet'
2026-10-06T20:30:40.598+02:00  INFO 337982 --- [registration-backend] [o-auto-6-exec-1] o.s.web.servlet.DispatcherServlet        : Completed initialization in 1 ms
2026-10-06T20:30:40.626+02:00  INFO 337982 --- [registration-backend] [o-auto-6-exec-1] s.k.r.application.RegistrationService    : Registration 0a480fca-f122-46b5-9427-fc28ed2190d2 accepted
2026-10-06T20:30:40.633+02:00  INFO 337982 --- [registration-backend] [           main] o.s.boot.tomcat.GracefulShutdown         : Commencing graceful shutdown. Waiting for active requests to complete
2026-10-06T20:30:40.634+02:00  INFO 337982 --- [registration-backend] [tomcat-shutdown] o.s.boot.tomcat.GracefulShutdown         : Graceful shutdown complete
2026-10-06T20:30:40.660+02:00  INFO 337982 --- [registration-backend] [           main] j.LocalContainerEntityManagerFactoryBean : Closing JPA EntityManagerFactory for persistence unit 'default'
2026-10-06T20:30:40.660+02:00  INFO 337982 --- [registration-backend] [           main] com.zaxxer.hikari.HikariDataSource       : HikariPool-6 - Shutdown initiated...
2026-10-06T20:30:40.661+02:00  INFO 337982 --- [registration-backend] [           main] com.zaxxer.hikari.HikariDataSource       : HikariPool-6 - Shutdown completed.
2026-10-06T20:30:40.667+02:00  INFO 337982 --- [registration-backend] [           main] tc.postgres:16.15-alpine                 : Creating container for image: postgres:16.15-alpine
2026-10-06T20:30:40.849+02:00  INFO 337982 --- [registration-backend] [           main] tc.postgres:16.15-alpine                 : Container postgres:16.15-alpine is starting: 9879be2ecc9ad1831ca42b43a30d33714dcdbc403a13890212a9e04de8d11066
2026-10-06T20:30:42.759+02:00  INFO 337982 --- [registration-backend] [           main] tc.postgres:16.15-alpine                 : Container postgres:16.15-alpine started in PT2.092385876S
2026-10-06T20:30:42.759+02:00  INFO 337982 --- [registration-backend] [           main] tc.postgres:16.15-alpine                 : Container is started (JDBC URL: jdbc:postgresql://localhost:42537/test?loggerLevel=OFF)
2026-10-06T20:30:42.814+02:00  INFO 337982 --- [registration-backend] [           main] o.a.maven.surefire.booter.ForkedBooter   : Starting ForkedBooter v3.5.6 using Java 21.0.12.1 with PID 337982 (started by tjan-kazar in /home/tjan-kazar/storage/Work/lab/agentic_lab/agentic_lab/02_output/backend)
2026-10-06T20:30:42.814+02:00  INFO 337982 --- [registration-backend] [           main] o.a.maven.surefire.booter.ForkedBooter   : The following 1 profile is active: "test"
2026-10-06T20:30:42.895+02:00  INFO 337982 --- [registration-backend] [           main] .s.d.r.c.RepositoryConfigurationDelegate : Bootstrapping Spring Data JPA repositories in DEFAULT mode.
2026-10-06T20:30:42.901+02:00  INFO 337982 --- [registration-backend] [           main] .s.d.r.c.RepositoryConfigurationDelegate : Finished Spring Data repository scanning in 4 ms. Found 1 JPA repository interface.
2026-10-06T20:30:42.953+02:00  INFO 337982 --- [registration-backend] [           main] o.s.boot.tomcat.TomcatWebServer          : Tomcat initialized with port 0 (http)
2026-10-06T20:30:42.954+02:00  INFO 337982 --- [registration-backend] [           main] o.apache.catalina.core.StandardService   : Starting service [Tomcat]
2026-10-06T20:30:42.954+02:00  INFO 337982 --- [registration-backend] [           main] o.apache.catalina.core.StandardEngine    : Starting Servlet engine: [Apache Tomcat/11.0.26]
2026-10-06T20:30:42.962+02:00  INFO 337982 --- [registration-backend] [           main] b.w.c.s.WebApplicationContextInitializer : Root WebApplicationContext: initialization completed in 147 ms
2026-10-06T20:30:43.013+02:00  INFO 337982 --- [registration-backend] [           main] com.zaxxer.hikari.HikariDataSource       : HikariPool-7 - Starting...
2026-10-06T20:30:43.035+02:00  INFO 337982 --- [registration-backend] [           main] com.zaxxer.hikari.pool.HikariPool        : HikariPool-7 - Added connection org.postgresql.jdbc.PgConnection@3d6cf6e0
2026-10-06T20:30:43.035+02:00  INFO 337982 --- [registration-backend] [           main] com.zaxxer.hikari.HikariDataSource       : HikariPool-7 - Start completed.
2026-10-06T20:30:43.037+02:00  INFO 337982 --- [registration-backend] [           main] org.flywaydb.core.FlywayExecutor         : Database: jdbc:postgresql://localhost:42537/test?loggerLevel=OFF (PostgreSQL 16.15)
2026-10-06T20:30:43.055+02:00  INFO 337982 --- [registration-backend] [           main] o.f.c.i.s.JdbcTableSchemaHistory         : Schema history table "public"."flyway_schema_history" does not exist yet
2026-10-06T20:30:43.056+02:00  INFO 337982 --- [registration-backend] [           main] o.f.core.internal.command.DbValidate     : Successfully validated 1 migration (execution time 00:00.004s)
2026-10-06T20:30:43.067+02:00  INFO 337982 --- [registration-backend] [           main] o.f.c.i.s.JdbcTableSchemaHistory         : Creating Schema History table "public"."flyway_schema_history" ...
2026-10-06T20:30:43.097+02:00  INFO 337982 --- [registration-backend] [           main] o.f.core.internal.command.DbMigrate      : Current version of schema "public": << Empty Schema >>
2026-10-06T20:30:43.102+02:00  INFO 337982 --- [registration-backend] [           main] o.f.core.internal.command.DbMigrate      : Migrating schema "public" to version "1 - create registration"
2026-10-06T20:30:43.125+02:00  INFO 337982 --- [registration-backend] [           main] o.f.core.internal.command.DbMigrate      : Successfully applied 1 migration to schema "public", now at version v1 (execution time 00:00.018s)
2026-10-06T20:30:43.135+02:00  INFO 337982 --- [registration-backend] [           main] org.hibernate.orm.jpa                    : HHH008540: Processing PersistenceUnitInfo [name: default]
2026-10-06T20:30:43.151+02:00  INFO 337982 --- [registration-backend] [           main] o.s.o.j.p.SpringPersistenceUnitInfo      : No LoadTimeWeaver setup: ignoring JPA class transformer
2026-10-06T20:30:43.158+02:00  INFO 337982 --- [registration-backend] [           main] org.hibernate.orm.connections.pooling    : HHH10001005: Database info:
	Database JDBC URL [jdbc:postgresql://localhost:42537/test?loggerLevel=OFF]
	Database driver: PostgreSQL JDBC Driver
	Database dialect: PostgreSQLDialect
	Database version: 16.15
	Default catalog/schema: test/public
	Autocommit mode: undefined/unknown
	Isolation level: READ_COMMITTED [default READ_COMMITTED]
	JDBC fetch size: none
	Pool: DataSourceConnectionProvider
	Minimum pool size: undefined/unknown
	Maximum pool size: undefined/unknown
2026-10-06T20:30:43.190+02:00  INFO 337982 --- [registration-backend] [           main] org.hibernate.orm.core                   : HHH000489: No JTA platform available (set 'hibernate.transaction.jta.platform' to enable JTA platform integration)
2026-10-06T20:30:43.207+02:00  INFO 337982 --- [registration-backend] [           main] j.LocalContainerEntityManagerFactoryBean : Initialized JPA EntityManagerFactory for persistence unit 'default'
2026-10-06T20:30:43.323+02:00  INFO 337982 --- [registration-backend] [           main] r$InitializeUserDetailsManagerConfigurer : Global AuthenticationManager configured with UserDetailsService bean with name organizers
2026-10-06T20:30:43.400+02:00  INFO 337982 --- [registration-backend] [           main] o.s.b.a.e.web.EndpointLinksResolver      : Exposing 1 endpoint beneath base path '/actuator'
2026-10-06T20:30:43.410+02:00  INFO 337982 --- [registration-backend] [           main] o.s.boot.tomcat.TomcatWebServer          : Tomcat started on port 36503 (http) with context path '/'
2026-10-06T20:30:43.413+02:00  INFO 337982 --- [registration-backend] [           main] o.a.maven.surefire.booter.ForkedBooter   : Started ForkedBooter in 0.614 seconds (process running for 22.335)
2026-10-06T20:30:44.443+02:00  INFO 337982 --- [registration-backend] [o-auto-7-exec-1] o.a.c.c.C.[Tomcat].[localhost].[/]       : Initializing Spring DispatcherServlet 'dispatcherServlet'
2026-10-06T20:30:44.444+02:00  INFO 337982 --- [registration-backend] [o-auto-7-exec-1] o.s.web.servlet.DispatcherServlet        : Initializing Servlet 'dispatcherServlet'
2026-10-06T20:30:44.445+02:00  INFO 337982 --- [registration-backend] [o-auto-7-exec-1] o.s.web.servlet.DispatcherServlet        : Completed initialization in 1 ms
2026-10-06T20:30:44.457+02:00  WARN 337982 --- [registration-backend] [o-auto-7-exec-1] com.zaxxer.hikari.pool.PoolBase          : HikariPool-7 - Failed to validate connection org.postgresql.jdbc.PgConnection@3d6cf6e0 (This connection has been closed.). Possibly consider using a shorter maxLifetime value.
2026-10-06T20:30:44.458+02:00  WARN 337982 --- [registration-backend] [o-auto-7-exec-1] com.zaxxer.hikari.pool.PoolBase          : HikariPool-7 - Failed to validate connection org.postgresql.jdbc.PgConnection@72765966 (This connection has been closed.). Possibly consider using a shorter maxLifetime value.
2026-10-06T20:30:44.458+02:00  WARN 337982 --- [registration-backend] [o-auto-7-exec-1] com.zaxxer.hikari.pool.PoolBase          : HikariPool-7 - Failed to validate connection org.postgresql.jdbc.PgConnection@40af698d (This connection has been closed.). Possibly consider using a shorter maxLifetime value.
2026-10-06T20:30:44.459+02:00  WARN 337982 --- [registration-backend] [o-auto-7-exec-1] com.zaxxer.hikari.pool.PoolBase          : HikariPool-7 - Failed to validate connection org.postgresql.jdbc.PgConnection@3a838916 (This connection has been closed.). Possibly consider using a shorter maxLifetime value.
2026-10-06T20:30:44.459+02:00  WARN 337982 --- [registration-backend] [o-auto-7-exec-1] com.zaxxer.hikari.pool.PoolBase          : HikariPool-7 - Failed to validate connection org.postgresql.jdbc.PgConnection@e476085 (This connection has been closed.). Possibly consider using a shorter maxLifetime value.
2026-10-06T20:30:44.459+02:00  WARN 337982 --- [registration-backend] [o-auto-7-exec-1] com.zaxxer.hikari.pool.PoolBase          : HikariPool-7 - Failed to validate connection org.postgresql.jdbc.PgConnection@4e3aa542 (This connection has been closed.). Possibly consider using a shorter maxLifetime value.
2026-10-06T20:30:44.460+02:00  WARN 337982 --- [registration-backend] [o-auto-7-exec-1] com.zaxxer.hikari.pool.PoolBase          : HikariPool-7 - Failed to validate connection org.postgresql.jdbc.PgConnection@75e24e09 (This connection has been closed.). Possibly consider using a shorter maxLifetime value.
2026-10-06T20:30:44.460+02:00  WARN 337982 --- [registration-backend] [o-auto-7-exec-1] com.zaxxer.hikari.pool.PoolBase          : HikariPool-7 - Failed to validate connection org.postgresql.jdbc.PgConnection@538fb29a (This connection has been closed.). Possibly consider using a shorter maxLifetime value.
2026-10-06T20:30:44.460+02:00  WARN 337982 --- [registration-backend] [o-auto-7-exec-1] com.zaxxer.hikari.pool.PoolBase          : HikariPool-7 - Failed to validate connection org.postgresql.jdbc.PgConnection@6679a326 (This connection has been closed.). Possibly consider using a shorter maxLifetime value.
2026-10-06T20:30:44.461+02:00  WARN 337982 --- [registration-backend] [o-auto-7-exec-1] com.zaxxer.hikari.pool.PoolBase          : HikariPool-7 - Failed to validate connection org.postgresql.jdbc.PgConnection@7df20a1e (This connection has been closed.). Possibly consider using a shorter maxLifetime value.
2026-10-06T20:30:47.460+02:00  WARN 337982 --- [registration-backend] [o-auto-7-exec-1] org.hibernate.orm.jdbc.error             : HHH000247: ErrorCode: 0, SQLState: 08001
2026-10-06T20:30:47.460+02:00  WARN 337982 --- [registration-backend] [o-auto-7-exec-1] org.hibernate.orm.jdbc.error             : HikariPool-7 - Connection is not available, request timed out after 3001ms (total=0, active=0, idle=0, waiting=0)
2026-10-06T20:30:47.460+02:00  WARN 337982 --- [registration-backend] [o-auto-7-exec-1] org.hibernate.orm.jdbc.error             : HHH000247: ErrorCode: 0, SQLState: 08001
2026-10-06T20:30:47.460+02:00  WARN 337982 --- [registration-backend] [o-auto-7-exec-1] org.hibernate.orm.jdbc.error             : HikariPool-7 - Connection is not available, request timed out after 3001ms (total=0, active=0, idle=0, waiting=0)
2026-10-06T20:30:47.462+02:00 ERROR 337982 --- [registration-backend] [o-auto-7-exec-1] s.k.r.application.RegistrationService    : Registration a16cd807-7b4b-49ed-a660-ecea4ba08a93 not stored: CannotCreateTransactionException
2026-10-06T20:30:50.491+02:00  INFO 337982 --- [registration-backend] [           main] o.s.boot.tomcat.GracefulShutdown         : Commencing graceful shutdown. Waiting for active requests to complete
2026-10-06T20:30:50.493+02:00  INFO 337982 --- [registration-backend] [tomcat-shutdown] o.s.boot.tomcat.GracefulShutdown         : Graceful shutdown complete
2026-10-06T20:30:50.500+02:00  INFO 337982 --- [registration-backend] [           main] j.LocalContainerEntityManagerFactoryBean : Closing JPA EntityManagerFactory for persistence unit 'default'
2026-10-06T20:30:50.502+02:00  INFO 337982 --- [registration-backend] [           main] com.zaxxer.hikari.HikariDataSource       : HikariPool-7 - Shutdown initiated...
2026-10-06T20:30:53.503+02:00  WARN 337982 --- [registration-backend] [           main] com.zaxxer.hikari.pool.HikariPool        : Timed-out waiting for add connection executor to shutdown
2026-10-06T20:30:53.503+02:00  INFO 337982 --- [registration-backend] [           main] com.zaxxer.hikari.HikariDataSource       : HikariPool-7 - Shutdown completed.
2026-10-06T20:30:53.556+02:00  INFO 337982 --- [registration-backend] [           main] o.a.maven.surefire.booter.ForkedBooter   : Starting ForkedBooter v3.5.6 using Java 21.0.12.1 with PID 337982 (started by tjan-kazar in /home/tjan-kazar/storage/Work/lab/agentic_lab/agentic_lab/02_output/backend)
2026-10-06T20:30:53.556+02:00  INFO 337982 --- [registration-backend] [           main] o.a.maven.surefire.booter.ForkedBooter   : The following 1 profile is active: "test"
2026-10-06T20:30:53.681+02:00  INFO 337982 --- [registration-backend] [           main] .s.d.r.c.RepositoryConfigurationDelegate : Bootstrapping Spring Data JPA repositories in DEFAULT mode.
2026-10-06T20:30:53.690+02:00  INFO 337982 --- [registration-backend] [           main] .s.d.r.c.RepositoryConfigurationDelegate : Finished Spring Data repository scanning in 7 ms. Found 1 JPA repository interface.
2026-10-06T20:30:53.753+02:00  INFO 337982 --- [registration-backend] [           main] o.s.boot.tomcat.TomcatWebServer          : Tomcat initialized with port 0 (http)
2026-10-06T20:30:53.754+02:00  INFO 337982 --- [registration-backend] [           main] o.apache.catalina.core.StandardService   : Starting service [Tomcat]
2026-10-06T20:30:53.754+02:00  INFO 337982 --- [registration-backend] [           main] o.apache.catalina.core.StandardEngine    : Starting Servlet engine: [Apache Tomcat/11.0.26]
2026-10-06T20:30:53.762+02:00  INFO 337982 --- [registration-backend] [           main] b.w.c.s.WebApplicationContextInitializer : Root WebApplicationContext: initialization completed in 205 ms
2026-10-06T20:30:53.809+02:00  INFO 337982 --- [registration-backend] [           main] com.zaxxer.hikari.HikariDataSource       : HikariPool-8 - Starting...
2026-10-06T20:30:53.830+02:00  INFO 337982 --- [registration-backend] [           main] com.zaxxer.hikari.pool.HikariPool        : HikariPool-8 - Added connection org.postgresql.jdbc.PgConnection@635b5740
2026-10-06T20:30:53.830+02:00  INFO 337982 --- [registration-backend] [           main] com.zaxxer.hikari.HikariDataSource       : HikariPool-8 - Start completed.
2026-10-06T20:30:53.832+02:00  INFO 337982 --- [registration-backend] [           main] org.flywaydb.core.FlywayExecutor         : Database: jdbc:postgresql://localhost:42797/reg_337982_14 (PostgreSQL 16.15)
2026-10-06T20:30:53.851+02:00  INFO 337982 --- [registration-backend] [           main] o.f.c.i.s.JdbcTableSchemaHistory         : Schema history table "public"."flyway_schema_history" does not exist yet
2026-10-06T20:30:53.852+02:00  INFO 337982 --- [registration-backend] [           main] o.f.core.internal.command.DbValidate     : Successfully validated 1 migration (execution time 00:00.004s)
2026-10-06T20:30:53.863+02:00  INFO 337982 --- [registration-backend] [           main] o.f.c.i.s.JdbcTableSchemaHistory         : Creating Schema History table "public"."flyway_schema_history" ...
2026-10-06T20:30:53.897+02:00  INFO 337982 --- [registration-backend] [           main] o.f.core.internal.command.DbMigrate      : Current version of schema "public": << Empty Schema >>
2026-10-06T20:30:53.902+02:00  INFO 337982 --- [registration-backend] [           main] o.f.core.internal.command.DbMigrate      : Migrating schema "public" to version "1 - create registration"
2026-10-06T20:30:53.926+02:00  INFO 337982 --- [registration-backend] [           main] o.f.core.internal.command.DbMigrate      : Successfully applied 1 migration to schema "public", now at version v1 (execution time 00:00.019s)
2026-10-06T20:30:53.938+02:00  INFO 337982 --- [registration-backend] [           main] org.hibernate.orm.jpa                    : HHH008540: Processing PersistenceUnitInfo [name: default]
2026-10-06T20:30:53.954+02:00  INFO 337982 --- [registration-backend] [           main] o.s.o.j.p.SpringPersistenceUnitInfo      : No LoadTimeWeaver setup: ignoring JPA class transformer
2026-10-06T20:30:53.963+02:00  INFO 337982 --- [registration-backend] [           main] org.hibernate.orm.connections.pooling    : HHH10001005: Database info:
	Database JDBC URL [jdbc:postgresql://localhost:42797/reg_337982_14]
	Database driver: PostgreSQL JDBC Driver
	Database dialect: PostgreSQLDialect
	Database version: 16.15
	Default catalog/schema: reg_337982_14/public
	Autocommit mode: undefined/unknown
	Isolation level: READ_COMMITTED [default READ_COMMITTED]
	JDBC fetch size: none
	Pool: DataSourceConnectionProvider
	Minimum pool size: undefined/unknown
	Maximum pool size: undefined/unknown
2026-10-06T20:30:54.012+02:00  INFO 337982 --- [registration-backend] [           main] org.hibernate.orm.core                   : HHH000489: No JTA platform available (set 'hibernate.transaction.jta.platform' to enable JTA platform integration)
2026-10-06T20:30:54.042+02:00  INFO 337982 --- [registration-backend] [           main] j.LocalContainerEntityManagerFactoryBean : Initialized JPA EntityManagerFactory for persistence unit 'default'
2026-10-06T20:30:54.191+02:00  INFO 337982 --- [registration-backend] [           main] r$InitializeUserDetailsManagerConfigurer : Global AuthenticationManager configured with UserDetailsService bean with name organizers
2026-10-06T20:30:54.317+02:00  INFO 337982 --- [registration-backend] [           main] o.s.b.a.e.web.EndpointLinksResolver      : Exposing 1 endpoint beneath base path '/actuator'
2026-10-06T20:30:54.329+02:00  INFO 337982 --- [registration-backend] [           main] o.s.boot.tomcat.TomcatWebServer          : Tomcat started on port 42659 (http) with context path '/'
2026-10-06T20:30:54.332+02:00  INFO 337982 --- [registration-backend] [           main] o.a.maven.surefire.booter.ForkedBooter   : Started ForkedBooter in 0.791 seconds (process running for 33.255)
2026-10-06T20:30:54.337+02:00  INFO 337982 --- [registration-backend] [o-auto-8-exec-1] o.a.c.c.C.[Tomcat].[localhost].[/]       : Initializing Spring DispatcherServlet 'dispatcherServlet'
2026-10-06T20:30:54.337+02:00  INFO 337982 --- [registration-backend] [o-auto-8-exec-1] o.s.web.servlet.DispatcherServlet        : Initializing Servlet 'dispatcherServlet'
2026-10-06T20:30:54.339+02:00  INFO 337982 --- [registration-backend] [o-auto-8-exec-1] o.s.web.servlet.DispatcherServlet        : Completed initialization in 1 ms
2026-10-06T20:30:54.373+02:00 ERROR 337982 --- [registration-backend] [o-auto-8-exec-1] s.k.r.application.RegistrationService    : Registration c1a55867-969a-4311-9498-a3bf37eaabe9 not stored: UncheckedIOException
2026-10-06T20:30:57.419+02:00  INFO 337982 --- [registration-backend] [           main] o.s.boot.tomcat.GracefulShutdown         : Commencing graceful shutdown. Waiting for active requests to complete
2026-10-06T20:30:57.420+02:00  INFO 337982 --- [registration-backend] [tomcat-shutdown] o.s.boot.tomcat.GracefulShutdown         : Graceful shutdown complete
2026-10-06T20:30:57.422+02:00  INFO 337982 --- [registration-backend] [           main] j.LocalContainerEntityManagerFactoryBean : Closing JPA EntityManagerFactory for persistence unit 'default'
2026-10-06T20:30:57.422+02:00  INFO 337982 --- [registration-backend] [           main] com.zaxxer.hikari.HikariDataSource       : HikariPool-8 - Shutdown initiated...
2026-10-06T20:30:57.424+02:00  INFO 337982 --- [registration-backend] [           main] com.zaxxer.hikari.HikariDataSource       : HikariPool-8 - Shutdown completed.
[ERROR] Tests run: 5, Failures: 0, Errors: 1, Skipped: 0, Time elapsed: 20.82 s <<< FAILURE! -- in si.konferenca.registration.acceptance.RegistrationStorageAcceptanceTest
[ERROR] si.konferenca.registration.acceptance.RegistrationStorageAcceptanceTest.AC_005_01_acceptedRegistrationIsStoredWithAllData -- Time elapsed: 0.974 s <<< ERROR!
java.lang.ClassCastException: class java.sql.Timestamp cannot be cast to class java.time.OffsetDateTime (java.sql.Timestamp is in module java.sql of loader 'platform'; java.time.OffsetDateTime is in module java.base of loader 'bootstrap')
	at si.konferenca.registration.acceptance.RegistrationStorageAcceptanceTest.AC_005_01_acceptedRegistrationIsStoredWithAllData(RegistrationStorageAcceptanceTest.java:61)

[INFO] Running si.konferenca.registration.acceptance.ExternalRegistrationAcceptanceTest
2026-10-06T20:30:57.492+02:00  INFO 337982 --- [registration-backend] [           main] o.a.maven.surefire.booter.ForkedBooter   : Starting ForkedBooter v3.5.6 using Java 21.0.12.1 with PID 337982 (started by tjan-kazar in /home/tjan-kazar/storage/Work/lab/agentic_lab/agentic_lab/02_output/backend)
2026-10-06T20:30:57.492+02:00  INFO 337982 --- [registration-backend] [           main] o.a.maven.surefire.booter.ForkedBooter   : The following 1 profile is active: "test"
2026-10-06T20:30:57.572+02:00  INFO 337982 --- [registration-backend] [           main] .s.d.r.c.RepositoryConfigurationDelegate : Bootstrapping Spring Data JPA repositories in DEFAULT mode.
2026-10-06T20:30:57.577+02:00  INFO 337982 --- [registration-backend] [           main] .s.d.r.c.RepositoryConfigurationDelegate : Finished Spring Data repository scanning in 4 ms. Found 1 JPA repository interface.
2026-10-06T20:30:57.638+02:00  INFO 337982 --- [registration-backend] [           main] o.s.boot.tomcat.TomcatWebServer          : Tomcat initialized with port 0 (http)
2026-10-06T20:30:57.639+02:00  INFO 337982 --- [registration-backend] [           main] o.apache.catalina.core.StandardService   : Starting service [Tomcat]
2026-10-06T20:30:57.639+02:00  INFO 337982 --- [registration-backend] [           main] o.apache.catalina.core.StandardEngine    : Starting Servlet engine: [Apache Tomcat/11.0.26]
2026-10-06T20:30:57.646+02:00  INFO 337982 --- [registration-backend] [           main] b.w.c.s.WebApplicationContextInitializer : Root WebApplicationContext: initialization completed in 153 ms
2026-10-06T20:30:57.690+02:00  INFO 337982 --- [registration-backend] [           main] com.zaxxer.hikari.HikariDataSource       : HikariPool-9 - Starting...
2026-10-06T20:30:57.713+02:00  INFO 337982 --- [registration-backend] [           main] com.zaxxer.hikari.pool.HikariPool        : HikariPool-9 - Added connection org.postgresql.jdbc.PgConnection@7701253
2026-10-06T20:30:57.714+02:00  INFO 337982 --- [registration-backend] [           main] com.zaxxer.hikari.HikariDataSource       : HikariPool-9 - Start completed.
2026-10-06T20:30:57.715+02:00  INFO 337982 --- [registration-backend] [           main] org.flywaydb.core.FlywayExecutor         : Database: jdbc:postgresql://localhost:42797/reg_337982_16 (PostgreSQL 16.15)
2026-10-06T20:30:57.732+02:00  INFO 337982 --- [registration-backend] [           main] o.f.c.i.s.JdbcTableSchemaHistory         : Schema history table "public"."flyway_schema_history" does not exist yet
2026-10-06T20:30:57.733+02:00  INFO 337982 --- [registration-backend] [           main] o.f.core.internal.command.DbValidate     : Successfully validated 1 migration (execution time 00:00.004s)
2026-10-06T20:30:57.744+02:00  INFO 337982 --- [registration-backend] [           main] o.f.c.i.s.JdbcTableSchemaHistory         : Creating Schema History table "public"."flyway_schema_history" ...
2026-10-06T20:30:57.773+02:00  INFO 337982 --- [registration-backend] [           main] o.f.core.internal.command.DbMigrate      : Current version of schema "public": << Empty Schema >>
2026-10-06T20:30:57.778+02:00  INFO 337982 --- [registration-backend] [           main] o.f.core.internal.command.DbMigrate      : Migrating schema "public" to version "1 - create registration"
2026-10-06T20:30:57.805+02:00  INFO 337982 --- [registration-backend] [           main] o.f.core.internal.command.DbMigrate      : Successfully applied 1 migration to schema "public", now at version v1 (execution time 00:00.019s)
2026-10-06T20:30:57.820+02:00  INFO 337982 --- [registration-backend] [           main] org.hibernate.orm.jpa                    : HHH008540: Processing PersistenceUnitInfo [name: default]
2026-10-06T20:30:57.837+02:00  INFO 337982 --- [registration-backend] [           main] o.s.o.j.p.SpringPersistenceUnitInfo      : No LoadTimeWeaver setup: ignoring JPA class transformer
2026-10-06T20:30:57.845+02:00  INFO 337982 --- [registration-backend] [           main] org.hibernate.orm.connections.pooling    : HHH10001005: Database info:
	Database JDBC URL [jdbc:postgresql://localhost:42797/reg_337982_16]
	Database driver: PostgreSQL JDBC Driver
	Database dialect: PostgreSQLDialect
	Database version: 16.15
	Default catalog/schema: reg_337982_16/public
	Autocommit mode: undefined/unknown
	Isolation level: READ_COMMITTED [default READ_COMMITTED]
	JDBC fetch size: none
	Pool: DataSourceConnectionProvider
	Minimum pool size: undefined/unknown
	Maximum pool size: undefined/unknown
2026-10-06T20:30:57.878+02:00  INFO 337982 --- [registration-backend] [           main] org.hibernate.orm.core                   : HHH000489: No JTA platform available (set 'hibernate.transaction.jta.platform' to enable JTA platform integration)
2026-10-06T20:30:57.896+02:00  INFO 337982 --- [registration-backend] [           main] j.LocalContainerEntityManagerFactoryBean : Initialized JPA EntityManagerFactory for persistence unit 'default'
2026-10-06T20:30:58.013+02:00  INFO 337982 --- [registration-backend] [           main] r$InitializeUserDetailsManagerConfigurer : Global AuthenticationManager configured with UserDetailsService bean with name organizers
2026-10-06T20:30:58.094+02:00  INFO 337982 --- [registration-backend] [           main] o.s.b.a.e.web.EndpointLinksResolver      : Exposing 1 endpoint beneath base path '/actuator'
2026-10-06T20:30:58.104+02:00  INFO 337982 --- [registration-backend] [           main] o.s.boot.tomcat.TomcatWebServer          : Tomcat started on port 41427 (http) with context path '/'
2026-10-06T20:30:58.107+02:00  INFO 337982 --- [registration-backend] [           main] o.a.maven.surefire.booter.ForkedBooter   : Started ForkedBooter in 0.63 seconds (process running for 37.029)
2026-10-06T20:30:58.111+02:00  INFO 337982 --- [registration-backend] [o-auto-9-exec-1] o.a.c.c.C.[Tomcat].[localhost].[/]       : Initializing Spring DispatcherServlet 'dispatcherServlet'
2026-10-06T20:30:58.111+02:00  INFO 337982 --- [registration-backend] [o-auto-9-exec-1] o.s.web.servlet.DispatcherServlet        : Initializing Servlet 'dispatcherServlet'
2026-10-06T20:30:58.112+02:00  INFO 337982 --- [registration-backend] [o-auto-9-exec-1] o.s.web.servlet.DispatcherServlet        : Completed initialization in 1 ms
2026-10-06T20:30:58.155+02:00  INFO 337982 --- [registration-backend] [o-auto-9-exec-2] s.k.r.application.RegistrationService    : Registration b335bf74-af39-4331-bb28-382db8198e27 accepted
2026-10-06T20:30:58.233+02:00  INFO 337982 --- [registration-backend] [o-auto-9-exec-3] s.k.r.application.RegistrationService    : Registration 1d822b06-d8e5-4c33-8c70-a21ec8177b5d accepted
2026-10-06T20:30:58.476+02:00  INFO 337982 --- [registration-backend] [o-auto-9-exec-1] s.k.r.application.RegistrationService    : Registration 718fa2e0-8279-45a1-abd8-aa870167afe1 accepted
2026-10-06T20:30:58.660+02:00  INFO 337982 --- [registration-backend] [o-auto-9-exec-7] s.k.r.application.RegistrationService    : Registration 181a4f80-139d-4d7c-9a62-5669739fd65c accepted
2026-10-06T20:30:58.695+02:00  INFO 337982 --- [registration-backend] [o-auto-9-exec-8] s.k.r.application.RegistrationService    : Registration 402d40a2-ee4a-465e-9eb3-7f53a0ddda6c accepted
2026-10-06T20:30:59.070+02:00  INFO 337982 --- [registration-backend] [o-auto-9-exec-3] s.k.r.application.RegistrationService    : Registration d26c9126-fdee-4c7a-9d90-4f49317bb87f accepted
2026-10-06T20:30:59.089+02:00  INFO 337982 --- [registration-backend] [           main] o.s.boot.tomcat.GracefulShutdown         : Commencing graceful shutdown. Waiting for active requests to complete
2026-10-06T20:30:59.090+02:00  INFO 337982 --- [registration-backend] [tomcat-shutdown] o.s.boot.tomcat.GracefulShutdown         : Graceful shutdown complete
2026-10-06T20:30:59.184+02:00  INFO 337982 --- [registration-backend] [           main] j.LocalContainerEntityManagerFactoryBean : Closing JPA EntityManagerFactory for persistence unit 'default'
2026-10-06T20:30:59.185+02:00  INFO 337982 --- [registration-backend] [           main] com.zaxxer.hikari.HikariDataSource       : HikariPool-9 - Shutdown initiated...
2026-10-06T20:30:59.187+02:00  INFO 337982 --- [registration-backend] [           main] com.zaxxer.hikari.HikariDataSource       : HikariPool-9 - Shutdown completed.
[INFO] Tests run: 32, Failures: 0, Errors: 0, Skipped: 0, Time elapsed: 1.766 s -- in si.konferenca.registration.acceptance.ExternalRegistrationAcceptanceTest
[INFO] Running si.konferenca.registration.acceptance.RegistrationConfirmationAcceptanceTest
2026-10-06T20:30:59.345+02:00  INFO 337982 --- [registration-backend] [           main] o.a.maven.surefire.booter.ForkedBooter   : Starting ForkedBooter v3.5.6 using Java 21.0.12.1 with PID 337982 (started by tjan-kazar in /home/tjan-kazar/storage/Work/lab/agentic_lab/agentic_lab/02_output/backend)
2026-10-06T20:30:59.345+02:00  INFO 337982 --- [registration-backend] [           main] o.a.maven.surefire.booter.ForkedBooter   : The following 1 profile is active: "test"
2026-10-06T20:30:59.439+02:00  INFO 337982 --- [registration-backend] [           main] .s.d.r.c.RepositoryConfigurationDelegate : Bootstrapping Spring Data JPA repositories in DEFAULT mode.
2026-10-06T20:30:59.445+02:00  INFO 337982 --- [registration-backend] [           main] .s.d.r.c.RepositoryConfigurationDelegate : Finished Spring Data repository scanning in 5 ms. Found 1 JPA repository interface.
2026-10-06T20:30:59.498+02:00  INFO 337982 --- [registration-backend] [           main] o.s.boot.tomcat.TomcatWebServer          : Tomcat initialized with port 0 (http)
2026-10-06T20:30:59.499+02:00  INFO 337982 --- [registration-backend] [           main] o.apache.catalina.core.StandardService   : Starting service [Tomcat]
2026-10-06T20:30:59.499+02:00  INFO 337982 --- [registration-backend] [           main] o.apache.catalina.core.StandardEngine    : Starting Servlet engine: [Apache Tomcat/11.0.26]
2026-10-06T20:30:59.507+02:00  INFO 337982 --- [registration-backend] [           main] b.w.c.s.WebApplicationContextInitializer : Root WebApplicationContext: initialization completed in 161 ms
2026-10-06T20:30:59.551+02:00  INFO 337982 --- [registration-backend] [           main] com.zaxxer.hikari.HikariDataSource       : HikariPool-10 - Starting...
2026-10-06T20:30:59.574+02:00  INFO 337982 --- [registration-backend] [           main] com.zaxxer.hikari.pool.HikariPool        : HikariPool-10 - Added connection org.postgresql.jdbc.PgConnection@210e804b
2026-10-06T20:30:59.574+02:00  INFO 337982 --- [registration-backend] [           main] com.zaxxer.hikari.HikariDataSource       : HikariPool-10 - Start completed.
2026-10-06T20:30:59.575+02:00  INFO 337982 --- [registration-backend] [           main] org.flywaydb.core.FlywayExecutor         : Database: jdbc:postgresql://localhost:42797/reg_337982_18 (PostgreSQL 16.15)
2026-10-06T20:30:59.589+02:00  INFO 337982 --- [registration-backend] [           main] o.f.c.i.s.JdbcTableSchemaHistory         : Schema history table "public"."flyway_schema_history" does not exist yet
2026-10-06T20:30:59.590+02:00  INFO 337982 --- [registration-backend] [           main] o.f.core.internal.command.DbValidate     : Successfully validated 1 migration (execution time 00:00.003s)
2026-10-06T20:30:59.599+02:00  INFO 337982 --- [registration-backend] [           main] o.f.c.i.s.JdbcTableSchemaHistory         : Creating Schema History table "public"."flyway_schema_history" ...
2026-10-06T20:30:59.628+02:00  INFO 337982 --- [registration-backend] [           main] o.f.core.internal.command.DbMigrate      : Current version of schema "public": << Empty Schema >>
2026-10-06T20:30:59.632+02:00  INFO 337982 --- [registration-backend] [           main] o.f.core.internal.command.DbMigrate      : Migrating schema "public" to version "1 - create registration"
2026-10-06T20:30:59.654+02:00  INFO 337982 --- [registration-backend] [           main] o.f.core.internal.command.DbMigrate      : Successfully applied 1 migration to schema "public", now at version v1 (execution time 00:00.017s)
2026-10-06T20:30:59.664+02:00  INFO 337982 --- [registration-backend] [           main] org.hibernate.orm.jpa                    : HHH008540: Processing PersistenceUnitInfo [name: default]
2026-10-06T20:30:59.681+02:00  INFO 337982 --- [registration-backend] [           main] o.s.o.j.p.SpringPersistenceUnitInfo      : No LoadTimeWeaver setup: ignoring JPA class transformer
2026-10-06T20:30:59.688+02:00  INFO 337982 --- [registration-backend] [           main] org.hibernate.orm.connections.pooling    : HHH10001005: Database info:
	Database JDBC URL [jdbc:postgresql://localhost:42797/reg_337982_18]
	Database driver: PostgreSQL JDBC Driver
	Database dialect: PostgreSQLDialect
	Database version: 16.15
	Default catalog/schema: reg_337982_18/public
	Autocommit mode: undefined/unknown
	Isolation level: READ_COMMITTED [default READ_COMMITTED]
	JDBC fetch size: none
	Pool: DataSourceConnectionProvider
	Minimum pool size: undefined/unknown
	Maximum pool size: undefined/unknown
2026-10-06T20:30:59.718+02:00  INFO 337982 --- [registration-backend] [           main] org.hibernate.orm.core                   : HHH000489: No JTA platform available (set 'hibernate.transaction.jta.platform' to enable JTA platform integration)
2026-10-06T20:30:59.734+02:00  INFO 337982 --- [registration-backend] [           main] j.LocalContainerEntityManagerFactoryBean : Initialized JPA EntityManagerFactory for persistence unit 'default'
2026-10-06T20:30:59.857+02:00  INFO 337982 --- [registration-backend] [           main] r$InitializeUserDetailsManagerConfigurer : Global AuthenticationManager configured with UserDetailsService bean with name organizers
2026-10-06T20:30:59.932+02:00  INFO 337982 --- [registration-backend] [           main] o.s.b.a.e.web.EndpointLinksResolver      : Exposing 1 endpoint beneath base path '/actuator'
2026-10-06T20:30:59.943+02:00  INFO 337982 --- [registration-backend] [           main] o.s.boot.tomcat.TomcatWebServer          : Tomcat started on port 39279 (http) with context path '/'
2026-10-06T20:30:59.945+02:00  INFO 337982 --- [registration-backend] [           main] o.a.maven.surefire.booter.ForkedBooter   : Started ForkedBooter in 0.618 seconds (process running for 38.868)
2026-10-06T20:30:59.966+02:00  INFO 337982 --- [registration-backend] [-auto-10-exec-1] o.a.c.c.C.[Tomcat].[localhost].[/]       : Initializing Spring DispatcherServlet 'dispatcherServlet'
2026-10-06T20:30:59.966+02:00  INFO 337982 --- [registration-backend] [-auto-10-exec-1] o.s.web.servlet.DispatcherServlet        : Initializing Servlet 'dispatcherServlet'
2026-10-06T20:30:59.966+02:00  INFO 337982 --- [registration-backend] [-auto-10-exec-1] o.s.web.servlet.DispatcherServlet        : Completed initialization in 0 ms
2026-10-06T20:31:00.008+02:00  INFO 337982 --- [registration-backend] [-auto-10-exec-3] s.k.r.application.RegistrationService    : Registration 84c81022-51f2-4ec1-8724-9ce6cf58b19d accepted
2026-10-06T20:31:00.024+02:00  INFO 337982 --- [registration-backend] [           main] o.s.boot.tomcat.GracefulShutdown         : Commencing graceful shutdown. Waiting for active requests to complete
2026-10-06T20:31:00.025+02:00  INFO 337982 --- [registration-backend] [tomcat-shutdown] o.s.boot.tomcat.GracefulShutdown         : Graceful shutdown complete
2026-10-06T20:31:00.038+02:00  INFO 337982 --- [registration-backend] [           main] j.LocalContainerEntityManagerFactoryBean : Closing JPA EntityManagerFactory for persistence unit 'default'
2026-10-06T20:31:00.038+02:00  INFO 337982 --- [registration-backend] [           main] com.zaxxer.hikari.HikariDataSource       : HikariPool-10 - Shutdown initiated...
2026-10-06T20:31:00.039+02:00  INFO 337982 --- [registration-backend] [           main] com.zaxxer.hikari.HikariDataSource       : HikariPool-10 - Shutdown completed.
[INFO] Tests run: 5, Failures: 0, Errors: 0, Skipped: 0, Time elapsed: 0.843 s -- in si.konferenca.registration.acceptance.RegistrationConfirmationAcceptanceTest
[INFO] Running si.konferenca.registration.acceptance.OrganizerNotificationAcceptanceTest
2026-10-06T20:31:00.102+02:00  INFO 337982 --- [registration-backend] [           main] o.a.maven.surefire.booter.ForkedBooter   : Starting ForkedBooter v3.5.6 using Java 21.0.12.1 with PID 337982 (started by tjan-kazar in /home/tjan-kazar/storage/Work/lab/agentic_lab/agentic_lab/02_output/backend)
2026-10-06T20:31:00.102+02:00  INFO 337982 --- [registration-backend] [           main] o.a.maven.surefire.booter.ForkedBooter   : The following 1 profile is active: "test"
2026-10-06T20:31:00.181+02:00  INFO 337982 --- [registration-backend] [           main] .s.d.r.c.RepositoryConfigurationDelegate : Bootstrapping Spring Data JPA repositories in DEFAULT mode.
2026-10-06T20:31:00.187+02:00  INFO 337982 --- [registration-backend] [           main] .s.d.r.c.RepositoryConfigurationDelegate : Finished Spring Data repository scanning in 5 ms. Found 1 JPA repository interface.
2026-10-06T20:31:00.250+02:00  INFO 337982 --- [registration-backend] [           main] o.s.boot.tomcat.TomcatWebServer          : Tomcat initialized with port 0 (http)
2026-10-06T20:31:00.252+02:00  INFO 337982 --- [registration-backend] [           main] o.apache.catalina.core.StandardService   : Starting service [Tomcat]
2026-10-06T20:31:00.252+02:00  INFO 337982 --- [registration-backend] [           main] o.apache.catalina.core.StandardEngine    : Starting Servlet engine: [Apache Tomcat/11.0.26]
2026-10-06T20:31:00.259+02:00  INFO 337982 --- [registration-backend] [           main] b.w.c.s.WebApplicationContextInitializer : Root WebApplicationContext: initialization completed in 156 ms
2026-10-06T20:31:00.313+02:00  INFO 337982 --- [registration-backend] [           main] com.zaxxer.hikari.HikariDataSource       : HikariPool-11 - Starting...
2026-10-06T20:31:00.337+02:00  INFO 337982 --- [registration-backend] [           main] com.zaxxer.hikari.pool.HikariPool        : HikariPool-11 - Added connection org.postgresql.jdbc.PgConnection@50334476
2026-10-06T20:31:00.337+02:00  INFO 337982 --- [registration-backend] [           main] com.zaxxer.hikari.HikariDataSource       : HikariPool-11 - Start completed.
2026-10-06T20:31:00.339+02:00  INFO 337982 --- [registration-backend] [           main] org.flywaydb.core.FlywayExecutor         : Database: jdbc:postgresql://localhost:42797/reg_337982_20 (PostgreSQL 16.15)
2026-10-06T20:31:00.353+02:00  INFO 337982 --- [registration-backend] [           main] o.f.c.i.s.JdbcTableSchemaHistory         : Schema history table "public"."flyway_schema_history" does not exist yet
2026-10-06T20:31:00.354+02:00  INFO 337982 --- [registration-backend] [           main] o.f.core.internal.command.DbValidate     : Successfully validated 1 migration (execution time 00:00.003s)
2026-10-06T20:31:00.363+02:00  INFO 337982 --- [registration-backend] [           main] o.f.c.i.s.JdbcTableSchemaHistory         : Creating Schema History table "public"."flyway_schema_history" ...
2026-10-06T20:31:00.390+02:00  INFO 337982 --- [registration-backend] [           main] o.f.core.internal.command.DbMigrate      : Current version of schema "public": << Empty Schema >>
2026-10-06T20:31:00.394+02:00  INFO 337982 --- [registration-backend] [           main] o.f.core.internal.command.DbMigrate      : Migrating schema "public" to version "1 - create registration"
2026-10-06T20:31:00.416+02:00  INFO 337982 --- [registration-backend] [           main] o.f.core.internal.command.DbMigrate      : Successfully applied 1 migration to schema "public", now at version v1 (execution time 00:00.017s)
2026-10-06T20:31:00.428+02:00  INFO 337982 --- [registration-backend] [           main] org.hibernate.orm.jpa                    : HHH008540: Processing PersistenceUnitInfo [name: default]
2026-10-06T20:31:00.445+02:00  INFO 337982 --- [registration-backend] [           main] o.s.o.j.p.SpringPersistenceUnitInfo      : No LoadTimeWeaver setup: ignoring JPA class transformer
2026-10-06T20:31:00.452+02:00  INFO 337982 --- [registration-backend] [           main] org.hibernate.orm.connections.pooling    : HHH10001005: Database info:
	Database JDBC URL [jdbc:postgresql://localhost:42797/reg_337982_20]
	Database driver: PostgreSQL JDBC Driver
	Database dialect: PostgreSQLDialect
	Database version: 16.15
	Default catalog/schema: reg_337982_20/public
	Autocommit mode: undefined/unknown
	Isolation level: READ_COMMITTED [default READ_COMMITTED]
	JDBC fetch size: none
	Pool: DataSourceConnectionProvider
	Minimum pool size: undefined/unknown
	Maximum pool size: undefined/unknown
2026-10-06T20:31:00.485+02:00  INFO 337982 --- [registration-backend] [           main] org.hibernate.orm.core                   : HHH000489: No JTA platform available (set 'hibernate.transaction.jta.platform' to enable JTA platform integration)
2026-10-06T20:31:00.501+02:00  INFO 337982 --- [registration-backend] [           main] j.LocalContainerEntityManagerFactoryBean : Initialized JPA EntityManagerFactory for persistence unit 'default'
2026-10-06T20:31:00.620+02:00  INFO 337982 --- [registration-backend] [           main] r$InitializeUserDetailsManagerConfigurer : Global AuthenticationManager configured with UserDetailsService bean with name organizers
2026-10-06T20:31:00.700+02:00  INFO 337982 --- [registration-backend] [           main] o.s.b.a.e.web.EndpointLinksResolver      : Exposing 1 endpoint beneath base path '/actuator'
2026-10-06T20:31:00.710+02:00  INFO 337982 --- [registration-backend] [           main] o.s.boot.tomcat.TomcatWebServer          : Tomcat started on port 37275 (http) with context path '/'
2026-10-06T20:31:00.712+02:00  INFO 337982 --- [registration-backend] [           main] o.a.maven.surefire.booter.ForkedBooter   : Started ForkedBooter in 0.624 seconds (process running for 39.635)
2026-10-06T20:31:00.715+02:00  INFO 337982 --- [registration-backend] [-auto-11-exec-1] o.a.c.c.C.[Tomcat].[localhost].[/]       : Initializing Spring DispatcherServlet 'dispatcherServlet'
2026-10-06T20:31:00.716+02:00  INFO 337982 --- [registration-backend] [-auto-11-exec-1] o.s.web.servlet.DispatcherServlet        : Initializing Servlet 'dispatcherServlet'
2026-10-06T20:31:00.717+02:00  INFO 337982 --- [registration-backend] [-auto-11-exec-1] o.s.web.servlet.DispatcherServlet        : Completed initialization in 1 ms
2026-10-06T20:31:03.759+02:00  INFO 337982 --- [registration-backend] [-auto-11-exec-2] s.k.r.application.RegistrationService    : Registration 071323a6-735e-40bb-94aa-8b2c7f55d824 accepted
2026-10-06T20:31:04.333+02:00  INFO 337982 --- [registration-backend] [-auto-11-exec-3] s.k.r.application.RegistrationService    : Registration cad4c66c-a2ba-4fdb-b711-33a8fe1ca7e0 accepted
2026-10-06T20:31:04.608+02:00  INFO 337982 --- [registration-backend] [           main] o.s.boot.tomcat.GracefulShutdown         : Commencing graceful shutdown. Waiting for active requests to complete
2026-10-06T20:31:04.611+02:00  INFO 337982 --- [registration-backend] [tomcat-shutdown] o.s.boot.tomcat.GracefulShutdown         : Graceful shutdown complete
2026-10-06T20:31:04.615+02:00  INFO 337982 --- [registration-backend] [           main] j.LocalContainerEntityManagerFactoryBean : Closing JPA EntityManagerFactory for persistence unit 'default'
2026-10-06T20:31:04.616+02:00  INFO 337982 --- [registration-backend] [           main] com.zaxxer.hikari.HikariDataSource       : HikariPool-11 - Shutdown initiated...
2026-10-06T20:31:04.625+02:00  INFO 337982 --- [registration-backend] [           main] com.zaxxer.hikari.HikariDataSource       : HikariPool-11 - Shutdown completed.
[INFO] Tests run: 3, Failures: 0, Errors: 0, Skipped: 0, Time elapsed: 4.588 s -- in si.konferenca.registration.acceptance.OrganizerNotificationAcceptanceTest
[INFO] Running si.konferenca.registration.acceptance.ConfigurableOptionsAcceptanceTest
2026-10-06T20:31:04.790+02:00  INFO 337982 --- [registration-backend] [           main] o.a.maven.surefire.booter.ForkedBooter   : Starting ForkedBooter v3.5.6 using Java 21.0.12.1 with PID 337982 (started by tjan-kazar in /home/tjan-kazar/storage/Work/lab/agentic_lab/agentic_lab/02_output/backend)
2026-10-06T20:31:04.790+02:00  INFO 337982 --- [registration-backend] [           main] o.a.maven.surefire.booter.ForkedBooter   : The following 1 profile is active: "test"
2026-10-06T20:31:04.869+02:00  INFO 337982 --- [registration-backend] [           main] .s.d.r.c.RepositoryConfigurationDelegate : Bootstrapping Spring Data JPA repositories in DEFAULT mode.
2026-10-06T20:31:04.874+02:00  INFO 337982 --- [registration-backend] [           main] .s.d.r.c.RepositoryConfigurationDelegate : Finished Spring Data repository scanning in 4 ms. Found 1 JPA repository interface.
2026-10-06T20:31:04.921+02:00  INFO 337982 --- [registration-backend] [           main] o.s.boot.tomcat.TomcatWebServer          : Tomcat initialized with port 0 (http)
2026-10-06T20:31:04.922+02:00  INFO 337982 --- [registration-backend] [           main] o.apache.catalina.core.StandardService   : Starting service [Tomcat]
2026-10-06T20:31:04.922+02:00  INFO 337982 --- [registration-backend] [           main] o.apache.catalina.core.StandardEngine    : Starting Servlet engine: [Apache Tomcat/11.0.26]
2026-10-06T20:31:04.929+02:00  INFO 337982 --- [registration-backend] [           main] b.w.c.s.WebApplicationContextInitializer : Root WebApplicationContext: initialization completed in 138 ms
2026-10-06T20:31:04.973+02:00  INFO 337982 --- [registration-backend] [           main] com.zaxxer.hikari.HikariDataSource       : HikariPool-12 - Starting...
2026-10-06T20:31:04.992+02:00  INFO 337982 --- [registration-backend] [           main] com.zaxxer.hikari.pool.HikariPool        : HikariPool-12 - Added connection org.postgresql.jdbc.PgConnection@31693ea2
2026-10-06T20:31:04.993+02:00  INFO 337982 --- [registration-backend] [           main] com.zaxxer.hikari.HikariDataSource       : HikariPool-12 - Start completed.
2026-10-06T20:31:04.994+02:00  INFO 337982 --- [registration-backend] [           main] org.flywaydb.core.FlywayExecutor         : Database: jdbc:postgresql://localhost:42797/reg_337982_22 (PostgreSQL 16.15)
2026-10-06T20:31:05.007+02:00  INFO 337982 --- [registration-backend] [           main] o.f.c.i.s.JdbcTableSchemaHistory         : Schema history table "public"."flyway_schema_history" does not exist yet
2026-10-06T20:31:05.007+02:00  INFO 337982 --- [registration-backend] [           main] o.f.core.internal.command.DbValidate     : Successfully validated 1 migration (execution time 00:00.003s)
2026-10-06T20:31:05.017+02:00  INFO 337982 --- [registration-backend] [           main] o.f.c.i.s.JdbcTableSchemaHistory         : Creating Schema History table "public"."flyway_schema_history" ...
2026-10-06T20:31:05.043+02:00  INFO 337982 --- [registration-backend] [           main] o.f.core.internal.command.DbMigrate      : Current version of schema "public": << Empty Schema >>
2026-10-06T20:31:05.046+02:00  INFO 337982 --- [registration-backend] [           main] o.f.core.internal.command.DbMigrate      : Migrating schema "public" to version "1 - create registration"
2026-10-06T20:31:05.068+02:00  INFO 337982 --- [registration-backend] [           main] o.f.core.internal.command.DbMigrate      : Successfully applied 1 migration to schema "public", now at version v1 (execution time 00:00.016s)
2026-10-06T20:31:05.077+02:00  INFO 337982 --- [registration-backend] [           main] org.hibernate.orm.jpa                    : HHH008540: Processing PersistenceUnitInfo [name: default]
2026-10-06T20:31:05.092+02:00  INFO 337982 --- [registration-backend] [           main] o.s.o.j.p.SpringPersistenceUnitInfo      : No LoadTimeWeaver setup: ignoring JPA class transformer
2026-10-06T20:31:05.099+02:00  INFO 337982 --- [registration-backend] [           main] org.hibernate.orm.connections.pooling    : HHH10001005: Database info:
	Database JDBC URL [jdbc:postgresql://localhost:42797/reg_337982_22]
	Database driver: PostgreSQL JDBC Driver
	Database dialect: PostgreSQLDialect
	Database version: 16.15
	Default catalog/schema: reg_337982_22/public
	Autocommit mode: undefined/unknown
	Isolation level: READ_COMMITTED [default READ_COMMITTED]
	JDBC fetch size: none
	Pool: DataSourceConnectionProvider
	Minimum pool size: undefined/unknown
	Maximum pool size: undefined/unknown
2026-10-06T20:31:05.128+02:00  INFO 337982 --- [registration-backend] [           main] org.hibernate.orm.core                   : HHH000489: No JTA platform available (set 'hibernate.transaction.jta.platform' to enable JTA platform integration)
2026-10-06T20:31:05.144+02:00  INFO 337982 --- [registration-backend] [           main] j.LocalContainerEntityManagerFactoryBean : Initialized JPA EntityManagerFactory for persistence unit 'default'
2026-10-06T20:31:05.163+02:00  WARN 337982 --- [registration-backend] [           main] ConfigServletWebServerApplicationContext : Exception encountered during context initialization - cancelling refresh attempt: org.springframework.beans.factory.UnsatisfiedDependencyException: Error creating bean with name 'optionsController' defined in file [/home/tjan-kazar/storage/Work/lab/agentic_lab/agentic_lab/02_output/backend/target/classes/si/konferenca/registration/web/OptionsController.class]: Unsatisfied dependency expressed through constructor parameter 0: Error creating bean with name 'setupQuery' defined in class path resource [si/konferenca/registration/config/ApplicationConfiguration.class]: Unsatisfied dependency expressed through method 'setupQuery' parameter 1: Error creating bean with name 'optionCatalog' defined in class path resource [si/konferenca/registration/config/ApplicationConfiguration.class]: Failed to instantiate [si.konferenca.registration.domain.OptionCatalog]: Factory method 'optionCatalog' threw exception with message: Invalid option configuration file:/tmp/junit-6262112685633574782/options-7684655053582.yaml: Duplicate option identifier 'ws-dup'
2026-10-06T20:31:05.163+02:00  INFO 337982 --- [registration-backend] [           main] j.LocalContainerEntityManagerFactoryBean : Closing JPA EntityManagerFactory for persistence unit 'default'
2026-10-06T20:31:05.163+02:00  INFO 337982 --- [registration-backend] [           main] com.zaxxer.hikari.HikariDataSource       : HikariPool-12 - Shutdown initiated...
2026-10-06T20:31:05.174+02:00  INFO 337982 --- [registration-backend] [           main] com.zaxxer.hikari.HikariDataSource       : HikariPool-12 - Shutdown completed.
2026-10-06T20:31:05.174+02:00  INFO 337982 --- [registration-backend] [           main] o.apache.catalina.core.StandardService   : Stopping service [Tomcat]
2026-10-06T20:31:05.177+02:00  INFO 337982 --- [registration-backend] [           main] .s.b.a.l.ConditionEvaluationReportLogger : 

Error starting ApplicationContext. To display the condition evaluation report re-run your application with 'debug' enabled.
2026-10-06T20:31:05.186+02:00 ERROR 337982 --- [registration-backend] [           main] o.s.boot.SpringApplication               : Application run failed

org.springframework.beans.factory.UnsatisfiedDependencyException: Error creating bean with name 'optionsController' defined in file [/home/tjan-kazar/storage/Work/lab/agentic_lab/agentic_lab/02_output/backend/target/classes/si/konferenca/registration/web/OptionsController.class]: Unsatisfied dependency expressed through constructor parameter 0: Error creating bean with name 'setupQuery' defined in class path resource [si/konferenca/registration/config/ApplicationConfiguration.class]: Unsatisfied dependency expressed through method 'setupQuery' parameter 1: Error creating bean with name 'optionCatalog' defined in class path resource [si/konferenca/registration/config/ApplicationConfiguration.class]: Failed to instantiate [si.konferenca.registration.domain.OptionCatalog]: Factory method 'optionCatalog' threw exception with message: Invalid option configuration file:/tmp/junit-6262112685633574782/options-7684655053582.yaml: Duplicate option identifier 'ws-dup'
	at org.springframework.beans.factory.support.ConstructorResolver.createArgumentArray(ConstructorResolver.java:804) ~[spring-beans-7.0.9.jar:7.0.9]
	at org.springframework.beans.factory.support.ConstructorResolver.autowireConstructor(ConstructorResolver.java:240) ~[spring-beans-7.0.9.jar:7.0.9]
	at org.springframework.beans.factory.support.AbstractAutowireCapableBeanFactory.autowireConstructor(AbstractAutowireCapableBeanFactory.java:1380) ~[spring-beans-7.0.9.jar:7.0.9]
	at org.springframework.beans.factory.support.AbstractAutowireCapableBeanFactory.createBeanInstance(AbstractAutowireCapableBeanFactory.java:1219) ~[spring-beans-7.0.9.jar:7.0.9]
	at org.springframework.beans.factory.support.AbstractAutowireCapableBeanFactory.doCreateBean(AbstractAutowireCapableBeanFactory.java:565) ~[spring-beans-7.0.9.jar:7.0.9]
	at org.springframework.beans.factory.support.AbstractAutowireCapableBeanFactory.createBean(AbstractAutowireCapableBeanFactory.java:525) ~[spring-beans-7.0.9.jar:7.0.9]
	at org.springframework.beans.factory.support.AbstractBeanFactory.lambda$doGetBean$0(AbstractBeanFactory.java:333) ~[spring-beans-7.0.9.jar:7.0.9]
	at org.springframework.beans.factory.support.DefaultSingletonBeanRegistry.getSingleton(DefaultSingletonBeanRegistry.java:371) ~[spring-beans-7.0.9.jar:7.0.9]
	at org.springframework.beans.factory.support.AbstractBeanFactory.doGetBean(AbstractBeanFactory.java:331) ~[spring-beans-7.0.9.jar:7.0.9]
	at org.springframework.beans.factory.support.AbstractBeanFactory.getBean(AbstractBeanFactory.java:196) ~[spring-beans-7.0.9.jar:7.0.9]
	at org.springframework.beans.factory.support.DefaultListableBeanFactory.instantiateSingleton(DefaultListableBeanFactory.java:1225) ~[spring-beans-7.0.9.jar:7.0.9]
	at org.springframework.beans.factory.support.DefaultListableBeanFactory.preInstantiateSingleton(DefaultListableBeanFactory.java:1191) ~[spring-beans-7.0.9.jar:7.0.9]
	at org.springframework.beans.factory.support.DefaultListableBeanFactory.preInstantiateSingletons(DefaultListableBeanFactory.java:1121) ~[spring-beans-7.0.9.jar:7.0.9]
	at org.springframework.context.support.AbstractApplicationContext.finishBeanFactoryInitialization(AbstractApplicationContext.java:994) ~[spring-context-7.0.9.jar:7.0.9]
	at org.springframework.context.support.AbstractApplicationContext.refresh(AbstractApplicationContext.java:621) ~[spring-context-7.0.9.jar:7.0.9]
	at org.springframework.boot.web.server.servlet.context.ServletWebServerApplicationContext.refresh(ServletWebServerApplicationContext.java:143) ~[spring-boot-web-server-4.1.1.jar:4.1.1]
	at org.springframework.boot.SpringApplication.refresh(SpringApplication.java:756) ~[spring-boot-4.1.1.jar:4.1.1]
	at org.springframework.boot.SpringApplication.refreshContext(SpringApplication.java:445) ~[spring-boot-4.1.1.jar:4.1.1]
	at org.springframework.boot.SpringApplication.run(SpringApplication.java:321) ~[spring-boot-4.1.1.jar:4.1.1]
	at org.springframework.boot.SpringApplication.run(SpringApplication.java:1365) ~[spring-boot-4.1.1.jar:4.1.1]
	at org.springframework.boot.SpringApplication.run(SpringApplication.java:1354) ~[spring-boot-4.1.1.jar:4.1.1]
	at si.konferenca.registration.acceptance.support.RunningApp.<init>(RunningApp.java:39) ~[test-classes/:na]
	at si.konferenca.registration.acceptance.support.RunningApp.start(RunningApp.java:45) ~[test-classes/:na]
	at si.konferenca.registration.acceptance.support.RunningApp.startupFailure(RunningApp.java:54) ~[test-classes/:na]
	at si.konferenca.registration.acceptance.ConfigurableOptionsAcceptanceTest.AC_003_04_duplicateIdentifierStopsStartupWithConfigurationError(ConfigurableOptionsAcceptanceTest.java:145) ~[test-classes/:na]
	at java.base/jdk.internal.reflect.DirectMethodHandleAccessor.invoke(DirectMethodHandleAccessor.java:103) ~[na:na]
	at java.base/java.lang.reflect.Method.invoke(Method.java:580) ~[na:na]
	at org.junit.platform.commons.util.ReflectionUtils.invokeMethod(ReflectionUtils.java:701) ~[junit-platform-commons-6.0.3.jar:6.0.3]
	at org.junit.platform.commons.support.ReflectionSupport.invokeMethod(ReflectionSupport.java:502) ~[junit-platform-commons-6.0.3.jar:6.0.3]
	at org.junit.jupiter.engine.support.MethodReflectionUtils.invoke(MethodReflectionUtils.java:45) ~[junit-jupiter-engine-6.0.3.jar:6.0.3]
	at org.junit.jupiter.engine.execution.MethodInvocation.proceed(MethodInvocation.java:61) ~[junit-jupiter-engine-6.0.3.jar:6.0.3]
	at org.junit.jupiter.engine.execution.InvocationInterceptorChain$ValidatingInvocation.proceed(InvocationInterceptorChain.java:124) ~[junit-jupiter-engine-6.0.3.jar:6.0.3]
	at org.junit.jupiter.engine.extension.TimeoutExtension.intercept(TimeoutExtension.java:163) ~[junit-jupiter-engine-6.0.3.jar:6.0.3]
	at org.junit.jupiter.engine.extension.TimeoutExtension.interceptTestableMethod(TimeoutExtension.java:148) ~[junit-jupiter-engine-6.0.3.jar:6.0.3]
	at org.junit.jupiter.engine.extension.TimeoutExtension.interceptTestMethod(TimeoutExtension.java:86) ~[junit-jupiter-engine-6.0.3.jar:6.0.3]
	at org.junit.jupiter.engine.execution.InterceptingExecutableInvoker$ReflectiveInterceptorCall.lambda$ofVoidMethod$0(InterceptingExecutableInvoker.java:123) ~[junit-jupiter-engine-6.0.3.jar:6.0.3]
	at org.junit.jupiter.engine.execution.InterceptingExecutableInvoker.lambda$invoke$0(InterceptingExecutableInvoker.java:105) ~[junit-jupiter-engine-6.0.3.jar:6.0.3]
	at org.junit.jupiter.engine.execution.InvocationInterceptorChain$InterceptedInvocation.proceed(InvocationInterceptorChain.java:99) ~[junit-jupiter-engine-6.0.3.jar:6.0.3]
	at org.junit.jupiter.engine.execution.InvocationInterceptorChain.proceed(InvocationInterceptorChain.java:66) ~[junit-jupiter-engine-6.0.3.jar:6.0.3]
	at org.junit.jupiter.engine.execution.InvocationInterceptorChain.chainAndInvoke(InvocationInterceptorChain.java:47) ~[junit-jupiter-engine-6.0.3.jar:6.0.3]
	at org.junit.jupiter.engine.execution.InvocationInterceptorChain.invoke(InvocationInterceptorChain.java:39) ~[junit-jupiter-engine-6.0.3.jar:6.0.3]
	at org.junit.jupiter.engine.execution.InterceptingExecutableInvoker.invoke(InterceptingExecutableInvoker.java:104) ~[junit-jupiter-engine-6.0.3.jar:6.0.3]
	at org.junit.jupiter.engine.execution.InterceptingExecutableInvoker.invoke(InterceptingExecutableInvoker.java:98) ~[junit-jupiter-engine-6.0.3.jar:6.0.3]
	at org.junit.jupiter.engine.execution.InterceptingExecutableInvoker.invokeVoid(InterceptingExecutableInvoker.java:71) ~[junit-jupiter-engine-6.0.3.jar:6.0.3]
	at org.junit.jupiter.engine.descriptor.TestMethodTestDescriptor.lambda$invokeTestMethod$0(TestMethodTestDescriptor.java:219) ~[junit-jupiter-engine-6.0.3.jar:6.0.3]
	at org.junit.platform.engine.support.hierarchical.ThrowableCollector.execute(ThrowableCollector.java:74) ~[junit-platform-engine-6.0.3.jar:6.0.3]
	at org.junit.jupiter.engine.descriptor.TestMethodTestDescriptor.invokeTestMethod(TestMethodTestDescriptor.java:215) ~[junit-jupiter-engine-6.0.3.jar:6.0.3]
	at org.junit.jupiter.engine.descriptor.TestMethodTestDescriptor.execute(TestMethodTestDescriptor.java:157) ~[junit-jupiter-engine-6.0.3.jar:6.0.3]
	at org.junit.jupiter.engine.descriptor.TestMethodTestDescriptor.execute(TestMethodTestDescriptor.java:70) ~[junit-jupiter-engine-6.0.3.jar:6.0.3]
	at org.junit.platform.engine.support.hierarchical.NodeTestTask.lambda$executeRecursively$2(NodeTestTask.java:176) ~[junit-platform-engine-6.0.3.jar:6.0.3]
	at org.junit.platform.engine.support.hierarchical.ThrowableCollector.execute(ThrowableCollector.java:74) ~[junit-platform-engine-6.0.3.jar:6.0.3]
	at org.junit.platform.engine.support.hierarchical.NodeTestTask.lambda$executeRecursively$1(NodeTestTask.java:166) ~[junit-platform-engine-6.0.3.jar:6.0.3]
	at org.junit.platform.engine.support.hierarchical.Node.around(Node.java:138) ~[junit-platform-engine-6.0.3.jar:6.0.3]
	at org.junit.platform.engine.support.hierarchical.NodeTestTask.lambda$executeRecursively$0(NodeTestTask.java:164) ~[junit-platform-engine-6.0.3.jar:6.0.3]
	at org.junit.platform.engine.support.hierarchical.ThrowableCollector.execute(ThrowableCollector.java:74) ~[junit-platform-engine-6.0.3.jar:6.0.3]
	at org.junit.platform.engine.support.hierarchical.NodeTestTask.executeRecursively(NodeTestTask.java:163) ~[junit-platform-engine-6.0.3.jar:6.0.3]
	at org.junit.platform.engine.support.hierarchical.NodeTestTask.execute(NodeTestTask.java:116) ~[junit-platform-engine-6.0.3.jar:6.0.3]
	at java.base/java.util.ArrayList.forEach(ArrayList.java:1596) ~[na:na]
	at org.junit.platform.engine.support.hierarchical.SameThreadHierarchicalTestExecutorService.invokeAll(SameThreadHierarchicalTestExecutorService.java:42) ~[junit-platform-engine-6.0.3.jar:6.0.3]
	at org.junit.platform.engine.support.hierarchical.NodeTestTask.lambda$executeRecursively$2(NodeTestTask.java:180) ~[junit-platform-engine-6.0.3.jar:6.0.3]
	at org.junit.platform.engine.support.hierarchical.ThrowableCollector.execute(ThrowableCollector.java:74) ~[junit-platform-engine-6.0.3.jar:6.0.3]
	at org.junit.platform.engine.support.hierarchical.NodeTestTask.lambda$executeRecursively$1(NodeTestTask.java:166) ~[junit-platform-engine-6.0.3.jar:6.0.3]
	at org.junit.platform.engine.support.hierarchical.Node.around(Node.java:138) ~[junit-platform-engine-6.0.3.jar:6.0.3]
	at org.junit.platform.engine.support.hierarchical.NodeTestTask.lambda$executeRecursively$0(NodeTestTask.java:164) ~[junit-platform-engine-6.0.3.jar:6.0.3]
	at org.junit.platform.engine.support.hierarchical.ThrowableCollector.execute(ThrowableCollector.java:74) ~[junit-platform-engine-6.0.3.jar:6.0.3]
	at org.junit.platform.engine.support.hierarchical.NodeTestTask.executeRecursively(NodeTestTask.java:163) ~[junit-platform-engine-6.0.3.jar:6.0.3]
	at org.junit.platform.engine.support.hierarchical.NodeTestTask.execute(NodeTestTask.java:116) ~[junit-platform-engine-6.0.3.jar:6.0.3]
	at java.base/java.util.ArrayList.forEach(ArrayList.java:1596) ~[na:na]
	at org.junit.platform.engine.support.hierarchical.SameThreadHierarchicalTestExecutorService.invokeAll(SameThreadHierarchicalTestExecutorService.java:42) ~[junit-platform-engine-6.0.3.jar:6.0.3]
	at org.junit.platform.engine.support.hierarchical.NodeTestTask.lambda$executeRecursively$2(NodeTestTask.java:180) ~[junit-platform-engine-6.0.3.jar:6.0.3]
	at org.junit.platform.engine.support.hierarchical.ThrowableCollector.execute(ThrowableCollector.java:74) ~[junit-platform-engine-6.0.3.jar:6.0.3]
	at org.junit.platform.engine.support.hierarchical.NodeTestTask.lambda$executeRecursively$1(NodeTestTask.java:166) ~[junit-platform-engine-6.0.3.jar:6.0.3]
	at org.junit.platform.engine.support.hierarchical.Node.around(Node.java:138) ~[junit-platform-engine-6.0.3.jar:6.0.3]
	at org.junit.platform.engine.support.hierarchical.NodeTestTask.lambda$executeRecursively$0(NodeTestTask.java:164) ~[junit-platform-engine-6.0.3.jar:6.0.3]
	at org.junit.platform.engine.support.hierarchical.ThrowableCollector.execute(ThrowableCollector.java:74) ~[junit-platform-engine-6.0.3.jar:6.0.3]
	at org.junit.platform.engine.support.hierarchical.NodeTestTask.executeRecursively(NodeTestTask.java:163) ~[junit-platform-engine-6.0.3.jar:6.0.3]
	at org.junit.platform.engine.support.hierarchical.NodeTestTask.execute(NodeTestTask.java:116) ~[junit-platform-engine-6.0.3.jar:6.0.3]
	at org.junit.platform.engine.support.hierarchical.SameThreadHierarchicalTestExecutorService.submit(SameThreadHierarchicalTestExecutorService.java:36) ~[junit-platform-engine-6.0.3.jar:6.0.3]
	at org.junit.platform.engine.support.hierarchical.HierarchicalTestExecutor.execute(HierarchicalTestExecutor.java:52) ~[junit-platform-engine-6.0.3.jar:6.0.3]
	at org.junit.platform.engine.support.hierarchical.HierarchicalTestEngine.execute(HierarchicalTestEngine.java:58) ~[junit-platform-engine-6.0.3.jar:6.0.3]
	at org.junit.platform.launcher.core.EngineExecutionOrchestrator.executeEngine(EngineExecutionOrchestrator.java:246) ~[junit-platform-launcher-6.0.3.jar:6.0.3]
	at org.junit.platform.launcher.core.EngineExecutionOrchestrator.failOrExecuteEngine(EngineExecutionOrchestrator.java:218) ~[junit-platform-launcher-6.0.3.jar:6.0.3]
	at org.junit.platform.launcher.core.EngineExecutionOrchestrator.execute(EngineExecutionOrchestrator.java:179) ~[junit-platform-launcher-6.0.3.jar:6.0.3]
	at org.junit.platform.launcher.core.EngineExecutionOrchestrator.execute(EngineExecutionOrchestrator.java:108) ~[junit-platform-launcher-6.0.3.jar:6.0.3]
	at org.junit.platform.launcher.core.EngineExecutionOrchestrator.lambda$execute$0(EngineExecutionOrchestrator.java:66) ~[junit-platform-launcher-6.0.3.jar:6.0.3]
	at org.junit.platform.launcher.core.EngineExecutionOrchestrator.withInterceptedStreams(EngineExecutionOrchestrator.java:157) ~[junit-platform-launcher-6.0.3.jar:6.0.3]
	at org.junit.platform.launcher.core.EngineExecutionOrchestrator.execute(EngineExecutionOrchestrator.java:65) ~[junit-platform-launcher-6.0.3.jar:6.0.3]
	at org.junit.platform.launcher.core.DefaultLauncher.execute(DefaultLauncher.java:125) ~[junit-platform-launcher-6.0.3.jar:6.0.3]
	at org.junit.platform.launcher.core.DefaultLauncher.execute(DefaultLauncher.java:114) ~[junit-platform-launcher-6.0.3.jar:6.0.3]
	at org.junit.platform.launcher.core.DelegatingLauncher.execute(DelegatingLauncher.java:58) ~[junit-platform-launcher-6.0.3.jar:6.0.3]
	at org.junit.platform.launcher.core.InterceptingLauncher.lambda$execute$2(InterceptingLauncher.java:57) ~[junit-platform-launcher-6.0.3.jar:6.0.3]
	at org.junit.platform.launcher.core.ClasspathAlignmentCheckingLauncherInterceptor.intercept(ClasspathAlignmentCheckingLauncherInterceptor.java:25) ~[junit-platform-launcher-6.0.3.jar:6.0.3]
	at org.junit.platform.launcher.core.InterceptingLauncher.execute(InterceptingLauncher.java:56) ~[junit-platform-launcher-6.0.3.jar:6.0.3]
	at org.junit.platform.launcher.core.DelegatingLauncher.execute(DelegatingLauncher.java:58) ~[junit-platform-launcher-6.0.3.jar:6.0.3]
	at java.base/jdk.internal.reflect.DirectMethodHandleAccessor.invoke(DirectMethodHandleAccessor.java:103) ~[na:na]
	at java.base/java.lang.reflect.Method.invoke(Method.java:580) ~[na:na]
	at org.apache.maven.surefire.api.util.ReflectionUtils.invokeMethodWithArray(ReflectionUtils.java:125) ~[surefire-api-3.5.6.jar:3.5.6]
	at org.apache.maven.surefire.junitplatform.LauncherAdapter.executeWithCancellationToken(LauncherAdapter.java:68) ~[surefire-junit-platform-3.5.6.jar:3.5.6]
	at org.apache.maven.surefire.junitplatform.LauncherAdapter.execute(LauncherAdapter.java:54) ~[surefire-junit-platform-3.5.6.jar:3.5.6]
	at org.apache.maven.surefire.junitplatform.JUnitPlatformProvider.execute(JUnitPlatformProvider.java:203) ~[surefire-junit-platform-3.5.6.jar:3.5.6]
	at org.apache.maven.surefire.junitplatform.JUnitPlatformProvider.invokeAllTests(JUnitPlatformProvider.java:168) ~[surefire-junit-platform-3.5.6.jar:3.5.6]
	at org.apache.maven.surefire.junitplatform.JUnitPlatformProvider.invoke(JUnitPlatformProvider.java:136) ~[surefire-junit-platform-3.5.6.jar:3.5.6]
	at org.apache.maven.surefire.booter.ForkedBooter.runSuitesInProcess(ForkedBooter.java:385) ~[surefire-booter-3.5.6.jar:3.5.6]
	at org.apache.maven.surefire.booter.ForkedBooter.execute(ForkedBooter.java:162) ~[surefire-booter-3.5.6.jar:3.5.6]
	at org.apache.maven.surefire.booter.ForkedBooter.run(ForkedBooter.java:507) ~[surefire-booter-3.5.6.jar:3.5.6]
	at org.apache.maven.surefire.booter.ForkedBooter.main(ForkedBooter.java:495) ~[surefire-booter-3.5.6.jar:3.5.6]
Caused by: org.springframework.beans.factory.UnsatisfiedDependencyException: Error creating bean with name 'setupQuery' defined in class path resource [si/konferenca/registration/config/ApplicationConfiguration.class]: Unsatisfied dependency expressed through method 'setupQuery' parameter 1: Error creating bean with name 'optionCatalog' defined in class path resource [si/konferenca/registration/config/ApplicationConfiguration.class]: Failed to instantiate [si.konferenca.registration.domain.OptionCatalog]: Factory method 'optionCatalog' threw exception with message: Invalid option configuration file:/tmp/junit-6262112685633574782/options-7684655053582.yaml: Duplicate option identifier 'ws-dup'
	at org.springframework.beans.factory.support.ConstructorResolver.createArgumentArray(ConstructorResolver.java:804) ~[spring-beans-7.0.9.jar:7.0.9]
	at org.springframework.beans.factory.support.ConstructorResolver.instantiateUsingFactoryMethod(ConstructorResolver.java:546) ~[spring-beans-7.0.9.jar:7.0.9]
	at org.springframework.beans.factory.support.AbstractAutowireCapableBeanFactory.instantiateUsingFactoryMethod(AbstractAutowireCapableBeanFactory.java:1360) ~[spring-beans-7.0.9.jar:7.0.9]
	at org.springframework.beans.factory.support.AbstractAutowireCapableBeanFactory.createBeanInstance(AbstractAutowireCapableBeanFactory.java:1192) ~[spring-beans-7.0.9.jar:7.0.9]
	at org.springframework.beans.factory.support.AbstractAutowireCapableBeanFactory.doCreateBean(AbstractAutowireCapableBeanFactory.java:565) ~[spring-beans-7.0.9.jar:7.0.9]
	at org.springframework.beans.factory.support.AbstractAutowireCapableBeanFactory.createBean(AbstractAutowireCapableBeanFactory.java:525) ~[spring-beans-7.0.9.jar:7.0.9]
	at org.springframework.beans.factory.support.AbstractBeanFactory.lambda$doGetBean$0(AbstractBeanFactory.java:333) ~[spring-beans-7.0.9.jar:7.0.9]
	at org.springframework.beans.factory.support.DefaultSingletonBeanRegistry.getSingleton(DefaultSingletonBeanRegistry.java:371) ~[spring-beans-7.0.9.jar:7.0.9]
	at org.springframework.beans.factory.support.AbstractBeanFactory.doGetBean(AbstractBeanFactory.java:331) ~[spring-beans-7.0.9.jar:7.0.9]
	at org.springframework.beans.factory.support.AbstractBeanFactory.getBean(AbstractBeanFactory.java:201) ~[spring-beans-7.0.9.jar:7.0.9]
	at org.springframework.beans.factory.config.DependencyDescriptor.resolveCandidate(DependencyDescriptor.java:229) ~[spring-beans-7.0.9.jar:7.0.9]
	at org.springframework.beans.factory.support.DefaultListableBeanFactory.doResolveDependency(DefaultListableBeanFactory.java:1769) ~[spring-beans-7.0.9.jar:7.0.9]
	at org.springframework.beans.factory.support.DefaultListableBeanFactory.resolveDependency(DefaultListableBeanFactory.java:1658) ~[spring-beans-7.0.9.jar:7.0.9]
	at org.springframework.beans.factory.support.ConstructorResolver.resolveAutowiredArgument(ConstructorResolver.java:912) ~[spring-beans-7.0.9.jar:7.0.9]
	at org.springframework.beans.factory.support.ConstructorResolver.createArgumentArray(ConstructorResolver.java:791) ~[spring-beans-7.0.9.jar:7.0.9]
	... 105 common frames omitted
Caused by: org.springframework.beans.factory.BeanCreationException: Error creating bean with name 'optionCatalog' defined in class path resource [si/konferenca/registration/config/ApplicationConfiguration.class]: Failed to instantiate [si.konferenca.registration.domain.OptionCatalog]: Factory method 'optionCatalog' threw exception with message: Invalid option configuration file:/tmp/junit-6262112685633574782/options-7684655053582.yaml: Duplicate option identifier 'ws-dup'
	at org.springframework.beans.factory.support.ConstructorResolver.instantiate(ConstructorResolver.java:657) ~[spring-beans-7.0.9.jar:7.0.9]
	at org.springframework.beans.factory.support.ConstructorResolver.instantiateUsingFactoryMethod(ConstructorResolver.java:645) ~[spring-beans-7.0.9.jar:7.0.9]
	at org.springframework.beans.factory.support.AbstractAutowireCapableBeanFactory.instantiateUsingFactoryMethod(AbstractAutowireCapableBeanFactory.java:1360) ~[spring-beans-7.0.9.jar:7.0.9]
	at org.springframework.beans.factory.support.AbstractAutowireCapableBeanFactory.createBeanInstance(AbstractAutowireCapableBeanFactory.java:1192) ~[spring-beans-7.0.9.jar:7.0.9]
	at org.springframework.beans.factory.support.AbstractAutowireCapableBeanFactory.doCreateBean(AbstractAutowireCapableBeanFactory.java:565) ~[spring-beans-7.0.9.jar:7.0.9]
	at org.springframework.beans.factory.support.AbstractAutowireCapableBeanFactory.createBean(AbstractAutowireCapableBeanFactory.java:525) ~[spring-beans-7.0.9.jar:7.0.9]
	at org.springframework.beans.factory.support.AbstractBeanFactory.lambda$doGetBean$0(AbstractBeanFactory.java:333) ~[spring-beans-7.0.9.jar:7.0.9]
	at org.springframework.beans.factory.support.DefaultSingletonBeanRegistry.getSingleton(DefaultSingletonBeanRegistry.java:371) ~[spring-beans-7.0.9.jar:7.0.9]
	at org.springframework.beans.factory.support.AbstractBeanFactory.doGetBean(AbstractBeanFactory.java:331) ~[spring-beans-7.0.9.jar:7.0.9]
	at org.springframework.beans.factory.support.AbstractBeanFactory.getBean(AbstractBeanFactory.java:201) ~[spring-beans-7.0.9.jar:7.0.9]
	at org.springframework.beans.factory.config.DependencyDescriptor.resolveCandidate(DependencyDescriptor.java:229) ~[spring-beans-7.0.9.jar:7.0.9]
	at org.springframework.beans.factory.support.DefaultListableBeanFactory.doResolveDependency(DefaultListableBeanFactory.java:1769) ~[spring-beans-7.0.9.jar:7.0.9]
	at org.springframework.beans.factory.support.DefaultListableBeanFactory.resolveDependency(DefaultListableBeanFactory.java:1658) ~[spring-beans-7.0.9.jar:7.0.9]
	at org.springframework.beans.factory.support.ConstructorResolver.resolveAutowiredArgument(ConstructorResolver.java:912) ~[spring-beans-7.0.9.jar:7.0.9]
	at org.springframework.beans.factory.support.ConstructorResolver.createArgumentArray(ConstructorResolver.java:791) ~[spring-beans-7.0.9.jar:7.0.9]
	... 119 common frames omitted
Caused by: org.springframework.beans.BeanInstantiationException: Failed to instantiate [si.konferenca.registration.domain.OptionCatalog]: Factory method 'optionCatalog' threw exception with message: Invalid option configuration file:/tmp/junit-6262112685633574782/options-7684655053582.yaml: Duplicate option identifier 'ws-dup'
	at org.springframework.beans.factory.support.SimpleInstantiationStrategy.lambda$instantiate$0(SimpleInstantiationStrategy.java:183) ~[spring-beans-7.0.9.jar:7.0.9]
	at org.springframework.beans.factory.support.SimpleInstantiationStrategy.instantiateWithFactoryMethod(SimpleInstantiationStrategy.java:72) ~[spring-beans-7.0.9.jar:7.0.9]
	at org.springframework.beans.factory.support.SimpleInstantiationStrategy.instantiate(SimpleInstantiationStrategy.java:152) ~[spring-beans-7.0.9.jar:7.0.9]
	at org.springframework.beans.factory.support.ConstructorResolver.instantiate(ConstructorResolver.java:653) ~[spring-beans-7.0.9.jar:7.0.9]
	... 133 common frames omitted
Caused by: java.lang.IllegalStateException: Invalid option configuration file:/tmp/junit-6262112685633574782/options-7684655053582.yaml: Duplicate option identifier 'ws-dup'
	at si.konferenca.registration.infrastructure.options.OptionCatalogLoader.invalid(OptionCatalogLoader.java:101) ~[classes/:na]
	at si.konferenca.registration.infrastructure.options.OptionCatalogLoader.toCatalog(OptionCatalogLoader.java:92) ~[classes/:na]
	at si.konferenca.registration.infrastructure.options.OptionCatalogLoader.load(OptionCatalogLoader.java:59) ~[classes/:na]
	at si.konferenca.registration.config.ApplicationConfiguration.optionCatalog(ApplicationConfiguration.java:50) ~[classes/:na]
	at si.konferenca.registration.config.ApplicationConfiguration$$SpringCGLIB$$0.CGLIB$optionCatalog$2(<generated>) ~[classes/:na]
	at si.konferenca.registration.config.ApplicationConfiguration$$SpringCGLIB$$FastClass$$1.invoke(<generated>) ~[classes/:na]
	at org.springframework.cglib.proxy.MethodProxy.invokeSuper(MethodProxy.java:258) ~[spring-core-7.0.9.jar:7.0.9]
	at org.springframework.context.annotation.ConfigurationClassEnhancer$BeanMethodInterceptor.intercept(ConfigurationClassEnhancer.java:398) ~[spring-context-7.0.9.jar:7.0.9]
	at si.konferenca.registration.config.ApplicationConfiguration$$SpringCGLIB$$0.optionCatalog(<generated>) ~[classes/:na]
	at java.base/jdk.internal.reflect.DirectMethodHandleAccessor.invoke(DirectMethodHandleAccessor.java:103) ~[na:na]
	at java.base/java.lang.reflect.Method.invoke(Method.java:580) ~[na:na]
	at org.springframework.beans.factory.support.SimpleInstantiationStrategy.lambda$instantiate$0(SimpleInstantiationStrategy.java:155) ~[spring-beans-7.0.9.jar:7.0.9]
	... 136 common frames omitted

2026-10-06T20:31:05.242+02:00  INFO 337982 --- [registration-backend] [           main] o.a.maven.surefire.booter.ForkedBooter   : Starting ForkedBooter v3.5.6 using Java 21.0.12.1 with PID 337982 (started by tjan-kazar in /home/tjan-kazar/storage/Work/lab/agentic_lab/agentic_lab/02_output/backend)
2026-10-06T20:31:05.242+02:00  INFO 337982 --- [registration-backend] [           main] o.a.maven.surefire.booter.ForkedBooter   : The following 1 profile is active: "test"
2026-10-06T20:31:05.315+02:00  INFO 337982 --- [registration-backend] [           main] .s.d.r.c.RepositoryConfigurationDelegate : Bootstrapping Spring Data JPA repositories in DEFAULT mode.
2026-10-06T20:31:05.320+02:00  INFO 337982 --- [registration-backend] [           main] .s.d.r.c.RepositoryConfigurationDelegate : Finished Spring Data repository scanning in 4 ms. Found 1 JPA repository interface.
2026-10-06T20:31:05.385+02:00  INFO 337982 --- [registration-backend] [           main] o.s.boot.tomcat.TomcatWebServer          : Tomcat initialized with port 0 (http)
2026-10-06T20:31:05.386+02:00  INFO 337982 --- [registration-backend] [           main] o.apache.catalina.core.StandardService   : Starting service [Tomcat]
2026-10-06T20:31:05.386+02:00  INFO 337982 --- [registration-backend] [           main] o.apache.catalina.core.StandardEngine    : Starting Servlet engine: [Apache Tomcat/11.0.26]
2026-10-06T20:31:05.394+02:00  INFO 337982 --- [registration-backend] [           main] b.w.c.s.WebApplicationContextInitializer : Root WebApplicationContext: initialization completed in 151 ms
2026-10-06T20:31:05.454+02:00  INFO 337982 --- [registration-backend] [           main] com.zaxxer.hikari.HikariDataSource       : HikariPool-13 - Starting...
2026-10-06T20:31:05.476+02:00  INFO 337982 --- [registration-backend] [           main] com.zaxxer.hikari.pool.HikariPool        : HikariPool-13 - Added connection org.postgresql.jdbc.PgConnection@4b95af5c
2026-10-06T20:31:05.477+02:00  INFO 337982 --- [registration-backend] [           main] com.zaxxer.hikari.HikariDataSource       : HikariPool-13 - Start completed.
2026-10-06T20:31:05.478+02:00  INFO 337982 --- [registration-backend] [           main] org.flywaydb.core.FlywayExecutor         : Database: jdbc:postgresql://localhost:42797/reg_337982_24 (PostgreSQL 16.15)
2026-10-06T20:31:05.493+02:00  INFO 337982 --- [registration-backend] [           main] o.f.c.i.s.JdbcTableSchemaHistory         : Schema history table "public"."flyway_schema_history" does not exist yet
2026-10-06T20:31:05.494+02:00  INFO 337982 --- [registration-backend] [           main] o.f.core.internal.command.DbValidate     : Successfully validated 1 migration (execution time 00:00.003s)
2026-10-06T20:31:05.504+02:00  INFO 337982 --- [registration-backend] [           main] o.f.c.i.s.JdbcTableSchemaHistory         : Creating Schema History table "public"."flyway_schema_history" ...
2026-10-06T20:31:05.531+02:00  INFO 337982 --- [registration-backend] [           main] o.f.core.internal.command.DbMigrate      : Current version of schema "public": << Empty Schema >>
2026-10-06T20:31:05.535+02:00  INFO 337982 --- [registration-backend] [           main] o.f.core.internal.command.DbMigrate      : Migrating schema "public" to version "1 - create registration"
2026-10-06T20:31:05.557+02:00  INFO 337982 --- [registration-backend] [           main] o.f.core.internal.command.DbMigrate      : Successfully applied 1 migration to schema "public", now at version v1 (execution time 00:00.017s)
2026-10-06T20:31:05.568+02:00  INFO 337982 --- [registration-backend] [           main] org.hibernate.orm.jpa                    : HHH008540: Processing PersistenceUnitInfo [name: default]
2026-10-06T20:31:05.586+02:00  INFO 337982 --- [registration-backend] [           main] o.s.o.j.p.SpringPersistenceUnitInfo      : No LoadTimeWeaver setup: ignoring JPA class transformer
2026-10-06T20:31:05.594+02:00  INFO 337982 --- [registration-backend] [           main] org.hibernate.orm.connections.pooling    : HHH10001005: Database info:
	Database JDBC URL [jdbc:postgresql://localhost:42797/reg_337982_24]
	Database driver: PostgreSQL JDBC Driver
	Database dialect: PostgreSQLDialect
	Database version: 16.15
	Default catalog/schema: reg_337982_24/public
	Autocommit mode: undefined/unknown
	Isolation level: READ_COMMITTED [default READ_COMMITTED]
	JDBC fetch size: none
	Pool: DataSourceConnectionProvider
	Minimum pool size: undefined/unknown
	Maximum pool size: undefined/unknown
2026-10-06T20:31:05.626+02:00  INFO 337982 --- [registration-backend] [           main] org.hibernate.orm.core                   : HHH000489: No JTA platform available (set 'hibernate.transaction.jta.platform' to enable JTA platform integration)
2026-10-06T20:31:05.642+02:00  INFO 337982 --- [registration-backend] [           main] j.LocalContainerEntityManagerFactoryBean : Initialized JPA EntityManagerFactory for persistence unit 'default'
2026-10-06T20:31:05.662+02:00  WARN 337982 --- [registration-backend] [           main] ConfigServletWebServerApplicationContext : Exception encountered during context initialization - cancelling refresh attempt: org.springframework.beans.factory.UnsatisfiedDependencyException: Error creating bean with name 'optionsController' defined in file [/home/tjan-kazar/storage/Work/lab/agentic_lab/agentic_lab/02_output/backend/target/classes/si/konferenca/registration/web/OptionsController.class]: Unsatisfied dependency expressed through constructor parameter 0: Error creating bean with name 'setupQuery' defined in class path resource [si/konferenca/registration/config/ApplicationConfiguration.class]: Unsatisfied dependency expressed through method 'setupQuery' parameter 1: Error creating bean with name 'optionCatalog' defined in class path resource [si/konferenca/registration/config/ApplicationConfiguration.class]: Failed to instantiate [si.konferenca.registration.domain.OptionCatalog]: Factory method 'optionCatalog' threw exception with message: Invalid option configuration file:/tmp/junit-16709884587354864569/options-7685192644887.yaml: option 'ws-noname' has no name
2026-10-06T20:31:05.662+02:00  INFO 337982 --- [registration-backend] [           main] j.LocalContainerEntityManagerFactoryBean : Closing JPA EntityManagerFactory for persistence unit 'default'
2026-10-06T20:31:05.662+02:00  INFO 337982 --- [registration-backend] [           main] com.zaxxer.hikari.HikariDataSource       : HikariPool-13 - Shutdown initiated...
2026-10-06T20:31:05.663+02:00  INFO 337982 --- [registration-backend] [           main] com.zaxxer.hikari.HikariDataSource       : HikariPool-13 - Shutdown completed.
2026-10-06T20:31:05.663+02:00  INFO 337982 --- [registration-backend] [           main] o.apache.catalina.core.StandardService   : Stopping service [Tomcat]
2026-10-06T20:31:05.666+02:00  INFO 337982 --- [registration-backend] [           main] .s.b.a.l.ConditionEvaluationReportLogger : 

Error starting ApplicationContext. To display the condition evaluation report re-run your application with 'debug' enabled.
2026-10-06T20:31:05.667+02:00 ERROR 337982 --- [registration-backend] [           main] o.s.boot.SpringApplication               : Application run failed

org.springframework.beans.factory.UnsatisfiedDependencyException: Error creating bean with name 'optionsController' defined in file [/home/tjan-kazar/storage/Work/lab/agentic_lab/agentic_lab/02_output/backend/target/classes/si/konferenca/registration/web/OptionsController.class]: Unsatisfied dependency expressed through constructor parameter 0: Error creating bean with name 'setupQuery' defined in class path resource [si/konferenca/registration/config/ApplicationConfiguration.class]: Unsatisfied dependency expressed through method 'setupQuery' parameter 1: Error creating bean with name 'optionCatalog' defined in class path resource [si/konferenca/registration/config/ApplicationConfiguration.class]: Failed to instantiate [si.konferenca.registration.domain.OptionCatalog]: Factory method 'optionCatalog' threw exception with message: Invalid option configuration file:/tmp/junit-16709884587354864569/options-7685192644887.yaml: option 'ws-noname' has no name
	at org.springframework.beans.factory.support.ConstructorResolver.createArgumentArray(ConstructorResolver.java:804) ~[spring-beans-7.0.9.jar:7.0.9]
	at org.springframework.beans.factory.support.ConstructorResolver.autowireConstructor(ConstructorResolver.java:240) ~[spring-beans-7.0.9.jar:7.0.9]
	at org.springframework.beans.factory.support.AbstractAutowireCapableBeanFactory.autowireConstructor(AbstractAutowireCapableBeanFactory.java:1380) ~[spring-beans-7.0.9.jar:7.0.9]
	at org.springframework.beans.factory.support.AbstractAutowireCapableBeanFactory.createBeanInstance(AbstractAutowireCapableBeanFactory.java:1219) ~[spring-beans-7.0.9.jar:7.0.9]
	at org.springframework.beans.factory.support.AbstractAutowireCapableBeanFactory.doCreateBean(AbstractAutowireCapableBeanFactory.java:565) ~[spring-beans-7.0.9.jar:7.0.9]
	at org.springframework.beans.factory.support.AbstractAutowireCapableBeanFactory.createBean(AbstractAutowireCapableBeanFactory.java:525) ~[spring-beans-7.0.9.jar:7.0.9]
	at org.springframework.beans.factory.support.AbstractBeanFactory.lambda$doGetBean$0(AbstractBeanFactory.java:333) ~[spring-beans-7.0.9.jar:7.0.9]
	at org.springframework.beans.factory.support.DefaultSingletonBeanRegistry.getSingleton(DefaultSingletonBeanRegistry.java:371) ~[spring-beans-7.0.9.jar:7.0.9]
	at org.springframework.beans.factory.support.AbstractBeanFactory.doGetBean(AbstractBeanFactory.java:331) ~[spring-beans-7.0.9.jar:7.0.9]
	at org.springframework.beans.factory.support.AbstractBeanFactory.getBean(AbstractBeanFactory.java:196) ~[spring-beans-7.0.9.jar:7.0.9]
	at org.springframework.beans.factory.support.DefaultListableBeanFactory.instantiateSingleton(DefaultListableBeanFactory.java:1225) ~[spring-beans-7.0.9.jar:7.0.9]
	at org.springframework.beans.factory.support.DefaultListableBeanFactory.preInstantiateSingleton(DefaultListableBeanFactory.java:1191) ~[spring-beans-7.0.9.jar:7.0.9]
	at org.springframework.beans.factory.support.DefaultListableBeanFactory.preInstantiateSingletons(DefaultListableBeanFactory.java:1121) ~[spring-beans-7.0.9.jar:7.0.9]
	at org.springframework.context.support.AbstractApplicationContext.finishBeanFactoryInitialization(AbstractApplicationContext.java:994) ~[spring-context-7.0.9.jar:7.0.9]
	at org.springframework.context.support.AbstractApplicationContext.refresh(AbstractApplicationContext.java:621) ~[spring-context-7.0.9.jar:7.0.9]
	at org.springframework.boot.web.server.servlet.context.ServletWebServerApplicationContext.refresh(ServletWebServerApplicationContext.java:143) ~[spring-boot-web-server-4.1.1.jar:4.1.1]
	at org.springframework.boot.SpringApplication.refresh(SpringApplication.java:756) ~[spring-boot-4.1.1.jar:4.1.1]
	at org.springframework.boot.SpringApplication.refreshContext(SpringApplication.java:445) ~[spring-boot-4.1.1.jar:4.1.1]
	at org.springframework.boot.SpringApplication.run(SpringApplication.java:321) ~[spring-boot-4.1.1.jar:4.1.1]
	at org.springframework.boot.SpringApplication.run(SpringApplication.java:1365) ~[spring-boot-4.1.1.jar:4.1.1]
	at org.springframework.boot.SpringApplication.run(SpringApplication.java:1354) ~[spring-boot-4.1.1.jar:4.1.1]
	at si.konferenca.registration.acceptance.support.RunningApp.<init>(RunningApp.java:39) ~[test-classes/:na]
	at si.konferenca.registration.acceptance.support.RunningApp.start(RunningApp.java:45) ~[test-classes/:na]
	at si.konferenca.registration.acceptance.support.RunningApp.startupFailure(RunningApp.java:54) ~[test-classes/:na]
	at si.konferenca.registration.acceptance.ConfigurableOptionsAcceptanceTest.AC_003_04_missingDisplayNameStopsStartupWithConfigurationError(ConfigurableOptionsAcceptanceTest.java:157) ~[test-classes/:na]
	at java.base/jdk.internal.reflect.DirectMethodHandleAccessor.invoke(DirectMethodHandleAccessor.java:103) ~[na:na]
	at java.base/java.lang.reflect.Method.invoke(Method.java:580) ~[na:na]
	at org.junit.platform.commons.util.ReflectionUtils.invokeMethod(ReflectionUtils.java:701) ~[junit-platform-commons-6.0.3.jar:6.0.3]
	at org.junit.platform.commons.support.ReflectionSupport.invokeMethod(ReflectionSupport.java:502) ~[junit-platform-commons-6.0.3.jar:6.0.3]
	at org.junit.jupiter.engine.support.MethodReflectionUtils.invoke(MethodReflectionUtils.java:45) ~[junit-jupiter-engine-6.0.3.jar:6.0.3]
	at org.junit.jupiter.engine.execution.MethodInvocation.proceed(MethodInvocation.java:61) ~[junit-jupiter-engine-6.0.3.jar:6.0.3]
	at org.junit.jupiter.engine.execution.InvocationInterceptorChain$ValidatingInvocation.proceed(InvocationInterceptorChain.java:124) ~[junit-jupiter-engine-6.0.3.jar:6.0.3]
	at org.junit.jupiter.engine.extension.TimeoutExtension.intercept(TimeoutExtension.java:163) ~[junit-jupiter-engine-6.0.3.jar:6.0.3]
	at org.junit.jupiter.engine.extension.TimeoutExtension.interceptTestableMethod(TimeoutExtension.java:148) ~[junit-jupiter-engine-6.0.3.jar:6.0.3]
	at org.junit.jupiter.engine.extension.TimeoutExtension.interceptTestMethod(TimeoutExtension.java:86) ~[junit-jupiter-engine-6.0.3.jar:6.0.3]
	at org.junit.jupiter.engine.execution.InterceptingExecutableInvoker$ReflectiveInterceptorCall.lambda$ofVoidMethod$0(InterceptingExecutableInvoker.java:123) ~[junit-jupiter-engine-6.0.3.jar:6.0.3]
	at org.junit.jupiter.engine.execution.InterceptingExecutableInvoker.lambda$invoke$0(InterceptingExecutableInvoker.java:105) ~[junit-jupiter-engine-6.0.3.jar:6.0.3]
	at org.junit.jupiter.engine.execution.InvocationInterceptorChain$InterceptedInvocation.proceed(InvocationInterceptorChain.java:99) ~[junit-jupiter-engine-6.0.3.jar:6.0.3]
	at org.junit.jupiter.engine.execution.InvocationInterceptorChain.proceed(InvocationInterceptorChain.java:66) ~[junit-jupiter-engine-6.0.3.jar:6.0.3]
	at org.junit.jupiter.engine.execution.InvocationInterceptorChain.chainAndInvoke(InvocationInterceptorChain.java:47) ~[junit-jupiter-engine-6.0.3.jar:6.0.3]
	at org.junit.jupiter.engine.execution.InvocationInterceptorChain.invoke(InvocationInterceptorChain.java:39) ~[junit-jupiter-engine-6.0.3.jar:6.0.3]
	at org.junit.jupiter.engine.execution.InterceptingExecutableInvoker.invoke(InterceptingExecutableInvoker.java:104) ~[junit-jupiter-engine-6.0.3.jar:6.0.3]
	at org.junit.jupiter.engine.execution.InterceptingExecutableInvoker.invoke(InterceptingExecutableInvoker.java:98) ~[junit-jupiter-engine-6.0.3.jar:6.0.3]
	at org.junit.jupiter.engine.execution.InterceptingExecutableInvoker.invokeVoid(InterceptingExecutableInvoker.java:71) ~[junit-jupiter-engine-6.0.3.jar:6.0.3]
	at org.junit.jupiter.engine.descriptor.TestMethodTestDescriptor.lambda$invokeTestMethod$0(TestMethodTestDescriptor.java:219) ~[junit-jupiter-engine-6.0.3.jar:6.0.3]
	at org.junit.platform.engine.support.hierarchical.ThrowableCollector.execute(ThrowableCollector.java:74) ~[junit-platform-engine-6.0.3.jar:6.0.3]
	at org.junit.jupiter.engine.descriptor.TestMethodTestDescriptor.invokeTestMethod(TestMethodTestDescriptor.java:215) ~[junit-jupiter-engine-6.0.3.jar:6.0.3]
	at org.junit.jupiter.engine.descriptor.TestMethodTestDescriptor.execute(TestMethodTestDescriptor.java:157) ~[junit-jupiter-engine-6.0.3.jar:6.0.3]
	at org.junit.jupiter.engine.descriptor.TestMethodTestDescriptor.execute(TestMethodTestDescriptor.java:70) ~[junit-jupiter-engine-6.0.3.jar:6.0.3]
	at org.junit.platform.engine.support.hierarchical.NodeTestTask.lambda$executeRecursively$2(NodeTestTask.java:176) ~[junit-platform-engine-6.0.3.jar:6.0.3]
	at org.junit.platform.engine.support.hierarchical.ThrowableCollector.execute(ThrowableCollector.java:74) ~[junit-platform-engine-6.0.3.jar:6.0.3]
	at org.junit.platform.engine.support.hierarchical.NodeTestTask.lambda$executeRecursively$1(NodeTestTask.java:166) ~[junit-platform-engine-6.0.3.jar:6.0.3]
	at org.junit.platform.engine.support.hierarchical.Node.around(Node.java:138) ~[junit-platform-engine-6.0.3.jar:6.0.3]
	at org.junit.platform.engine.support.hierarchical.NodeTestTask.lambda$executeRecursively$0(NodeTestTask.java:164) ~[junit-platform-engine-6.0.3.jar:6.0.3]
	at org.junit.platform.engine.support.hierarchical.ThrowableCollector.execute(ThrowableCollector.java:74) ~[junit-platform-engine-6.0.3.jar:6.0.3]
	at org.junit.platform.engine.support.hierarchical.NodeTestTask.executeRecursively(NodeTestTask.java:163) ~[junit-platform-engine-6.0.3.jar:6.0.3]
	at org.junit.platform.engine.support.hierarchical.NodeTestTask.execute(NodeTestTask.java:116) ~[junit-platform-engine-6.0.3.jar:6.0.3]
	at java.base/java.util.ArrayList.forEach(ArrayList.java:1596) ~[na:na]
	at org.junit.platform.engine.support.hierarchical.SameThreadHierarchicalTestExecutorService.invokeAll(SameThreadHierarchicalTestExecutorService.java:42) ~[junit-platform-engine-6.0.3.jar:6.0.3]
	at org.junit.platform.engine.support.hierarchical.NodeTestTask.lambda$executeRecursively$2(NodeTestTask.java:180) ~[junit-platform-engine-6.0.3.jar:6.0.3]
	at org.junit.platform.engine.support.hierarchical.ThrowableCollector.execute(ThrowableCollector.java:74) ~[junit-platform-engine-6.0.3.jar:6.0.3]
	at org.junit.platform.engine.support.hierarchical.NodeTestTask.lambda$executeRecursively$1(NodeTestTask.java:166) ~[junit-platform-engine-6.0.3.jar:6.0.3]
	at org.junit.platform.engine.support.hierarchical.Node.around(Node.java:138) ~[junit-platform-engine-6.0.3.jar:6.0.3]
	at org.junit.platform.engine.support.hierarchical.NodeTestTask.lambda$executeRecursively$0(NodeTestTask.java:164) ~[junit-platform-engine-6.0.3.jar:6.0.3]
	at org.junit.platform.engine.support.hierarchical.ThrowableCollector.execute(ThrowableCollector.java:74) ~[junit-platform-engine-6.0.3.jar:6.0.3]
	at org.junit.platform.engine.support.hierarchical.NodeTestTask.executeRecursively(NodeTestTask.java:163) ~[junit-platform-engine-6.0.3.jar:6.0.3]
	at org.junit.platform.engine.support.hierarchical.NodeTestTask.execute(NodeTestTask.java:116) ~[junit-platform-engine-6.0.3.jar:6.0.3]
	at java.base/java.util.ArrayList.forEach(ArrayList.java:1596) ~[na:na]
	at org.junit.platform.engine.support.hierarchical.SameThreadHierarchicalTestExecutorService.invokeAll(SameThreadHierarchicalTestExecutorService.java:42) ~[junit-platform-engine-6.0.3.jar:6.0.3]
	at org.junit.platform.engine.support.hierarchical.NodeTestTask.lambda$executeRecursively$2(NodeTestTask.java:180) ~[junit-platform-engine-6.0.3.jar:6.0.3]
	at org.junit.platform.engine.support.hierarchical.ThrowableCollector.execute(ThrowableCollector.java:74) ~[junit-platform-engine-6.0.3.jar:6.0.3]
	at org.junit.platform.engine.support.hierarchical.NodeTestTask.lambda$executeRecursively$1(NodeTestTask.java:166) ~[junit-platform-engine-6.0.3.jar:6.0.3]
	at org.junit.platform.engine.support.hierarchical.Node.around(Node.java:138) ~[junit-platform-engine-6.0.3.jar:6.0.3]
	at org.junit.platform.engine.support.hierarchical.NodeTestTask.lambda$executeRecursively$0(NodeTestTask.java:164) ~[junit-platform-engine-6.0.3.jar:6.0.3]
	at org.junit.platform.engine.support.hierarchical.ThrowableCollector.execute(ThrowableCollector.java:74) ~[junit-platform-engine-6.0.3.jar:6.0.3]
	at org.junit.platform.engine.support.hierarchical.NodeTestTask.executeRecursively(NodeTestTask.java:163) ~[junit-platform-engine-6.0.3.jar:6.0.3]
	at org.junit.platform.engine.support.hierarchical.NodeTestTask.execute(NodeTestTask.java:116) ~[junit-platform-engine-6.0.3.jar:6.0.3]
	at org.junit.platform.engine.support.hierarchical.SameThreadHierarchicalTestExecutorService.submit(SameThreadHierarchicalTestExecutorService.java:36) ~[junit-platform-engine-6.0.3.jar:6.0.3]
	at org.junit.platform.engine.support.hierarchical.HierarchicalTestExecutor.execute(HierarchicalTestExecutor.java:52) ~[junit-platform-engine-6.0.3.jar:6.0.3]
	at org.junit.platform.engine.support.hierarchical.HierarchicalTestEngine.execute(HierarchicalTestEngine.java:58) ~[junit-platform-engine-6.0.3.jar:6.0.3]
	at org.junit.platform.launcher.core.EngineExecutionOrchestrator.executeEngine(EngineExecutionOrchestrator.java:246) ~[junit-platform-launcher-6.0.3.jar:6.0.3]
	at org.junit.platform.launcher.core.EngineExecutionOrchestrator.failOrExecuteEngine(EngineExecutionOrchestrator.java:218) ~[junit-platform-launcher-6.0.3.jar:6.0.3]
	at org.junit.platform.launcher.core.EngineExecutionOrchestrator.execute(EngineExecutionOrchestrator.java:179) ~[junit-platform-launcher-6.0.3.jar:6.0.3]
	at org.junit.platform.launcher.core.EngineExecutionOrchestrator.execute(EngineExecutionOrchestrator.java:108) ~[junit-platform-launcher-6.0.3.jar:6.0.3]
	at org.junit.platform.launcher.core.EngineExecutionOrchestrator.lambda$execute$0(EngineExecutionOrchestrator.java:66) ~[junit-platform-launcher-6.0.3.jar:6.0.3]
	at org.junit.platform.launcher.core.EngineExecutionOrchestrator.withInterceptedStreams(EngineExecutionOrchestrator.java:157) ~[junit-platform-launcher-6.0.3.jar:6.0.3]
	at org.junit.platform.launcher.core.EngineExecutionOrchestrator.execute(EngineExecutionOrchestrator.java:65) ~[junit-platform-launcher-6.0.3.jar:6.0.3]
	at org.junit.platform.launcher.core.DefaultLauncher.execute(DefaultLauncher.java:125) ~[junit-platform-launcher-6.0.3.jar:6.0.3]
	at org.junit.platform.launcher.core.DefaultLauncher.execute(DefaultLauncher.java:114) ~[junit-platform-launcher-6.0.3.jar:6.0.3]
	at org.junit.platform.launcher.core.DelegatingLauncher.execute(DelegatingLauncher.java:58) ~[junit-platform-launcher-6.0.3.jar:6.0.3]
	at org.junit.platform.launcher.core.InterceptingLauncher.lambda$execute$2(InterceptingLauncher.java:57) ~[junit-platform-launcher-6.0.3.jar:6.0.3]
	at org.junit.platform.launcher.core.ClasspathAlignmentCheckingLauncherInterceptor.intercept(ClasspathAlignmentCheckingLauncherInterceptor.java:25) ~[junit-platform-launcher-6.0.3.jar:6.0.3]
	at org.junit.platform.launcher.core.InterceptingLauncher.execute(InterceptingLauncher.java:56) ~[junit-platform-launcher-6.0.3.jar:6.0.3]
	at org.junit.platform.launcher.core.DelegatingLauncher.execute(DelegatingLauncher.java:58) ~[junit-platform-launcher-6.0.3.jar:6.0.3]
	at java.base/jdk.internal.reflect.DirectMethodHandleAccessor.invoke(DirectMethodHandleAccessor.java:103) ~[na:na]
	at java.base/java.lang.reflect.Method.invoke(Method.java:580) ~[na:na]
	at org.apache.maven.surefire.api.util.ReflectionUtils.invokeMethodWithArray(ReflectionUtils.java:125) ~[surefire-api-3.5.6.jar:3.5.6]
	at org.apache.maven.surefire.junitplatform.LauncherAdapter.executeWithCancellationToken(LauncherAdapter.java:68) ~[surefire-junit-platform-3.5.6.jar:3.5.6]
	at org.apache.maven.surefire.junitplatform.LauncherAdapter.execute(LauncherAdapter.java:54) ~[surefire-junit-platform-3.5.6.jar:3.5.6]
	at org.apache.maven.surefire.junitplatform.JUnitPlatformProvider.execute(JUnitPlatformProvider.java:203) ~[surefire-junit-platform-3.5.6.jar:3.5.6]
	at org.apache.maven.surefire.junitplatform.JUnitPlatformProvider.invokeAllTests(JUnitPlatformProvider.java:168) ~[surefire-junit-platform-3.5.6.jar:3.5.6]
	at org.apache.maven.surefire.junitplatform.JUnitPlatformProvider.invoke(JUnitPlatformProvider.java:136) ~[surefire-junit-platform-3.5.6.jar:3.5.6]
	at org.apache.maven.surefire.booter.ForkedBooter.runSuitesInProcess(ForkedBooter.java:385) ~[surefire-booter-3.5.6.jar:3.5.6]
	at org.apache.maven.surefire.booter.ForkedBooter.execute(ForkedBooter.java:162) ~[surefire-booter-3.5.6.jar:3.5.6]
	at org.apache.maven.surefire.booter.ForkedBooter.run(ForkedBooter.java:507) ~[surefire-booter-3.5.6.jar:3.5.6]
	at org.apache.maven.surefire.booter.ForkedBooter.main(ForkedBooter.java:495) ~[surefire-booter-3.5.6.jar:3.5.6]
Caused by: org.springframework.beans.factory.UnsatisfiedDependencyException: Error creating bean with name 'setupQuery' defined in class path resource [si/konferenca/registration/config/ApplicationConfiguration.class]: Unsatisfied dependency expressed through method 'setupQuery' parameter 1: Error creating bean with name 'optionCatalog' defined in class path resource [si/konferenca/registration/config/ApplicationConfiguration.class]: Failed to instantiate [si.konferenca.registration.domain.OptionCatalog]: Factory method 'optionCatalog' threw exception with message: Invalid option configuration file:/tmp/junit-16709884587354864569/options-7685192644887.yaml: option 'ws-noname' has no name
	at org.springframework.beans.factory.support.ConstructorResolver.createArgumentArray(ConstructorResolver.java:804) ~[spring-beans-7.0.9.jar:7.0.9]
	at org.springframework.beans.factory.support.ConstructorResolver.instantiateUsingFactoryMethod(ConstructorResolver.java:546) ~[spring-beans-7.0.9.jar:7.0.9]
	at org.springframework.beans.factory.support.AbstractAutowireCapableBeanFactory.instantiateUsingFactoryMethod(AbstractAutowireCapableBeanFactory.java:1360) ~[spring-beans-7.0.9.jar:7.0.9]
	at org.springframework.beans.factory.support.AbstractAutowireCapableBeanFactory.createBeanInstance(AbstractAutowireCapableBeanFactory.java:1192) ~[spring-beans-7.0.9.jar:7.0.9]
	at org.springframework.beans.factory.support.AbstractAutowireCapableBeanFactory.doCreateBean(AbstractAutowireCapableBeanFactory.java:565) ~[spring-beans-7.0.9.jar:7.0.9]
	at org.springframework.beans.factory.support.AbstractAutowireCapableBeanFactory.createBean(AbstractAutowireCapableBeanFactory.java:525) ~[spring-beans-7.0.9.jar:7.0.9]
	at org.springframework.beans.factory.support.AbstractBeanFactory.lambda$doGetBean$0(AbstractBeanFactory.java:333) ~[spring-beans-7.0.9.jar:7.0.9]
	at org.springframework.beans.factory.support.DefaultSingletonBeanRegistry.getSingleton(DefaultSingletonBeanRegistry.java:371) ~[spring-beans-7.0.9.jar:7.0.9]
	at org.springframework.beans.factory.support.AbstractBeanFactory.doGetBean(AbstractBeanFactory.java:331) ~[spring-beans-7.0.9.jar:7.0.9]
	at org.springframework.beans.factory.support.AbstractBeanFactory.getBean(AbstractBeanFactory.java:201) ~[spring-beans-7.0.9.jar:7.0.9]
	at org.springframework.beans.factory.config.DependencyDescriptor.resolveCandidate(DependencyDescriptor.java:229) ~[spring-beans-7.0.9.jar:7.0.9]
	at org.springframework.beans.factory.support.DefaultListableBeanFactory.doResolveDependency(DefaultListableBeanFactory.java:1769) ~[spring-beans-7.0.9.jar:7.0.9]
	at org.springframework.beans.factory.support.DefaultListableBeanFactory.resolveDependency(DefaultListableBeanFactory.java:1658) ~[spring-beans-7.0.9.jar:7.0.9]
	at org.springframework.beans.factory.support.ConstructorResolver.resolveAutowiredArgument(ConstructorResolver.java:912) ~[spring-beans-7.0.9.jar:7.0.9]
	at org.springframework.beans.factory.support.ConstructorResolver.createArgumentArray(ConstructorResolver.java:791) ~[spring-beans-7.0.9.jar:7.0.9]
	... 105 common frames omitted
Caused by: org.springframework.beans.factory.BeanCreationException: Error creating bean with name 'optionCatalog' defined in class path resource [si/konferenca/registration/config/ApplicationConfiguration.class]: Failed to instantiate [si.konferenca.registration.domain.OptionCatalog]: Factory method 'optionCatalog' threw exception with message: Invalid option configuration file:/tmp/junit-16709884587354864569/options-7685192644887.yaml: option 'ws-noname' has no name
	at org.springframework.beans.factory.support.ConstructorResolver.instantiate(ConstructorResolver.java:657) ~[spring-beans-7.0.9.jar:7.0.9]
	at org.springframework.beans.factory.support.ConstructorResolver.instantiateUsingFactoryMethod(ConstructorResolver.java:645) ~[spring-beans-7.0.9.jar:7.0.9]
	at org.springframework.beans.factory.support.AbstractAutowireCapableBeanFactory.instantiateUsingFactoryMethod(AbstractAutowireCapableBeanFactory.java:1360) ~[spring-beans-7.0.9.jar:7.0.9]
	at org.springframework.beans.factory.support.AbstractAutowireCapableBeanFactory.createBeanInstance(AbstractAutowireCapableBeanFactory.java:1192) ~[spring-beans-7.0.9.jar:7.0.9]
	at org.springframework.beans.factory.support.AbstractAutowireCapableBeanFactory.doCreateBean(AbstractAutowireCapableBeanFactory.java:565) ~[spring-beans-7.0.9.jar:7.0.9]
	at org.springframework.beans.factory.support.AbstractAutowireCapableBeanFactory.createBean(AbstractAutowireCapableBeanFactory.java:525) ~[spring-beans-7.0.9.jar:7.0.9]
	at org.springframework.beans.factory.support.AbstractBeanFactory.lambda$doGetBean$0(AbstractBeanFactory.java:333) ~[spring-beans-7.0.9.jar:7.0.9]
	at org.springframework.beans.factory.support.DefaultSingletonBeanRegistry.getSingleton(DefaultSingletonBeanRegistry.java:371) ~[spring-beans-7.0.9.jar:7.0.9]
	at org.springframework.beans.factory.support.AbstractBeanFactory.doGetBean(AbstractBeanFactory.java:331) ~[spring-beans-7.0.9.jar:7.0.9]
	at org.springframework.beans.factory.support.AbstractBeanFactory.getBean(AbstractBeanFactory.java:201) ~[spring-beans-7.0.9.jar:7.0.9]
	at org.springframework.beans.factory.config.DependencyDescriptor.resolveCandidate(DependencyDescriptor.java:229) ~[spring-beans-7.0.9.jar:7.0.9]
	at org.springframework.beans.factory.support.DefaultListableBeanFactory.doResolveDependency(DefaultListableBeanFactory.java:1769) ~[spring-beans-7.0.9.jar:7.0.9]
	at org.springframework.beans.factory.support.DefaultListableBeanFactory.resolveDependency(DefaultListableBeanFactory.java:1658) ~[spring-beans-7.0.9.jar:7.0.9]
	at org.springframework.beans.factory.support.ConstructorResolver.resolveAutowiredArgument(ConstructorResolver.java:912) ~[spring-beans-7.0.9.jar:7.0.9]
	at org.springframework.beans.factory.support.ConstructorResolver.createArgumentArray(ConstructorResolver.java:791) ~[spring-beans-7.0.9.jar:7.0.9]
	... 119 common frames omitted
Caused by: org.springframework.beans.BeanInstantiationException: Failed to instantiate [si.konferenca.registration.domain.OptionCatalog]: Factory method 'optionCatalog' threw exception with message: Invalid option configuration file:/tmp/junit-16709884587354864569/options-7685192644887.yaml: option 'ws-noname' has no name
	at org.springframework.beans.factory.support.SimpleInstantiationStrategy.lambda$instantiate$0(SimpleInstantiationStrategy.java:183) ~[spring-beans-7.0.9.jar:7.0.9]
	at org.springframework.beans.factory.support.SimpleInstantiationStrategy.instantiateWithFactoryMethod(SimpleInstantiationStrategy.java:72) ~[spring-beans-7.0.9.jar:7.0.9]
	at org.springframework.beans.factory.support.SimpleInstantiationStrategy.instantiate(SimpleInstantiationStrategy.java:152) ~[spring-beans-7.0.9.jar:7.0.9]
	at org.springframework.beans.factory.support.ConstructorResolver.instantiate(ConstructorResolver.java:653) ~[spring-beans-7.0.9.jar:7.0.9]
	... 133 common frames omitted
Caused by: java.lang.IllegalStateException: Invalid option configuration file:/tmp/junit-16709884587354864569/options-7685192644887.yaml: option 'ws-noname' has no name
	at si.konferenca.registration.infrastructure.options.OptionCatalogLoader.invalid(OptionCatalogLoader.java:101) ~[classes/:na]
	at si.konferenca.registration.infrastructure.options.OptionCatalogLoader.toCatalog(OptionCatalogLoader.java:74) ~[classes/:na]
	at si.konferenca.registration.infrastructure.options.OptionCatalogLoader.load(OptionCatalogLoader.java:59) ~[classes/:na]
	at si.konferenca.registration.config.ApplicationConfiguration.optionCatalog(ApplicationConfiguration.java:50) ~[classes/:na]
	at si.konferenca.registration.config.ApplicationConfiguration$$SpringCGLIB$$0.CGLIB$optionCatalog$2(<generated>) ~[classes/:na]
	at si.konferenca.registration.config.ApplicationConfiguration$$SpringCGLIB$$FastClass$$1.invoke(<generated>) ~[classes/:na]
	at org.springframework.cglib.proxy.MethodProxy.invokeSuper(MethodProxy.java:258) ~[spring-core-7.0.9.jar:7.0.9]
	at org.springframework.context.annotation.ConfigurationClassEnhancer$BeanMethodInterceptor.intercept(ConfigurationClassEnhancer.java:398) ~[spring-context-7.0.9.jar:7.0.9]
	at si.konferenca.registration.config.ApplicationConfiguration$$SpringCGLIB$$0.optionCatalog(<generated>) ~[classes/:na]
	at java.base/jdk.internal.reflect.DirectMethodHandleAccessor.invoke(DirectMethodHandleAccessor.java:103) ~[na:na]
	at java.base/java.lang.reflect.Method.invoke(Method.java:580) ~[na:na]
	at org.springframework.beans.factory.support.SimpleInstantiationStrategy.lambda$instantiate$0(SimpleInstantiationStrategy.java:155) ~[spring-beans-7.0.9.jar:7.0.9]
	... 136 common frames omitted

2026-10-06T20:31:05.723+02:00  INFO 337982 --- [registration-backend] [           main] o.a.maven.surefire.booter.ForkedBooter   : Starting ForkedBooter v3.5.6 using Java 21.0.12.1 with PID 337982 (started by tjan-kazar in /home/tjan-kazar/storage/Work/lab/agentic_lab/agentic_lab/02_output/backend)
2026-10-06T20:31:05.723+02:00  INFO 337982 --- [registration-backend] [           main] o.a.maven.surefire.booter.ForkedBooter   : The following 1 profile is active: "test"
2026-10-06T20:31:05.803+02:00  INFO 337982 --- [registration-backend] [           main] .s.d.r.c.RepositoryConfigurationDelegate : Bootstrapping Spring Data JPA repositories in DEFAULT mode.
2026-10-06T20:31:05.810+02:00  INFO 337982 --- [registration-backend] [           main] .s.d.r.c.RepositoryConfigurationDelegate : Finished Spring Data repository scanning in 5 ms. Found 1 JPA repository interface.
2026-10-06T20:31:05.860+02:00  INFO 337982 --- [registration-backend] [           main] o.s.boot.tomcat.TomcatWebServer          : Tomcat initialized with port 0 (http)
2026-10-06T20:31:05.860+02:00  INFO 337982 --- [registration-backend] [           main] o.apache.catalina.core.StandardService   : Starting service [Tomcat]
2026-10-06T20:31:05.861+02:00  INFO 337982 --- [registration-backend] [           main] o.apache.catalina.core.StandardEngine    : Starting Servlet engine: [Apache Tomcat/11.0.26]
2026-10-06T20:31:05.869+02:00  INFO 337982 --- [registration-backend] [           main] b.w.c.s.WebApplicationContextInitializer : Root WebApplicationContext: initialization completed in 145 ms
2026-10-06T20:31:05.908+02:00  INFO 337982 --- [registration-backend] [           main] com.zaxxer.hikari.HikariDataSource       : HikariPool-14 - Starting...
2026-10-06T20:31:05.931+02:00  INFO 337982 --- [registration-backend] [           main] com.zaxxer.hikari.pool.HikariPool        : HikariPool-14 - Added connection org.postgresql.jdbc.PgConnection@7b1d9907
2026-10-06T20:31:05.931+02:00  INFO 337982 --- [registration-backend] [           main] com.zaxxer.hikari.HikariDataSource       : HikariPool-14 - Start completed.
2026-10-06T20:31:05.932+02:00  INFO 337982 --- [registration-backend] [           main] org.flywaydb.core.FlywayExecutor         : Database: jdbc:postgresql://localhost:42797/reg_337982_26 (PostgreSQL 16.15)
2026-10-06T20:31:05.946+02:00  INFO 337982 --- [registration-backend] [           main] o.f.c.i.s.JdbcTableSchemaHistory         : Schema history table "public"."flyway_schema_history" does not exist yet
2026-10-06T20:31:05.947+02:00  INFO 337982 --- [registration-backend] [           main] o.f.core.internal.command.DbValidate     : Successfully validated 1 migration (execution time 00:00.003s)
2026-10-06T20:31:05.957+02:00  INFO 337982 --- [registration-backend] [           main] o.f.c.i.s.JdbcTableSchemaHistory         : Creating Schema History table "public"."flyway_schema_history" ...
2026-10-06T20:31:05.985+02:00  INFO 337982 --- [registration-backend] [           main] o.f.core.internal.command.DbMigrate      : Current version of schema "public": << Empty Schema >>
2026-10-06T20:31:05.988+02:00  INFO 337982 --- [registration-backend] [           main] o.f.core.internal.command.DbMigrate      : Migrating schema "public" to version "1 - create registration"
2026-10-06T20:31:06.013+02:00  INFO 337982 --- [registration-backend] [           main] o.f.core.internal.command.DbMigrate      : Successfully applied 1 migration to schema "public", now at version v1 (execution time 00:00.017s)
2026-10-06T20:31:06.023+02:00  INFO 337982 --- [registration-backend] [           main] org.hibernate.orm.jpa                    : HHH008540: Processing PersistenceUnitInfo [name: default]
2026-10-06T20:31:06.039+02:00  INFO 337982 --- [registration-backend] [           main] o.s.o.j.p.SpringPersistenceUnitInfo      : No LoadTimeWeaver setup: ignoring JPA class transformer
2026-10-06T20:31:06.046+02:00  INFO 337982 --- [registration-backend] [           main] org.hibernate.orm.connections.pooling    : HHH10001005: Database info:
	Database JDBC URL [jdbc:postgresql://localhost:42797/reg_337982_26]
	Database driver: PostgreSQL JDBC Driver
	Database dialect: PostgreSQLDialect
	Database version: 16.15
	Default catalog/schema: reg_337982_26/public
	Autocommit mode: undefined/unknown
	Isolation level: READ_COMMITTED [default READ_COMMITTED]
	JDBC fetch size: none
	Pool: DataSourceConnectionProvider
	Minimum pool size: undefined/unknown
	Maximum pool size: undefined/unknown
2026-10-06T20:31:06.073+02:00  INFO 337982 --- [registration-backend] [           main] org.hibernate.orm.core                   : HHH000489: No JTA platform available (set 'hibernate.transaction.jta.platform' to enable JTA platform integration)
2026-10-06T20:31:06.089+02:00  INFO 337982 --- [registration-backend] [           main] j.LocalContainerEntityManagerFactoryBean : Initialized JPA EntityManagerFactory for persistence unit 'default'
2026-10-06T20:31:06.196+02:00  INFO 337982 --- [registration-backend] [           main] r$InitializeUserDetailsManagerConfigurer : Global AuthenticationManager configured with UserDetailsService bean with name organizers
2026-10-06T20:31:06.276+02:00  INFO 337982 --- [registration-backend] [           main] o.s.b.a.e.web.EndpointLinksResolver      : Exposing 1 endpoint beneath base path '/actuator'
2026-10-06T20:31:06.286+02:00  INFO 337982 --- [registration-backend] [           main] o.s.boot.tomcat.TomcatWebServer          : Tomcat started on port 42319 (http) with context path '/'
2026-10-06T20:31:06.289+02:00  INFO 337982 --- [registration-backend] [           main] o.a.maven.surefire.booter.ForkedBooter   : Started ForkedBooter in 0.579 seconds (process running for 45.212)
2026-10-06T20:31:06.293+02:00  INFO 337982 --- [registration-backend] [-auto-14-exec-1] o.a.c.c.C.[Tomcat-2].[localhost].[/]     : Initializing Spring DispatcherServlet 'dispatcherServlet'
2026-10-06T20:31:06.293+02:00  INFO 337982 --- [registration-backend] [-auto-14-exec-1] o.s.web.servlet.DispatcherServlet        : Initializing Servlet 'dispatcherServlet'
2026-10-06T20:31:06.295+02:00  INFO 337982 --- [registration-backend] [-auto-14-exec-1] o.s.web.servlet.DispatcherServlet        : Completed initialization in 2 ms
2026-10-06T20:31:06.305+02:00  INFO 337982 --- [registration-backend] [           main] o.s.boot.tomcat.GracefulShutdown         : Commencing graceful shutdown. Waiting for active requests to complete
2026-10-06T20:31:06.307+02:00  INFO 337982 --- [registration-backend] [tomcat-shutdown] o.s.boot.tomcat.GracefulShutdown         : Graceful shutdown complete
2026-10-06T20:31:06.311+02:00  INFO 337982 --- [registration-backend] [           main] j.LocalContainerEntityManagerFactoryBean : Closing JPA EntityManagerFactory for persistence unit 'default'
2026-10-06T20:31:06.311+02:00  INFO 337982 --- [registration-backend] [           main] com.zaxxer.hikari.HikariDataSource       : HikariPool-14 - Shutdown initiated...
2026-10-06T20:31:06.335+02:00  INFO 337982 --- [registration-backend] [           main] com.zaxxer.hikari.HikariDataSource       : HikariPool-14 - Shutdown completed.
2026-10-06T20:31:06.349+02:00  INFO 337982 --- [registration-backend] [           main] o.a.maven.surefire.booter.ForkedBooter   : Starting ForkedBooter v3.5.6 using Java 21.0.12.1 with PID 337982 (started by tjan-kazar in /home/tjan-kazar/storage/Work/lab/agentic_lab/agentic_lab/02_output/backend)
2026-10-06T20:31:06.350+02:00  INFO 337982 --- [registration-backend] [           main] o.a.maven.surefire.booter.ForkedBooter   : The following 1 profile is active: "test"
2026-10-06T20:31:06.425+02:00  INFO 337982 --- [registration-backend] [           main] .s.d.r.c.RepositoryConfigurationDelegate : Bootstrapping Spring Data JPA repositories in DEFAULT mode.
2026-10-06T20:31:06.431+02:00  INFO 337982 --- [registration-backend] [           main] .s.d.r.c.RepositoryConfigurationDelegate : Finished Spring Data repository scanning in 5 ms. Found 1 JPA repository interface.
2026-10-06T20:31:06.482+02:00  INFO 337982 --- [registration-backend] [           main] o.s.boot.tomcat.TomcatWebServer          : Tomcat initialized with port 0 (http)
2026-10-06T20:31:06.483+02:00  INFO 337982 --- [registration-backend] [           main] o.apache.catalina.core.StandardService   : Starting service [Tomcat]
2026-10-06T20:31:06.483+02:00  INFO 337982 --- [registration-backend] [           main] o.apache.catalina.core.StandardEngine    : Starting Servlet engine: [Apache Tomcat/11.0.26]
2026-10-06T20:31:06.490+02:00  INFO 337982 --- [registration-backend] [           main] b.w.c.s.WebApplicationContextInitializer : Root WebApplicationContext: initialization completed in 140 ms
2026-10-06T20:31:06.550+02:00  INFO 337982 --- [registration-backend] [           main] com.zaxxer.hikari.HikariDataSource       : HikariPool-15 - Starting...
2026-10-06T20:31:06.565+02:00  INFO 337982 --- [registration-backend] [           main] com.zaxxer.hikari.pool.HikariPool        : HikariPool-15 - Added connection org.postgresql.jdbc.PgConnection@79c16e2f
2026-10-06T20:31:06.565+02:00  INFO 337982 --- [registration-backend] [           main] com.zaxxer.hikari.HikariDataSource       : HikariPool-15 - Start completed.
2026-10-06T20:31:06.566+02:00  INFO 337982 --- [registration-backend] [           main] org.flywaydb.core.FlywayExecutor         : Database: jdbc:postgresql://localhost:42797/reg_337982_26 (PostgreSQL 16.15)
2026-10-06T20:31:06.583+02:00  INFO 337982 --- [registration-backend] [           main] o.f.core.internal.command.DbValidate     : Successfully validated 1 migration (execution time 00:00.005s)
2026-10-06T20:31:06.613+02:00  INFO 337982 --- [registration-backend] [           main] o.f.core.internal.command.DbMigrate      : Current version of schema "public": 1
2026-10-06T20:31:06.614+02:00  INFO 337982 --- [registration-backend] [           main] o.f.core.internal.command.DbMigrate      : Schema "public" is up to date. No migration necessary.
2026-10-06T20:31:06.627+02:00  INFO 337982 --- [registration-backend] [           main] org.hibernate.orm.jpa                    : HHH008540: Processing PersistenceUnitInfo [name: default]
2026-10-06T20:31:06.643+02:00  INFO 337982 --- [registration-backend] [           main] o.s.o.j.p.SpringPersistenceUnitInfo      : No LoadTimeWeaver setup: ignoring JPA class transformer
2026-10-06T20:31:06.651+02:00  INFO 337982 --- [registration-backend] [           main] org.hibernate.orm.connections.pooling    : HHH10001005: Database info:
	Database JDBC URL [jdbc:postgresql://localhost:42797/reg_337982_26]
	Database driver: PostgreSQL JDBC Driver
	Database dialect: PostgreSQLDialect
	Database version: 16.15
	Default catalog/schema: reg_337982_26/public
	Autocommit mode: undefined/unknown
	Isolation level: READ_COMMITTED [default READ_COMMITTED]
	JDBC fetch size: none
	Pool: DataSourceConnectionProvider
	Minimum pool size: undefined/unknown
	Maximum pool size: undefined/unknown
2026-10-06T20:31:06.681+02:00  INFO 337982 --- [registration-backend] [           main] org.hibernate.orm.core                   : HHH000489: No JTA platform available (set 'hibernate.transaction.jta.platform' to enable JTA platform integration)
2026-10-06T20:31:06.699+02:00  INFO 337982 --- [registration-backend] [           main] j.LocalContainerEntityManagerFactoryBean : Initialized JPA EntityManagerFactory for persistence unit 'default'
2026-10-06T20:31:06.810+02:00  INFO 337982 --- [registration-backend] [           main] r$InitializeUserDetailsManagerConfigurer : Global AuthenticationManager configured with UserDetailsService bean with name organizers
2026-10-06T20:31:06.885+02:00  INFO 337982 --- [registration-backend] [           main] o.s.b.a.e.web.EndpointLinksResolver      : Exposing 1 endpoint beneath base path '/actuator'
2026-10-06T20:31:06.895+02:00  INFO 337982 --- [registration-backend] [           main] o.s.boot.tomcat.TomcatWebServer          : Tomcat started on port 39821 (http) with context path '/'
2026-10-06T20:31:06.897+02:00  INFO 337982 --- [registration-backend] [           main] o.a.maven.surefire.booter.ForkedBooter   : Started ForkedBooter in 0.559 seconds (process running for 45.82)
2026-10-06T20:31:06.899+02:00  INFO 337982 --- [registration-backend] [-auto-15-exec-1] o.a.c.c.C.[Tomcat-2].[localhost].[/]     : Initializing Spring DispatcherServlet 'dispatcherServlet'
2026-10-06T20:31:06.900+02:00  INFO 337982 --- [registration-backend] [-auto-15-exec-1] o.s.web.servlet.DispatcherServlet        : Initializing Servlet 'dispatcherServlet'
2026-10-06T20:31:06.900+02:00  INFO 337982 --- [registration-backend] [-auto-15-exec-1] o.s.web.servlet.DispatcherServlet        : Completed initialization in 0 ms
2026-10-06T20:31:06.928+02:00  INFO 337982 --- [registration-backend] [           main] o.s.boot.tomcat.GracefulShutdown         : Commencing graceful shutdown. Waiting for active requests to complete
2026-10-06T20:31:06.928+02:00  INFO 337982 --- [registration-backend] [tomcat-shutdown] o.s.boot.tomcat.GracefulShutdown         : Graceful shutdown complete
2026-10-06T20:31:06.931+02:00  INFO 337982 --- [registration-backend] [           main] j.LocalContainerEntityManagerFactoryBean : Closing JPA EntityManagerFactory for persistence unit 'default'
2026-10-06T20:31:06.931+02:00  INFO 337982 --- [registration-backend] [           main] com.zaxxer.hikari.HikariDataSource       : HikariPool-15 - Shutdown initiated...
2026-10-06T20:31:06.967+02:00  INFO 337982 --- [registration-backend] [           main] com.zaxxer.hikari.HikariDataSource       : HikariPool-15 - Shutdown completed.
2026-10-06T20:31:07.016+02:00  INFO 337982 --- [registration-backend] [           main] o.a.maven.surefire.booter.ForkedBooter   : Starting ForkedBooter v3.5.6 using Java 21.0.12.1 with PID 337982 (started by tjan-kazar in /home/tjan-kazar/storage/Work/lab/agentic_lab/agentic_lab/02_output/backend)
2026-10-06T20:31:07.016+02:00  INFO 337982 --- [registration-backend] [           main] o.a.maven.surefire.booter.ForkedBooter   : The following 1 profile is active: "test"
2026-10-06T20:31:07.090+02:00  INFO 337982 --- [registration-backend] [           main] .s.d.r.c.RepositoryConfigurationDelegate : Bootstrapping Spring Data JPA repositories in DEFAULT mode.
2026-10-06T20:31:07.095+02:00  INFO 337982 --- [registration-backend] [           main] .s.d.r.c.RepositoryConfigurationDelegate : Finished Spring Data repository scanning in 4 ms. Found 1 JPA repository interface.
2026-10-06T20:31:07.143+02:00  INFO 337982 --- [registration-backend] [           main] o.s.boot.tomcat.TomcatWebServer          : Tomcat initialized with port 0 (http)
2026-10-06T20:31:07.143+02:00  INFO 337982 --- [registration-backend] [           main] o.apache.catalina.core.StandardService   : Starting service [Tomcat]
2026-10-06T20:31:07.144+02:00  INFO 337982 --- [registration-backend] [           main] o.apache.catalina.core.StandardEngine    : Starting Servlet engine: [Apache Tomcat/11.0.26]
2026-10-06T20:31:07.151+02:00  INFO 337982 --- [registration-backend] [           main] b.w.c.s.WebApplicationContextInitializer : Root WebApplicationContext: initialization completed in 134 ms
2026-10-06T20:31:07.191+02:00  INFO 337982 --- [registration-backend] [           main] com.zaxxer.hikari.HikariDataSource       : HikariPool-16 - Starting...
2026-10-06T20:31:07.217+02:00  INFO 337982 --- [registration-backend] [           main] com.zaxxer.hikari.pool.HikariPool        : HikariPool-16 - Added connection org.postgresql.jdbc.PgConnection@20c71
2026-10-06T20:31:07.217+02:00  INFO 337982 --- [registration-backend] [           main] com.zaxxer.hikari.HikariDataSource       : HikariPool-16 - Start completed.
2026-10-06T20:31:07.218+02:00  INFO 337982 --- [registration-backend] [           main] org.flywaydb.core.FlywayExecutor         : Database: jdbc:postgresql://localhost:42797/reg_337982_28 (PostgreSQL 16.15)
2026-10-06T20:31:07.231+02:00  INFO 337982 --- [registration-backend] [           main] o.f.c.i.s.JdbcTableSchemaHistory         : Schema history table "public"."flyway_schema_history" does not exist yet
2026-10-06T20:31:07.232+02:00  INFO 337982 --- [registration-backend] [           main] o.f.core.internal.command.DbValidate     : Successfully validated 1 migration (execution time 00:00.003s)
2026-10-06T20:31:07.241+02:00  INFO 337982 --- [registration-backend] [           main] o.f.c.i.s.JdbcTableSchemaHistory         : Creating Schema History table "public"."flyway_schema_history" ...
2026-10-06T20:31:07.267+02:00  INFO 337982 --- [registration-backend] [           main] o.f.core.internal.command.DbMigrate      : Current version of schema "public": << Empty Schema >>
2026-10-06T20:31:07.271+02:00  INFO 337982 --- [registration-backend] [           main] o.f.core.internal.command.DbMigrate      : Migrating schema "public" to version "1 - create registration"
2026-10-06T20:31:07.293+02:00  INFO 337982 --- [registration-backend] [           main] o.f.core.internal.command.DbMigrate      : Successfully applied 1 migration to schema "public", now at version v1 (execution time 00:00.017s)
2026-10-06T20:31:07.302+02:00  INFO 337982 --- [registration-backend] [           main] org.hibernate.orm.jpa                    : HHH008540: Processing PersistenceUnitInfo [name: default]
2026-10-06T20:31:07.317+02:00  INFO 337982 --- [registration-backend] [           main] o.s.o.j.p.SpringPersistenceUnitInfo      : No LoadTimeWeaver setup: ignoring JPA class transformer
2026-10-06T20:31:07.324+02:00  INFO 337982 --- [registration-backend] [           main] org.hibernate.orm.connections.pooling    : HHH10001005: Database info:
	Database JDBC URL [jdbc:postgresql://localhost:42797/reg_337982_28]
	Database driver: PostgreSQL JDBC Driver
	Database dialect: PostgreSQLDialect
	Database version: 16.15
	Default catalog/schema: reg_337982_28/public
	Autocommit mode: undefined/unknown
	Isolation level: READ_COMMITTED [default READ_COMMITTED]
	JDBC fetch size: none
	Pool: DataSourceConnectionProvider
	Minimum pool size: undefined/unknown
	Maximum pool size: undefined/unknown
2026-10-06T20:31:07.351+02:00  INFO 337982 --- [registration-backend] [           main] org.hibernate.orm.core                   : HHH000489: No JTA platform available (set 'hibernate.transaction.jta.platform' to enable JTA platform integration)
2026-10-06T20:31:07.369+02:00  INFO 337982 --- [registration-backend] [           main] j.LocalContainerEntityManagerFactoryBean : Initialized JPA EntityManagerFactory for persistence unit 'default'
2026-10-06T20:31:07.388+02:00  WARN 337982 --- [registration-backend] [           main] ConfigServletWebServerApplicationContext : Exception encountered during context initialization - cancelling refresh attempt: org.springframework.beans.factory.UnsatisfiedDependencyException: Error creating bean with name 'optionsController' defined in file [/home/tjan-kazar/storage/Work/lab/agentic_lab/agentic_lab/02_output/backend/target/classes/si/konferenca/registration/web/OptionsController.class]: Unsatisfied dependency expressed through constructor parameter 0: Error creating bean with name 'setupQuery' defined in class path resource [si/konferenca/registration/config/ApplicationConfiguration.class]: Unsatisfied dependency expressed through method 'setupQuery' parameter 1: Error creating bean with name 'optionCatalog' defined in class path resource [si/konferenca/registration/config/ApplicationConfiguration.class]: Failed to instantiate [si.konferenca.registration.domain.OptionCatalog]: Factory method 'optionCatalog' threw exception with message: Failed to bind properties under 'conference.options[0].category' to si.konferenca.registration.domain.OptionCategory
2026-10-06T20:31:07.388+02:00  INFO 337982 --- [registration-backend] [           main] j.LocalContainerEntityManagerFactoryBean : Closing JPA EntityManagerFactory for persistence unit 'default'
2026-10-06T20:31:07.388+02:00  INFO 337982 --- [registration-backend] [           main] com.zaxxer.hikari.HikariDataSource       : HikariPool-16 - Shutdown initiated...
2026-10-06T20:31:07.400+02:00  INFO 337982 --- [registration-backend] [           main] com.zaxxer.hikari.HikariDataSource       : HikariPool-16 - Shutdown completed.
2026-10-06T20:31:07.401+02:00  INFO 337982 --- [registration-backend] [           main] o.apache.catalina.core.StandardService   : Stopping service [Tomcat]
2026-10-06T20:31:07.403+02:00  INFO 337982 --- [registration-backend] [           main] .s.b.a.l.ConditionEvaluationReportLogger : 

Error starting ApplicationContext. To display the condition evaluation report re-run your application with 'debug' enabled.
2026-10-06T20:31:07.404+02:00 ERROR 337982 --- [registration-backend] [           main] o.s.b.d.LoggingFailureAnalysisReporter   : 

***************************
APPLICATION FAILED TO START
***************************

Description:

Failed to bind properties under 'conference.options[0].category' to si.konferenca.registration.domain.OptionCategory:

    Property: conference.options[0].category
    Value: "BANQUET"
    Origin: URL [file:/tmp/junit-1573219086711115806/options-7686965842225.yaml] - 6:51
    Reason: failed to convert java.lang.String to si.konferenca.registration.domain.OptionCategory (caused by java.lang.IllegalArgumentException: No enum constant si.konferenca.registration.domain.OptionCategory.BANQUET)

Action:

Update your application's configuration. The following values are valid:

    EVENT
    MEAL
    OTHER
    WORKSHOP

2026-10-06T20:31:07.454+02:00  INFO 337982 --- [registration-backend] [           main] o.a.maven.surefire.booter.ForkedBooter   : Starting ForkedBooter v3.5.6 using Java 21.0.12.1 with PID 337982 (started by tjan-kazar in /home/tjan-kazar/storage/Work/lab/agentic_lab/agentic_lab/02_output/backend)
2026-10-06T20:31:07.454+02:00  INFO 337982 --- [registration-backend] [           main] o.a.maven.surefire.booter.ForkedBooter   : The following 1 profile is active: "test"
2026-10-06T20:31:07.538+02:00  INFO 337982 --- [registration-backend] [           main] .s.d.r.c.RepositoryConfigurationDelegate : Bootstrapping Spring Data JPA repositories in DEFAULT mode.
2026-10-06T20:31:07.543+02:00  INFO 337982 --- [registration-backend] [           main] .s.d.r.c.RepositoryConfigurationDelegate : Finished Spring Data repository scanning in 4 ms. Found 1 JPA repository interface.
2026-10-06T20:31:07.590+02:00  INFO 337982 --- [registration-backend] [           main] o.s.boot.tomcat.TomcatWebServer          : Tomcat initialized with port 0 (http)
2026-10-06T20:31:07.591+02:00  INFO 337982 --- [registration-backend] [           main] o.apache.catalina.core.StandardService   : Starting service [Tomcat]
2026-10-06T20:31:07.591+02:00  INFO 337982 --- [registration-backend] [           main] o.apache.catalina.core.StandardEngine    : Starting Servlet engine: [Apache Tomcat/11.0.26]
2026-10-06T20:31:07.599+02:00  INFO 337982 --- [registration-backend] [           main] b.w.c.s.WebApplicationContextInitializer : Root WebApplicationContext: initialization completed in 144 ms
2026-10-06T20:31:07.640+02:00  INFO 337982 --- [registration-backend] [           main] com.zaxxer.hikari.HikariDataSource       : HikariPool-17 - Starting...
2026-10-06T20:31:07.664+02:00  INFO 337982 --- [registration-backend] [           main] com.zaxxer.hikari.pool.HikariPool        : HikariPool-17 - Added connection org.postgresql.jdbc.PgConnection@729c2ca
2026-10-06T20:31:07.664+02:00  INFO 337982 --- [registration-backend] [           main] com.zaxxer.hikari.HikariDataSource       : HikariPool-17 - Start completed.
2026-10-06T20:31:07.665+02:00  INFO 337982 --- [registration-backend] [           main] org.flywaydb.core.FlywayExecutor         : Database: jdbc:postgresql://localhost:42797/reg_337982_30 (PostgreSQL 16.15)
2026-10-06T20:31:07.683+02:00  INFO 337982 --- [registration-backend] [           main] o.f.c.i.s.JdbcTableSchemaHistory         : Schema history table "public"."flyway_schema_history" does not exist yet
2026-10-06T20:31:07.683+02:00  INFO 337982 --- [registration-backend] [           main] o.f.core.internal.command.DbValidate     : Successfully validated 1 migration (execution time 00:00.004s)
2026-10-06T20:31:07.695+02:00  INFO 337982 --- [registration-backend] [           main] o.f.c.i.s.JdbcTableSchemaHistory         : Creating Schema History table "public"."flyway_schema_history" ...
2026-10-06T20:31:07.726+02:00  INFO 337982 --- [registration-backend] [           main] o.f.core.internal.command.DbMigrate      : Current version of schema "public": << Empty Schema >>
2026-10-06T20:31:07.729+02:00  INFO 337982 --- [registration-backend] [           main] o.f.core.internal.command.DbMigrate      : Migrating schema "public" to version "1 - create registration"
2026-10-06T20:31:07.754+02:00  INFO 337982 --- [registration-backend] [           main] o.f.core.internal.command.DbMigrate      : Successfully applied 1 migration to schema "public", now at version v1 (execution time 00:00.018s)
2026-10-06T20:31:07.765+02:00  INFO 337982 --- [registration-backend] [           main] org.hibernate.orm.jpa                    : HHH008540: Processing PersistenceUnitInfo [name: default]
2026-10-06T20:31:07.782+02:00  INFO 337982 --- [registration-backend] [           main] o.s.o.j.p.SpringPersistenceUnitInfo      : No LoadTimeWeaver setup: ignoring JPA class transformer
2026-10-06T20:31:07.790+02:00  INFO 337982 --- [registration-backend] [           main] org.hibernate.orm.connections.pooling    : HHH10001005: Database info:
	Database JDBC URL [jdbc:postgresql://localhost:42797/reg_337982_30]
	Database driver: PostgreSQL JDBC Driver
	Database dialect: PostgreSQLDialect
	Database version: 16.15
	Default catalog/schema: reg_337982_30/public
	Autocommit mode: undefined/unknown
	Isolation level: READ_COMMITTED [default READ_COMMITTED]
	JDBC fetch size: none
	Pool: DataSourceConnectionProvider
	Minimum pool size: undefined/unknown
	Maximum pool size: undefined/unknown
2026-10-06T20:31:07.818+02:00  INFO 337982 --- [registration-backend] [           main] org.hibernate.orm.core                   : HHH000489: No JTA platform available (set 'hibernate.transaction.jta.platform' to enable JTA platform integration)
2026-10-06T20:31:07.834+02:00  INFO 337982 --- [registration-backend] [           main] j.LocalContainerEntityManagerFactoryBean : Initialized JPA EntityManagerFactory for persistence unit 'default'
2026-10-06T20:31:07.939+02:00  INFO 337982 --- [registration-backend] [           main] r$InitializeUserDetailsManagerConfigurer : Global AuthenticationManager configured with UserDetailsService bean with name organizers
2026-10-06T20:31:08.024+02:00  INFO 337982 --- [registration-backend] [           main] o.s.b.a.e.web.EndpointLinksResolver      : Exposing 1 endpoint beneath base path '/actuator'
2026-10-06T20:31:08.038+02:00  INFO 337982 --- [registration-backend] [           main] o.s.boot.tomcat.TomcatWebServer          : Tomcat started on port 42275 (http) with context path '/'
2026-10-06T20:31:08.040+02:00  INFO 337982 --- [registration-backend] [           main] o.a.maven.surefire.booter.ForkedBooter   : Started ForkedBooter in 0.598 seconds (process running for 46.963)
2026-10-06T20:31:08.043+02:00  INFO 337982 --- [registration-backend] [-auto-17-exec-1] o.a.c.c.C.[Tomcat-3].[localhost].[/]     : Initializing Spring DispatcherServlet 'dispatcherServlet'
2026-10-06T20:31:08.043+02:00  INFO 337982 --- [registration-backend] [-auto-17-exec-1] o.s.web.servlet.DispatcherServlet        : Initializing Servlet 'dispatcherServlet'
2026-10-06T20:31:08.044+02:00  INFO 337982 --- [registration-backend] [-auto-17-exec-1] o.s.web.servlet.DispatcherServlet        : Completed initialization in 1 ms
2026-10-06T20:31:08.050+02:00  INFO 337982 --- [registration-backend] [           main] o.s.boot.tomcat.GracefulShutdown         : Commencing graceful shutdown. Waiting for active requests to complete
2026-10-06T20:31:08.051+02:00  INFO 337982 --- [registration-backend] [tomcat-shutdown] o.s.boot.tomcat.GracefulShutdown         : Graceful shutdown complete
2026-10-06T20:31:08.053+02:00  INFO 337982 --- [registration-backend] [           main] j.LocalContainerEntityManagerFactoryBean : Closing JPA EntityManagerFactory for persistence unit 'default'
2026-10-06T20:31:08.053+02:00  INFO 337982 --- [registration-backend] [           main] com.zaxxer.hikari.HikariDataSource       : HikariPool-17 - Shutdown initiated...
2026-10-06T20:31:08.062+02:00  INFO 337982 --- [registration-backend] [           main] com.zaxxer.hikari.HikariDataSource       : HikariPool-17 - Shutdown completed.
2026-10-06T20:31:08.101+02:00  INFO 337982 --- [registration-backend] [           main] o.a.maven.surefire.booter.ForkedBooter   : Starting ForkedBooter v3.5.6 using Java 21.0.12.1 with PID 337982 (started by tjan-kazar in /home/tjan-kazar/storage/Work/lab/agentic_lab/agentic_lab/02_output/backend)
2026-10-06T20:31:08.101+02:00  INFO 337982 --- [registration-backend] [           main] o.a.maven.surefire.booter.ForkedBooter   : The following 1 profile is active: "test"
2026-10-06T20:31:08.194+02:00  INFO 337982 --- [registration-backend] [           main] .s.d.r.c.RepositoryConfigurationDelegate : Bootstrapping Spring Data JPA repositories in DEFAULT mode.
2026-10-06T20:31:08.200+02:00  INFO 337982 --- [registration-backend] [           main] .s.d.r.c.RepositoryConfigurationDelegate : Finished Spring Data repository scanning in 4 ms. Found 1 JPA repository interface.
2026-10-06T20:31:08.249+02:00  INFO 337982 --- [registration-backend] [           main] o.s.boot.tomcat.TomcatWebServer          : Tomcat initialized with port 0 (http)
2026-10-06T20:31:08.250+02:00  INFO 337982 --- [registration-backend] [           main] o.apache.catalina.core.StandardService   : Starting service [Tomcat]
2026-10-06T20:31:08.250+02:00  INFO 337982 --- [registration-backend] [           main] o.apache.catalina.core.StandardEngine    : Starting Servlet engine: [Apache Tomcat/11.0.26]
2026-10-06T20:31:08.259+02:00  INFO 337982 --- [registration-backend] [           main] b.w.c.s.WebApplicationContextInitializer : Root WebApplicationContext: initialization completed in 157 ms
2026-10-06T20:31:08.300+02:00  INFO 337982 --- [registration-backend] [           main] com.zaxxer.hikari.HikariDataSource       : HikariPool-18 - Starting...
2026-10-06T20:31:08.312+02:00  INFO 337982 --- [registration-backend] [           main] com.zaxxer.hikari.pool.HikariPool        : HikariPool-18 - Added connection org.postgresql.jdbc.PgConnection@32220486
2026-10-06T20:31:08.312+02:00  INFO 337982 --- [registration-backend] [           main] com.zaxxer.hikari.HikariDataSource       : HikariPool-18 - Start completed.
2026-10-06T20:31:08.313+02:00  INFO 337982 --- [registration-backend] [           main] org.flywaydb.core.FlywayExecutor         : Database: jdbc:postgresql://localhost:42797/reg_337982_30 (PostgreSQL 16.15)
2026-10-06T20:31:08.330+02:00  INFO 337982 --- [registration-backend] [           main] o.f.core.internal.command.DbValidate     : Successfully validated 1 migration (execution time 00:00.005s)
2026-10-06T20:31:08.350+02:00  INFO 337982 --- [registration-backend] [           main] o.f.core.internal.command.DbMigrate      : Current version of schema "public": 1
2026-10-06T20:31:08.350+02:00  INFO 337982 --- [registration-backend] [           main] o.f.core.internal.command.DbMigrate      : Schema "public" is up to date. No migration necessary.
2026-10-06T20:31:08.362+02:00  INFO 337982 --- [registration-backend] [           main] org.hibernate.orm.jpa                    : HHH008540: Processing PersistenceUnitInfo [name: default]
2026-10-06T20:31:08.379+02:00  INFO 337982 --- [registration-backend] [           main] o.s.o.j.p.SpringPersistenceUnitInfo      : No LoadTimeWeaver setup: ignoring JPA class transformer
2026-10-06T20:31:08.387+02:00  INFO 337982 --- [registration-backend] [           main] org.hibernate.orm.connections.pooling    : HHH10001005: Database info:
	Database JDBC URL [jdbc:postgresql://localhost:42797/reg_337982_30]
	Database driver: PostgreSQL JDBC Driver
	Database dialect: PostgreSQLDialect
	Database version: 16.15
	Default catalog/schema: reg_337982_30/public
	Autocommit mode: undefined/unknown
	Isolation level: READ_COMMITTED [default READ_COMMITTED]
	JDBC fetch size: none
	Pool: DataSourceConnectionProvider
	Minimum pool size: undefined/unknown
	Maximum pool size: undefined/unknown
2026-10-06T20:31:08.415+02:00  INFO 337982 --- [registration-backend] [           main] org.hibernate.orm.core                   : HHH000489: No JTA platform available (set 'hibernate.transaction.jta.platform' to enable JTA platform integration)
2026-10-06T20:31:08.433+02:00  INFO 337982 --- [registration-backend] [           main] j.LocalContainerEntityManagerFactoryBean : Initialized JPA EntityManagerFactory for persistence unit 'default'
2026-10-06T20:31:08.539+02:00  INFO 337982 --- [registration-backend] [           main] r$InitializeUserDetailsManagerConfigurer : Global AuthenticationManager configured with UserDetailsService bean with name organizers
2026-10-06T20:31:08.612+02:00  INFO 337982 --- [registration-backend] [           main] o.s.b.a.e.web.EndpointLinksResolver      : Exposing 1 endpoint beneath base path '/actuator'
2026-10-06T20:31:08.628+02:00  INFO 337982 --- [registration-backend] [           main] o.s.boot.tomcat.TomcatWebServer          : Tomcat started on port 35569 (http) with context path '/'
2026-10-06T20:31:08.630+02:00  INFO 337982 --- [registration-backend] [           main] o.a.maven.surefire.booter.ForkedBooter   : Started ForkedBooter in 0.563 seconds (process running for 47.553)
2026-10-06T20:31:08.634+02:00  INFO 337982 --- [registration-backend] [-auto-18-exec-1] o.a.c.c.C.[Tomcat-3].[localhost].[/]     : Initializing Spring DispatcherServlet 'dispatcherServlet'
2026-10-06T20:31:08.634+02:00  INFO 337982 --- [registration-backend] [-auto-18-exec-1] o.s.web.servlet.DispatcherServlet        : Initializing Servlet 'dispatcherServlet'
2026-10-06T20:31:08.635+02:00  INFO 337982 --- [registration-backend] [-auto-18-exec-1] o.s.web.servlet.DispatcherServlet        : Completed initialization in 1 ms
2026-10-06T20:31:08.670+02:00  INFO 337982 --- [registration-backend] [-auto-18-exec-2] s.k.r.application.RegistrationService    : Registration 38c7a3f0-4555-4f5e-9e9a-fe9dce213969 accepted
2026-10-06T20:31:08.710+02:00  INFO 337982 --- [registration-backend] [           main] o.s.boot.tomcat.GracefulShutdown         : Commencing graceful shutdown. Waiting for active requests to complete
2026-10-06T20:31:08.712+02:00  INFO 337982 --- [registration-backend] [tomcat-shutdown] o.s.boot.tomcat.GracefulShutdown         : Graceful shutdown complete
2026-10-06T20:31:08.714+02:00  INFO 337982 --- [registration-backend] [           main] j.LocalContainerEntityManagerFactoryBean : Closing JPA EntityManagerFactory for persistence unit 'default'
2026-10-06T20:31:08.714+02:00  INFO 337982 --- [registration-backend] [           main] com.zaxxer.hikari.HikariDataSource       : HikariPool-18 - Shutdown initiated...
2026-10-06T20:31:08.757+02:00  INFO 337982 --- [registration-backend] [           main] com.zaxxer.hikari.HikariDataSource       : HikariPool-18 - Shutdown completed.
2026-10-06T20:31:08.811+02:00  INFO 337982 --- [registration-backend] [           main] o.a.maven.surefire.booter.ForkedBooter   : Starting ForkedBooter v3.5.6 using Java 21.0.12.1 with PID 337982 (started by tjan-kazar in /home/tjan-kazar/storage/Work/lab/agentic_lab/agentic_lab/02_output/backend)
2026-10-06T20:31:08.811+02:00  INFO 337982 --- [registration-backend] [           main] o.a.maven.surefire.booter.ForkedBooter   : The following 1 profile is active: "test"
2026-10-06T20:31:08.893+02:00  INFO 337982 --- [registration-backend] [           main] .s.d.r.c.RepositoryConfigurationDelegate : Bootstrapping Spring Data JPA repositories in DEFAULT mode.
2026-10-06T20:31:08.900+02:00  INFO 337982 --- [registration-backend] [           main] .s.d.r.c.RepositoryConfigurationDelegate : Finished Spring Data repository scanning in 6 ms. Found 1 JPA repository interface.
2026-10-06T20:31:08.951+02:00  INFO 337982 --- [registration-backend] [           main] o.s.boot.tomcat.TomcatWebServer          : Tomcat initialized with port 0 (http)
2026-10-06T20:31:08.952+02:00  INFO 337982 --- [registration-backend] [           main] o.apache.catalina.core.StandardService   : Starting service [Tomcat]
2026-10-06T20:31:08.952+02:00  INFO 337982 --- [registration-backend] [           main] o.apache.catalina.core.StandardEngine    : Starting Servlet engine: [Apache Tomcat/11.0.26]
2026-10-06T20:31:08.962+02:00  INFO 337982 --- [registration-backend] [           main] b.w.c.s.WebApplicationContextInitializer : Root WebApplicationContext: initialization completed in 150 ms
2026-10-06T20:31:09.003+02:00  INFO 337982 --- [registration-backend] [           main] com.zaxxer.hikari.HikariDataSource       : HikariPool-19 - Starting...
2026-10-06T20:31:09.027+02:00  INFO 337982 --- [registration-backend] [           main] com.zaxxer.hikari.pool.HikariPool        : HikariPool-19 - Added connection org.postgresql.jdbc.PgConnection@3b9859db
2026-10-06T20:31:09.027+02:00  INFO 337982 --- [registration-backend] [           main] com.zaxxer.hikari.HikariDataSource       : HikariPool-19 - Start completed.
2026-10-06T20:31:09.028+02:00  INFO 337982 --- [registration-backend] [           main] org.flywaydb.core.FlywayExecutor         : Database: jdbc:postgresql://localhost:42797/reg_337982_32 (PostgreSQL 16.15)
2026-10-06T20:31:09.044+02:00  INFO 337982 --- [registration-backend] [           main] o.f.c.i.s.JdbcTableSchemaHistory         : Schema history table "public"."flyway_schema_history" does not exist yet
2026-10-06T20:31:09.044+02:00  INFO 337982 --- [registration-backend] [           main] o.f.core.internal.command.DbValidate     : Successfully validated 1 migration (execution time 00:00.003s)
2026-10-06T20:31:09.054+02:00  INFO 337982 --- [registration-backend] [           main] o.f.c.i.s.JdbcTableSchemaHistory         : Creating Schema History table "public"."flyway_schema_history" ...
2026-10-06T20:31:09.084+02:00  INFO 337982 --- [registration-backend] [           main] o.f.core.internal.command.DbMigrate      : Current version of schema "public": << Empty Schema >>
2026-10-06T20:31:09.087+02:00  INFO 337982 --- [registration-backend] [           main] o.f.core.internal.command.DbMigrate      : Migrating schema "public" to version "1 - create registration"
2026-10-06T20:31:09.109+02:00  INFO 337982 --- [registration-backend] [           main] o.f.core.internal.command.DbMigrate      : Successfully applied 1 migration to schema "public", now at version v1 (execution time 00:00.017s)
2026-10-06T20:31:09.118+02:00  INFO 337982 --- [registration-backend] [           main] org.hibernate.orm.jpa                    : HHH008540: Processing PersistenceUnitInfo [name: default]
2026-10-06T20:31:09.133+02:00  INFO 337982 --- [registration-backend] [           main] o.s.o.j.p.SpringPersistenceUnitInfo      : No LoadTimeWeaver setup: ignoring JPA class transformer
2026-10-06T20:31:09.140+02:00  INFO 337982 --- [registration-backend] [           main] org.hibernate.orm.connections.pooling    : HHH10001005: Database info:
	Database JDBC URL [jdbc:postgresql://localhost:42797/reg_337982_32]
	Database driver: PostgreSQL JDBC Driver
	Database dialect: PostgreSQLDialect
	Database version: 16.15
	Default catalog/schema: reg_337982_32/public
	Autocommit mode: undefined/unknown
	Isolation level: READ_COMMITTED [default READ_COMMITTED]
	JDBC fetch size: none
	Pool: DataSourceConnectionProvider
	Minimum pool size: undefined/unknown
	Maximum pool size: undefined/unknown
2026-10-06T20:31:09.165+02:00  INFO 337982 --- [registration-backend] [           main] org.hibernate.orm.core                   : HHH000489: No JTA platform available (set 'hibernate.transaction.jta.platform' to enable JTA platform integration)
2026-10-06T20:31:09.181+02:00  INFO 337982 --- [registration-backend] [           main] j.LocalContainerEntityManagerFactoryBean : Initialized JPA EntityManagerFactory for persistence unit 'default'
2026-10-06T20:31:09.290+02:00  INFO 337982 --- [registration-backend] [           main] r$InitializeUserDetailsManagerConfigurer : Global AuthenticationManager configured with UserDetailsService bean with name organizers
2026-10-06T20:31:09.364+02:00  INFO 337982 --- [registration-backend] [           main] o.s.b.a.e.web.EndpointLinksResolver      : Exposing 1 endpoint beneath base path '/actuator'
2026-10-06T20:31:09.382+02:00  INFO 337982 --- [registration-backend] [           main] o.s.boot.tomcat.TomcatWebServer          : Tomcat started on port 46481 (http) with context path '/'
2026-10-06T20:31:09.384+02:00  INFO 337982 --- [registration-backend] [           main] o.a.maven.surefire.booter.ForkedBooter   : Started ForkedBooter in 0.585 seconds (process running for 48.307)
2026-10-06T20:31:09.388+02:00  INFO 337982 --- [registration-backend] [-auto-19-exec-1] o.a.c.c.C.[Tomcat-3].[localhost].[/]     : Initializing Spring DispatcherServlet 'dispatcherServlet'
2026-10-06T20:31:09.388+02:00  INFO 337982 --- [registration-backend] [-auto-19-exec-1] o.s.web.servlet.DispatcherServlet        : Initializing Servlet 'dispatcherServlet'
2026-10-06T20:31:09.389+02:00  INFO 337982 --- [registration-backend] [-auto-19-exec-1] o.s.web.servlet.DispatcherServlet        : Completed initialization in 1 ms
2026-10-06T20:31:09.416+02:00  INFO 337982 --- [registration-backend] [-auto-19-exec-1] s.k.r.application.RegistrationService    : Registration b6d847eb-8d96-4380-9842-5970542d61b0 accepted
2026-10-06T20:31:09.442+02:00  INFO 337982 --- [registration-backend] [-auto-19-exec-2] s.k.r.application.RegistrationService    : Registration dc63aef7-dc84-4e2f-a30f-fd2e9e72362f accepted
2026-10-06T20:31:09.453+02:00  INFO 337982 --- [registration-backend] [           main] o.s.boot.tomcat.GracefulShutdown         : Commencing graceful shutdown. Waiting for active requests to complete
2026-10-06T20:31:09.454+02:00  INFO 337982 --- [registration-backend] [tomcat-shutdown] o.s.boot.tomcat.GracefulShutdown         : Graceful shutdown complete
2026-10-06T20:31:09.487+02:00  INFO 337982 --- [registration-backend] [           main] j.LocalContainerEntityManagerFactoryBean : Closing JPA EntityManagerFactory for persistence unit 'default'
2026-10-06T20:31:09.488+02:00  INFO 337982 --- [registration-backend] [           main] com.zaxxer.hikari.HikariDataSource       : HikariPool-19 - Shutdown initiated...
2026-10-06T20:31:09.488+02:00  INFO 337982 --- [registration-backend] [           main] com.zaxxer.hikari.HikariDataSource       : HikariPool-19 - Shutdown completed.
[INFO] Tests run: 6, Failures: 0, Errors: 0, Skipped: 0, Time elapsed: 4.852 s -- in si.konferenca.registration.acceptance.ConfigurableOptionsAcceptanceTest
[INFO] Running si.konferenca.registration.acceptance.StudentRegistrationAcceptanceTest
2026-10-06T20:31:09.547+02:00  INFO 337982 --- [registration-backend] [           main] o.a.maven.surefire.booter.ForkedBooter   : Starting ForkedBooter v3.5.6 using Java 21.0.12.1 with PID 337982 (started by tjan-kazar in /home/tjan-kazar/storage/Work/lab/agentic_lab/agentic_lab/02_output/backend)
2026-10-06T20:31:09.547+02:00  INFO 337982 --- [registration-backend] [           main] o.a.maven.surefire.booter.ForkedBooter   : The following 1 profile is active: "test"
2026-10-06T20:31:09.610+02:00  INFO 337982 --- [registration-backend] [           main] .s.d.r.c.RepositoryConfigurationDelegate : Bootstrapping Spring Data JPA repositories in DEFAULT mode.
2026-10-06T20:31:09.615+02:00  INFO 337982 --- [registration-backend] [           main] .s.d.r.c.RepositoryConfigurationDelegate : Finished Spring Data repository scanning in 4 ms. Found 1 JPA repository interface.
2026-10-06T20:31:09.657+02:00  INFO 337982 --- [registration-backend] [           main] o.s.boot.tomcat.TomcatWebServer          : Tomcat initialized with port 0 (http)
2026-10-06T20:31:09.658+02:00  INFO 337982 --- [registration-backend] [           main] o.apache.catalina.core.StandardService   : Starting service [Tomcat]
2026-10-06T20:31:09.658+02:00  INFO 337982 --- [registration-backend] [           main] o.apache.catalina.core.StandardEngine    : Starting Servlet engine: [Apache Tomcat/11.0.26]
2026-10-06T20:31:09.665+02:00  INFO 337982 --- [registration-backend] [           main] b.w.c.s.WebApplicationContextInitializer : Root WebApplicationContext: initialization completed in 117 ms
2026-10-06T20:31:09.700+02:00  INFO 337982 --- [registration-backend] [           main] com.zaxxer.hikari.HikariDataSource       : HikariPool-20 - Starting...
2026-10-06T20:31:09.720+02:00  INFO 337982 --- [registration-backend] [           main] com.zaxxer.hikari.pool.HikariPool        : HikariPool-20 - Added connection org.postgresql.jdbc.PgConnection@6e5097e
2026-10-06T20:31:09.720+02:00  INFO 337982 --- [registration-backend] [           main] com.zaxxer.hikari.HikariDataSource       : HikariPool-20 - Start completed.
2026-10-06T20:31:09.721+02:00  INFO 337982 --- [registration-backend] [           main] org.flywaydb.core.FlywayExecutor         : Database: jdbc:postgresql://localhost:42797/reg_337982_34 (PostgreSQL 16.15)
2026-10-06T20:31:09.734+02:00  INFO 337982 --- [registration-backend] [           main] o.f.c.i.s.JdbcTableSchemaHistory         : Schema history table "public"."flyway_schema_history" does not exist yet
2026-10-06T20:31:09.734+02:00  INFO 337982 --- [registration-backend] [           main] o.f.core.internal.command.DbValidate     : Successfully validated 1 migration (execution time 00:00.002s)
2026-10-06T20:31:09.743+02:00  INFO 337982 --- [registration-backend] [           main] o.f.c.i.s.JdbcTableSchemaHistory         : Creating Schema History table "public"."flyway_schema_history" ...
2026-10-06T20:31:09.769+02:00  INFO 337982 --- [registration-backend] [           main] o.f.core.internal.command.DbMigrate      : Current version of schema "public": << Empty Schema >>
2026-10-06T20:31:09.772+02:00  INFO 337982 --- [registration-backend] [           main] o.f.core.internal.command.DbMigrate      : Migrating schema "public" to version "1 - create registration"
2026-10-06T20:31:09.794+02:00  INFO 337982 --- [registration-backend] [           main] o.f.core.internal.command.DbMigrate      : Successfully applied 1 migration to schema "public", now at version v1 (execution time 00:00.016s)
2026-10-06T20:31:09.803+02:00  INFO 337982 --- [registration-backend] [           main] org.hibernate.orm.jpa                    : HHH008540: Processing PersistenceUnitInfo [name: default]
2026-10-06T20:31:09.817+02:00  INFO 337982 --- [registration-backend] [           main] o.s.o.j.p.SpringPersistenceUnitInfo      : No LoadTimeWeaver setup: ignoring JPA class transformer
2026-10-06T20:31:09.825+02:00  INFO 337982 --- [registration-backend] [           main] org.hibernate.orm.connections.pooling    : HHH10001005: Database info:
	Database JDBC URL [jdbc:postgresql://localhost:42797/reg_337982_34]
	Database driver: PostgreSQL JDBC Driver
	Database dialect: PostgreSQLDialect
	Database version: 16.15
	Default catalog/schema: reg_337982_34/public
	Autocommit mode: undefined/unknown
	Isolation level: READ_COMMITTED [default READ_COMMITTED]
	JDBC fetch size: none
	Pool: DataSourceConnectionProvider
	Minimum pool size: undefined/unknown
	Maximum pool size: undefined/unknown
2026-10-06T20:31:09.850+02:00  INFO 337982 --- [registration-backend] [           main] org.hibernate.orm.core                   : HHH000489: No JTA platform available (set 'hibernate.transaction.jta.platform' to enable JTA platform integration)
2026-10-06T20:31:09.867+02:00  INFO 337982 --- [registration-backend] [           main] j.LocalContainerEntityManagerFactoryBean : Initialized JPA EntityManagerFactory for persistence unit 'default'
2026-10-06T20:31:09.974+02:00  INFO 337982 --- [registration-backend] [           main] r$InitializeUserDetailsManagerConfigurer : Global AuthenticationManager configured with UserDetailsService bean with name organizers
2026-10-06T20:31:10.039+02:00  INFO 337982 --- [registration-backend] [           main] o.s.b.a.e.web.EndpointLinksResolver      : Exposing 1 endpoint beneath base path '/actuator'
2026-10-06T20:31:10.053+02:00  INFO 337982 --- [registration-backend] [           main] o.s.boot.tomcat.TomcatWebServer          : Tomcat started on port 39497 (http) with context path '/'
2026-10-06T20:31:10.056+02:00  INFO 337982 --- [registration-backend] [           main] o.a.maven.surefire.booter.ForkedBooter   : Started ForkedBooter in 0.519 seconds (process running for 48.979)
2026-10-06T20:31:10.065+02:00  INFO 337982 --- [registration-backend] [-auto-20-exec-1] o.a.c.c.C.[Tomcat-3].[localhost].[/]     : Initializing Spring DispatcherServlet 'dispatcherServlet'
2026-10-06T20:31:10.065+02:00  INFO 337982 --- [registration-backend] [-auto-20-exec-1] o.s.web.servlet.DispatcherServlet        : Initializing Servlet 'dispatcherServlet'
2026-10-06T20:31:10.066+02:00  INFO 337982 --- [registration-backend] [-auto-20-exec-1] o.s.web.servlet.DispatcherServlet        : Completed initialization in 1 ms
2026-10-06T20:31:10.357+02:00  INFO 337982 --- [registration-backend] [-auto-20-exec-4] s.k.r.application.RegistrationService    : Registration c6d1a276-c881-4694-b313-e848626db947 accepted
2026-10-06T20:31:10.393+02:00  INFO 337982 --- [registration-backend] [           main] o.s.boot.tomcat.GracefulShutdown         : Commencing graceful shutdown. Waiting for active requests to complete
2026-10-06T20:31:10.394+02:00  INFO 337982 --- [registration-backend] [tomcat-shutdown] o.s.boot.tomcat.GracefulShutdown         : Graceful shutdown complete
2026-10-06T20:31:10.395+02:00  INFO 337982 --- [registration-backend] [           main] j.LocalContainerEntityManagerFactoryBean : Closing JPA EntityManagerFactory for persistence unit 'default'
2026-10-06T20:31:10.395+02:00  INFO 337982 --- [registration-backend] [           main] com.zaxxer.hikari.HikariDataSource       : HikariPool-20 - Shutdown initiated...
2026-10-06T20:31:10.396+02:00  INFO 337982 --- [registration-backend] [           main] com.zaxxer.hikari.HikariDataSource       : HikariPool-20 - Shutdown completed.
[INFO] Tests run: 15, Failures: 0, Errors: 0, Skipped: 0, Time elapsed: 0.904 s -- in si.konferenca.registration.acceptance.StudentRegistrationAcceptanceTest
[INFO] Running si.konferenca.registration.acceptance.AntiAutomationAcceptanceTest
2026-10-06T20:31:10.460+02:00  INFO 337982 --- [registration-backend] [           main] o.a.maven.surefire.booter.ForkedBooter   : Starting ForkedBooter v3.5.6 using Java 21.0.12.1 with PID 337982 (started by tjan-kazar in /home/tjan-kazar/storage/Work/lab/agentic_lab/agentic_lab/02_output/backend)
2026-10-06T20:31:10.461+02:00  INFO 337982 --- [registration-backend] [           main] o.a.maven.surefire.booter.ForkedBooter   : The following 1 profile is active: "test"
2026-10-06T20:31:10.543+02:00  INFO 337982 --- [registration-backend] [           main] .s.d.r.c.RepositoryConfigurationDelegate : Bootstrapping Spring Data JPA repositories in DEFAULT mode.
2026-10-06T20:31:10.548+02:00  INFO 337982 --- [registration-backend] [           main] .s.d.r.c.RepositoryConfigurationDelegate : Finished Spring Data repository scanning in 4 ms. Found 1 JPA repository interface.
2026-10-06T20:31:10.591+02:00  INFO 337982 --- [registration-backend] [           main] o.s.boot.tomcat.TomcatWebServer          : Tomcat initialized with port 0 (http)
2026-10-06T20:31:10.592+02:00  INFO 337982 --- [registration-backend] [           main] o.apache.catalina.core.StandardService   : Starting service [Tomcat]
2026-10-06T20:31:10.592+02:00  INFO 337982 --- [registration-backend] [           main] o.apache.catalina.core.StandardEngine    : Starting Servlet engine: [Apache Tomcat/11.0.26]
2026-10-06T20:31:10.599+02:00  INFO 337982 --- [registration-backend] [           main] b.w.c.s.WebApplicationContextInitializer : Root WebApplicationContext: initialization completed in 138 ms
2026-10-06T20:31:10.635+02:00  INFO 337982 --- [registration-backend] [           main] com.zaxxer.hikari.HikariDataSource       : HikariPool-21 - Starting...
2026-10-06T20:31:10.657+02:00  INFO 337982 --- [registration-backend] [           main] com.zaxxer.hikari.pool.HikariPool        : HikariPool-21 - Added connection org.postgresql.jdbc.PgConnection@42e09adf
2026-10-06T20:31:10.658+02:00  INFO 337982 --- [registration-backend] [           main] com.zaxxer.hikari.HikariDataSource       : HikariPool-21 - Start completed.
2026-10-06T20:31:10.659+02:00  INFO 337982 --- [registration-backend] [           main] org.flywaydb.core.FlywayExecutor         : Database: jdbc:postgresql://localhost:42797/reg_337982_36 (PostgreSQL 16.15)
2026-10-06T20:31:10.672+02:00  INFO 337982 --- [registration-backend] [           main] o.f.c.i.s.JdbcTableSchemaHistory         : Schema history table "public"."flyway_schema_history" does not exist yet
2026-10-06T20:31:10.673+02:00  INFO 337982 --- [registration-backend] [           main] o.f.core.internal.command.DbValidate     : Successfully validated 1 migration (execution time 00:00.003s)
2026-10-06T20:31:10.683+02:00  INFO 337982 --- [registration-backend] [           main] o.f.c.i.s.JdbcTableSchemaHistory         : Creating Schema History table "public"."flyway_schema_history" ...
2026-10-06T20:31:10.710+02:00  INFO 337982 --- [registration-backend] [           main] o.f.core.internal.command.DbMigrate      : Current version of schema "public": << Empty Schema >>
2026-10-06T20:31:10.713+02:00  INFO 337982 --- [registration-backend] [           main] o.f.core.internal.command.DbMigrate      : Migrating schema "public" to version "1 - create registration"
2026-10-06T20:31:10.738+02:00  INFO 337982 --- [registration-backend] [           main] o.f.core.internal.command.DbMigrate      : Successfully applied 1 migration to schema "public", now at version v1 (execution time 00:00.018s)
2026-10-06T20:31:10.747+02:00  INFO 337982 --- [registration-backend] [           main] org.hibernate.orm.jpa                    : HHH008540: Processing PersistenceUnitInfo [name: default]
2026-10-06T20:31:10.761+02:00  INFO 337982 --- [registration-backend] [           main] o.s.o.j.p.SpringPersistenceUnitInfo      : No LoadTimeWeaver setup: ignoring JPA class transformer
2026-10-06T20:31:10.769+02:00  INFO 337982 --- [registration-backend] [           main] org.hibernate.orm.connections.pooling    : HHH10001005: Database info:
	Database JDBC URL [jdbc:postgresql://localhost:42797/reg_337982_36]
	Database driver: PostgreSQL JDBC Driver
	Database dialect: PostgreSQLDialect
	Database version: 16.15
	Default catalog/schema: reg_337982_36/public
	Autocommit mode: undefined/unknown
	Isolation level: READ_COMMITTED [default READ_COMMITTED]
	JDBC fetch size: none
	Pool: DataSourceConnectionProvider
	Minimum pool size: undefined/unknown
	Maximum pool size: undefined/unknown
2026-10-06T20:31:10.794+02:00  INFO 337982 --- [registration-backend] [           main] org.hibernate.orm.core                   : HHH000489: No JTA platform available (set 'hibernate.transaction.jta.platform' to enable JTA platform integration)
2026-10-06T20:31:10.810+02:00  INFO 337982 --- [registration-backend] [           main] j.LocalContainerEntityManagerFactoryBean : Initialized JPA EntityManagerFactory for persistence unit 'default'
2026-10-06T20:31:10.915+02:00  INFO 337982 --- [registration-backend] [           main] r$InitializeUserDetailsManagerConfigurer : Global AuthenticationManager configured with UserDetailsService bean with name organizers
2026-10-06T20:31:10.986+02:00  INFO 337982 --- [registration-backend] [           main] o.s.b.a.e.web.EndpointLinksResolver      : Exposing 1 endpoint beneath base path '/actuator'
2026-10-06T20:31:10.993+02:00  INFO 337982 --- [registration-backend] [           main] o.s.boot.tomcat.TomcatWebServer          : Tomcat started on port 40741 (http) with context path '/'
2026-10-06T20:31:10.995+02:00  INFO 337982 --- [registration-backend] [           main] o.a.maven.surefire.booter.ForkedBooter   : Started ForkedBooter in 0.547 seconds (process running for 49.918)
2026-10-06T20:31:10.997+02:00  INFO 337982 --- [registration-backend] [-auto-21-exec-1] o.a.c.c.C.[Tomcat-3].[localhost].[/]     : Initializing Spring DispatcherServlet 'dispatcherServlet'
2026-10-06T20:31:10.997+02:00  INFO 337982 --- [registration-backend] [-auto-21-exec-1] o.s.web.servlet.DispatcherServlet        : Initializing Servlet 'dispatcherServlet'
2026-10-06T20:31:10.998+02:00  INFO 337982 --- [registration-backend] [-auto-21-exec-1] o.s.web.servlet.DispatcherServlet        : Completed initialization in 1 ms
2026-10-06T20:31:11.134+02:00  INFO 337982 --- [registration-backend] [-auto-21-exec-3] s.k.r.application.RegistrationService    : Registration 1825beef-e7b7-4dff-bfc9-1d463ea9d971 accepted
2026-10-06T20:31:11.143+02:00  INFO 337982 --- [registration-backend] [           main] o.s.boot.tomcat.GracefulShutdown         : Commencing graceful shutdown. Waiting for active requests to complete
2026-10-06T20:31:11.144+02:00  INFO 337982 --- [registration-backend] [tomcat-shutdown] o.s.boot.tomcat.GracefulShutdown         : Graceful shutdown complete
2026-10-06T20:31:11.164+02:00  INFO 337982 --- [registration-backend] [           main] j.LocalContainerEntityManagerFactoryBean : Closing JPA EntityManagerFactory for persistence unit 'default'
2026-10-06T20:31:11.164+02:00  INFO 337982 --- [registration-backend] [           main] com.zaxxer.hikari.HikariDataSource       : HikariPool-21 - Shutdown initiated...
2026-10-06T20:31:11.168+02:00  INFO 337982 --- [registration-backend] [           main] com.zaxxer.hikari.HikariDataSource       : HikariPool-21 - Shutdown completed.
[INFO] Tests run: 4, Failures: 0, Errors: 0, Skipped: 0, Time elapsed: 0.773 s -- in si.konferenca.registration.acceptance.AntiAutomationAcceptanceTest
[INFO] Running si.konferenca.registration.acceptance.RegistrationExportAcceptanceTest
2026-10-06T20:31:11.226+02:00  INFO 337982 --- [registration-backend] [           main] o.a.maven.surefire.booter.ForkedBooter   : Starting ForkedBooter v3.5.6 using Java 21.0.12.1 with PID 337982 (started by tjan-kazar in /home/tjan-kazar/storage/Work/lab/agentic_lab/agentic_lab/02_output/backend)
2026-10-06T20:31:11.226+02:00  INFO 337982 --- [registration-backend] [           main] o.a.maven.surefire.booter.ForkedBooter   : The following 1 profile is active: "test"
2026-10-06T20:31:11.293+02:00  INFO 337982 --- [registration-backend] [           main] .s.d.r.c.RepositoryConfigurationDelegate : Bootstrapping Spring Data JPA repositories in DEFAULT mode.
2026-10-06T20:31:11.298+02:00  INFO 337982 --- [registration-backend] [           main] .s.d.r.c.RepositoryConfigurationDelegate : Finished Spring Data repository scanning in 4 ms. Found 1 JPA repository interface.
2026-10-06T20:31:11.342+02:00  INFO 337982 --- [registration-backend] [           main] o.s.boot.tomcat.TomcatWebServer          : Tomcat initialized with port 0 (http)
2026-10-06T20:31:11.342+02:00  INFO 337982 --- [registration-backend] [           main] o.apache.catalina.core.StandardService   : Starting service [Tomcat]
2026-10-06T20:31:11.342+02:00  INFO 337982 --- [registration-backend] [           main] o.apache.catalina.core.StandardEngine    : Starting Servlet engine: [Apache Tomcat/11.0.26]
2026-10-06T20:31:11.350+02:00  INFO 337982 --- [registration-backend] [           main] b.w.c.s.WebApplicationContextInitializer : Root WebApplicationContext: initialization completed in 123 ms
2026-10-06T20:31:11.388+02:00  INFO 337982 --- [registration-backend] [           main] com.zaxxer.hikari.HikariDataSource       : HikariPool-22 - Starting...
2026-10-06T20:31:11.408+02:00  INFO 337982 --- [registration-backend] [           main] com.zaxxer.hikari.pool.HikariPool        : HikariPool-22 - Added connection org.postgresql.jdbc.PgConnection@e86f781
2026-10-06T20:31:11.408+02:00  INFO 337982 --- [registration-backend] [           main] com.zaxxer.hikari.HikariDataSource       : HikariPool-22 - Start completed.
2026-10-06T20:31:11.409+02:00  INFO 337982 --- [registration-backend] [           main] org.flywaydb.core.FlywayExecutor         : Database: jdbc:postgresql://localhost:42797/reg_337982_38 (PostgreSQL 16.15)
2026-10-06T20:31:11.424+02:00  INFO 337982 --- [registration-backend] [           main] o.f.c.i.s.JdbcTableSchemaHistory         : Schema history table "public"."flyway_schema_history" does not exist yet
2026-10-06T20:31:11.425+02:00  INFO 337982 --- [registration-backend] [           main] o.f.core.internal.command.DbValidate     : Successfully validated 1 migration (execution time 00:00.003s)
2026-10-06T20:31:11.435+02:00  INFO 337982 --- [registration-backend] [           main] o.f.c.i.s.JdbcTableSchemaHistory         : Creating Schema History table "public"."flyway_schema_history" ...
2026-10-06T20:31:11.464+02:00  INFO 337982 --- [registration-backend] [           main] o.f.core.internal.command.DbMigrate      : Current version of schema "public": << Empty Schema >>
2026-10-06T20:31:11.467+02:00  INFO 337982 --- [registration-backend] [           main] o.f.core.internal.command.DbMigrate      : Migrating schema "public" to version "1 - create registration"
2026-10-06T20:31:11.490+02:00  INFO 337982 --- [registration-backend] [           main] o.f.core.internal.command.DbMigrate      : Successfully applied 1 migration to schema "public", now at version v1 (execution time 00:00.018s)
2026-10-06T20:31:11.500+02:00  INFO 337982 --- [registration-backend] [           main] org.hibernate.orm.jpa                    : HHH008540: Processing PersistenceUnitInfo [name: default]
2026-10-06T20:31:11.515+02:00  INFO 337982 --- [registration-backend] [           main] o.s.o.j.p.SpringPersistenceUnitInfo      : No LoadTimeWeaver setup: ignoring JPA class transformer
2026-10-06T20:31:11.523+02:00  INFO 337982 --- [registration-backend] [           main] org.hibernate.orm.connections.pooling    : HHH10001005: Database info:
	Database JDBC URL [jdbc:postgresql://localhost:42797/reg_337982_38]
	Database driver: PostgreSQL JDBC Driver
	Database dialect: PostgreSQLDialect
	Database version: 16.15
	Default catalog/schema: reg_337982_38/public
	Autocommit mode: undefined/unknown
	Isolation level: READ_COMMITTED [default READ_COMMITTED]
	JDBC fetch size: none
	Pool: DataSourceConnectionProvider
	Minimum pool size: undefined/unknown
	Maximum pool size: undefined/unknown
2026-10-06T20:31:11.547+02:00  INFO 337982 --- [registration-backend] [           main] org.hibernate.orm.core                   : HHH000489: No JTA platform available (set 'hibernate.transaction.jta.platform' to enable JTA platform integration)
2026-10-06T20:31:11.564+02:00  INFO 337982 --- [registration-backend] [           main] j.LocalContainerEntityManagerFactoryBean : Initialized JPA EntityManagerFactory for persistence unit 'default'
2026-10-06T20:31:11.668+02:00  INFO 337982 --- [registration-backend] [           main] r$InitializeUserDetailsManagerConfigurer : Global AuthenticationManager configured with UserDetailsService bean with name organizers
2026-10-06T20:31:11.737+02:00  INFO 337982 --- [registration-backend] [           main] o.s.b.a.e.web.EndpointLinksResolver      : Exposing 1 endpoint beneath base path '/actuator'
2026-10-06T20:31:11.744+02:00  INFO 337982 --- [registration-backend] [           main] o.s.boot.tomcat.TomcatWebServer          : Tomcat started on port 41001 (http) with context path '/'
2026-10-06T20:31:11.746+02:00  INFO 337982 --- [registration-backend] [           main] o.a.maven.surefire.booter.ForkedBooter   : Started ForkedBooter in 0.53 seconds (process running for 50.669)
2026-10-06T20:31:11.748+02:00  INFO 337982 --- [registration-backend] [-auto-22-exec-1] o.a.c.c.C.[Tomcat-3].[localhost].[/]     : Initializing Spring DispatcherServlet 'dispatcherServlet'
2026-10-06T20:31:11.748+02:00  INFO 337982 --- [registration-backend] [-auto-22-exec-1] o.s.web.servlet.DispatcherServlet        : Initializing Servlet 'dispatcherServlet'
2026-10-06T20:31:11.749+02:00  INFO 337982 --- [registration-backend] [-auto-22-exec-1] o.s.web.servlet.DispatcherServlet        : Completed initialization in 1 ms
2026-10-06T20:31:11.774+02:00  INFO 337982 --- [registration-backend] [-auto-22-exec-1] s.k.r.application.RegistrationService    : Registration d07756fd-c0c6-4a66-8af9-f784bf1b98d3 accepted
2026-10-06T20:31:12.016+02:00  INFO 337982 --- [registration-backend] [           main] o.s.boot.tomcat.GracefulShutdown         : Commencing graceful shutdown. Waiting for active requests to complete
2026-10-06T20:31:12.017+02:00  INFO 337982 --- [registration-backend] [tomcat-shutdown] o.s.boot.tomcat.GracefulShutdown         : Graceful shutdown complete
2026-10-06T20:31:12.018+02:00  INFO 337982 --- [registration-backend] [           main] j.LocalContainerEntityManagerFactoryBean : Closing JPA EntityManagerFactory for persistence unit 'default'
2026-10-06T20:31:12.019+02:00  INFO 337982 --- [registration-backend] [           main] com.zaxxer.hikari.HikariDataSource       : HikariPool-22 - Shutdown initiated...
2026-10-06T20:31:12.019+02:00  INFO 337982 --- [registration-backend] [           main] com.zaxxer.hikari.HikariDataSource       : HikariPool-22 - Shutdown completed.
2026-10-06T20:31:12.073+02:00  INFO 337982 --- [registration-backend] [           main] o.a.maven.surefire.booter.ForkedBooter   : Starting ForkedBooter v3.5.6 using Java 21.0.12.1 with PID 337982 (started by tjan-kazar in /home/tjan-kazar/storage/Work/lab/agentic_lab/agentic_lab/02_output/backend)
2026-10-06T20:31:12.074+02:00  INFO 337982 --- [registration-backend] [           main] o.a.maven.surefire.booter.ForkedBooter   : The following 1 profile is active: "test"
2026-10-06T20:31:12.136+02:00  INFO 337982 --- [registration-backend] [           main] .s.d.r.c.RepositoryConfigurationDelegate : Bootstrapping Spring Data JPA repositories in DEFAULT mode.
2026-10-06T20:31:12.140+02:00  INFO 337982 --- [registration-backend] [           main] .s.d.r.c.RepositoryConfigurationDelegate : Finished Spring Data repository scanning in 4 ms. Found 1 JPA repository interface.
2026-10-06T20:31:12.180+02:00  INFO 337982 --- [registration-backend] [           main] o.s.boot.tomcat.TomcatWebServer          : Tomcat initialized with port 0 (http)
2026-10-06T20:31:12.181+02:00  INFO 337982 --- [registration-backend] [           main] o.apache.catalina.core.StandardService   : Starting service [Tomcat]
2026-10-06T20:31:12.181+02:00  INFO 337982 --- [registration-backend] [           main] o.apache.catalina.core.StandardEngine    : Starting Servlet engine: [Apache Tomcat/11.0.26]
2026-10-06T20:31:12.188+02:00  INFO 337982 --- [registration-backend] [           main] b.w.c.s.WebApplicationContextInitializer : Root WebApplicationContext: initialization completed in 114 ms
2026-10-06T20:31:12.223+02:00  INFO 337982 --- [registration-backend] [           main] com.zaxxer.hikari.HikariDataSource       : HikariPool-23 - Starting...
2026-10-06T20:31:12.242+02:00  INFO 337982 --- [registration-backend] [           main] com.zaxxer.hikari.pool.HikariPool        : HikariPool-23 - Added connection org.postgresql.jdbc.PgConnection@cda007c
2026-10-06T20:31:12.242+02:00  INFO 337982 --- [registration-backend] [           main] com.zaxxer.hikari.HikariDataSource       : HikariPool-23 - Start completed.
2026-10-06T20:31:12.243+02:00  INFO 337982 --- [registration-backend] [           main] org.flywaydb.core.FlywayExecutor         : Database: jdbc:postgresql://localhost:42797/reg_337982_40 (PostgreSQL 16.15)
2026-10-06T20:31:12.256+02:00  INFO 337982 --- [registration-backend] [           main] o.f.c.i.s.JdbcTableSchemaHistory         : Schema history table "public"."flyway_schema_history" does not exist yet
2026-10-06T20:31:12.257+02:00  INFO 337982 --- [registration-backend] [           main] o.f.core.internal.command.DbValidate     : Successfully validated 1 migration (execution time 00:00.003s)
2026-10-06T20:31:12.266+02:00  INFO 337982 --- [registration-backend] [           main] o.f.c.i.s.JdbcTableSchemaHistory         : Creating Schema History table "public"."flyway_schema_history" ...
2026-10-06T20:31:12.293+02:00  INFO 337982 --- [registration-backend] [           main] o.f.core.internal.command.DbMigrate      : Current version of schema "public": << Empty Schema >>
2026-10-06T20:31:12.296+02:00  INFO 337982 --- [registration-backend] [           main] o.f.core.internal.command.DbMigrate      : Migrating schema "public" to version "1 - create registration"
2026-10-06T20:31:12.319+02:00  INFO 337982 --- [registration-backend] [           main] o.f.core.internal.command.DbMigrate      : Successfully applied 1 migration to schema "public", now at version v1 (execution time 00:00.017s)
2026-10-06T20:31:12.328+02:00  INFO 337982 --- [registration-backend] [           main] org.hibernate.orm.jpa                    : HHH008540: Processing PersistenceUnitInfo [name: default]
2026-10-06T20:31:12.341+02:00  INFO 337982 --- [registration-backend] [           main] o.s.o.j.p.SpringPersistenceUnitInfo      : No LoadTimeWeaver setup: ignoring JPA class transformer
2026-10-06T20:31:12.349+02:00  INFO 337982 --- [registration-backend] [           main] org.hibernate.orm.connections.pooling    : HHH10001005: Database info:
	Database JDBC URL [jdbc:postgresql://localhost:42797/reg_337982_40]
	Database driver: PostgreSQL JDBC Driver
	Database dialect: PostgreSQLDialect
	Database version: 16.15
	Default catalog/schema: reg_337982_40/public
	Autocommit mode: undefined/unknown
	Isolation level: READ_COMMITTED [default READ_COMMITTED]
	JDBC fetch size: none
	Pool: DataSourceConnectionProvider
	Minimum pool size: undefined/unknown
	Maximum pool size: undefined/unknown
2026-10-06T20:31:12.380+02:00  INFO 337982 --- [registration-backend] [           main] org.hibernate.orm.core                   : HHH000489: No JTA platform available (set 'hibernate.transaction.jta.platform' to enable JTA platform integration)
2026-10-06T20:31:12.397+02:00  INFO 337982 --- [registration-backend] [           main] j.LocalContainerEntityManagerFactoryBean : Initialized JPA EntityManagerFactory for persistence unit 'default'
2026-10-06T20:31:12.522+02:00  INFO 337982 --- [registration-backend] [           main] r$InitializeUserDetailsManagerConfigurer : Global AuthenticationManager configured with UserDetailsService bean with name organizers
2026-10-06T20:31:12.591+02:00  INFO 337982 --- [registration-backend] [           main] o.s.b.a.e.web.EndpointLinksResolver      : Exposing 1 endpoint beneath base path '/actuator'
2026-10-06T20:31:12.599+02:00  INFO 337982 --- [registration-backend] [           main] o.s.boot.tomcat.TomcatWebServer          : Tomcat started on port 35605 (http) with context path '/'
2026-10-06T20:31:12.601+02:00  INFO 337982 --- [registration-backend] [           main] o.a.maven.surefire.booter.ForkedBooter   : Started ForkedBooter in 0.538 seconds (process running for 51.524)
2026-10-06T20:31:12.603+02:00  INFO 337982 --- [registration-backend] [-auto-23-exec-1] o.a.c.c.C.[Tomcat-3].[localhost].[/]     : Initializing Spring DispatcherServlet 'dispatcherServlet'
2026-10-06T20:31:12.604+02:00  INFO 337982 --- [registration-backend] [-auto-23-exec-1] o.s.web.servlet.DispatcherServlet        : Initializing Servlet 'dispatcherServlet'
2026-10-06T20:31:12.604+02:00  INFO 337982 --- [registration-backend] [-auto-23-exec-1] o.s.web.servlet.DispatcherServlet        : Completed initialization in 0 ms
2026-10-06T20:31:12.629+02:00  INFO 337982 --- [registration-backend] [-auto-23-exec-1] s.k.r.application.RegistrationService    : Registration 1e9c5de1-1e62-4915-b37c-9c0ccbe50135 accepted
2026-10-06T20:31:12.829+02:00  INFO 337982 --- [registration-backend] [           main] o.s.boot.tomcat.GracefulShutdown         : Commencing graceful shutdown. Waiting for active requests to complete
2026-10-06T20:31:12.829+02:00  INFO 337982 --- [registration-backend] [tomcat-shutdown] o.s.boot.tomcat.GracefulShutdown         : Graceful shutdown complete
2026-10-06T20:31:12.830+02:00  INFO 337982 --- [registration-backend] [           main] j.LocalContainerEntityManagerFactoryBean : Closing JPA EntityManagerFactory for persistence unit 'default'
2026-10-06T20:31:12.831+02:00  INFO 337982 --- [registration-backend] [           main] com.zaxxer.hikari.HikariDataSource       : HikariPool-23 - Shutdown initiated...
2026-10-06T20:31:12.831+02:00  INFO 337982 --- [registration-backend] [           main] com.zaxxer.hikari.HikariDataSource       : HikariPool-23 - Shutdown completed.
2026-10-06T20:31:12.888+02:00  INFO 337982 --- [registration-backend] [           main] o.a.maven.surefire.booter.ForkedBooter   : Starting ForkedBooter v3.5.6 using Java 21.0.12.1 with PID 337982 (started by tjan-kazar in /home/tjan-kazar/storage/Work/lab/agentic_lab/agentic_lab/02_output/backend)
2026-10-06T20:31:12.888+02:00  INFO 337982 --- [registration-backend] [           main] o.a.maven.surefire.booter.ForkedBooter   : The following 1 profile is active: "test"
2026-10-06T20:31:12.951+02:00  INFO 337982 --- [registration-backend] [           main] .s.d.r.c.RepositoryConfigurationDelegate : Bootstrapping Spring Data JPA repositories in DEFAULT mode.
2026-10-06T20:31:12.956+02:00  INFO 337982 --- [registration-backend] [           main] .s.d.r.c.RepositoryConfigurationDelegate : Finished Spring Data repository scanning in 4 ms. Found 1 JPA repository interface.
2026-10-06T20:31:12.996+02:00  INFO 337982 --- [registration-backend] [           main] o.s.boot.tomcat.TomcatWebServer          : Tomcat initialized with port 0 (http)
2026-10-06T20:31:12.997+02:00  INFO 337982 --- [registration-backend] [           main] o.apache.catalina.core.StandardService   : Starting service [Tomcat]
2026-10-06T20:31:12.997+02:00  INFO 337982 --- [registration-backend] [           main] o.apache.catalina.core.StandardEngine    : Starting Servlet engine: [Apache Tomcat/11.0.26]
2026-10-06T20:31:13.004+02:00  INFO 337982 --- [registration-backend] [           main] b.w.c.s.WebApplicationContextInitializer : Root WebApplicationContext: initialization completed in 115 ms
2026-10-06T20:31:13.042+02:00  INFO 337982 --- [registration-backend] [           main] com.zaxxer.hikari.HikariDataSource       : HikariPool-24 - Starting...
2026-10-06T20:31:13.060+02:00  INFO 337982 --- [registration-backend] [           main] com.zaxxer.hikari.pool.HikariPool        : HikariPool-24 - Added connection org.postgresql.jdbc.PgConnection@54e71fd2
2026-10-06T20:31:13.060+02:00  INFO 337982 --- [registration-backend] [           main] com.zaxxer.hikari.HikariDataSource       : HikariPool-24 - Start completed.
2026-10-06T20:31:13.061+02:00  INFO 337982 --- [registration-backend] [           main] org.flywaydb.core.FlywayExecutor         : Database: jdbc:postgresql://localhost:42797/reg_337982_42 (PostgreSQL 16.15)
2026-10-06T20:31:13.074+02:00  INFO 337982 --- [registration-backend] [           main] o.f.c.i.s.JdbcTableSchemaHistory         : Schema history table "public"."flyway_schema_history" does not exist yet
2026-10-06T20:31:13.074+02:00  INFO 337982 --- [registration-backend] [           main] o.f.core.internal.command.DbValidate     : Successfully validated 1 migration (execution time 00:00.003s)
2026-10-06T20:31:13.083+02:00  INFO 337982 --- [registration-backend] [           main] o.f.c.i.s.JdbcTableSchemaHistory         : Creating Schema History table "public"."flyway_schema_history" ...
2026-10-06T20:31:13.110+02:00  INFO 337982 --- [registration-backend] [           main] o.f.core.internal.command.DbMigrate      : Current version of schema "public": << Empty Schema >>
2026-10-06T20:31:13.113+02:00  INFO 337982 --- [registration-backend] [           main] o.f.core.internal.command.DbMigrate      : Migrating schema "public" to version "1 - create registration"
2026-10-06T20:31:13.138+02:00  INFO 337982 --- [registration-backend] [           main] o.f.core.internal.command.DbMigrate      : Successfully applied 1 migration to schema "public", now at version v1 (execution time 00:00.020s)
2026-10-06T20:31:13.146+02:00  INFO 337982 --- [registration-backend] [           main] org.hibernate.orm.jpa                    : HHH008540: Processing PersistenceUnitInfo [name: default]
2026-10-06T20:31:13.160+02:00  INFO 337982 --- [registration-backend] [           main] o.s.o.j.p.SpringPersistenceUnitInfo      : No LoadTimeWeaver setup: ignoring JPA class transformer
2026-10-06T20:31:13.167+02:00  INFO 337982 --- [registration-backend] [           main] org.hibernate.orm.connections.pooling    : HHH10001005: Database info:
	Database JDBC URL [jdbc:postgresql://localhost:42797/reg_337982_42]
	Database driver: PostgreSQL JDBC Driver
	Database dialect: PostgreSQLDialect
	Database version: 16.15
	Default catalog/schema: reg_337982_42/public
	Autocommit mode: undefined/unknown
	Isolation level: READ_COMMITTED [default READ_COMMITTED]
	JDBC fetch size: none
	Pool: DataSourceConnectionProvider
	Minimum pool size: undefined/unknown
	Maximum pool size: undefined/unknown
2026-10-06T20:31:13.191+02:00  INFO 337982 --- [registration-backend] [           main] org.hibernate.orm.core                   : HHH000489: No JTA platform available (set 'hibernate.transaction.jta.platform' to enable JTA platform integration)
2026-10-06T20:31:13.206+02:00  INFO 337982 --- [registration-backend] [           main] j.LocalContainerEntityManagerFactoryBean : Initialized JPA EntityManagerFactory for persistence unit 'default'
2026-10-06T20:31:13.308+02:00  INFO 337982 --- [registration-backend] [           main] r$InitializeUserDetailsManagerConfigurer : Global AuthenticationManager configured with UserDetailsService bean with name organizers
2026-10-06T20:31:13.366+02:00  INFO 337982 --- [registration-backend] [           main] o.s.b.a.e.web.EndpointLinksResolver      : Exposing 1 endpoint beneath base path '/actuator'
2026-10-06T20:31:13.374+02:00  INFO 337982 --- [registration-backend] [           main] o.s.boot.tomcat.TomcatWebServer          : Tomcat started on port 33827 (http) with context path '/'
2026-10-06T20:31:13.376+02:00  INFO 337982 --- [registration-backend] [           main] o.a.maven.surefire.booter.ForkedBooter   : Started ForkedBooter in 0.498 seconds (process running for 52.298)
2026-10-06T20:31:13.378+02:00  INFO 337982 --- [registration-backend] [-auto-24-exec-1] o.a.c.c.C.[Tomcat-3].[localhost].[/]     : Initializing Spring DispatcherServlet 'dispatcherServlet'
2026-10-06T20:31:13.378+02:00  INFO 337982 --- [registration-backend] [-auto-24-exec-1] o.s.web.servlet.DispatcherServlet        : Initializing Servlet 'dispatcherServlet'
2026-10-06T20:31:13.378+02:00  INFO 337982 --- [registration-backend] [-auto-24-exec-1] o.s.web.servlet.DispatcherServlet        : Completed initialization in 0 ms
2026-10-06T20:31:13.401+02:00  INFO 337982 --- [registration-backend] [-auto-24-exec-1] s.k.r.application.RegistrationService    : Registration e3bdac9d-d112-4d7c-b5cc-ce802c405825 accepted
2026-10-06T20:31:13.585+02:00  INFO 337982 --- [registration-backend] [           main] o.s.boot.tomcat.GracefulShutdown         : Commencing graceful shutdown. Waiting for active requests to complete
2026-10-06T20:31:13.586+02:00  INFO 337982 --- [registration-backend] [tomcat-shutdown] o.s.boot.tomcat.GracefulShutdown         : Graceful shutdown complete
2026-10-06T20:31:13.587+02:00  INFO 337982 --- [registration-backend] [           main] j.LocalContainerEntityManagerFactoryBean : Closing JPA EntityManagerFactory for persistence unit 'default'
2026-10-06T20:31:13.587+02:00  INFO 337982 --- [registration-backend] [           main] com.zaxxer.hikari.HikariDataSource       : HikariPool-24 - Shutdown initiated...
2026-10-06T20:31:13.588+02:00  INFO 337982 --- [registration-backend] [           main] com.zaxxer.hikari.HikariDataSource       : HikariPool-24 - Shutdown completed.
2026-10-06T20:31:13.644+02:00  INFO 337982 --- [registration-backend] [           main] o.a.maven.surefire.booter.ForkedBooter   : Starting ForkedBooter v3.5.6 using Java 21.0.12.1 with PID 337982 (started by tjan-kazar in /home/tjan-kazar/storage/Work/lab/agentic_lab/agentic_lab/02_output/backend)
2026-10-06T20:31:13.644+02:00  INFO 337982 --- [registration-backend] [           main] o.a.maven.surefire.booter.ForkedBooter   : The following 1 profile is active: "test"
2026-10-06T20:31:13.708+02:00  INFO 337982 --- [registration-backend] [           main] .s.d.r.c.RepositoryConfigurationDelegate : Bootstrapping Spring Data JPA repositories in DEFAULT mode.
2026-10-06T20:31:13.713+02:00  INFO 337982 --- [registration-backend] [           main] .s.d.r.c.RepositoryConfigurationDelegate : Finished Spring Data repository scanning in 4 ms. Found 1 JPA repository interface.
2026-10-06T20:31:13.763+02:00  INFO 337982 --- [registration-backend] [           main] o.s.boot.tomcat.TomcatWebServer          : Tomcat initialized with port 0 (http)
2026-10-06T20:31:13.763+02:00  INFO 337982 --- [registration-backend] [           main] o.apache.catalina.core.StandardService   : Starting service [Tomcat]
2026-10-06T20:31:13.764+02:00  INFO 337982 --- [registration-backend] [           main] o.apache.catalina.core.StandardEngine    : Starting Servlet engine: [Apache Tomcat/11.0.26]
2026-10-06T20:31:13.771+02:00  INFO 337982 --- [registration-backend] [           main] b.w.c.s.WebApplicationContextInitializer : Root WebApplicationContext: initialization completed in 126 ms
2026-10-06T20:31:13.806+02:00  INFO 337982 --- [registration-backend] [           main] com.zaxxer.hikari.HikariDataSource       : HikariPool-25 - Starting...
2026-10-06T20:31:13.826+02:00  INFO 337982 --- [registration-backend] [           main] com.zaxxer.hikari.pool.HikariPool        : HikariPool-25 - Added connection org.postgresql.jdbc.PgConnection@7ea7b27c
2026-10-06T20:31:13.826+02:00  INFO 337982 --- [registration-backend] [           main] com.zaxxer.hikari.HikariDataSource       : HikariPool-25 - Start completed.
2026-10-06T20:31:13.827+02:00  INFO 337982 --- [registration-backend] [           main] org.flywaydb.core.FlywayExecutor         : Database: jdbc:postgresql://localhost:42797/reg_337982_44 (PostgreSQL 16.15)
2026-10-06T20:31:13.840+02:00  INFO 337982 --- [registration-backend] [           main] o.f.c.i.s.JdbcTableSchemaHistory         : Schema history table "public"."flyway_schema_history" does not exist yet
2026-10-06T20:31:13.841+02:00  INFO 337982 --- [registration-backend] [           main] o.f.core.internal.command.DbValidate     : Successfully validated 1 migration (execution time 00:00.003s)
2026-10-06T20:31:13.850+02:00  INFO 337982 --- [registration-backend] [           main] o.f.c.i.s.JdbcTableSchemaHistory         : Creating Schema History table "public"."flyway_schema_history" ...
2026-10-06T20:31:13.878+02:00  INFO 337982 --- [registration-backend] [           main] o.f.core.internal.command.DbMigrate      : Current version of schema "public": << Empty Schema >>
2026-10-06T20:31:13.881+02:00  INFO 337982 --- [registration-backend] [           main] o.f.core.internal.command.DbMigrate      : Migrating schema "public" to version "1 - create registration"
2026-10-06T20:31:13.904+02:00  INFO 337982 --- [registration-backend] [           main] o.f.core.internal.command.DbMigrate      : Successfully applied 1 migration to schema "public", now at version v1 (execution time 00:00.017s)
2026-10-06T20:31:13.913+02:00  INFO 337982 --- [registration-backend] [           main] org.hibernate.orm.jpa                    : HHH008540: Processing PersistenceUnitInfo [name: default]
2026-10-06T20:31:13.926+02:00  INFO 337982 --- [registration-backend] [           main] o.s.o.j.p.SpringPersistenceUnitInfo      : No LoadTimeWeaver setup: ignoring JPA class transformer
2026-10-06T20:31:13.933+02:00  INFO 337982 --- [registration-backend] [           main] org.hibernate.orm.connections.pooling    : HHH10001005: Database info:
	Database JDBC URL [jdbc:postgresql://localhost:42797/reg_337982_44]
	Database driver: PostgreSQL JDBC Driver
	Database dialect: PostgreSQLDialect
	Database version: 16.15
	Default catalog/schema: reg_337982_44/public
	Autocommit mode: undefined/unknown
	Isolation level: READ_COMMITTED [default READ_COMMITTED]
	JDBC fetch size: none
	Pool: DataSourceConnectionProvider
	Minimum pool size: undefined/unknown
	Maximum pool size: undefined/unknown
2026-10-06T20:31:13.957+02:00  INFO 337982 --- [registration-backend] [           main] org.hibernate.orm.core                   : HHH000489: No JTA platform available (set 'hibernate.transaction.jta.platform' to enable JTA platform integration)
2026-10-06T20:31:13.974+02:00  INFO 337982 --- [registration-backend] [           main] j.LocalContainerEntityManagerFactoryBean : Initialized JPA EntityManagerFactory for persistence unit 'default'
2026-10-06T20:31:14.101+02:00  INFO 337982 --- [registration-backend] [           main] r$InitializeUserDetailsManagerConfigurer : Global AuthenticationManager configured with UserDetailsService bean with name organizers
2026-10-06T20:31:14.187+02:00  INFO 337982 --- [registration-backend] [           main] o.s.b.a.e.web.EndpointLinksResolver      : Exposing 1 endpoint beneath base path '/actuator'
2026-10-06T20:31:14.199+02:00  INFO 337982 --- [registration-backend] [           main] o.s.boot.tomcat.TomcatWebServer          : Tomcat started on port 36921 (http) with context path '/'
2026-10-06T20:31:14.201+02:00  INFO 337982 --- [registration-backend] [           main] o.a.maven.surefire.booter.ForkedBooter   : Started ForkedBooter in 0.566 seconds (process running for 53.124)
2026-10-06T20:31:14.204+02:00  INFO 337982 --- [registration-backend] [-auto-25-exec-1] o.a.c.c.C.[Tomcat-3].[localhost].[/]     : Initializing Spring DispatcherServlet 'dispatcherServlet'
2026-10-06T20:31:14.204+02:00  INFO 337982 --- [registration-backend] [-auto-25-exec-1] o.s.web.servlet.DispatcherServlet        : Initializing Servlet 'dispatcherServlet'
2026-10-06T20:31:14.205+02:00  INFO 337982 --- [registration-backend] [-auto-25-exec-1] o.s.web.servlet.DispatcherServlet        : Completed initialization in 1 ms
2026-10-06T20:31:14.397+02:00  INFO 337982 --- [registration-backend] [           main] o.s.boot.tomcat.GracefulShutdown         : Commencing graceful shutdown. Waiting for active requests to complete
2026-10-06T20:31:14.398+02:00  INFO 337982 --- [registration-backend] [tomcat-shutdown] o.s.boot.tomcat.GracefulShutdown         : Graceful shutdown complete
2026-10-06T20:31:14.399+02:00  INFO 337982 --- [registration-backend] [           main] j.LocalContainerEntityManagerFactoryBean : Closing JPA EntityManagerFactory for persistence unit 'default'
2026-10-06T20:31:14.399+02:00  INFO 337982 --- [registration-backend] [           main] com.zaxxer.hikari.HikariDataSource       : HikariPool-25 - Shutdown initiated...
2026-10-06T20:31:14.400+02:00  INFO 337982 --- [registration-backend] [           main] com.zaxxer.hikari.HikariDataSource       : HikariPool-25 - Shutdown completed.
2026-10-06T20:31:14.453+02:00  INFO 337982 --- [registration-backend] [           main] o.a.maven.surefire.booter.ForkedBooter   : Starting ForkedBooter v3.5.6 using Java 21.0.12.1 with PID 337982 (started by tjan-kazar in /home/tjan-kazar/storage/Work/lab/agentic_lab/agentic_lab/02_output/backend)
2026-10-06T20:31:14.453+02:00  INFO 337982 --- [registration-backend] [           main] o.a.maven.surefire.booter.ForkedBooter   : The following 1 profile is active: "test"
2026-10-06T20:31:14.536+02:00  INFO 337982 --- [registration-backend] [           main] .s.d.r.c.RepositoryConfigurationDelegate : Bootstrapping Spring Data JPA repositories in DEFAULT mode.
2026-10-06T20:31:14.543+02:00  INFO 337982 --- [registration-backend] [           main] .s.d.r.c.RepositoryConfigurationDelegate : Finished Spring Data repository scanning in 6 ms. Found 1 JPA repository interface.
2026-10-06T20:31:14.587+02:00  INFO 337982 --- [registration-backend] [           main] o.s.boot.tomcat.TomcatWebServer          : Tomcat initialized with port 0 (http)
2026-10-06T20:31:14.588+02:00  INFO 337982 --- [registration-backend] [           main] o.apache.catalina.core.StandardService   : Starting service [Tomcat]
2026-10-06T20:31:14.588+02:00  INFO 337982 --- [registration-backend] [           main] o.apache.catalina.core.StandardEngine    : Starting Servlet engine: [Apache Tomcat/11.0.26]
2026-10-06T20:31:14.596+02:00  INFO 337982 --- [registration-backend] [           main] b.w.c.s.WebApplicationContextInitializer : Root WebApplicationContext: initialization completed in 142 ms
2026-10-06T20:31:14.644+02:00  INFO 337982 --- [registration-backend] [           main] com.zaxxer.hikari.HikariDataSource       : HikariPool-26 - Starting...
2026-10-06T20:31:14.664+02:00  INFO 337982 --- [registration-backend] [           main] com.zaxxer.hikari.pool.HikariPool        : HikariPool-26 - Added connection org.postgresql.jdbc.PgConnection@7fdaab54
2026-10-06T20:31:14.665+02:00  INFO 337982 --- [registration-backend] [           main] com.zaxxer.hikari.HikariDataSource       : HikariPool-26 - Start completed.
2026-10-06T20:31:14.666+02:00  INFO 337982 --- [registration-backend] [           main] org.flywaydb.core.FlywayExecutor         : Database: jdbc:postgresql://localhost:42797/reg_337982_46 (PostgreSQL 16.15)
2026-10-06T20:31:14.679+02:00  INFO 337982 --- [registration-backend] [           main] o.f.c.i.s.JdbcTableSchemaHistory         : Schema history table "public"."flyway_schema_history" does not exist yet
2026-10-06T20:31:14.680+02:00  INFO 337982 --- [registration-backend] [           main] o.f.core.internal.command.DbValidate     : Successfully validated 1 migration (execution time 00:00.003s)
2026-10-06T20:31:14.689+02:00  INFO 337982 --- [registration-backend] [           main] o.f.c.i.s.JdbcTableSchemaHistory         : Creating Schema History table "public"."flyway_schema_history" ...
2026-10-06T20:31:14.717+02:00  INFO 337982 --- [registration-backend] [           main] o.f.core.internal.command.DbMigrate      : Current version of schema "public": << Empty Schema >>
2026-10-06T20:31:14.720+02:00  INFO 337982 --- [registration-backend] [           main] o.f.core.internal.command.DbMigrate      : Migrating schema "public" to version "1 - create registration"
2026-10-06T20:31:14.742+02:00  INFO 337982 --- [registration-backend] [           main] o.f.core.internal.command.DbMigrate      : Successfully applied 1 migration to schema "public", now at version v1 (execution time 00:00.017s)
2026-10-06T20:31:14.752+02:00  INFO 337982 --- [registration-backend] [           main] org.hibernate.orm.jpa                    : HHH008540: Processing PersistenceUnitInfo [name: default]
2026-10-06T20:31:14.767+02:00  INFO 337982 --- [registration-backend] [           main] o.s.o.j.p.SpringPersistenceUnitInfo      : No LoadTimeWeaver setup: ignoring JPA class transformer
2026-10-06T20:31:14.775+02:00  INFO 337982 --- [registration-backend] [           main] org.hibernate.orm.connections.pooling    : HHH10001005: Database info:
	Database JDBC URL [jdbc:postgresql://localhost:42797/reg_337982_46]
	Database driver: PostgreSQL JDBC Driver
	Database dialect: PostgreSQLDialect
	Database version: 16.15
	Default catalog/schema: reg_337982_46/public
	Autocommit mode: undefined/unknown
	Isolation level: READ_COMMITTED [default READ_COMMITTED]
	JDBC fetch size: none
	Pool: DataSourceConnectionProvider
	Minimum pool size: undefined/unknown
	Maximum pool size: undefined/unknown
2026-10-06T20:31:14.802+02:00  INFO 337982 --- [registration-backend] [           main] org.hibernate.orm.core                   : HHH000489: No JTA platform available (set 'hibernate.transaction.jta.platform' to enable JTA platform integration)
2026-10-06T20:31:14.820+02:00  INFO 337982 --- [registration-backend] [           main] j.LocalContainerEntityManagerFactoryBean : Initialized JPA EntityManagerFactory for persistence unit 'default'
2026-10-06T20:31:14.932+02:00  INFO 337982 --- [registration-backend] [           main] r$InitializeUserDetailsManagerConfigurer : Global AuthenticationManager configured with UserDetailsService bean with name organizers
2026-10-06T20:31:14.998+02:00  INFO 337982 --- [registration-backend] [           main] o.s.b.a.e.web.EndpointLinksResolver      : Exposing 1 endpoint beneath base path '/actuator'
2026-10-06T20:31:15.005+02:00  INFO 337982 --- [registration-backend] [           main] o.s.boot.tomcat.TomcatWebServer          : Tomcat started on port 46813 (http) with context path '/'
2026-10-06T20:31:15.007+02:00  INFO 337982 --- [registration-backend] [           main] o.a.maven.surefire.booter.ForkedBooter   : Started ForkedBooter in 0.564 seconds (process running for 53.93)
2026-10-06T20:31:15.010+02:00  INFO 337982 --- [registration-backend] [-auto-26-exec-1] o.a.c.c.C.[Tomcat-3].[localhost].[/]     : Initializing Spring DispatcherServlet 'dispatcherServlet'
2026-10-06T20:31:15.010+02:00  INFO 337982 --- [registration-backend] [-auto-26-exec-1] o.s.web.servlet.DispatcherServlet        : Initializing Servlet 'dispatcherServlet'
2026-10-06T20:31:15.010+02:00  INFO 337982 --- [registration-backend] [-auto-26-exec-1] o.s.web.servlet.DispatcherServlet        : Completed initialization in 0 ms
2026-10-06T20:31:15.042+02:00  INFO 337982 --- [registration-backend] [-auto-26-exec-1] s.k.r.application.RegistrationService    : Registration 2da66873-2217-42c4-8984-a1baabd418e2 accepted
2026-10-06T20:31:15.050+02:00  INFO 337982 --- [registration-backend] [           main] o.s.boot.tomcat.GracefulShutdown         : Commencing graceful shutdown. Waiting for active requests to complete
2026-10-06T20:31:15.050+02:00  INFO 337982 --- [registration-backend] [tomcat-shutdown] o.s.boot.tomcat.GracefulShutdown         : Graceful shutdown complete
2026-10-06T20:31:15.089+02:00  INFO 337982 --- [registration-backend] [           main] j.LocalContainerEntityManagerFactoryBean : Closing JPA EntityManagerFactory for persistence unit 'default'
2026-10-06T20:31:15.089+02:00  INFO 337982 --- [registration-backend] [           main] com.zaxxer.hikari.HikariDataSource       : HikariPool-26 - Shutdown initiated...
2026-10-06T20:31:15.102+02:00  INFO 337982 --- [registration-backend] [           main] com.zaxxer.hikari.HikariDataSource       : HikariPool-26 - Shutdown completed.
2026-10-06T20:31:15.154+02:00  INFO 337982 --- [registration-backend] [           main] o.a.maven.surefire.booter.ForkedBooter   : Starting ForkedBooter v3.5.6 using Java 21.0.12.1 with PID 337982 (started by tjan-kazar in /home/tjan-kazar/storage/Work/lab/agentic_lab/agentic_lab/02_output/backend)
2026-10-06T20:31:15.154+02:00  INFO 337982 --- [registration-backend] [           main] o.a.maven.surefire.booter.ForkedBooter   : The following 1 profile is active: "test"
2026-10-06T20:31:15.223+02:00  INFO 337982 --- [registration-backend] [           main] .s.d.r.c.RepositoryConfigurationDelegate : Bootstrapping Spring Data JPA repositories in DEFAULT mode.
2026-10-06T20:31:15.228+02:00  INFO 337982 --- [registration-backend] [           main] .s.d.r.c.RepositoryConfigurationDelegate : Finished Spring Data repository scanning in 4 ms. Found 1 JPA repository interface.
2026-10-06T20:31:15.268+02:00  INFO 337982 --- [registration-backend] [           main] o.s.boot.tomcat.TomcatWebServer          : Tomcat initialized with port 0 (http)
2026-10-06T20:31:15.269+02:00  INFO 337982 --- [registration-backend] [           main] o.apache.catalina.core.StandardService   : Starting service [Tomcat]
2026-10-06T20:31:15.269+02:00  INFO 337982 --- [registration-backend] [           main] o.apache.catalina.core.StandardEngine    : Starting Servlet engine: [Apache Tomcat/11.0.26]
2026-10-06T20:31:15.276+02:00  INFO 337982 --- [registration-backend] [           main] b.w.c.s.WebApplicationContextInitializer : Root WebApplicationContext: initialization completed in 121 ms
2026-10-06T20:31:15.317+02:00  INFO 337982 --- [registration-backend] [           main] com.zaxxer.hikari.HikariDataSource       : HikariPool-27 - Starting...
2026-10-06T20:31:15.339+02:00  INFO 337982 --- [registration-backend] [           main] com.zaxxer.hikari.pool.HikariPool        : HikariPool-27 - Added connection org.postgresql.jdbc.PgConnection@b9b77e3
2026-10-06T20:31:15.339+02:00  INFO 337982 --- [registration-backend] [           main] com.zaxxer.hikari.HikariDataSource       : HikariPool-27 - Start completed.
2026-10-06T20:31:15.340+02:00  INFO 337982 --- [registration-backend] [           main] org.flywaydb.core.FlywayExecutor         : Database: jdbc:postgresql://localhost:42797/reg_337982_48 (PostgreSQL 16.15)
2026-10-06T20:31:15.353+02:00  INFO 337982 --- [registration-backend] [           main] o.f.c.i.s.JdbcTableSchemaHistory         : Schema history table "public"."flyway_schema_history" does not exist yet
2026-10-06T20:31:15.354+02:00  INFO 337982 --- [registration-backend] [           main] o.f.core.internal.command.DbValidate     : Successfully validated 1 migration (execution time 00:00.003s)
2026-10-06T20:31:15.363+02:00  INFO 337982 --- [registration-backend] [           main] o.f.c.i.s.JdbcTableSchemaHistory         : Creating Schema History table "public"."flyway_schema_history" ...
2026-10-06T20:31:15.392+02:00  INFO 337982 --- [registration-backend] [           main] o.f.core.internal.command.DbMigrate      : Current version of schema "public": << Empty Schema >>
2026-10-06T20:31:15.394+02:00  INFO 337982 --- [registration-backend] [           main] o.f.core.internal.command.DbMigrate      : Migrating schema "public" to version "1 - create registration"
2026-10-06T20:31:15.417+02:00  INFO 337982 --- [registration-backend] [           main] o.f.core.internal.command.DbMigrate      : Successfully applied 1 migration to schema "public", now at version v1 (execution time 00:00.017s)
2026-10-06T20:31:15.426+02:00  INFO 337982 --- [registration-backend] [           main] org.hibernate.orm.jpa                    : HHH008540: Processing PersistenceUnitInfo [name: default]
2026-10-06T20:31:15.438+02:00  INFO 337982 --- [registration-backend] [           main] o.s.o.j.p.SpringPersistenceUnitInfo      : No LoadTimeWeaver setup: ignoring JPA class transformer
2026-10-06T20:31:15.446+02:00  INFO 337982 --- [registration-backend] [           main] org.hibernate.orm.connections.pooling    : HHH10001005: Database info:
	Database JDBC URL [jdbc:postgresql://localhost:42797/reg_337982_48]
	Database driver: PostgreSQL JDBC Driver
	Database dialect: PostgreSQLDialect
	Database version: 16.15
	Default catalog/schema: reg_337982_48/public
	Autocommit mode: undefined/unknown
	Isolation level: READ_COMMITTED [default READ_COMMITTED]
	JDBC fetch size: none
	Pool: DataSourceConnectionProvider
	Minimum pool size: undefined/unknown
	Maximum pool size: undefined/unknown
2026-10-06T20:31:15.468+02:00  INFO 337982 --- [registration-backend] [           main] org.hibernate.orm.core                   : HHH000489: No JTA platform available (set 'hibernate.transaction.jta.platform' to enable JTA platform integration)
2026-10-06T20:31:15.483+02:00  INFO 337982 --- [registration-backend] [           main] j.LocalContainerEntityManagerFactoryBean : Initialized JPA EntityManagerFactory for persistence unit 'default'
2026-10-06T20:31:15.584+02:00  INFO 337982 --- [registration-backend] [           main] r$InitializeUserDetailsManagerConfigurer : Global AuthenticationManager configured with UserDetailsService bean with name organizers
2026-10-06T20:31:15.644+02:00  INFO 337982 --- [registration-backend] [           main] o.s.b.a.e.web.EndpointLinksResolver      : Exposing 1 endpoint beneath base path '/actuator'
2026-10-06T20:31:15.653+02:00  INFO 337982 --- [registration-backend] [           main] o.s.boot.tomcat.TomcatWebServer          : Tomcat started on port 41959 (http) with context path '/'
2026-10-06T20:31:15.655+02:00  INFO 337982 --- [registration-backend] [           main] o.a.maven.surefire.booter.ForkedBooter   : Started ForkedBooter in 0.511 seconds (process running for 54.578)
2026-10-06T20:31:15.657+02:00  INFO 337982 --- [registration-backend] [-auto-27-exec-1] o.a.c.c.C.[Tomcat-3].[localhost].[/]     : Initializing Spring DispatcherServlet 'dispatcherServlet'
2026-10-06T20:31:15.657+02:00  INFO 337982 --- [registration-backend] [-auto-27-exec-1] o.s.web.servlet.DispatcherServlet        : Initializing Servlet 'dispatcherServlet'
2026-10-06T20:31:15.658+02:00  INFO 337982 --- [registration-backend] [-auto-27-exec-1] o.s.web.servlet.DispatcherServlet        : Completed initialization in 1 ms
2026-10-06T20:31:15.682+02:00  INFO 337982 --- [registration-backend] [-auto-27-exec-1] s.k.r.application.RegistrationService    : Registration 6530297d-ee74-4a70-b9f7-171cb44147d2 accepted
2026-10-06T20:31:15.696+02:00  INFO 337982 --- [registration-backend] [-auto-27-exec-2] s.k.r.application.RegistrationService    : Registration dedc9e8a-a0a2-4876-a41a-b4a5c9c6d016 accepted
2026-10-06T20:31:15.879+02:00  INFO 337982 --- [registration-backend] [           main] o.s.boot.tomcat.GracefulShutdown         : Commencing graceful shutdown. Waiting for active requests to complete
2026-10-06T20:31:15.880+02:00  INFO 337982 --- [registration-backend] [tomcat-shutdown] o.s.boot.tomcat.GracefulShutdown         : Graceful shutdown complete
2026-10-06T20:31:15.881+02:00  INFO 337982 --- [registration-backend] [           main] j.LocalContainerEntityManagerFactoryBean : Closing JPA EntityManagerFactory for persistence unit 'default'
2026-10-06T20:31:15.881+02:00  INFO 337982 --- [registration-backend] [           main] com.zaxxer.hikari.HikariDataSource       : HikariPool-27 - Shutdown initiated...
2026-10-06T20:31:15.882+02:00  INFO 337982 --- [registration-backend] [           main] com.zaxxer.hikari.HikariDataSource       : HikariPool-27 - Shutdown completed.
[INFO] Tests run: 6, Failures: 0, Errors: 0, Skipped: 0, Time elapsed: 4.713 s -- in si.konferenca.registration.acceptance.RegistrationExportAcceptanceTest
[INFO] 
[INFO] Results:
[INFO] 
[ERROR] Errors: 
[ERROR]   RegistrationStorageAcceptanceTest.AC_005_01_acceptedRegistrationIsStoredWithAllData:61 ClassCast class java.sql.Timestamp cannot be cast to class java.time.OffsetDateTime (java.sql.Timestamp is in module java.sql of loader 'platform'; java.time.OffsetDateTime is in module java.base of loader 'bootstrap')
[INFO] 
[ERROR] Tests run: 79, Failures: 0, Errors: 1, Skipped: 0
[INFO] 
[INFO] ------------------------------------------------------------------------
[INFO] BUILD FAILURE
[INFO] ------------------------------------------------------------------------
[INFO] Total time:  56.676 s
[INFO] Finished at: 2026-10-06T20:31:16+02:00
[INFO] ------------------------------------------------------------------------
[ERROR] Failed to execute goal org.apache.maven.plugins:maven-surefire-plugin:3.5.6:test (default-test) on project registration-backend: 
[ERROR] 
[ERROR] See /home/tjan-kazar/storage/Work/lab/agentic_lab/agentic_lab/02_output/backend/target/surefire-reports for the individual test results.
[ERROR] See dump files (if any exist) [date].dump, [date]-jvmRun[N].dump and [date].dumpstream.
[ERROR] -> [Help 1]
[ERROR] 
[ERROR] To see the full stack trace of the errors, re-run Maven with the -e switch.
[ERROR] Re-run Maven using the -X switch to enable full debug logging.
[ERROR] 
[ERROR] For more information about the errors and possible solutions, please read the following articles:
[ERROR] [Help 1] http://cwiki.apache.org/confluence/display/MAVEN/MojoFailureException
