[INFO] Scanning for projects...
[INFO] 
[INFO] -----------------< lab.conference:conference-backend >------------------
[INFO] Building conference-backend 1.0.0
[INFO]   from pom.xml
[INFO] --------------------------------[ jar ]---------------------------------
[INFO] 
[INFO] --- jacoco:0.8.13:prepare-agent (prepare-unit) @ conference-backend ---
[INFO] argLine set to -javaagent:/home/tjan-kazar/.m2/repository/org/jacoco/org.jacoco.agent/0.8.13/org.jacoco.agent-0.8.13-runtime.jar=destfile=/home/tjan-kazar/storage/Work/lab/agentic_lab/02_output/backend/target/jacoco.exec
[INFO] 
[INFO] --- resources:3.3.1:resources (default-resources) @ conference-backend ---
[INFO] Copying 1 resource from src/main/resources to target/classes
[INFO] Copying 1 resource from src/main/resources to target/classes
[INFO] 
[INFO] --- compiler:3.14.1:compile (default-compile) @ conference-backend ---
[INFO] Nothing to compile - all classes are up to date.
[INFO] 
[INFO] --- resources:3.3.1:testResources (default-testResources) @ conference-backend ---
[INFO] Copying 6 resources from src/test/resources to target/test-classes
[INFO] 
[INFO] --- compiler:3.14.1:testCompile (default-testCompile) @ conference-backend ---
[INFO] Nothing to compile - all classes are up to date.
[INFO] 
[INFO] --- surefire:3.5.6:test (default-test) @ conference-backend ---
[INFO] 
[INFO] --- jacoco:0.8.13:report (report-unit) @ conference-backend ---
[INFO] Loading execution data file /home/tjan-kazar/storage/Work/lab/agentic_lab/02_output/backend/target/jacoco.exec
[INFO] Analyzed bundle 'conference-backend' with 60 classes
[INFO] 
[INFO] --- jar:3.4.2:jar (default-jar) @ conference-backend ---
[INFO] 
[INFO] --- spring-boot:3.5.16:repackage (repackage) @ conference-backend ---
[INFO] Replacing main artifact /home/tjan-kazar/storage/Work/lab/agentic_lab/02_output/backend/target/conference-backend-1.0.0.jar with repackaged archive, adding nested dependencies in BOOT-INF/.
[INFO] The original artifact has been renamed to /home/tjan-kazar/storage/Work/lab/agentic_lab/02_output/backend/target/conference-backend-1.0.0.jar.original
[INFO] 
[INFO] --- jacoco:0.8.13:prepare-agent-integration (prepare-integration) @ conference-backend ---
[INFO] argLine set to -javaagent:/home/tjan-kazar/.m2/repository/org/jacoco/org.jacoco.agent/0.8.13/org.jacoco.agent-0.8.13-runtime.jar=destfile=/home/tjan-kazar/storage/Work/lab/agentic_lab/02_output/backend/target/jacoco-it.exec
[INFO] 
[INFO] --- failsafe:3.5.6:integration-test (default) @ conference-backend ---
[INFO] Using auto detected provider org.apache.maven.surefire.junitplatform.JUnitPlatformProvider
[INFO] 
[INFO] -------------------------------------------------------
[INFO]  T E S T S
[INFO] -------------------------------------------------------
[INFO] Running lab.conference.acceptance.SmtpOutageAcceptanceTest
13:11:43.508 [main] INFO org.testcontainers.images.PullPolicy -- Image pull policy will be performed by: DefaultPullPolicy()
13:11:43.521 [main] INFO org.testcontainers.utility.ImageNameSubstitutor -- Image name substitution will be performed by: DefaultImageNameSubstitutor (composite of 'ConfigurationFileImageNameSubstitutor' and 'PrefixingImageNameSubstitutor')
13:11:43.540 [main] INFO org.testcontainers.DockerClientFactory -- Testcontainers version: 1.21.4
13:11:44.873 [main] INFO org.testcontainers.dockerclient.DockerClientProviderStrategy -- Found Docker environment with Docker accessed via Unix socket (/home/tjan-kazar/.docker/desktop/docker.sock)
13:11:44.875 [main] INFO org.testcontainers.DockerClientFactory -- Docker host IP address is localhost
13:11:44.906 [main] INFO org.testcontainers.DockerClientFactory -- Connected to docker: 
  Server Version: 29.3.1
  API Version: 1.54
  Operating System: Docker Desktop
  Total Memory: 31283 MB
  Labels: 
    com.docker.desktop.address=unix:///home/tjan-kazar/.docker/desktop/docker-cli.sock
13:11:45.293 [main] INFO tc.testcontainers/ryuk:0.12.0 -- Creating container for image: testcontainers/ryuk:0.12.0
13:11:45.711 [main] INFO tc.testcontainers/ryuk:0.12.0 -- Container testcontainers/ryuk:0.12.0 is starting: f68004517da2db418c74302aedfe98d96c6b6aaf4b42cd1603f01129e0731d51
13:11:46.371 [main] INFO tc.testcontainers/ryuk:0.12.0 -- Container testcontainers/ryuk:0.12.0 started in PT1.078134487S
13:11:46.379 [main] INFO org.testcontainers.utility.RyukResourceReaper -- Ryuk started - will monitor and terminate Testcontainers containers on JVM exit
13:11:46.379 [main] INFO org.testcontainers.DockerClientFactory -- Checking the system...
13:11:46.380 [main] INFO org.testcontainers.DockerClientFactory -- ✔︎ Docker server version should be at least 1.6.0
13:11:46.382 [main] INFO tc.postgres@sha256:952067... -- Creating container for image: postgres@sha256:95206741a5b214807675e14165369d05b93a9cf692223b616d07cca227e74b0b
13:11:46.556 [main] INFO tc.postgres@sha256:952067... -- Container postgres@sha256:95206741a5b214807675e14165369d05b93a9cf692223b616d07cca227e74b0b is starting: 73cdb5d85f8a5e8a30b91446f4cdda1ad62a98cedda116148115e342e74369da
13:11:48.755 [main] INFO tc.postgres@sha256:952067... -- Container postgres@sha256:95206741a5b214807675e14165369d05b93a9cf692223b616d07cca227e74b0b started in PT2.373538608S
13:11:48.759 [main] INFO tc.postgres@sha256:952067... -- Container is started (JDBC URL: jdbc:postgresql://localhost:43417/postgres?loggerLevel=OFF)
2026-09-30T13:11:50.345+02:00  INFO 1826200 --- [conference-backend] [           main] o.a.maven.surefire.booter.ForkedBooter   : Starting ForkedBooter v3.5.6 using Java 21.0.12 with PID 1826200 (started by tjan-kazar in /home/tjan-kazar/storage/Work/lab/agentic_lab/02_output/backend)
2026-09-30T13:11:50.347+02:00  INFO 1826200 --- [conference-backend] [           main] o.a.maven.surefire.booter.ForkedBooter   : No active profile set, falling back to 1 default profile: "default"
2026-09-30T13:11:51.954+02:00  INFO 1826200 --- [conference-backend] [           main] .s.d.r.c.RepositoryConfigurationDelegate : Bootstrapping Spring Data JPA repositories in DEFAULT mode.
2026-09-30T13:11:52.067+02:00  INFO 1826200 --- [conference-backend] [           main] .s.d.r.c.RepositoryConfigurationDelegate : Finished Spring Data repository scanning in 97 ms. Found 2 JPA repository interfaces.
2026-09-30T13:11:53.115+02:00  INFO 1826200 --- [conference-backend] [           main] o.s.b.w.embedded.tomcat.TomcatWebServer  : Tomcat initialized with port 0 (http)
2026-09-30T13:11:53.156+02:00  INFO 1826200 --- [conference-backend] [           main] o.apache.catalina.core.StandardService   : Starting service [Tomcat]
2026-09-30T13:11:53.157+02:00  INFO 1826200 --- [conference-backend] [           main] o.apache.catalina.core.StandardEngine    : Starting Servlet engine: [Apache Tomcat/10.1.60]
2026-09-30T13:11:53.227+02:00  INFO 1826200 --- [conference-backend] [           main] o.a.c.c.C.[Tomcat].[localhost].[/]       : Initializing Spring embedded WebApplicationContext
2026-09-30T13:11:53.229+02:00  INFO 1826200 --- [conference-backend] [           main] w.s.c.ServletWebServerApplicationContext : Root WebApplicationContext: initialization completed in 2827 ms
2026-09-30T13:11:53.878+02:00  INFO 1826200 --- [conference-backend] [           main] com.zaxxer.hikari.HikariDataSource       : HikariPool-1 - Starting...
2026-09-30T13:11:53.956+02:00  INFO 1826200 --- [conference-backend] [           main] com.zaxxer.hikari.pool.HikariPool        : HikariPool-1 - Added connection org.postgresql.jdbc.PgConnection@2b97a1fb
2026-09-30T13:11:53.958+02:00  INFO 1826200 --- [conference-backend] [           main] com.zaxxer.hikari.HikariDataSource       : HikariPool-1 - Start completed.
2026-09-30T13:11:54.022+02:00  INFO 1826200 --- [conference-backend] [           main] org.flywaydb.core.FlywayExecutor         : Database: jdbc:postgresql://localhost:43417/conf_b8fd2f57a7ce (PostgreSQL 16.14)
2026-09-30T13:11:54.082+02:00  INFO 1826200 --- [conference-backend] [           main] o.f.c.i.s.JdbcTableSchemaHistory         : Schema history table "public"."flyway_schema_history" does not exist yet
2026-09-30T13:11:54.088+02:00  INFO 1826200 --- [conference-backend] [           main] o.f.core.internal.command.DbValidate     : Successfully validated 1 migration (execution time 00:00.030s)
2026-09-30T13:11:54.114+02:00  INFO 1826200 --- [conference-backend] [           main] o.f.c.i.s.JdbcTableSchemaHistory         : Creating Schema History table "public"."flyway_schema_history" ...
2026-09-30T13:11:54.191+02:00  INFO 1826200 --- [conference-backend] [           main] o.f.core.internal.command.DbMigrate      : Current version of schema "public": << Empty Schema >>
2026-09-30T13:11:54.223+02:00  INFO 1826200 --- [conference-backend] [           main] o.f.core.internal.command.DbMigrate      : Migrating schema "public" to version "1 - registration schema"
2026-09-30T13:11:54.294+02:00  INFO 1826200 --- [conference-backend] [           main] o.f.core.internal.command.DbMigrate      : Successfully applied 1 migration to schema "public", now at version v1 (execution time 00:00.034s)
2026-09-30T13:11:54.455+02:00  INFO 1826200 --- [conference-backend] [           main] o.hibernate.jpa.internal.util.LogHelper  : HHH000204: Processing PersistenceUnitInfo [name: default]
2026-09-30T13:11:54.554+02:00  INFO 1826200 --- [conference-backend] [           main] org.hibernate.Version                    : HHH000412: Hibernate ORM core version 6.6.53.Final
2026-09-30T13:11:54.610+02:00  INFO 1826200 --- [conference-backend] [           main] o.h.c.internal.RegionFactoryInitiator    : HHH000026: Second-level cache disabled
2026-09-30T13:11:55.067+02:00  INFO 1826200 --- [conference-backend] [           main] o.s.o.j.p.SpringPersistenceUnitInfo      : No LoadTimeWeaver setup: ignoring JPA class transformer
2026-09-30T13:11:55.224+02:00  INFO 1826200 --- [conference-backend] [           main] org.hibernate.orm.connections.pooling    : HHH10001005: Database info:
	Database JDBC URL [Connecting through datasource 'HikariDataSource (HikariPool-1)']
	Database driver: undefined/unknown
	Database version: 16.14
	Autocommit mode: undefined/unknown
	Isolation level: undefined/unknown
	Minimum pool size: undefined/unknown
	Maximum pool size: undefined/unknown
2026-09-30T13:11:56.866+02:00  INFO 1826200 --- [conference-backend] [           main] o.h.e.t.j.p.i.JtaPlatformInitiator       : HHH000489: No JTA platform available (set 'hibernate.transaction.jta.platform' to enable JTA platform integration)
2026-09-30T13:11:56.926+02:00  INFO 1826200 --- [conference-backend] [           main] j.LocalContainerEntityManagerFactoryBean : Initialized JPA EntityManagerFactory for persistence unit 'default'
2026-09-30T13:11:57.272+02:00  INFO 1826200 --- [conference-backend] [           main] o.s.d.j.r.query.QueryEnhancerFactory     : Hibernate is in classpath; If applicable, HQL parser will be used.
2026-09-30T13:11:58.786+02:00  INFO 1826200 --- [conference-backend] [           main] r$InitializeUserDetailsManagerConfigurer : Global AuthenticationManager configured with UserDetailsService bean with name organizer
2026-09-30T13:11:59.240+02:00  INFO 1826200 --- [conference-backend] [           main] o.s.b.a.e.web.EndpointLinksResolver      : Exposing 1 endpoint beneath base path '/actuator'
2026-09-30T13:11:59.765+02:00  INFO 1826200 --- [conference-backend] [           main] o.s.b.w.embedded.tomcat.TomcatWebServer  : Tomcat started on port 34683 (http) with context path '/'
2026-09-30T13:11:59.795+02:00  INFO 1826200 --- [conference-backend] [           main] o.a.maven.surefire.booter.ForkedBooter   : Started ForkedBooter in 10.263 seconds (process running for 18.349)
2026-09-30T13:12:00.440+02:00  INFO 1826200 --- [conference-backend] [o-auto-1-exec-1] o.a.c.c.C.[Tomcat].[localhost].[/]       : Initializing Spring DispatcherServlet 'dispatcherServlet'
2026-09-30T13:12:00.441+02:00  INFO 1826200 --- [conference-backend] [o-auto-1-exec-1] o.s.web.servlet.DispatcherServlet        : Initializing Servlet 'dispatcherServlet'
2026-09-30T13:12:00.442+02:00  INFO 1826200 --- [conference-backend] [o-auto-1-exec-1] o.s.web.servlet.DispatcherServlet        : Completed initialization in 1 ms
2026-09-30T13:12:00.700+02:00  INFO 1826200 --- [conference-backend] [o-auto-1-exec-1] l.c.registration.RegistrationService     : Registration bed39227-00f7-4c67-a7c7-91a7d892204a accepted (external)
2026-09-30T13:12:01.023+02:00  WARN 1826200 --- [conference-backend] [   scheduling-1] l.c.n.NotificationDispatcher             : Notification PARTICIPANT for registration bed39227-00f7-4c67-a7c7-91a7d892204a failed (attempt 1, MailSendException)
2026-09-30T13:12:01.039+02:00  WARN 1826200 --- [conference-backend] [   scheduling-1] l.c.n.NotificationDispatcher             : Notification ORGANIZER for registration bed39227-00f7-4c67-a7c7-91a7d892204a failed (attempt 1, MailSendException)
2026-09-30T13:12:04.020+02:00  INFO 1826200 --- [conference-backend] [           main] tc.axllent/mailpit@sha256:4873e5...      : Creating container for image: axllent/mailpit@sha256:4873e5a441ed368f1e98a832f61257a033859f5e829542cd03fb772d2282ea4e
2026-09-30T13:12:04.257+02:00  INFO 1826200 --- [conference-backend] [           main] tc.axllent/mailpit@sha256:4873e5...      : Container axllent/mailpit@sha256:4873e5a441ed368f1e98a832f61257a033859f5e829542cd03fb772d2282ea4e is starting: 7c5a4980a90b0def118e8db924928e07de2dbe57a9c41a59a98637d7740ad514
2026-09-30T13:12:09.575+02:00 ERROR 1826200 --- [conference-backend] [           main] tc.axllent/mailpit@sha256:4873e5...      : Could not start container

org.testcontainers.shaded.org.awaitility.core.ConditionTimeoutException: org.testcontainers.containers.GenericContainer$$Lambda/0x00007cc8702cb768 expected the predicate to return <true> but it returned <false> for input of <InspectContainerResponse(args=[], config=ContainerConfig(attachStderr=false, attachStdin=false, attachStdout=false, cmd=null, domainName=, entrypoint=[/mailpit], env=[PATH=/usr/local/sbin:/usr/local/bin:/usr/sbin:/usr/bin:/sbin:/bin], exposedPorts=[1025/tcp, 1110/tcp, 8025/tcp], hostName=7c5a4980a90b, image=axllent/mailpit@sha256:4873e5a441ed368f1e98a832f61257a033859f5e829542cd03fb772d2282ea4e, labels={org.opencontainers.image.description=An email and SMTP testing tool with API for developers, org.opencontainers.image.documentation=https://mailpit.axllent.org/docs/, org.opencontainers.image.licenses=MIT, org.opencontainers.image.source=https://github.com/axllent/mailpit, org.opencontainers.image.title=Mailpit, org.opencontainers.image.url=https://mailpit.axllent.org, org.testcontainers=true, org.testcontainers.lang=java, org.testcontainers.sessionId=85f2e0ef-ba52-4ee0-9f58-f6fdc380f9c8, org.testcontainers.version=1.21.4}, macAddress=null, networkDisabled=null, onBuild=null, stdinOpen=false, portSpecs=null, stdInOnce=false, tty=false, user=, volumes=null, workingDir=/, healthCheck=HealthCheck(interval=15000000000, timeout=null, test=[CMD, /mailpit, readyz], retries=null, startPeriod=10000000000, startInterval=1000000000)), created=2026-09-30T11:12:04.166285858Z, driver=overlayfs, execDriver=null, hostConfig=HostConfig(binds=[], blkioWeight=0, blkioWeightDevice=null, blkioDeviceReadBps=null, blkioDeviceWriteBps=null, blkioDeviceReadIOps=null, blkioDeviceWriteIOps=null, memorySwappiness=null, nanoCPUs=0, capAdd=null, capDrop=null, containerIDFile=, cpuPeriod=0, cpuRealtimePeriod=0, cpuRealtimeRuntime=0, cpuShares=0, cpuQuota=0, cpusetCpus=, cpusetMems=, devices=null, deviceCgroupRules=null, deviceRequests=null, diskQuota=null, dns=null, dnsOptions=null, dnsSearch=null, extraHosts=[], groupAdd=null, ipcMode=private, cgroup=, links=[], logConfig=LogConfig(type=json-file, config={}), lxcConf=null, memory=0, memorySwap=0, memoryReservation=0, kernelMemory=null, networkMode=bridge, oomKillDisable=null, init=null, autoRemove=false, oomScoreAdj=0, portBindings={1025/tcp=[Lcom.github.dockerjava.api.model.Ports$Binding;@4c0ca8fc}, privileged=false, publishAllPorts=false, readonlyRootfs=false, restartPolicy=no, ulimits=null, cpuCount=0, cpuPercent=0, ioMaximumIOps=0, ioMaximumBandwidth=0, volumesFrom=[], mounts=null, pidMode=, isolation=null, securityOpts=null, storageOpt=null, cgroupParent=, volumeDriver=, shmSize=67108864, pidsLimit=null, runtime=runc, tmpFs=null, utSMode=, usernsMode=, sysctls=null, consoleSize=[0, 0], cgroupnsMode=private), hostnamePath=/var/lib/docker/containers/7c5a4980a90b0def118e8db924928e07de2dbe57a9c41a59a98637d7740ad514/hostname, hostsPath=/var/lib/docker/containers/7c5a4980a90b0def118e8db924928e07de2dbe57a9c41a59a98637d7740ad514/hosts, logPath=/var/lib/docker/containers/7c5a4980a90b0def118e8db924928e07de2dbe57a9c41a59a98637d7740ad514/7c5a4980a90b0def118e8db924928e07de2dbe57a9c41a59a98637d7740ad514-json.log, id=7c5a4980a90b0def118e8db924928e07de2dbe57a9c41a59a98637d7740ad514, sizeRootFs=null, sizeRw=null, imageId=sha256:4873e5a441ed368f1e98a832f61257a033859f5e829542cd03fb772d2282ea4e, mountLabel=, name=/sleepy_williamson, restartCount=0, networkSettings=NetworkSettings(bridge=null, sandboxId=2bd682359f4faacbdc154f845c2868a8b91c7f8580aecd8de117e9babc9d3f8a, hairpinMode=null, linkLocalIPv6Address=null, linkLocalIPv6PrefixLen=null, ports={1025/tcp=[Lcom.github.dockerjava.api.model.Ports$Binding;@3015982f}, sandboxKey=/var/run/docker/netns/2bd682359f4f, secondaryIPAddresses=null, secondaryIPv6Addresses=null, endpointID=null, gateway=null, portMapping=null, globalIPv6Address=null, globalIPv6PrefixLen=null, ipAddress=null, ipPrefixLen=null, ipV6Gateway=null, macAddress=null, networks={bridge=ContainerNetwork(ipamConfig=null, links=[], aliases=null, networkID=3f6b5a7420832ac3a9b492754514be84e989a0ebe9afc67060474bf92d4dde02, endpointId=614081d26fbb859dcf5c12efaa4f0987e75fde915289d12141a3359ffc7de8ba, gateway=172.17.0.1, ipAddress=172.17.0.4, ipPrefixLen=16, ipV6Gateway=, globalIPv6Address=, globalIPv6PrefixLen=0, macAddress=c6:d1:cc:67:70:87)}), path=/mailpit, processLabel=, resolvConfPath=/var/lib/docker/containers/7c5a4980a90b0def118e8db924928e07de2dbe57a9c41a59a98637d7740ad514/resolv.conf, execIds=null, state=InspectContainerResponse.ContainerState(status=running, running=true, paused=false, restarting=false, oomKilled=false, dead=false, pid=50980, exitCode=0, error=, startedAt=2026-09-30T11:12:04.309758811Z, finishedAt=0001-01-01T00:00:00Z, health=HealthState(status=healthy, failingStreak=0, log=[HealthStateLog(start=2026-09-30T11:12:05.555417504Z, end=2026-09-30T11:12:05.779855505Z, exitCode=0, output=)])), volumes=null, volumesRW=null, node=null, mounts=[], graphDriver=GraphDriver(name=overlayfs, data=null), platform=linux)> within 5 seconds.
	at org.testcontainers.shaded.org.awaitility.core.ConditionAwaiter.await(ConditionAwaiter.java:167) ~[testcontainers-1.21.4.jar:1.21.4]
	at org.testcontainers.shaded.org.awaitility.core.AbstractHamcrestCondition.await(AbstractHamcrestCondition.java:86) ~[testcontainers-1.21.4.jar:1.21.4]
	at org.testcontainers.shaded.org.awaitility.core.ConditionFactory.until(ConditionFactory.java:985) ~[testcontainers-1.21.4.jar:1.21.4]
	at org.testcontainers.shaded.org.awaitility.core.ConditionFactory.until(ConditionFactory.java:691) ~[testcontainers-1.21.4.jar:1.21.4]
	at org.testcontainers.shaded.org.awaitility.core.ConditionFactory.until(ConditionFactory.java:708) ~[testcontainers-1.21.4.jar:1.21.4]
	at org.testcontainers.containers.GenericContainer.tryStart(GenericContainer.java:458) ~[testcontainers-1.21.4.jar:1.21.4]
	at org.testcontainers.containers.GenericContainer.lambda$doStart$0(GenericContainer.java:346) ~[testcontainers-1.21.4.jar:1.21.4]
	at org.rnorth.ducttape.unreliables.Unreliables.retryUntilSuccess(Unreliables.java:81) ~[duct-tape-1.0.8.jar:na]
	at org.testcontainers.containers.GenericContainer.doStart(GenericContainer.java:336) ~[testcontainers-1.21.4.jar:1.21.4]
	at org.testcontainers.containers.GenericContainer.start(GenericContainer.java:322) ~[testcontainers-1.21.4.jar:1.21.4]
	at lab.conference.acceptance.SmtpOutageAcceptanceTest.ac_006_02_and_ac_007_02_mailsAreDeliveredAfterSmtpRecovers(SmtpOutageAcceptanceTest.java:35) ~[test-classes/:na]
	at java.base/jdk.internal.reflect.DirectMethodHandleAccessor.invoke(DirectMethodHandleAccessor.java:103) ~[na:na]
	at java.base/java.lang.reflect.Method.invoke(Method.java:580) ~[na:na]
	at org.junit.platform.commons.util.ReflectionUtils.invokeMethod(ReflectionUtils.java:775) ~[junit-platform-commons-1.12.2.jar:1.12.2]
	at org.junit.platform.commons.support.ReflectionSupport.invokeMethod(ReflectionSupport.java:479) ~[junit-platform-commons-1.12.2.jar:1.12.2]
	at org.junit.jupiter.engine.execution.MethodInvocation.proceed(MethodInvocation.java:60) ~[junit-jupiter-engine-5.12.2.jar:5.12.2]
	at org.junit.jupiter.engine.execution.InvocationInterceptorChain$ValidatingInvocation.proceed(InvocationInterceptorChain.java:131) ~[junit-jupiter-engine-5.12.2.jar:5.12.2]
	at org.junit.jupiter.engine.extension.TimeoutExtension.intercept(TimeoutExtension.java:161) ~[junit-jupiter-engine-5.12.2.jar:5.12.2]
	at org.junit.jupiter.engine.extension.TimeoutExtension.interceptTestableMethod(TimeoutExtension.java:152) ~[junit-jupiter-engine-5.12.2.jar:5.12.2]
	at org.junit.jupiter.engine.extension.TimeoutExtension.interceptTestMethod(TimeoutExtension.java:91) ~[junit-jupiter-engine-5.12.2.jar:5.12.2]
	at org.junit.jupiter.engine.execution.InterceptingExecutableInvoker$ReflectiveInterceptorCall.lambda$ofVoidMethod$0(InterceptingExecutableInvoker.java:112) ~[junit-jupiter-engine-5.12.2.jar:5.12.2]
	at org.junit.jupiter.engine.execution.InterceptingExecutableInvoker.lambda$invoke$0(InterceptingExecutableInvoker.java:94) ~[junit-jupiter-engine-5.12.2.jar:5.12.2]
	at org.junit.jupiter.engine.execution.InvocationInterceptorChain$InterceptedInvocation.proceed(InvocationInterceptorChain.java:106) ~[junit-jupiter-engine-5.12.2.jar:5.12.2]
	at org.junit.jupiter.engine.execution.InvocationInterceptorChain.proceed(InvocationInterceptorChain.java:64) ~[junit-jupiter-engine-5.12.2.jar:5.12.2]
	at org.junit.jupiter.engine.execution.InvocationInterceptorChain.chainAndInvoke(InvocationInterceptorChain.java:45) ~[junit-jupiter-engine-5.12.2.jar:5.12.2]
	at org.junit.jupiter.engine.execution.InvocationInterceptorChain.invoke(InvocationInterceptorChain.java:37) ~[junit-jupiter-engine-5.12.2.jar:5.12.2]
	at org.junit.jupiter.engine.execution.InterceptingExecutableInvoker.invoke(InterceptingExecutableInvoker.java:93) ~[junit-jupiter-engine-5.12.2.jar:5.12.2]
	at org.junit.jupiter.engine.execution.InterceptingExecutableInvoker.invoke(InterceptingExecutableInvoker.java:87) ~[junit-jupiter-engine-5.12.2.jar:5.12.2]
	at org.junit.jupiter.engine.descriptor.TestMethodTestDescriptor.lambda$invokeTestMethod$7(TestMethodTestDescriptor.java:216) ~[junit-jupiter-engine-5.12.2.jar:5.12.2]
	at org.junit.platform.engine.support.hierarchical.ThrowableCollector.execute(ThrowableCollector.java:73) ~[junit-platform-engine-1.12.2.jar:1.12.2]
	at org.junit.jupiter.engine.descriptor.TestMethodTestDescriptor.invokeTestMethod(TestMethodTestDescriptor.java:212) ~[junit-jupiter-engine-5.12.2.jar:5.12.2]
	at org.junit.jupiter.engine.descriptor.TestMethodTestDescriptor.execute(TestMethodTestDescriptor.java:137) ~[junit-jupiter-engine-5.12.2.jar:5.12.2]
	at org.junit.jupiter.engine.descriptor.TestMethodTestDescriptor.execute(TestMethodTestDescriptor.java:69) ~[junit-jupiter-engine-5.12.2.jar:5.12.2]
	at org.junit.platform.engine.support.hierarchical.NodeTestTask.lambda$executeRecursively$6(NodeTestTask.java:156) ~[junit-platform-engine-1.12.2.jar:1.12.2]
	at org.junit.platform.engine.support.hierarchical.ThrowableCollector.execute(ThrowableCollector.java:73) ~[junit-platform-engine-1.12.2.jar:1.12.2]
	at org.junit.platform.engine.support.hierarchical.NodeTestTask.lambda$executeRecursively$8(NodeTestTask.java:146) ~[junit-platform-engine-1.12.2.jar:1.12.2]
	at org.junit.platform.engine.support.hierarchical.Node.around(Node.java:137) ~[junit-platform-engine-1.12.2.jar:1.12.2]
	at org.junit.platform.engine.support.hierarchical.NodeTestTask.lambda$executeRecursively$9(NodeTestTask.java:144) ~[junit-platform-engine-1.12.2.jar:1.12.2]
	at org.junit.platform.engine.support.hierarchical.ThrowableCollector.execute(ThrowableCollector.java:73) ~[junit-platform-engine-1.12.2.jar:1.12.2]
	at org.junit.platform.engine.support.hierarchical.NodeTestTask.executeRecursively(NodeTestTask.java:143) ~[junit-platform-engine-1.12.2.jar:1.12.2]
	at org.junit.platform.engine.support.hierarchical.NodeTestTask.execute(NodeTestTask.java:100) ~[junit-platform-engine-1.12.2.jar:1.12.2]
	at java.base/java.util.ArrayList.forEach(ArrayList.java:1596) ~[na:na]
	at org.junit.platform.engine.support.hierarchical.SameThreadHierarchicalTestExecutorService.invokeAll(SameThreadHierarchicalTestExecutorService.java:41) ~[junit-platform-engine-1.12.2.jar:1.12.2]
	at org.junit.platform.engine.support.hierarchical.NodeTestTask.lambda$executeRecursively$6(NodeTestTask.java:160) ~[junit-platform-engine-1.12.2.jar:1.12.2]
	at org.junit.platform.engine.support.hierarchical.ThrowableCollector.execute(ThrowableCollector.java:73) ~[junit-platform-engine-1.12.2.jar:1.12.2]
	at org.junit.platform.engine.support.hierarchical.NodeTestTask.lambda$executeRecursively$8(NodeTestTask.java:146) ~[junit-platform-engine-1.12.2.jar:1.12.2]
	at org.junit.platform.engine.support.hierarchical.Node.around(Node.java:137) ~[junit-platform-engine-1.12.2.jar:1.12.2]
	at org.junit.platform.engine.support.hierarchical.NodeTestTask.lambda$executeRecursively$9(NodeTestTask.java:144) ~[junit-platform-engine-1.12.2.jar:1.12.2]
	at org.junit.platform.engine.support.hierarchical.ThrowableCollector.execute(ThrowableCollector.java:73) ~[junit-platform-engine-1.12.2.jar:1.12.2]
	at org.junit.platform.engine.support.hierarchical.NodeTestTask.executeRecursively(NodeTestTask.java:143) ~[junit-platform-engine-1.12.2.jar:1.12.2]
	at org.junit.platform.engine.support.hierarchical.NodeTestTask.execute(NodeTestTask.java:100) ~[junit-platform-engine-1.12.2.jar:1.12.2]
	at java.base/java.util.ArrayList.forEach(ArrayList.java:1596) ~[na:na]
	at org.junit.platform.engine.support.hierarchical.SameThreadHierarchicalTestExecutorService.invokeAll(SameThreadHierarchicalTestExecutorService.java:41) ~[junit-platform-engine-1.12.2.jar:1.12.2]
	at org.junit.platform.engine.support.hierarchical.NodeTestTask.lambda$executeRecursively$6(NodeTestTask.java:160) ~[junit-platform-engine-1.12.2.jar:1.12.2]
	at org.junit.platform.engine.support.hierarchical.ThrowableCollector.execute(ThrowableCollector.java:73) ~[junit-platform-engine-1.12.2.jar:1.12.2]
	at org.junit.platform.engine.support.hierarchical.NodeTestTask.lambda$executeRecursively$8(NodeTestTask.java:146) ~[junit-platform-engine-1.12.2.jar:1.12.2]
	at org.junit.platform.engine.support.hierarchical.Node.around(Node.java:137) ~[junit-platform-engine-1.12.2.jar:1.12.2]
	at org.junit.platform.engine.support.hierarchical.NodeTestTask.lambda$executeRecursively$9(NodeTestTask.java:144) ~[junit-platform-engine-1.12.2.jar:1.12.2]
	at org.junit.platform.engine.support.hierarchical.ThrowableCollector.execute(ThrowableCollector.java:73) ~[junit-platform-engine-1.12.2.jar:1.12.2]
	at org.junit.platform.engine.support.hierarchical.NodeTestTask.executeRecursively(NodeTestTask.java:143) ~[junit-platform-engine-1.12.2.jar:1.12.2]
	at org.junit.platform.engine.support.hierarchical.NodeTestTask.execute(NodeTestTask.java:100) ~[junit-platform-engine-1.12.2.jar:1.12.2]
	at org.junit.platform.engine.support.hierarchical.SameThreadHierarchicalTestExecutorService.submit(SameThreadHierarchicalTestExecutorService.java:35) ~[junit-platform-engine-1.12.2.jar:1.12.2]
	at org.junit.platform.engine.support.hierarchical.HierarchicalTestExecutor.execute(HierarchicalTestExecutor.java:57) ~[junit-platform-engine-1.12.2.jar:1.12.2]
	at org.junit.platform.engine.support.hierarchical.HierarchicalTestEngine.execute(HierarchicalTestEngine.java:54) ~[junit-platform-engine-1.12.2.jar:1.12.2]
	at org.junit.platform.launcher.core.EngineExecutionOrchestrator.execute(EngineExecutionOrchestrator.java:201) ~[junit-platform-launcher-1.12.2.jar:1.12.2]
	at org.junit.platform.launcher.core.EngineExecutionOrchestrator.execute(EngineExecutionOrchestrator.java:170) ~[junit-platform-launcher-1.12.2.jar:1.12.2]
	at org.junit.platform.launcher.core.EngineExecutionOrchestrator.execute(EngineExecutionOrchestrator.java:94) ~[junit-platform-launcher-1.12.2.jar:1.12.2]
	at org.junit.platform.launcher.core.EngineExecutionOrchestrator.lambda$execute$0(EngineExecutionOrchestrator.java:59) ~[junit-platform-launcher-1.12.2.jar:1.12.2]
	at org.junit.platform.launcher.core.EngineExecutionOrchestrator.withInterceptedStreams(EngineExecutionOrchestrator.java:142) ~[junit-platform-launcher-1.12.2.jar:1.12.2]
	at org.junit.platform.launcher.core.EngineExecutionOrchestrator.execute(EngineExecutionOrchestrator.java:58) ~[junit-platform-launcher-1.12.2.jar:1.12.2]
	at org.junit.platform.launcher.core.DefaultLauncher.execute(DefaultLauncher.java:103) ~[junit-platform-launcher-1.12.2.jar:1.12.2]
	at org.junit.platform.launcher.core.DefaultLauncher.execute(DefaultLauncher.java:85) ~[junit-platform-launcher-1.12.2.jar:1.12.2]
	at org.junit.platform.launcher.core.DelegatingLauncher.execute(DelegatingLauncher.java:47) ~[junit-platform-launcher-1.12.2.jar:1.12.2]
	at org.junit.platform.launcher.core.InterceptingLauncher.lambda$execute$1(InterceptingLauncher.java:39) ~[junit-platform-launcher-1.12.2.jar:1.12.2]
	at org.junit.platform.launcher.core.ClasspathAlignmentCheckingLauncherInterceptor.intercept(ClasspathAlignmentCheckingLauncherInterceptor.java:25) ~[junit-platform-launcher-1.12.2.jar:1.12.2]
	at org.junit.platform.launcher.core.InterceptingLauncher.execute(InterceptingLauncher.java:38) ~[junit-platform-launcher-1.12.2.jar:1.12.2]
	at org.junit.platform.launcher.core.DelegatingLauncher.execute(DelegatingLauncher.java:47) ~[junit-platform-launcher-1.12.2.jar:1.12.2]
	at org.apache.maven.surefire.junitplatform.LauncherAdapter.executeWithoutCancellationToken(LauncherAdapter.java:60) ~[surefire-junit-platform-3.5.6.jar:3.5.6]
	at org.apache.maven.surefire.junitplatform.LauncherAdapter.execute(LauncherAdapter.java:52) ~[surefire-junit-platform-3.5.6.jar:3.5.6]
	at org.apache.maven.surefire.junitplatform.JUnitPlatformProvider.execute(JUnitPlatformProvider.java:203) ~[surefire-junit-platform-3.5.6.jar:3.5.6]
	at org.apache.maven.surefire.junitplatform.JUnitPlatformProvider.invokeAllTests(JUnitPlatformProvider.java:168) ~[surefire-junit-platform-3.5.6.jar:3.5.6]
	at org.apache.maven.surefire.junitplatform.JUnitPlatformProvider.invoke(JUnitPlatformProvider.java:136) ~[surefire-junit-platform-3.5.6.jar:3.5.6]
	at org.apache.maven.surefire.booter.ForkedBooter.runSuitesInProcess(ForkedBooter.java:385) ~[surefire-booter-3.5.6.jar:3.5.6]
	at org.apache.maven.surefire.booter.ForkedBooter.execute(ForkedBooter.java:162) ~[surefire-booter-3.5.6.jar:3.5.6]
	at org.apache.maven.surefire.booter.ForkedBooter.run(ForkedBooter.java:507) ~[surefire-booter-3.5.6.jar:3.5.6]
	at org.apache.maven.surefire.booter.ForkedBooter.main(ForkedBooter.java:495) ~[surefire-booter-3.5.6.jar:3.5.6]

2026-09-30T13:12:09.677+02:00 ERROR 1826200 --- [conference-backend] [           main] tc.axllent/mailpit@sha256:4873e5...      : Log output from the failed container:
time="2026/09/30 11:12:04" level=info msg="[smtpd] starting on [::]:1025 (no encryption)"
time="2026/09/30 11:12:04" level=info msg="[http] starting on [::]:8025"
time="2026/09/30 11:12:04" level=info msg="[http] accessible via http://localhost:8025/"

2026-09-30T13:12:10.109+02:00  INFO 1826200 --- [conference-backend] [           main] o.s.b.w.e.tomcat.GracefulShutdown        : Commencing graceful shutdown. Waiting for active requests to complete
2026-09-30T13:12:10.112+02:00  INFO 1826200 --- [conference-backend] [tomcat-shutdown] o.s.b.w.e.tomcat.GracefulShutdown        : Graceful shutdown complete
2026-09-30T13:12:10.123+02:00  INFO 1826200 --- [conference-backend] [           main] j.LocalContainerEntityManagerFactoryBean : Closing JPA EntityManagerFactory for persistence unit 'default'
2026-09-30T13:12:10.126+02:00  INFO 1826200 --- [conference-backend] [           main] com.zaxxer.hikari.HikariDataSource       : HikariPool-1 - Shutdown initiated...
2026-09-30T13:12:10.131+02:00  INFO 1826200 --- [conference-backend] [           main] com.zaxxer.hikari.HikariDataSource       : HikariPool-1 - Shutdown completed.
[ERROR] Tests run: 1, Failures: 0, Errors: 1, Skipped: 0, Time elapsed: 26.88 s <<< FAILURE! -- in lab.conference.acceptance.SmtpOutageAcceptanceTest
[ERROR] lab.conference.acceptance.SmtpOutageAcceptanceTest.ac_006_02_and_ac_007_02_mailsAreDeliveredAfterSmtpRecovers -- Time elapsed: 26.84 s <<< ERROR!
org.testcontainers.containers.ContainerLaunchException: Container startup failed for image axllent/mailpit@sha256:4873e5a441ed368f1e98a832f61257a033859f5e829542cd03fb772d2282ea4e
	at org.testcontainers.containers.GenericContainer.doStart(GenericContainer.java:351)
	at org.testcontainers.containers.GenericContainer.start(GenericContainer.java:322)
	at lab.conference.acceptance.SmtpOutageAcceptanceTest.ac_006_02_and_ac_007_02_mailsAreDeliveredAfterSmtpRecovers(SmtpOutageAcceptanceTest.java:35)
	at java.base/java.lang.reflect.Method.invoke(Method.java:580)
	at java.base/java.util.ArrayList.forEach(ArrayList.java:1596)
	at java.base/java.util.ArrayList.forEach(ArrayList.java:1596)
Caused by: org.rnorth.ducttape.RetryCountExceededException: Retry limit hit with exception
	at org.rnorth.ducttape.unreliables.Unreliables.retryUntilSuccess(Unreliables.java:88)
	at org.testcontainers.containers.GenericContainer.doStart(GenericContainer.java:336)
	... 5 more
Caused by: org.testcontainers.containers.ContainerLaunchException: Could not create/start container
	at org.testcontainers.containers.GenericContainer.tryStart(GenericContainer.java:556)
	at org.testcontainers.containers.GenericContainer.lambda$doStart$0(GenericContainer.java:346)
	at org.rnorth.ducttape.unreliables.Unreliables.retryUntilSuccess(Unreliables.java:81)
	... 6 more
Caused by: org.testcontainers.shaded.org.awaitility.core.ConditionTimeoutException: org.testcontainers.containers.GenericContainer$$Lambda/0x00007cc8702cb768 expected the predicate to return <true> but it returned <false> for input of <InspectContainerResponse(args=[], config=ContainerConfig(attachStderr=false, attachStdin=false, attachStdout=false, cmd=null, domainName=, entrypoint=[/mailpit], env=[PATH=/usr/local/sbin:/usr/local/bin:/usr/sbin:/usr/bin:/sbin:/bin], exposedPorts=[1025/tcp, 1110/tcp, 8025/tcp], hostName=7c5a4980a90b, image=axllent/mailpit@sha256:4873e5a441ed368f1e98a832f61257a033859f5e829542cd03fb772d2282ea4e, labels={org.opencontainers.image.description=An email and SMTP testing tool with API for developers, org.opencontainers.image.documentation=https://mailpit.axllent.org/docs/, org.opencontainers.image.licenses=MIT, org.opencontainers.image.source=https://github.com/axllent/mailpit, org.opencontainers.image.title=Mailpit, org.opencontainers.image.url=https://mailpit.axllent.org, org.testcontainers=true, org.testcontainers.lang=java, org.testcontainers.sessionId=85f2e0ef-ba52-4ee0-9f58-f6fdc380f9c8, org.testcontainers.version=1.21.4}, macAddress=null, networkDisabled=null, onBuild=null, stdinOpen=false, portSpecs=null, stdInOnce=false, tty=false, user=, volumes=null, workingDir=/, healthCheck=HealthCheck(interval=15000000000, timeout=null, test=[CMD, /mailpit, readyz], retries=null, startPeriod=10000000000, startInterval=1000000000)), created=2026-09-30T11:12:04.166285858Z, driver=overlayfs, execDriver=null, hostConfig=HostConfig(binds=[], blkioWeight=0, blkioWeightDevice=null, blkioDeviceReadBps=null, blkioDeviceWriteBps=null, blkioDeviceReadIOps=null, blkioDeviceWriteIOps=null, memorySwappiness=null, nanoCPUs=0, capAdd=null, capDrop=null, containerIDFile=, cpuPeriod=0, cpuRealtimePeriod=0, cpuRealtimeRuntime=0, cpuShares=0, cpuQuota=0, cpusetCpus=, cpusetMems=, devices=null, deviceCgroupRules=null, deviceRequests=null, diskQuota=null, dns=null, dnsOptions=null, dnsSearch=null, extraHosts=[], groupAdd=null, ipcMode=private, cgroup=, links=[], logConfig=LogConfig(type=json-file, config={}), lxcConf=null, memory=0, memorySwap=0, memoryReservation=0, kernelMemory=null, networkMode=bridge, oomKillDisable=null, init=null, autoRemove=false, oomScoreAdj=0, portBindings={1025/tcp=[Lcom.github.dockerjava.api.model.Ports$Binding;@4c0ca8fc}, privileged=false, publishAllPorts=false, readonlyRootfs=false, restartPolicy=no, ulimits=null, cpuCount=0, cpuPercent=0, ioMaximumIOps=0, ioMaximumBandwidth=0, volumesFrom=[], mounts=null, pidMode=, isolation=null, securityOpts=null, storageOpt=null, cgroupParent=, volumeDriver=, shmSize=67108864, pidsLimit=null, runtime=runc, tmpFs=null, utSMode=, usernsMode=, sysctls=null, consoleSize=[0, 0], cgroupnsMode=private), hostnamePath=/var/lib/docker/containers/7c5a4980a90b0def118e8db924928e07de2dbe57a9c41a59a98637d7740ad514/hostname, hostsPath=/var/lib/docker/containers/7c5a4980a90b0def118e8db924928e07de2dbe57a9c41a59a98637d7740ad514/hosts, logPath=/var/lib/docker/containers/7c5a4980a90b0def118e8db924928e07de2dbe57a9c41a59a98637d7740ad514/7c5a4980a90b0def118e8db924928e07de2dbe57a9c41a59a98637d7740ad514-json.log, id=7c5a4980a90b0def118e8db924928e07de2dbe57a9c41a59a98637d7740ad514, sizeRootFs=null, sizeRw=null, imageId=sha256:4873e5a441ed368f1e98a832f61257a033859f5e829542cd03fb772d2282ea4e, mountLabel=, name=/sleepy_williamson, restartCount=0, networkSettings=NetworkSettings(bridge=null, sandboxId=2bd682359f4faacbdc154f845c2868a8b91c7f8580aecd8de117e9babc9d3f8a, hairpinMode=null, linkLocalIPv6Address=null, linkLocalIPv6PrefixLen=null, ports={1025/tcp=[Lcom.github.dockerjava.api.model.Ports$Binding;@3015982f}, sandboxKey=/var/run/docker/netns/2bd682359f4f, secondaryIPAddresses=null, secondaryIPv6Addresses=null, endpointID=null, gateway=null, portMapping=null, globalIPv6Address=null, globalIPv6PrefixLen=null, ipAddress=null, ipPrefixLen=null, ipV6Gateway=null, macAddress=null, networks={bridge=ContainerNetwork(ipamConfig=null, links=[], aliases=null, networkID=3f6b5a7420832ac3a9b492754514be84e989a0ebe9afc67060474bf92d4dde02, endpointId=614081d26fbb859dcf5c12efaa4f0987e75fde915289d12141a3359ffc7de8ba, gateway=172.17.0.1, ipAddress=172.17.0.4, ipPrefixLen=16, ipV6Gateway=, globalIPv6Address=, globalIPv6PrefixLen=0, macAddress=c6:d1:cc:67:70:87)}), path=/mailpit, processLabel=, resolvConfPath=/var/lib/docker/containers/7c5a4980a90b0def118e8db924928e07de2dbe57a9c41a59a98637d7740ad514/resolv.conf, execIds=null, state=InspectContainerResponse.ContainerState(status=running, running=true, paused=false, restarting=false, oomKilled=false, dead=false, pid=50980, exitCode=0, error=, startedAt=2026-09-30T11:12:04.309758811Z, finishedAt=0001-01-01T00:00:00Z, health=HealthState(status=healthy, failingStreak=0, log=[HealthStateLog(start=2026-09-30T11:12:05.555417504Z, end=2026-09-30T11:12:05.779855505Z, exitCode=0, output=)])), volumes=null, volumesRW=null, node=null, mounts=[], graphDriver=GraphDriver(name=overlayfs, data=null), platform=linux)> within 5 seconds.
	at org.testcontainers.shaded.org.awaitility.core.ConditionAwaiter.await(ConditionAwaiter.java:167)
	at org.testcontainers.shaded.org.awaitility.core.AbstractHamcrestCondition.await(AbstractHamcrestCondition.java:86)
	at org.testcontainers.shaded.org.awaitility.core.ConditionFactory.until(ConditionFactory.java:985)
	at org.testcontainers.shaded.org.awaitility.core.ConditionFactory.until(ConditionFactory.java:691)
	at org.testcontainers.shaded.org.awaitility.core.ConditionFactory.until(ConditionFactory.java:708)
	at org.testcontainers.containers.GenericContainer.tryStart(GenericContainer.java:458)
	... 8 more

[INFO] Running lab.conference.acceptance.NotificationAcceptanceTest
2026-09-30T13:12:10.285+02:00  INFO 1826200 --- [conference-backend] [           main] tc.axllent/mailpit@sha256:4873e5...      : Creating container for image: axllent/mailpit@sha256:4873e5a441ed368f1e98a832f61257a033859f5e829542cd03fb772d2282ea4e
2026-09-30T13:12:10.486+02:00  INFO 1826200 --- [conference-backend] [           main] tc.axllent/mailpit@sha256:4873e5...      : Container axllent/mailpit@sha256:4873e5a441ed368f1e98a832f61257a033859f5e829542cd03fb772d2282ea4e is starting: 0a063133208db368281f71355b6e52c8c2932052d75a0190545f38e16adec30f
2026-09-30T13:12:11.069+02:00  INFO 1826200 --- [conference-backend] [           main] o.t.c.wait.strategy.HttpWaitStrategy     : /practical_mestorf: Waiting for 60 seconds for URL: http://localhost:40437/livez (where port 40437 maps to container port 8025)
2026-09-30T13:12:11.090+02:00  INFO 1826200 --- [conference-backend] [           main] tc.axllent/mailpit@sha256:4873e5...      : Container axllent/mailpit@sha256:4873e5a441ed368f1e98a832f61257a033859f5e829542cd03fb772d2282ea4e started in PT0.805047837S
2026-09-30T13:12:11.217+02:00  INFO 1826200 --- [conference-backend] [           main] o.a.maven.surefire.booter.ForkedBooter   : Starting ForkedBooter v3.5.6 using Java 21.0.12 with PID 1826200 (started by tjan-kazar in /home/tjan-kazar/storage/Work/lab/agentic_lab/02_output/backend)
2026-09-30T13:12:11.218+02:00  INFO 1826200 --- [conference-backend] [           main] o.a.maven.surefire.booter.ForkedBooter   : No active profile set, falling back to 1 default profile: "default"
2026-09-30T13:12:11.504+02:00  INFO 1826200 --- [conference-backend] [           main] .s.d.r.c.RepositoryConfigurationDelegate : Bootstrapping Spring Data JPA repositories in DEFAULT mode.
2026-09-30T13:12:11.519+02:00  INFO 1826200 --- [conference-backend] [           main] .s.d.r.c.RepositoryConfigurationDelegate : Finished Spring Data repository scanning in 12 ms. Found 2 JPA repository interfaces.
2026-09-30T13:12:11.615+02:00  INFO 1826200 --- [conference-backend] [           main] o.s.b.w.embedded.tomcat.TomcatWebServer  : Tomcat initialized with port 0 (http)
2026-09-30T13:12:11.617+02:00  INFO 1826200 --- [conference-backend] [           main] o.apache.catalina.core.StandardService   : Starting service [Tomcat]
2026-09-30T13:12:11.617+02:00  INFO 1826200 --- [conference-backend] [           main] o.apache.catalina.core.StandardEngine    : Starting Servlet engine: [Apache Tomcat/10.1.60]
2026-09-30T13:12:11.631+02:00  INFO 1826200 --- [conference-backend] [           main] o.a.c.c.C.[Tomcat].[localhost].[/]       : Initializing Spring embedded WebApplicationContext
2026-09-30T13:12:11.632+02:00  INFO 1826200 --- [conference-backend] [           main] w.s.c.ServletWebServerApplicationContext : Root WebApplicationContext: initialization completed in 412 ms
2026-09-30T13:12:11.727+02:00  INFO 1826200 --- [conference-backend] [           main] com.zaxxer.hikari.HikariDataSource       : HikariPool-2 - Starting...
2026-09-30T13:12:11.750+02:00  INFO 1826200 --- [conference-backend] [           main] com.zaxxer.hikari.pool.HikariPool        : HikariPool-2 - Added connection org.postgresql.jdbc.PgConnection@7ef2ee4
2026-09-30T13:12:11.750+02:00  INFO 1826200 --- [conference-backend] [           main] com.zaxxer.hikari.HikariDataSource       : HikariPool-2 - Start completed.
2026-09-30T13:12:11.752+02:00  INFO 1826200 --- [conference-backend] [           main] org.flywaydb.core.FlywayExecutor         : Database: jdbc:postgresql://localhost:43417/conf_8ab6a597054f (PostgreSQL 16.14)
2026-09-30T13:12:11.767+02:00  INFO 1826200 --- [conference-backend] [           main] o.f.c.i.s.JdbcTableSchemaHistory         : Schema history table "public"."flyway_schema_history" does not exist yet
2026-09-30T13:12:11.769+02:00  INFO 1826200 --- [conference-backend] [           main] o.f.core.internal.command.DbValidate     : Successfully validated 1 migration (execution time 00:00.005s)
2026-09-30T13:12:11.781+02:00  INFO 1826200 --- [conference-backend] [           main] o.f.c.i.s.JdbcTableSchemaHistory         : Creating Schema History table "public"."flyway_schema_history" ...
2026-09-30T13:12:11.821+02:00  INFO 1826200 --- [conference-backend] [           main] o.f.core.internal.command.DbMigrate      : Current version of schema "public": << Empty Schema >>
2026-09-30T13:12:11.834+02:00  INFO 1826200 --- [conference-backend] [           main] o.f.core.internal.command.DbMigrate      : Migrating schema "public" to version "1 - registration schema"
2026-09-30T13:12:11.865+02:00  INFO 1826200 --- [conference-backend] [           main] o.f.core.internal.command.DbMigrate      : Successfully applied 1 migration to schema "public", now at version v1 (execution time 00:00.020s)
2026-09-30T13:12:11.886+02:00  INFO 1826200 --- [conference-backend] [           main] o.hibernate.jpa.internal.util.LogHelper  : HHH000204: Processing PersistenceUnitInfo [name: default]
2026-09-30T13:12:11.888+02:00  INFO 1826200 --- [conference-backend] [           main] o.h.c.internal.RegionFactoryInitiator    : HHH000026: Second-level cache disabled
2026-09-30T13:12:11.897+02:00  INFO 1826200 --- [conference-backend] [           main] o.s.o.j.p.SpringPersistenceUnitInfo      : No LoadTimeWeaver setup: ignoring JPA class transformer
2026-09-30T13:12:11.906+02:00  INFO 1826200 --- [conference-backend] [           main] org.hibernate.orm.connections.pooling    : HHH10001005: Database info:
	Database JDBC URL [Connecting through datasource 'HikariDataSource (HikariPool-2)']
	Database driver: undefined/unknown
	Database version: 16.14
	Autocommit mode: undefined/unknown
	Isolation level: undefined/unknown
	Minimum pool size: undefined/unknown
	Maximum pool size: undefined/unknown
2026-09-30T13:12:11.991+02:00  INFO 1826200 --- [conference-backend] [           main] o.h.e.t.j.p.i.JtaPlatformInitiator       : HHH000489: No JTA platform available (set 'hibernate.transaction.jta.platform' to enable JTA platform integration)
2026-09-30T13:12:12.012+02:00  INFO 1826200 --- [conference-backend] [           main] j.LocalContainerEntityManagerFactoryBean : Initialized JPA EntityManagerFactory for persistence unit 'default'
2026-09-30T13:12:12.111+02:00  INFO 1826200 --- [conference-backend] [           main] r$InitializeUserDetailsManagerConfigurer : Global AuthenticationManager configured with UserDetailsService bean with name organizer
2026-09-30T13:12:12.208+02:00  INFO 1826200 --- [conference-backend] [           main] o.s.b.a.e.web.EndpointLinksResolver      : Exposing 1 endpoint beneath base path '/actuator'
2026-09-30T13:12:12.307+02:00  INFO 1826200 --- [conference-backend] [           main] o.s.b.w.embedded.tomcat.TomcatWebServer  : Tomcat started on port 43739 (http) with context path '/'
2026-09-30T13:12:12.320+02:00  INFO 1826200 --- [conference-backend] [           main] o.a.maven.surefire.booter.ForkedBooter   : Started ForkedBooter in 1.145 seconds (process running for 30.873)
2026-09-30T13:12:12.335+02:00  INFO 1826200 --- [conference-backend] [o-auto-2-exec-1] o.a.c.c.C.[Tomcat].[localhost].[/]       : Initializing Spring DispatcherServlet 'dispatcherServlet'
2026-09-30T13:12:12.336+02:00  INFO 1826200 --- [conference-backend] [o-auto-2-exec-1] o.s.web.servlet.DispatcherServlet        : Initializing Servlet 'dispatcherServlet'
2026-09-30T13:12:12.337+02:00  INFO 1826200 --- [conference-backend] [o-auto-2-exec-1] o.s.web.servlet.DispatcherServlet        : Completed initialization in 1 ms
2026-09-30T13:12:12.382+02:00  INFO 1826200 --- [conference-backend] [o-auto-2-exec-1] l.c.registration.RegistrationService     : Registration 64c8a05e-1925-4a52-8f63-764516c022ff accepted (student)
2026-09-30T13:12:13.071+02:00  INFO 1826200 --- [conference-backend] [o-auto-2-exec-2] l.c.registration.RegistrationService     : Registration d0a26102-2bf9-4731-9f1a-604fe2e74aa3 accepted (external)
2026-09-30T13:12:13.744+02:00  INFO 1826200 --- [conference-backend] [o-auto-2-exec-3] l.c.registration.RegistrationService     : Registration af71d3cb-dc70-41fc-9140-b103c6a49a7f accepted (external)
2026-09-30T13:12:23.528+02:00  INFO 1826200 --- [conference-backend] [o-auto-2-exec-8] l.c.registration.RegistrationService     : Registration 2a7b4f74-3a7c-4123-8f67-2633c433bacc accepted (student)
2026-09-30T13:12:24.173+02:00  INFO 1826200 --- [conference-backend] [           main] o.s.b.w.e.tomcat.GracefulShutdown        : Commencing graceful shutdown. Waiting for active requests to complete
2026-09-30T13:12:24.174+02:00  INFO 1826200 --- [conference-backend] [tomcat-shutdown] o.s.b.w.e.tomcat.GracefulShutdown        : Graceful shutdown complete
2026-09-30T13:12:24.179+02:00  INFO 1826200 --- [conference-backend] [           main] j.LocalContainerEntityManagerFactoryBean : Closing JPA EntityManagerFactory for persistence unit 'default'
2026-09-30T13:12:24.180+02:00  INFO 1826200 --- [conference-backend] [           main] com.zaxxer.hikari.HikariDataSource       : HikariPool-2 - Shutdown initiated...
2026-09-30T13:12:24.182+02:00  INFO 1826200 --- [conference-backend] [           main] com.zaxxer.hikari.HikariDataSource       : HikariPool-2 - Shutdown completed.
[INFO] Tests run: 5, Failures: 0, Errors: 0, Skipped: 0, Time elapsed: 13.99 s -- in lab.conference.acceptance.NotificationAcceptanceTest
[INFO] Running lab.conference.acceptance.ExternalRegistrationAcceptanceTest
2026-09-30T13:12:24.372+02:00  INFO 1826200 --- [conference-backend] [           main] o.a.maven.surefire.booter.ForkedBooter   : Starting ForkedBooter v3.5.6 using Java 21.0.12 with PID 1826200 (started by tjan-kazar in /home/tjan-kazar/storage/Work/lab/agentic_lab/02_output/backend)
2026-09-30T13:12:24.373+02:00  INFO 1826200 --- [conference-backend] [           main] o.a.maven.surefire.booter.ForkedBooter   : No active profile set, falling back to 1 default profile: "default"
2026-09-30T13:12:24.618+02:00  INFO 1826200 --- [conference-backend] [           main] .s.d.r.c.RepositoryConfigurationDelegate : Bootstrapping Spring Data JPA repositories in DEFAULT mode.
2026-09-30T13:12:24.629+02:00  INFO 1826200 --- [conference-backend] [           main] .s.d.r.c.RepositoryConfigurationDelegate : Finished Spring Data repository scanning in 10 ms. Found 2 JPA repository interfaces.
2026-09-30T13:12:24.702+02:00  INFO 1826200 --- [conference-backend] [           main] o.s.b.w.embedded.tomcat.TomcatWebServer  : Tomcat initialized with port 0 (http)
2026-09-30T13:12:24.703+02:00  INFO 1826200 --- [conference-backend] [           main] o.apache.catalina.core.StandardService   : Starting service [Tomcat]
2026-09-30T13:12:24.703+02:00  INFO 1826200 --- [conference-backend] [           main] o.apache.catalina.core.StandardEngine    : Starting Servlet engine: [Apache Tomcat/10.1.60]
2026-09-30T13:12:24.716+02:00  INFO 1826200 --- [conference-backend] [           main] o.a.c.c.C.[Tomcat].[localhost].[/]       : Initializing Spring embedded WebApplicationContext
2026-09-30T13:12:24.716+02:00  INFO 1826200 --- [conference-backend] [           main] w.s.c.ServletWebServerApplicationContext : Root WebApplicationContext: initialization completed in 341 ms
2026-09-30T13:12:24.794+02:00  INFO 1826200 --- [conference-backend] [           main] com.zaxxer.hikari.HikariDataSource       : HikariPool-3 - Starting...
2026-09-30T13:12:24.815+02:00  INFO 1826200 --- [conference-backend] [           main] com.zaxxer.hikari.pool.HikariPool        : HikariPool-3 - Added connection org.postgresql.jdbc.PgConnection@6fc5c7de
2026-09-30T13:12:24.816+02:00  INFO 1826200 --- [conference-backend] [           main] com.zaxxer.hikari.HikariDataSource       : HikariPool-3 - Start completed.
2026-09-30T13:12:24.818+02:00  INFO 1826200 --- [conference-backend] [           main] org.flywaydb.core.FlywayExecutor         : Database: jdbc:postgresql://localhost:43417/conf_bd8256ba4603 (PostgreSQL 16.14)
2026-09-30T13:12:24.832+02:00  INFO 1826200 --- [conference-backend] [           main] o.f.c.i.s.JdbcTableSchemaHistory         : Schema history table "public"."flyway_schema_history" does not exist yet
2026-09-30T13:12:24.833+02:00  INFO 1826200 --- [conference-backend] [           main] o.f.core.internal.command.DbValidate     : Successfully validated 1 migration (execution time 00:00.005s)
2026-09-30T13:12:24.845+02:00  INFO 1826200 --- [conference-backend] [           main] o.f.c.i.s.JdbcTableSchemaHistory         : Creating Schema History table "public"."flyway_schema_history" ...
2026-09-30T13:12:24.882+02:00  INFO 1826200 --- [conference-backend] [           main] o.f.core.internal.command.DbMigrate      : Current version of schema "public": << Empty Schema >>
2026-09-30T13:12:24.891+02:00  INFO 1826200 --- [conference-backend] [           main] o.f.core.internal.command.DbMigrate      : Migrating schema "public" to version "1 - registration schema"
2026-09-30T13:12:24.925+02:00  INFO 1826200 --- [conference-backend] [           main] o.f.core.internal.command.DbMigrate      : Successfully applied 1 migration to schema "public", now at version v1 (execution time 00:00.020s)
2026-09-30T13:12:24.945+02:00  INFO 1826200 --- [conference-backend] [           main] o.hibernate.jpa.internal.util.LogHelper  : HHH000204: Processing PersistenceUnitInfo [name: default]
2026-09-30T13:12:24.948+02:00  INFO 1826200 --- [conference-backend] [           main] o.h.c.internal.RegionFactoryInitiator    : HHH000026: Second-level cache disabled
2026-09-30T13:12:24.957+02:00  INFO 1826200 --- [conference-backend] [           main] o.s.o.j.p.SpringPersistenceUnitInfo      : No LoadTimeWeaver setup: ignoring JPA class transformer
2026-09-30T13:12:24.965+02:00  INFO 1826200 --- [conference-backend] [           main] org.hibernate.orm.connections.pooling    : HHH10001005: Database info:
	Database JDBC URL [Connecting through datasource 'HikariDataSource (HikariPool-3)']
	Database driver: undefined/unknown
	Database version: 16.14
	Autocommit mode: undefined/unknown
	Isolation level: undefined/unknown
	Minimum pool size: undefined/unknown
	Maximum pool size: undefined/unknown
2026-09-30T13:12:25.039+02:00  INFO 1826200 --- [conference-backend] [           main] o.h.e.t.j.p.i.JtaPlatformInitiator       : HHH000489: No JTA platform available (set 'hibernate.transaction.jta.platform' to enable JTA platform integration)
2026-09-30T13:12:25.058+02:00  INFO 1826200 --- [conference-backend] [           main] j.LocalContainerEntityManagerFactoryBean : Initialized JPA EntityManagerFactory for persistence unit 'default'
2026-09-30T13:12:25.140+02:00  INFO 1826200 --- [conference-backend] [           main] r$InitializeUserDetailsManagerConfigurer : Global AuthenticationManager configured with UserDetailsService bean with name organizer
2026-09-30T13:12:25.222+02:00  INFO 1826200 --- [conference-backend] [           main] o.s.b.a.e.web.EndpointLinksResolver      : Exposing 1 endpoint beneath base path '/actuator'
2026-09-30T13:12:25.311+02:00  INFO 1826200 --- [conference-backend] [           main] o.s.b.w.embedded.tomcat.TomcatWebServer  : Tomcat started on port 38659 (http) with context path '/'
2026-09-30T13:12:25.318+02:00  INFO 1826200 --- [conference-backend] [           main] o.a.maven.surefire.booter.ForkedBooter   : Started ForkedBooter in 0.981 seconds (process running for 43.872)
2026-09-30T13:12:25.406+02:00  INFO 1826200 --- [conference-backend] [o-auto-3-exec-1] o.a.c.c.C.[Tomcat].[localhost].[/]       : Initializing Spring DispatcherServlet 'dispatcherServlet'
2026-09-30T13:12:25.406+02:00  INFO 1826200 --- [conference-backend] [o-auto-3-exec-1] o.s.web.servlet.DispatcherServlet        : Initializing Servlet 'dispatcherServlet'
2026-09-30T13:12:25.407+02:00  INFO 1826200 --- [conference-backend] [o-auto-3-exec-1] o.s.web.servlet.DispatcherServlet        : Completed initialization in 1 ms
2026-09-30T13:12:34.854+02:00  INFO 1826200 --- [conference-backend] [o-auto-3-exec-5] l.c.registration.RegistrationService     : Registration ccfa920b-1edd-4735-bb24-fa980a146fa1 accepted (external)
2026-09-30T13:12:42.097+02:00  INFO 1826200 --- [conference-backend] [o-auto-3-exec-9] l.c.registration.RegistrationService     : Registration 4d95dd98-efbd-4eef-8e51-c7cf46aa322b accepted (external)
2026-09-30T13:12:51.268+02:00  INFO 1826200 --- [conference-backend] [o-auto-3-exec-4] l.c.registration.RegistrationService     : Registration 70f7ec0d-c1f7-4ce6-998e-63c3b35d4673 accepted (external)
2026-09-30T13:12:51.464+02:00  INFO 1826200 --- [conference-backend] [o-auto-3-exec-5] l.c.registration.RegistrationService     : Registration 2c02681e-57ca-4b1b-9e10-ad3a904d0323 accepted (external)
2026-09-30T13:13:04.666+02:00  INFO 1826200 --- [conference-backend] [o-auto-3-exec-2] l.c.registration.RegistrationService     : Registration b3837ba5-d897-44d6-ab1d-21bc580fafc4 accepted (external)
2026-09-30T13:14:12.835+02:00  INFO 1826200 --- [conference-backend] [           main] o.s.b.w.e.tomcat.GracefulShutdown        : Commencing graceful shutdown. Waiting for active requests to complete
2026-09-30T13:14:12.836+02:00  INFO 1826200 --- [conference-backend] [tomcat-shutdown] o.s.b.w.e.tomcat.GracefulShutdown        : Graceful shutdown complete
2026-09-30T13:14:12.839+02:00  INFO 1826200 --- [conference-backend] [           main] j.LocalContainerEntityManagerFactoryBean : Closing JPA EntityManagerFactory for persistence unit 'default'
2026-09-30T13:14:12.839+02:00  INFO 1826200 --- [conference-backend] [           main] com.zaxxer.hikari.HikariDataSource       : HikariPool-3 - Shutdown initiated...
2026-09-30T13:14:12.843+02:00  INFO 1826200 --- [conference-backend] [           main] com.zaxxer.hikari.HikariDataSource       : HikariPool-3 - Shutdown completed.
[INFO] Tests run: 51, Failures: 0, Errors: 0, Skipped: 0, Time elapsed: 108.7 s -- in lab.conference.acceptance.ExternalRegistrationAcceptanceTest
[INFO] Running lab.conference.acceptance.DurableStorageAcceptanceTest
2026-09-30T13:14:13.025+02:00  INFO 1826200 --- [conference-backend] [           main] o.a.maven.surefire.booter.ForkedBooter   : Starting ForkedBooter v3.5.6 using Java 21.0.12 with PID 1826200 (started by tjan-kazar in /home/tjan-kazar/storage/Work/lab/agentic_lab/02_output/backend)
2026-09-30T13:14:13.026+02:00  INFO 1826200 --- [conference-backend] [           main] o.a.maven.surefire.booter.ForkedBooter   : No active profile set, falling back to 1 default profile: "default"
2026-09-30T13:14:13.248+02:00  INFO 1826200 --- [conference-backend] [           main] .s.d.r.c.RepositoryConfigurationDelegate : Bootstrapping Spring Data JPA repositories in DEFAULT mode.
2026-09-30T13:14:13.258+02:00  INFO 1826200 --- [conference-backend] [           main] .s.d.r.c.RepositoryConfigurationDelegate : Finished Spring Data repository scanning in 9 ms. Found 2 JPA repository interfaces.
2026-09-30T13:14:13.334+02:00  INFO 1826200 --- [conference-backend] [           main] o.s.b.w.embedded.tomcat.TomcatWebServer  : Tomcat initialized with port 0 (http)
2026-09-30T13:14:13.336+02:00  INFO 1826200 --- [conference-backend] [           main] o.apache.catalina.core.StandardService   : Starting service [Tomcat]
2026-09-30T13:14:13.336+02:00  INFO 1826200 --- [conference-backend] [           main] o.apache.catalina.core.StandardEngine    : Starting Servlet engine: [Apache Tomcat/10.1.60]
2026-09-30T13:14:13.347+02:00  INFO 1826200 --- [conference-backend] [           main] o.a.c.c.C.[Tomcat].[localhost].[/]       : Initializing Spring embedded WebApplicationContext
2026-09-30T13:14:13.347+02:00  INFO 1826200 --- [conference-backend] [           main] w.s.c.ServletWebServerApplicationContext : Root WebApplicationContext: initialization completed in 319 ms
2026-09-30T13:14:13.430+02:00  INFO 1826200 --- [conference-backend] [           main] com.zaxxer.hikari.HikariDataSource       : HikariPool-4 - Starting...
2026-09-30T13:14:13.454+02:00  INFO 1826200 --- [conference-backend] [           main] com.zaxxer.hikari.pool.HikariPool        : HikariPool-4 - Added connection org.postgresql.jdbc.PgConnection@39cca678
2026-09-30T13:14:13.455+02:00  INFO 1826200 --- [conference-backend] [           main] com.zaxxer.hikari.HikariDataSource       : HikariPool-4 - Start completed.
2026-09-30T13:14:13.457+02:00  INFO 1826200 --- [conference-backend] [           main] org.flywaydb.core.FlywayExecutor         : Database: jdbc:postgresql://localhost:43417/conf_71bf0a552142 (PostgreSQL 16.14)
2026-09-30T13:14:13.476+02:00  INFO 1826200 --- [conference-backend] [           main] o.f.c.i.s.JdbcTableSchemaHistory         : Schema history table "public"."flyway_schema_history" does not exist yet
2026-09-30T13:14:13.479+02:00  INFO 1826200 --- [conference-backend] [           main] o.f.core.internal.command.DbValidate     : Successfully validated 1 migration (execution time 00:00.009s)
2026-09-30T13:14:13.499+02:00  INFO 1826200 --- [conference-backend] [           main] o.f.c.i.s.JdbcTableSchemaHistory         : Creating Schema History table "public"."flyway_schema_history" ...
2026-09-30T13:14:13.543+02:00  INFO 1826200 --- [conference-backend] [           main] o.f.core.internal.command.DbMigrate      : Current version of schema "public": << Empty Schema >>
2026-09-30T13:14:13.554+02:00  INFO 1826200 --- [conference-backend] [           main] o.f.core.internal.command.DbMigrate      : Migrating schema "public" to version "1 - registration schema"
2026-09-30T13:14:13.587+02:00  INFO 1826200 --- [conference-backend] [           main] o.f.core.internal.command.DbMigrate      : Successfully applied 1 migration to schema "public", now at version v1 (execution time 00:00.026s)
2026-09-30T13:14:13.608+02:00  INFO 1826200 --- [conference-backend] [           main] o.hibernate.jpa.internal.util.LogHelper  : HHH000204: Processing PersistenceUnitInfo [name: default]
2026-09-30T13:14:13.610+02:00  INFO 1826200 --- [conference-backend] [           main] o.h.c.internal.RegionFactoryInitiator    : HHH000026: Second-level cache disabled
2026-09-30T13:14:13.620+02:00  INFO 1826200 --- [conference-backend] [           main] o.s.o.j.p.SpringPersistenceUnitInfo      : No LoadTimeWeaver setup: ignoring JPA class transformer
2026-09-30T13:14:13.628+02:00  INFO 1826200 --- [conference-backend] [           main] org.hibernate.orm.connections.pooling    : HHH10001005: Database info:
	Database JDBC URL [Connecting through datasource 'HikariDataSource (HikariPool-4)']
	Database driver: undefined/unknown
	Database version: 16.14
	Autocommit mode: undefined/unknown
	Isolation level: undefined/unknown
	Minimum pool size: undefined/unknown
	Maximum pool size: undefined/unknown
2026-09-30T13:14:13.692+02:00  INFO 1826200 --- [conference-backend] [           main] o.h.e.t.j.p.i.JtaPlatformInitiator       : HHH000489: No JTA platform available (set 'hibernate.transaction.jta.platform' to enable JTA platform integration)
2026-09-30T13:14:13.708+02:00  INFO 1826200 --- [conference-backend] [           main] j.LocalContainerEntityManagerFactoryBean : Initialized JPA EntityManagerFactory for persistence unit 'default'
2026-09-30T13:14:13.794+02:00  INFO 1826200 --- [conference-backend] [           main] r$InitializeUserDetailsManagerConfigurer : Global AuthenticationManager configured with UserDetailsService bean with name organizer
2026-09-30T13:14:13.886+02:00  INFO 1826200 --- [conference-backend] [           main] o.s.b.a.e.web.EndpointLinksResolver      : Exposing 1 endpoint beneath base path '/actuator'
2026-09-30T13:14:13.989+02:00  INFO 1826200 --- [conference-backend] [           main] o.s.b.w.embedded.tomcat.TomcatWebServer  : Tomcat started on port 33557 (http) with context path '/'
2026-09-30T13:14:13.996+02:00  INFO 1826200 --- [conference-backend] [           main] o.a.maven.surefire.booter.ForkedBooter   : Started ForkedBooter in 1.004 seconds (process running for 152.55)
2026-09-30T13:14:14.008+02:00  INFO 1826200 --- [conference-backend] [o-auto-4-exec-1] o.a.c.c.C.[Tomcat].[localhost].[/]       : Initializing Spring DispatcherServlet 'dispatcherServlet'
2026-09-30T13:14:14.008+02:00  INFO 1826200 --- [conference-backend] [o-auto-4-exec-1] o.s.web.servlet.DispatcherServlet        : Initializing Servlet 'dispatcherServlet'
2026-09-30T13:14:14.009+02:00  INFO 1826200 --- [conference-backend] [o-auto-4-exec-1] o.s.web.servlet.DispatcherServlet        : Completed initialization in 1 ms
2026-09-30T13:14:14.053+02:00  INFO 1826200 --- [conference-backend] [o-auto-4-exec-1] l.c.registration.RegistrationService     : Registration 6952daaa-90b6-4033-888a-c7819db32bb7 accepted (student)
2026-09-30T13:14:14.088+02:00  INFO 1826200 --- [conference-backend] [           main] o.s.b.w.e.tomcat.GracefulShutdown        : Commencing graceful shutdown. Waiting for active requests to complete
2026-09-30T13:14:14.089+02:00  INFO 1826200 --- [conference-backend] [tomcat-shutdown] o.s.b.w.e.tomcat.GracefulShutdown        : Graceful shutdown complete
2026-09-30T13:14:14.092+02:00  INFO 1826200 --- [conference-backend] [           main] j.LocalContainerEntityManagerFactoryBean : Closing JPA EntityManagerFactory for persistence unit 'default'
2026-09-30T13:14:14.093+02:00  INFO 1826200 --- [conference-backend] [           main] com.zaxxer.hikari.HikariDataSource       : HikariPool-4 - Shutdown initiated...
2026-09-30T13:14:14.094+02:00  INFO 1826200 --- [conference-backend] [           main] com.zaxxer.hikari.HikariDataSource       : HikariPool-4 - Shutdown completed.
2026-09-30T13:14:14.272+02:00  INFO 1826200 --- [conference-backend] [           main] o.a.maven.surefire.booter.ForkedBooter   : Starting ForkedBooter v3.5.6 using Java 21.0.12 with PID 1826200 (started by tjan-kazar in /home/tjan-kazar/storage/Work/lab/agentic_lab/02_output/backend)
2026-09-30T13:14:14.272+02:00  INFO 1826200 --- [conference-backend] [           main] o.a.maven.surefire.booter.ForkedBooter   : No active profile set, falling back to 1 default profile: "default"
2026-09-30T13:14:14.489+02:00  INFO 1826200 --- [conference-backend] [           main] .s.d.r.c.RepositoryConfigurationDelegate : Bootstrapping Spring Data JPA repositories in DEFAULT mode.
2026-09-30T13:14:14.499+02:00  INFO 1826200 --- [conference-backend] [           main] .s.d.r.c.RepositoryConfigurationDelegate : Finished Spring Data repository scanning in 9 ms. Found 2 JPA repository interfaces.
2026-09-30T13:14:14.576+02:00  INFO 1826200 --- [conference-backend] [           main] o.s.b.w.embedded.tomcat.TomcatWebServer  : Tomcat initialized with port 0 (http)
2026-09-30T13:14:14.578+02:00  INFO 1826200 --- [conference-backend] [           main] o.apache.catalina.core.StandardService   : Starting service [Tomcat]
2026-09-30T13:14:14.578+02:00  INFO 1826200 --- [conference-backend] [           main] o.apache.catalina.core.StandardEngine    : Starting Servlet engine: [Apache Tomcat/10.1.60]
2026-09-30T13:14:14.589+02:00  INFO 1826200 --- [conference-backend] [           main] o.a.c.c.C.[Tomcat].[localhost].[/]       : Initializing Spring embedded WebApplicationContext
2026-09-30T13:14:14.589+02:00  INFO 1826200 --- [conference-backend] [           main] w.s.c.ServletWebServerApplicationContext : Root WebApplicationContext: initialization completed in 316 ms
2026-09-30T13:14:14.662+02:00  INFO 1826200 --- [conference-backend] [           main] com.zaxxer.hikari.HikariDataSource       : HikariPool-5 - Starting...
2026-09-30T13:14:14.685+02:00  INFO 1826200 --- [conference-backend] [           main] com.zaxxer.hikari.pool.HikariPool        : HikariPool-5 - Added connection org.postgresql.jdbc.PgConnection@636b6a91
2026-09-30T13:14:14.685+02:00  INFO 1826200 --- [conference-backend] [           main] com.zaxxer.hikari.HikariDataSource       : HikariPool-5 - Start completed.
2026-09-30T13:14:14.687+02:00  INFO 1826200 --- [conference-backend] [           main] org.flywaydb.core.FlywayExecutor         : Database: jdbc:postgresql://localhost:43417/conf_03f0ab41073b (PostgreSQL 16.14)
2026-09-30T13:14:14.702+02:00  INFO 1826200 --- [conference-backend] [           main] o.f.c.i.s.JdbcTableSchemaHistory         : Schema history table "public"."flyway_schema_history" does not exist yet
2026-09-30T13:14:14.703+02:00  INFO 1826200 --- [conference-backend] [           main] o.f.core.internal.command.DbValidate     : Successfully validated 1 migration (execution time 00:00.005s)
2026-09-30T13:14:14.717+02:00  INFO 1826200 --- [conference-backend] [           main] o.f.c.i.s.JdbcTableSchemaHistory         : Creating Schema History table "public"."flyway_schema_history" ...
2026-09-30T13:14:14.755+02:00  INFO 1826200 --- [conference-backend] [           main] o.f.core.internal.command.DbMigrate      : Current version of schema "public": << Empty Schema >>
2026-09-30T13:14:14.764+02:00  INFO 1826200 --- [conference-backend] [           main] o.f.core.internal.command.DbMigrate      : Migrating schema "public" to version "1 - registration schema"
2026-09-30T13:14:14.795+02:00  INFO 1826200 --- [conference-backend] [           main] o.f.core.internal.command.DbMigrate      : Successfully applied 1 migration to schema "public", now at version v1 (execution time 00:00.022s)
2026-09-30T13:14:14.814+02:00  INFO 1826200 --- [conference-backend] [           main] o.hibernate.jpa.internal.util.LogHelper  : HHH000204: Processing PersistenceUnitInfo [name: default]
2026-09-30T13:14:14.816+02:00  INFO 1826200 --- [conference-backend] [           main] o.h.c.internal.RegionFactoryInitiator    : HHH000026: Second-level cache disabled
2026-09-30T13:14:14.823+02:00  INFO 1826200 --- [conference-backend] [           main] o.s.o.j.p.SpringPersistenceUnitInfo      : No LoadTimeWeaver setup: ignoring JPA class transformer
2026-09-30T13:14:14.831+02:00  INFO 1826200 --- [conference-backend] [           main] org.hibernate.orm.connections.pooling    : HHH10001005: Database info:
	Database JDBC URL [Connecting through datasource 'HikariDataSource (HikariPool-5)']
	Database driver: undefined/unknown
	Database version: 16.14
	Autocommit mode: undefined/unknown
	Isolation level: undefined/unknown
	Minimum pool size: undefined/unknown
	Maximum pool size: undefined/unknown
2026-09-30T13:14:14.894+02:00  INFO 1826200 --- [conference-backend] [           main] o.h.e.t.j.p.i.JtaPlatformInitiator       : HHH000489: No JTA platform available (set 'hibernate.transaction.jta.platform' to enable JTA platform integration)
2026-09-30T13:14:14.910+02:00  INFO 1826200 --- [conference-backend] [           main] j.LocalContainerEntityManagerFactoryBean : Initialized JPA EntityManagerFactory for persistence unit 'default'
2026-09-30T13:14:14.992+02:00  INFO 1826200 --- [conference-backend] [           main] r$InitializeUserDetailsManagerConfigurer : Global AuthenticationManager configured with UserDetailsService bean with name organizer
2026-09-30T13:14:15.081+02:00  INFO 1826200 --- [conference-backend] [           main] o.s.b.a.e.web.EndpointLinksResolver      : Exposing 1 endpoint beneath base path '/actuator'
2026-09-30T13:14:15.168+02:00  INFO 1826200 --- [conference-backend] [           main] o.s.b.w.embedded.tomcat.TomcatWebServer  : Tomcat started on port 32799 (http) with context path '/'
2026-09-30T13:14:15.175+02:00  INFO 1826200 --- [conference-backend] [           main] o.a.maven.surefire.booter.ForkedBooter   : Started ForkedBooter in 0.931 seconds (process running for 153.728)
2026-09-30T13:14:16.192+02:00  WARN 1826200 --- [conference-backend] [   scheduling-1] lab.conference.registration.Reconciler   : Moved JSON without database registration to orphaned/: 674f07b3-bcd9-40cb-bb54-80e5a16c125b
2026-09-30T13:14:16.193+02:00  INFO 1826200 --- [conference-backend] [   scheduling-1] lab.conference.registration.Reconciler   : Reconciliation: 1 orphaned, 0 staging files removed
2026-09-30T13:14:16.476+02:00  INFO 1826200 --- [conference-backend] [o-auto-5-exec-1] o.a.c.c.C.[Tomcat].[localhost].[/]       : Initializing Spring DispatcherServlet 'dispatcherServlet'
2026-09-30T13:14:16.477+02:00  INFO 1826200 --- [conference-backend] [o-auto-5-exec-1] o.s.web.servlet.DispatcherServlet        : Initializing Servlet 'dispatcherServlet'
2026-09-30T13:14:16.483+02:00  INFO 1826200 --- [conference-backend] [o-auto-5-exec-1] o.s.web.servlet.DispatcherServlet        : Completed initialization in 6 ms
2026-09-30T13:14:17.790+02:00  INFO 1826200 --- [conference-backend] [o-auto-5-exec-1] lab.conference.export.ExportController   : Organizer export generated with 0 registration(s)
2026-09-30T13:14:17.928+02:00  INFO 1826200 --- [conference-backend] [           main] o.s.b.w.e.tomcat.GracefulShutdown        : Commencing graceful shutdown. Waiting for active requests to complete
2026-09-30T13:14:17.929+02:00  INFO 1826200 --- [conference-backend] [tomcat-shutdown] o.s.b.w.e.tomcat.GracefulShutdown        : Graceful shutdown complete
2026-09-30T13:14:17.932+02:00  INFO 1826200 --- [conference-backend] [           main] j.LocalContainerEntityManagerFactoryBean : Closing JPA EntityManagerFactory for persistence unit 'default'
2026-09-30T13:14:17.933+02:00  INFO 1826200 --- [conference-backend] [           main] com.zaxxer.hikari.HikariDataSource       : HikariPool-5 - Shutdown initiated...
2026-09-30T13:14:17.935+02:00  INFO 1826200 --- [conference-backend] [           main] com.zaxxer.hikari.HikariDataSource       : HikariPool-5 - Shutdown completed.
2026-09-30T13:14:17.947+02:00  INFO 1826200 --- [conference-backend] [           main] tc.postgres@sha256:952067...             : Creating container for image: postgres@sha256:95206741a5b214807675e14165369d05b93a9cf692223b616d07cca227e74b0b
2026-09-30T13:14:18.123+02:00  INFO 1826200 --- [conference-backend] [           main] tc.postgres@sha256:952067...             : Container postgres@sha256:95206741a5b214807675e14165369d05b93a9cf692223b616d07cca227e74b0b is starting: 45b827c0c65a6055fda0e8c82bb36ce88b68587b1a2eb0ee57a6c509218f387b
2026-09-30T13:14:20.225+02:00  INFO 1826200 --- [conference-backend] [           main] tc.postgres@sha256:952067...             : Container postgres@sha256:95206741a5b214807675e14165369d05b93a9cf692223b616d07cca227e74b0b started in PT2.278535324S
2026-09-30T13:14:20.226+02:00  INFO 1826200 --- [conference-backend] [           main] tc.postgres@sha256:952067...             : Container is started (JDBC URL: jdbc:postgresql://localhost:37033/postgres?loggerLevel=OFF)
2026-09-30T13:14:20.546+02:00  INFO 1826200 --- [conference-backend] [           main] o.a.maven.surefire.booter.ForkedBooter   : Starting ForkedBooter v3.5.6 using Java 21.0.12 with PID 1826200 (started by tjan-kazar in /home/tjan-kazar/storage/Work/lab/agentic_lab/02_output/backend)
2026-09-30T13:14:20.547+02:00  INFO 1826200 --- [conference-backend] [           main] o.a.maven.surefire.booter.ForkedBooter   : No active profile set, falling back to 1 default profile: "default"
2026-09-30T13:14:20.738+02:00  INFO 1826200 --- [conference-backend] [           main] .s.d.r.c.RepositoryConfigurationDelegate : Bootstrapping Spring Data JPA repositories in DEFAULT mode.
2026-09-30T13:14:20.747+02:00  INFO 1826200 --- [conference-backend] [           main] .s.d.r.c.RepositoryConfigurationDelegate : Finished Spring Data repository scanning in 7 ms. Found 2 JPA repository interfaces.
2026-09-30T13:14:20.807+02:00  INFO 1826200 --- [conference-backend] [           main] o.s.b.w.embedded.tomcat.TomcatWebServer  : Tomcat initialized with port 0 (http)
2026-09-30T13:14:20.808+02:00  INFO 1826200 --- [conference-backend] [           main] o.apache.catalina.core.StandardService   : Starting service [Tomcat]
2026-09-30T13:14:20.808+02:00  INFO 1826200 --- [conference-backend] [           main] o.apache.catalina.core.StandardEngine    : Starting Servlet engine: [Apache Tomcat/10.1.60]
2026-09-30T13:14:20.819+02:00  INFO 1826200 --- [conference-backend] [           main] o.a.c.c.C.[Tomcat].[localhost].[/]       : Initializing Spring embedded WebApplicationContext
2026-09-30T13:14:20.820+02:00  INFO 1826200 --- [conference-backend] [           main] w.s.c.ServletWebServerApplicationContext : Root WebApplicationContext: initialization completed in 271 ms
2026-09-30T13:14:20.887+02:00  INFO 1826200 --- [conference-backend] [           main] com.zaxxer.hikari.HikariDataSource       : HikariPool-6 - Starting...
2026-09-30T13:14:20.911+02:00  INFO 1826200 --- [conference-backend] [           main] com.zaxxer.hikari.pool.HikariPool        : HikariPool-6 - Added connection org.postgresql.jdbc.PgConnection@60ee659c
2026-09-30T13:14:20.911+02:00  INFO 1826200 --- [conference-backend] [           main] com.zaxxer.hikari.HikariDataSource       : HikariPool-6 - Start completed.
2026-09-30T13:14:20.913+02:00  INFO 1826200 --- [conference-backend] [           main] org.flywaydb.core.FlywayExecutor         : Database: jdbc:postgresql://localhost:37033/conf_4dce4e50f1f7 (PostgreSQL 16.14)
2026-09-30T13:14:20.928+02:00  INFO 1826200 --- [conference-backend] [           main] o.f.c.i.s.JdbcTableSchemaHistory         : Schema history table "public"."flyway_schema_history" does not exist yet
2026-09-30T13:14:20.929+02:00  INFO 1826200 --- [conference-backend] [           main] o.f.core.internal.command.DbValidate     : Successfully validated 1 migration (execution time 00:00.004s)
2026-09-30T13:14:20.941+02:00  INFO 1826200 --- [conference-backend] [           main] o.f.c.i.s.JdbcTableSchemaHistory         : Creating Schema History table "public"."flyway_schema_history" ...
2026-09-30T13:14:20.985+02:00  INFO 1826200 --- [conference-backend] [           main] o.f.core.internal.command.DbMigrate      : Current version of schema "public": << Empty Schema >>
2026-09-30T13:14:20.993+02:00  INFO 1826200 --- [conference-backend] [           main] o.f.core.internal.command.DbMigrate      : Migrating schema "public" to version "1 - registration schema"
2026-09-30T13:14:21.034+02:00  INFO 1826200 --- [conference-backend] [           main] o.f.core.internal.command.DbMigrate      : Successfully applied 1 migration to schema "public", now at version v1 (execution time 00:00.029s)
2026-09-30T13:14:21.056+02:00  INFO 1826200 --- [conference-backend] [           main] o.hibernate.jpa.internal.util.LogHelper  : HHH000204: Processing PersistenceUnitInfo [name: default]
2026-09-30T13:14:21.058+02:00  INFO 1826200 --- [conference-backend] [           main] o.h.c.internal.RegionFactoryInitiator    : HHH000026: Second-level cache disabled
2026-09-30T13:14:21.068+02:00  INFO 1826200 --- [conference-backend] [           main] o.s.o.j.p.SpringPersistenceUnitInfo      : No LoadTimeWeaver setup: ignoring JPA class transformer
2026-09-30T13:14:21.075+02:00  INFO 1826200 --- [conference-backend] [           main] org.hibernate.orm.connections.pooling    : HHH10001005: Database info:
	Database JDBC URL [Connecting through datasource 'HikariDataSource (HikariPool-6)']
	Database driver: undefined/unknown
	Database version: 16.14
	Autocommit mode: undefined/unknown
	Isolation level: undefined/unknown
	Minimum pool size: undefined/unknown
	Maximum pool size: undefined/unknown
2026-09-30T13:14:21.135+02:00  INFO 1826200 --- [conference-backend] [           main] o.h.e.t.j.p.i.JtaPlatformInitiator       : HHH000489: No JTA platform available (set 'hibernate.transaction.jta.platform' to enable JTA platform integration)
2026-09-30T13:14:21.152+02:00  INFO 1826200 --- [conference-backend] [           main] j.LocalContainerEntityManagerFactoryBean : Initialized JPA EntityManagerFactory for persistence unit 'default'
2026-09-30T13:14:21.226+02:00  INFO 1826200 --- [conference-backend] [           main] r$InitializeUserDetailsManagerConfigurer : Global AuthenticationManager configured with UserDetailsService bean with name organizer
2026-09-30T13:14:21.296+02:00  INFO 1826200 --- [conference-backend] [           main] o.s.b.a.e.web.EndpointLinksResolver      : Exposing 1 endpoint beneath base path '/actuator'
2026-09-30T13:14:21.373+02:00  INFO 1826200 --- [conference-backend] [           main] o.s.b.w.embedded.tomcat.TomcatWebServer  : Tomcat started on port 45021 (http) with context path '/'
2026-09-30T13:14:21.380+02:00  INFO 1826200 --- [conference-backend] [           main] o.a.maven.surefire.booter.ForkedBooter   : Started ForkedBooter in 0.861 seconds (process running for 159.933)
2026-09-30T13:14:21.389+02:00  INFO 1826200 --- [conference-backend] [o-auto-6-exec-1] o.a.c.c.C.[Tomcat].[localhost].[/]       : Initializing Spring DispatcherServlet 'dispatcherServlet'
2026-09-30T13:14:21.390+02:00  INFO 1826200 --- [conference-backend] [o-auto-6-exec-1] o.s.web.servlet.DispatcherServlet        : Initializing Servlet 'dispatcherServlet'
2026-09-30T13:14:21.391+02:00  INFO 1826200 --- [conference-backend] [o-auto-6-exec-1] o.s.web.servlet.DispatcherServlet        : Completed initialization in 1 ms
2026-09-30T13:14:21.430+02:00  INFO 1826200 --- [conference-backend] [o-auto-6-exec-1] l.c.registration.RegistrationService     : Registration 3e7702c9-7931-480e-b14f-39c789c353c3 accepted (external)
2026-09-30T13:14:21.463+02:00  INFO 1826200 --- [conference-backend] [o-auto-6-exec-2] l.c.registration.RegistrationService     : Registration db882706-61fc-420c-99f3-97ace0146781 accepted (student)
2026-09-30T13:14:21.466+02:00  INFO 1826200 --- [conference-backend] [           main] o.s.b.w.e.tomcat.GracefulShutdown        : Commencing graceful shutdown. Waiting for active requests to complete
2026-09-30T13:14:21.467+02:00  INFO 1826200 --- [conference-backend] [tomcat-shutdown] o.s.b.w.e.tomcat.GracefulShutdown        : Graceful shutdown complete
2026-09-30T13:14:21.468+02:00  INFO 1826200 --- [conference-backend] [           main] j.LocalContainerEntityManagerFactoryBean : Closing JPA EntityManagerFactory for persistence unit 'default'
2026-09-30T13:14:21.469+02:00  INFO 1826200 --- [conference-backend] [           main] com.zaxxer.hikari.HikariDataSource       : HikariPool-6 - Shutdown initiated...
2026-09-30T13:14:21.470+02:00  INFO 1826200 --- [conference-backend] [           main] com.zaxxer.hikari.HikariDataSource       : HikariPool-6 - Shutdown completed.
2026-09-30T13:14:23.256+02:00  INFO 1826200 --- [conference-backend] [           main] o.a.maven.surefire.booter.ForkedBooter   : Starting ForkedBooter v3.5.6 using Java 21.0.12 with PID 1826200 (started by tjan-kazar in /home/tjan-kazar/storage/Work/lab/agentic_lab/02_output/backend)
2026-09-30T13:14:23.256+02:00  INFO 1826200 --- [conference-backend] [           main] o.a.maven.surefire.booter.ForkedBooter   : No active profile set, falling back to 1 default profile: "default"
2026-09-30T13:14:23.482+02:00  INFO 1826200 --- [conference-backend] [           main] .s.d.r.c.RepositoryConfigurationDelegate : Bootstrapping Spring Data JPA repositories in DEFAULT mode.
2026-09-30T13:14:23.493+02:00  INFO 1826200 --- [conference-backend] [           main] .s.d.r.c.RepositoryConfigurationDelegate : Finished Spring Data repository scanning in 9 ms. Found 2 JPA repository interfaces.
2026-09-30T13:14:23.561+02:00  INFO 1826200 --- [conference-backend] [           main] o.s.b.w.embedded.tomcat.TomcatWebServer  : Tomcat initialized with port 0 (http)
2026-09-30T13:14:23.563+02:00  INFO 1826200 --- [conference-backend] [           main] o.apache.catalina.core.StandardService   : Starting service [Tomcat]
2026-09-30T13:14:23.563+02:00  INFO 1826200 --- [conference-backend] [           main] o.apache.catalina.core.StandardEngine    : Starting Servlet engine: [Apache Tomcat/10.1.60]
2026-09-30T13:14:23.573+02:00  INFO 1826200 --- [conference-backend] [           main] o.a.c.c.C.[Tomcat].[localhost].[/]       : Initializing Spring embedded WebApplicationContext
2026-09-30T13:14:23.573+02:00  INFO 1826200 --- [conference-backend] [           main] w.s.c.ServletWebServerApplicationContext : Root WebApplicationContext: initialization completed in 316 ms
2026-09-30T13:14:23.638+02:00  INFO 1826200 --- [conference-backend] [           main] com.zaxxer.hikari.HikariDataSource       : HikariPool-7 - Starting...
2026-09-30T13:14:23.656+02:00  INFO 1826200 --- [conference-backend] [           main] com.zaxxer.hikari.pool.HikariPool        : HikariPool-7 - Added connection org.postgresql.jdbc.PgConnection@4e04f159
2026-09-30T13:14:23.656+02:00  INFO 1826200 --- [conference-backend] [           main] com.zaxxer.hikari.HikariDataSource       : HikariPool-7 - Start completed.
2026-09-30T13:14:23.658+02:00  INFO 1826200 --- [conference-backend] [           main] org.flywaydb.core.FlywayExecutor         : Database: jdbc:postgresql://localhost:37033/conf_4dce4e50f1f7 (PostgreSQL 16.14)
2026-09-30T13:14:23.675+02:00  INFO 1826200 --- [conference-backend] [           main] o.f.core.internal.command.DbValidate     : Successfully validated 1 migration (execution time 00:00.007s)
2026-09-30T13:14:23.702+02:00  INFO 1826200 --- [conference-backend] [           main] o.f.core.internal.command.DbMigrate      : Current version of schema "public": 1
2026-09-30T13:14:23.703+02:00  INFO 1826200 --- [conference-backend] [           main] o.f.core.internal.command.DbMigrate      : Schema "public" is up to date. No migration necessary.
2026-09-30T13:14:23.721+02:00  INFO 1826200 --- [conference-backend] [           main] o.hibernate.jpa.internal.util.LogHelper  : HHH000204: Processing PersistenceUnitInfo [name: default]
2026-09-30T13:14:23.723+02:00  INFO 1826200 --- [conference-backend] [           main] o.h.c.internal.RegionFactoryInitiator    : HHH000026: Second-level cache disabled
2026-09-30T13:14:23.732+02:00  INFO 1826200 --- [conference-backend] [           main] o.s.o.j.p.SpringPersistenceUnitInfo      : No LoadTimeWeaver setup: ignoring JPA class transformer
2026-09-30T13:14:23.739+02:00  INFO 1826200 --- [conference-backend] [           main] org.hibernate.orm.connections.pooling    : HHH10001005: Database info:
	Database JDBC URL [Connecting through datasource 'HikariDataSource (HikariPool-7)']
	Database driver: undefined/unknown
	Database version: 16.14
	Autocommit mode: undefined/unknown
	Isolation level: undefined/unknown
	Minimum pool size: undefined/unknown
	Maximum pool size: undefined/unknown
2026-09-30T13:14:23.797+02:00  INFO 1826200 --- [conference-backend] [           main] o.h.e.t.j.p.i.JtaPlatformInitiator       : HHH000489: No JTA platform available (set 'hibernate.transaction.jta.platform' to enable JTA platform integration)
2026-09-30T13:14:23.816+02:00  INFO 1826200 --- [conference-backend] [           main] j.LocalContainerEntityManagerFactoryBean : Initialized JPA EntityManagerFactory for persistence unit 'default'
2026-09-30T13:14:23.886+02:00  INFO 1826200 --- [conference-backend] [           main] r$InitializeUserDetailsManagerConfigurer : Global AuthenticationManager configured with UserDetailsService bean with name organizer
2026-09-30T13:14:23.967+02:00  INFO 1826200 --- [conference-backend] [           main] o.s.b.a.e.web.EndpointLinksResolver      : Exposing 1 endpoint beneath base path '/actuator'
2026-09-30T13:14:24.049+02:00  INFO 1826200 --- [conference-backend] [           main] o.s.b.w.embedded.tomcat.TomcatWebServer  : Tomcat started on port 41969 (http) with context path '/'
2026-09-30T13:14:24.057+02:00  INFO 1826200 --- [conference-backend] [           main] o.a.maven.surefire.booter.ForkedBooter   : Started ForkedBooter in 0.824 seconds (process running for 162.611)
2026-09-30T13:14:24.122+02:00  INFO 1826200 --- [conference-backend] [o-auto-7-exec-1] o.a.c.c.C.[Tomcat].[localhost].[/]       : Initializing Spring DispatcherServlet 'dispatcherServlet'
2026-09-30T13:14:24.122+02:00  INFO 1826200 --- [conference-backend] [o-auto-7-exec-1] o.s.web.servlet.DispatcherServlet        : Initializing Servlet 'dispatcherServlet'
2026-09-30T13:14:24.124+02:00  INFO 1826200 --- [conference-backend] [o-auto-7-exec-1] o.s.web.servlet.DispatcherServlet        : Completed initialization in 2 ms
2026-09-30T13:14:24.414+02:00  INFO 1826200 --- [conference-backend] [o-auto-7-exec-1] lab.conference.export.ExportController   : Organizer export generated with 2 registration(s)
2026-09-30T13:14:24.457+02:00  INFO 1826200 --- [conference-backend] [           main] o.s.b.w.e.tomcat.GracefulShutdown        : Commencing graceful shutdown. Waiting for active requests to complete
2026-09-30T13:14:24.458+02:00  INFO 1826200 --- [conference-backend] [tomcat-shutdown] o.s.b.w.e.tomcat.GracefulShutdown        : Graceful shutdown complete
2026-09-30T13:14:24.459+02:00  INFO 1826200 --- [conference-backend] [           main] j.LocalContainerEntityManagerFactoryBean : Closing JPA EntityManagerFactory for persistence unit 'default'
2026-09-30T13:14:24.460+02:00  INFO 1826200 --- [conference-backend] [           main] com.zaxxer.hikari.HikariDataSource       : HikariPool-7 - Shutdown initiated...
2026-09-30T13:14:24.461+02:00  INFO 1826200 --- [conference-backend] [           main] com.zaxxer.hikari.HikariDataSource       : HikariPool-7 - Shutdown completed.
2026-09-30T13:14:25.336+02:00  INFO 1826200 --- [conference-backend] [           main] o.a.maven.surefire.booter.ForkedBooter   : Starting ForkedBooter v3.5.6 using Java 21.0.12 with PID 1826200 (started by tjan-kazar in /home/tjan-kazar/storage/Work/lab/agentic_lab/02_output/backend)
2026-09-30T13:14:25.336+02:00  INFO 1826200 --- [conference-backend] [           main] o.a.maven.surefire.booter.ForkedBooter   : No active profile set, falling back to 1 default profile: "default"
2026-09-30T13:14:25.522+02:00  INFO 1826200 --- [conference-backend] [           main] .s.d.r.c.RepositoryConfigurationDelegate : Bootstrapping Spring Data JPA repositories in DEFAULT mode.
2026-09-30T13:14:25.531+02:00  INFO 1826200 --- [conference-backend] [           main] .s.d.r.c.RepositoryConfigurationDelegate : Finished Spring Data repository scanning in 7 ms. Found 2 JPA repository interfaces.
2026-09-30T13:14:25.591+02:00  INFO 1826200 --- [conference-backend] [           main] o.s.b.w.embedded.tomcat.TomcatWebServer  : Tomcat initialized with port 0 (http)
2026-09-30T13:14:25.592+02:00  INFO 1826200 --- [conference-backend] [           main] o.apache.catalina.core.StandardService   : Starting service [Tomcat]
2026-09-30T13:14:25.593+02:00  INFO 1826200 --- [conference-backend] [           main] o.apache.catalina.core.StandardEngine    : Starting Servlet engine: [Apache Tomcat/10.1.60]
2026-09-30T13:14:25.602+02:00  INFO 1826200 --- [conference-backend] [           main] o.a.c.c.C.[Tomcat].[localhost].[/]       : Initializing Spring embedded WebApplicationContext
2026-09-30T13:14:25.603+02:00  INFO 1826200 --- [conference-backend] [           main] w.s.c.ServletWebServerApplicationContext : Root WebApplicationContext: initialization completed in 265 ms
2026-09-30T13:14:25.664+02:00  INFO 1826200 --- [conference-backend] [           main] com.zaxxer.hikari.HikariDataSource       : HikariPool-8 - Starting...
2026-09-30T13:14:25.685+02:00  INFO 1826200 --- [conference-backend] [           main] com.zaxxer.hikari.pool.HikariPool        : HikariPool-8 - Added connection org.postgresql.jdbc.PgConnection@1a77f241
2026-09-30T13:14:25.686+02:00  INFO 1826200 --- [conference-backend] [           main] com.zaxxer.hikari.HikariDataSource       : HikariPool-8 - Start completed.
2026-09-30T13:14:25.688+02:00  INFO 1826200 --- [conference-backend] [           main] org.flywaydb.core.FlywayExecutor         : Database: jdbc:postgresql://localhost:43417/conf_401becbb3205 (PostgreSQL 16.14)
2026-09-30T13:14:25.701+02:00  INFO 1826200 --- [conference-backend] [           main] o.f.c.i.s.JdbcTableSchemaHistory         : Schema history table "public"."flyway_schema_history" does not exist yet
2026-09-30T13:14:25.702+02:00  INFO 1826200 --- [conference-backend] [           main] o.f.core.internal.command.DbValidate     : Successfully validated 1 migration (execution time 00:00.004s)
2026-09-30T13:14:25.714+02:00  INFO 1826200 --- [conference-backend] [           main] o.f.c.i.s.JdbcTableSchemaHistory         : Creating Schema History table "public"."flyway_schema_history" ...
2026-09-30T13:14:25.750+02:00  INFO 1826200 --- [conference-backend] [           main] o.f.core.internal.command.DbMigrate      : Current version of schema "public": << Empty Schema >>
2026-09-30T13:14:25.757+02:00  INFO 1826200 --- [conference-backend] [           main] o.f.core.internal.command.DbMigrate      : Migrating schema "public" to version "1 - registration schema"
2026-09-30T13:14:25.787+02:00  INFO 1826200 --- [conference-backend] [           main] o.f.core.internal.command.DbMigrate      : Successfully applied 1 migration to schema "public", now at version v1 (execution time 00:00.023s)
2026-09-30T13:14:25.803+02:00  INFO 1826200 --- [conference-backend] [           main] o.hibernate.jpa.internal.util.LogHelper  : HHH000204: Processing PersistenceUnitInfo [name: default]
2026-09-30T13:14:25.805+02:00  INFO 1826200 --- [conference-backend] [           main] o.h.c.internal.RegionFactoryInitiator    : HHH000026: Second-level cache disabled
2026-09-30T13:14:25.812+02:00  INFO 1826200 --- [conference-backend] [           main] o.s.o.j.p.SpringPersistenceUnitInfo      : No LoadTimeWeaver setup: ignoring JPA class transformer
2026-09-30T13:14:25.818+02:00  INFO 1826200 --- [conference-backend] [           main] org.hibernate.orm.connections.pooling    : HHH10001005: Database info:
	Database JDBC URL [Connecting through datasource 'HikariDataSource (HikariPool-8)']
	Database driver: undefined/unknown
	Database version: 16.14
	Autocommit mode: undefined/unknown
	Isolation level: undefined/unknown
	Minimum pool size: undefined/unknown
	Maximum pool size: undefined/unknown
2026-09-30T13:14:25.873+02:00  INFO 1826200 --- [conference-backend] [           main] o.h.e.t.j.p.i.JtaPlatformInitiator       : HHH000489: No JTA platform available (set 'hibernate.transaction.jta.platform' to enable JTA platform integration)
2026-09-30T13:14:25.890+02:00  INFO 1826200 --- [conference-backend] [           main] j.LocalContainerEntityManagerFactoryBean : Initialized JPA EntityManagerFactory for persistence unit 'default'
2026-09-30T13:14:25.958+02:00  INFO 1826200 --- [conference-backend] [           main] r$InitializeUserDetailsManagerConfigurer : Global AuthenticationManager configured with UserDetailsService bean with name organizer
2026-09-30T13:14:26.044+02:00  INFO 1826200 --- [conference-backend] [           main] o.s.b.a.e.web.EndpointLinksResolver      : Exposing 1 endpoint beneath base path '/actuator'
2026-09-30T13:14:26.124+02:00  INFO 1826200 --- [conference-backend] [           main] o.s.b.w.embedded.tomcat.TomcatWebServer  : Tomcat started on port 34377 (http) with context path '/'
2026-09-30T13:14:26.131+02:00  INFO 1826200 --- [conference-backend] [           main] o.a.maven.surefire.booter.ForkedBooter   : Started ForkedBooter in 0.821 seconds (process running for 164.685)
2026-09-30T13:14:26.171+02:00  INFO 1826200 --- [conference-backend] [o-auto-8-exec-1] o.a.c.c.C.[Tomcat].[localhost].[/]       : Initializing Spring DispatcherServlet 'dispatcherServlet'
2026-09-30T13:14:26.172+02:00  INFO 1826200 --- [conference-backend] [o-auto-8-exec-1] o.s.web.servlet.DispatcherServlet        : Initializing Servlet 'dispatcherServlet'
2026-09-30T13:14:26.173+02:00  INFO 1826200 --- [conference-backend] [o-auto-8-exec-1] o.s.web.servlet.DispatcherServlet        : Completed initialization in 1 ms
2026-09-30T13:14:26.183+02:00 ERROR 1826200 --- [conference-backend] [o-auto-8-exec-1] l.c.registration.RegistrationService     : JSON store write failed for registration 0719874c-5b39-4854-8188-d6a2b3b422db (AccessDeniedException)
2026-09-30T13:14:28.354+02:00  INFO 1826200 --- [conference-backend] [o-auto-8-exec-2] l.c.registration.RegistrationService     : Registration ccea575c-a105-40e6-857a-ef3486994d34 accepted (external)
2026-09-30T13:14:28.357+02:00  INFO 1826200 --- [conference-backend] [           main] o.s.b.w.e.tomcat.GracefulShutdown        : Commencing graceful shutdown. Waiting for active requests to complete
2026-09-30T13:14:28.358+02:00  INFO 1826200 --- [conference-backend] [tomcat-shutdown] o.s.b.w.e.tomcat.GracefulShutdown        : Graceful shutdown complete
2026-09-30T13:14:28.359+02:00  INFO 1826200 --- [conference-backend] [           main] j.LocalContainerEntityManagerFactoryBean : Closing JPA EntityManagerFactory for persistence unit 'default'
2026-09-30T13:14:28.360+02:00  INFO 1826200 --- [conference-backend] [           main] com.zaxxer.hikari.HikariDataSource       : HikariPool-8 - Shutdown initiated...
2026-09-30T13:14:28.361+02:00  INFO 1826200 --- [conference-backend] [           main] com.zaxxer.hikari.HikariDataSource       : HikariPool-8 - Shutdown completed.
[INFO] Tests run: 4, Failures: 0, Errors: 0, Skipped: 0, Time elapsed: 15.52 s -- in lab.conference.acceptance.DurableStorageAcceptanceTest
[INFO] Running lab.conference.acceptance.StudentRegistrationAcceptanceTest
2026-09-30T13:14:28.540+02:00  INFO 1826200 --- [conference-backend] [           main] o.a.maven.surefire.booter.ForkedBooter   : Starting ForkedBooter v3.5.6 using Java 21.0.12 with PID 1826200 (started by tjan-kazar in /home/tjan-kazar/storage/Work/lab/agentic_lab/02_output/backend)
2026-09-30T13:14:28.540+02:00  INFO 1826200 --- [conference-backend] [           main] o.a.maven.surefire.booter.ForkedBooter   : No active profile set, falling back to 1 default profile: "default"
2026-09-30T13:14:28.726+02:00  INFO 1826200 --- [conference-backend] [           main] .s.d.r.c.RepositoryConfigurationDelegate : Bootstrapping Spring Data JPA repositories in DEFAULT mode.
2026-09-30T13:14:28.735+02:00  INFO 1826200 --- [conference-backend] [           main] .s.d.r.c.RepositoryConfigurationDelegate : Finished Spring Data repository scanning in 7 ms. Found 2 JPA repository interfaces.
2026-09-30T13:14:28.788+02:00  INFO 1826200 --- [conference-backend] [           main] o.s.b.w.embedded.tomcat.TomcatWebServer  : Tomcat initialized with port 0 (http)
2026-09-30T13:14:28.790+02:00  INFO 1826200 --- [conference-backend] [           main] o.apache.catalina.core.StandardService   : Starting service [Tomcat]
2026-09-30T13:14:28.790+02:00  INFO 1826200 --- [conference-backend] [           main] o.apache.catalina.core.StandardEngine    : Starting Servlet engine: [Apache Tomcat/10.1.60]
2026-09-30T13:14:28.800+02:00  INFO 1826200 --- [conference-backend] [           main] o.a.c.c.C.[Tomcat].[localhost].[/]       : Initializing Spring embedded WebApplicationContext
2026-09-30T13:14:28.800+02:00  INFO 1826200 --- [conference-backend] [           main] w.s.c.ServletWebServerApplicationContext : Root WebApplicationContext: initialization completed in 259 ms
2026-09-30T13:14:28.857+02:00  INFO 1826200 --- [conference-backend] [           main] com.zaxxer.hikari.HikariDataSource       : HikariPool-9 - Starting...
2026-09-30T13:14:28.881+02:00  INFO 1826200 --- [conference-backend] [           main] com.zaxxer.hikari.pool.HikariPool        : HikariPool-9 - Added connection org.postgresql.jdbc.PgConnection@5db566f
2026-09-30T13:14:28.881+02:00  INFO 1826200 --- [conference-backend] [           main] com.zaxxer.hikari.HikariDataSource       : HikariPool-9 - Start completed.
2026-09-30T13:14:28.883+02:00  INFO 1826200 --- [conference-backend] [           main] org.flywaydb.core.FlywayExecutor         : Database: jdbc:postgresql://localhost:43417/conf_176785b9bb8b (PostgreSQL 16.14)
2026-09-30T13:14:28.897+02:00  INFO 1826200 --- [conference-backend] [           main] o.f.c.i.s.JdbcTableSchemaHistory         : Schema history table "public"."flyway_schema_history" does not exist yet
2026-09-30T13:14:28.898+02:00  INFO 1826200 --- [conference-backend] [           main] o.f.core.internal.command.DbValidate     : Successfully validated 1 migration (execution time 00:00.004s)
2026-09-30T13:14:28.911+02:00  INFO 1826200 --- [conference-backend] [           main] o.f.c.i.s.JdbcTableSchemaHistory         : Creating Schema History table "public"."flyway_schema_history" ...
2026-09-30T13:14:28.949+02:00  INFO 1826200 --- [conference-backend] [           main] o.f.core.internal.command.DbMigrate      : Current version of schema "public": << Empty Schema >>
2026-09-30T13:14:28.956+02:00  INFO 1826200 --- [conference-backend] [           main] o.f.core.internal.command.DbMigrate      : Migrating schema "public" to version "1 - registration schema"
2026-09-30T13:14:28.992+02:00  INFO 1826200 --- [conference-backend] [           main] o.f.core.internal.command.DbMigrate      : Successfully applied 1 migration to schema "public", now at version v1 (execution time 00:00.020s)
2026-09-30T13:14:29.016+02:00  INFO 1826200 --- [conference-backend] [           main] o.hibernate.jpa.internal.util.LogHelper  : HHH000204: Processing PersistenceUnitInfo [name: default]
2026-09-30T13:14:29.018+02:00  INFO 1826200 --- [conference-backend] [           main] o.h.c.internal.RegionFactoryInitiator    : HHH000026: Second-level cache disabled
2026-09-30T13:14:29.027+02:00  INFO 1826200 --- [conference-backend] [           main] o.s.o.j.p.SpringPersistenceUnitInfo      : No LoadTimeWeaver setup: ignoring JPA class transformer
2026-09-30T13:14:29.034+02:00  INFO 1826200 --- [conference-backend] [           main] org.hibernate.orm.connections.pooling    : HHH10001005: Database info:
	Database JDBC URL [Connecting through datasource 'HikariDataSource (HikariPool-9)']
	Database driver: undefined/unknown
	Database version: 16.14
	Autocommit mode: undefined/unknown
	Isolation level: undefined/unknown
	Minimum pool size: undefined/unknown
	Maximum pool size: undefined/unknown
2026-09-30T13:14:29.092+02:00  INFO 1826200 --- [conference-backend] [           main] o.h.e.t.j.p.i.JtaPlatformInitiator       : HHH000489: No JTA platform available (set 'hibernate.transaction.jta.platform' to enable JTA platform integration)
2026-09-30T13:14:29.108+02:00  INFO 1826200 --- [conference-backend] [           main] j.LocalContainerEntityManagerFactoryBean : Initialized JPA EntityManagerFactory for persistence unit 'default'
2026-09-30T13:14:29.173+02:00  INFO 1826200 --- [conference-backend] [           main] r$InitializeUserDetailsManagerConfigurer : Global AuthenticationManager configured with UserDetailsService bean with name organizer
2026-09-30T13:14:29.245+02:00  INFO 1826200 --- [conference-backend] [           main] o.s.b.a.e.web.EndpointLinksResolver      : Exposing 1 endpoint beneath base path '/actuator'
2026-09-30T13:14:29.320+02:00  INFO 1826200 --- [conference-backend] [           main] o.s.b.w.embedded.tomcat.TomcatWebServer  : Tomcat started on port 40281 (http) with context path '/'
2026-09-30T13:14:29.327+02:00  INFO 1826200 --- [conference-backend] [           main] o.a.maven.surefire.booter.ForkedBooter   : Started ForkedBooter in 0.807 seconds (process running for 167.88)
2026-09-30T13:14:29.375+02:00  INFO 1826200 --- [conference-backend] [o-auto-9-exec-1] o.a.c.c.C.[Tomcat].[localhost].[/]       : Initializing Spring DispatcherServlet 'dispatcherServlet'
2026-09-30T13:14:29.376+02:00  INFO 1826200 --- [conference-backend] [o-auto-9-exec-1] o.s.web.servlet.DispatcherServlet        : Initializing Servlet 'dispatcherServlet'
2026-09-30T13:14:29.377+02:00  INFO 1826200 --- [conference-backend] [o-auto-9-exec-1] o.s.web.servlet.DispatcherServlet        : Completed initialization in 1 ms
2026-09-30T13:14:38.407+02:00  INFO 1826200 --- [conference-backend] [o-auto-9-exec-5] l.c.registration.RegistrationService     : Registration eee5447a-3675-482f-aa14-5d9b199d75c3 accepted (student)
2026-09-30T13:14:38.440+02:00  INFO 1826200 --- [conference-backend] [o-auto-9-exec-6] l.c.registration.RegistrationService     : Registration 62bff8c7-8907-4599-a762-2edcd031df53 accepted (student)
2026-09-30T13:14:38.491+02:00  INFO 1826200 --- [conference-backend] [o-auto-9-exec-7] l.c.registration.RegistrationService     : Registration 2787afa3-59b4-4fb0-b3c3-08ebfe979ad7 accepted (student)
2026-09-30T13:14:45.326+02:00  INFO 1826200 --- [conference-backend] [o-auto-9-exec-1] l.c.registration.RegistrationService     : Registration 243bd273-efb5-4e78-a1a6-5e775cc214fc accepted (student)
2026-09-30T13:15:35.829+02:00  INFO 1826200 --- [conference-backend] [           main] o.s.b.w.e.tomcat.GracefulShutdown        : Commencing graceful shutdown. Waiting for active requests to complete
2026-09-30T13:15:35.835+02:00  INFO 1826200 --- [conference-backend] [tomcat-shutdown] o.s.b.w.e.tomcat.GracefulShutdown        : Graceful shutdown complete
2026-09-30T13:15:35.843+02:00  INFO 1826200 --- [conference-backend] [           main] j.LocalContainerEntityManagerFactoryBean : Closing JPA EntityManagerFactory for persistence unit 'default'
2026-09-30T13:15:35.844+02:00  INFO 1826200 --- [conference-backend] [           main] com.zaxxer.hikari.HikariDataSource       : HikariPool-9 - Shutdown initiated...
2026-09-30T13:15:35.848+02:00  INFO 1826200 --- [conference-backend] [           main] com.zaxxer.hikari.HikariDataSource       : HikariPool-9 - Shutdown completed.
[INFO] Tests run: 29, Failures: 0, Errors: 0, Skipped: 0, Time elapsed: 67.49 s -- in lab.conference.acceptance.StudentRegistrationAcceptanceTest
[INFO] Running lab.conference.acceptance.RateLimitAcceptanceTest
2026-09-30T13:15:36.048+02:00  INFO 1826200 --- [conference-backend] [           main] o.a.maven.surefire.booter.ForkedBooter   : Starting ForkedBooter v3.5.6 using Java 21.0.12 with PID 1826200 (started by tjan-kazar in /home/tjan-kazar/storage/Work/lab/agentic_lab/02_output/backend)
2026-09-30T13:15:36.048+02:00  INFO 1826200 --- [conference-backend] [           main] o.a.maven.surefire.booter.ForkedBooter   : No active profile set, falling back to 1 default profile: "default"
2026-09-30T13:15:36.202+02:00  INFO 1826200 --- [conference-backend] [           main] .s.d.r.c.RepositoryConfigurationDelegate : Bootstrapping Spring Data JPA repositories in DEFAULT mode.
2026-09-30T13:15:36.211+02:00  INFO 1826200 --- [conference-backend] [           main] .s.d.r.c.RepositoryConfigurationDelegate : Finished Spring Data repository scanning in 7 ms. Found 2 JPA repository interfaces.
2026-09-30T13:15:36.270+02:00  INFO 1826200 --- [conference-backend] [           main] o.s.b.w.embedded.tomcat.TomcatWebServer  : Tomcat initialized with port 0 (http)
2026-09-30T13:15:36.271+02:00  INFO 1826200 --- [conference-backend] [           main] o.apache.catalina.core.StandardService   : Starting service [Tomcat]
2026-09-30T13:15:36.272+02:00  INFO 1826200 --- [conference-backend] [           main] o.apache.catalina.core.StandardEngine    : Starting Servlet engine: [Apache Tomcat/10.1.60]
2026-09-30T13:15:36.281+02:00  INFO 1826200 --- [conference-backend] [           main] o.a.c.c.C.[Tomcat].[localhost].[/]       : Initializing Spring embedded WebApplicationContext
2026-09-30T13:15:36.281+02:00  INFO 1826200 --- [conference-backend] [           main] w.s.c.ServletWebServerApplicationContext : Root WebApplicationContext: initialization completed in 231 ms
2026-09-30T13:15:36.352+02:00  INFO 1826200 --- [conference-backend] [           main] com.zaxxer.hikari.HikariDataSource       : HikariPool-10 - Starting...
2026-09-30T13:15:36.374+02:00  INFO 1826200 --- [conference-backend] [           main] com.zaxxer.hikari.pool.HikariPool        : HikariPool-10 - Added connection org.postgresql.jdbc.PgConnection@cba201a
2026-09-30T13:15:36.374+02:00  INFO 1826200 --- [conference-backend] [           main] com.zaxxer.hikari.HikariDataSource       : HikariPool-10 - Start completed.
2026-09-30T13:15:36.376+02:00  INFO 1826200 --- [conference-backend] [           main] org.flywaydb.core.FlywayExecutor         : Database: jdbc:postgresql://localhost:43417/conf_76f29a2e8f9a (PostgreSQL 16.14)
2026-09-30T13:15:36.388+02:00  INFO 1826200 --- [conference-backend] [           main] o.f.c.i.s.JdbcTableSchemaHistory         : Schema history table "public"."flyway_schema_history" does not exist yet
2026-09-30T13:15:36.389+02:00  INFO 1826200 --- [conference-backend] [           main] o.f.core.internal.command.DbValidate     : Successfully validated 1 migration (execution time 00:00.004s)
2026-09-30T13:15:36.399+02:00  INFO 1826200 --- [conference-backend] [           main] o.f.c.i.s.JdbcTableSchemaHistory         : Creating Schema History table "public"."flyway_schema_history" ...
2026-09-30T13:15:36.432+02:00  INFO 1826200 --- [conference-backend] [           main] o.f.core.internal.command.DbMigrate      : Current version of schema "public": << Empty Schema >>
2026-09-30T13:15:36.440+02:00  INFO 1826200 --- [conference-backend] [           main] o.f.core.internal.command.DbMigrate      : Migrating schema "public" to version "1 - registration schema"
2026-09-30T13:15:36.499+02:00  INFO 1826200 --- [conference-backend] [           main] o.f.core.internal.command.DbMigrate      : Successfully applied 1 migration to schema "public", now at version v1 (execution time 00:00.029s)
2026-09-30T13:15:36.557+02:00  INFO 1826200 --- [conference-backend] [           main] o.hibernate.jpa.internal.util.LogHelper  : HHH000204: Processing PersistenceUnitInfo [name: default]
2026-09-30T13:15:36.564+02:00  INFO 1826200 --- [conference-backend] [           main] o.h.c.internal.RegionFactoryInitiator    : HHH000026: Second-level cache disabled
2026-09-30T13:15:36.596+02:00  INFO 1826200 --- [conference-backend] [           main] o.s.o.j.p.SpringPersistenceUnitInfo      : No LoadTimeWeaver setup: ignoring JPA class transformer
2026-09-30T13:15:36.622+02:00  INFO 1826200 --- [conference-backend] [           main] org.hibernate.orm.connections.pooling    : HHH10001005: Database info:
	Database JDBC URL [Connecting through datasource 'HikariDataSource (HikariPool-10)']
	Database driver: undefined/unknown
	Database version: 16.14
	Autocommit mode: undefined/unknown
	Isolation level: undefined/unknown
	Minimum pool size: undefined/unknown
	Maximum pool size: undefined/unknown
2026-09-30T13:15:36.762+02:00  INFO 1826200 --- [conference-backend] [           main] o.h.e.t.j.p.i.JtaPlatformInitiator       : HHH000489: No JTA platform available (set 'hibernate.transaction.jta.platform' to enable JTA platform integration)
2026-09-30T13:15:36.778+02:00  INFO 1826200 --- [conference-backend] [           main] j.LocalContainerEntityManagerFactoryBean : Initialized JPA EntityManagerFactory for persistence unit 'default'
2026-09-30T13:15:36.835+02:00  INFO 1826200 --- [conference-backend] [           main] r$InitializeUserDetailsManagerConfigurer : Global AuthenticationManager configured with UserDetailsService bean with name organizer
2026-09-30T13:15:36.905+02:00  INFO 1826200 --- [conference-backend] [           main] o.s.b.a.e.web.EndpointLinksResolver      : Exposing 1 endpoint beneath base path '/actuator'
2026-09-30T13:15:36.988+02:00  INFO 1826200 --- [conference-backend] [           main] o.s.b.w.embedded.tomcat.TomcatWebServer  : Tomcat started on port 39295 (http) with context path '/'
2026-09-30T13:15:36.995+02:00  INFO 1826200 --- [conference-backend] [           main] o.a.maven.surefire.booter.ForkedBooter   : Started ForkedBooter in 0.97 seconds (process running for 235.548)
2026-09-30T13:15:37.004+02:00  INFO 1826200 --- [conference-backend] [-auto-10-exec-1] o.a.c.c.C.[Tomcat].[localhost].[/]       : Initializing Spring DispatcherServlet 'dispatcherServlet'
2026-09-30T13:15:37.004+02:00  INFO 1826200 --- [conference-backend] [-auto-10-exec-1] o.s.web.servlet.DispatcherServlet        : Initializing Servlet 'dispatcherServlet'
2026-09-30T13:15:37.005+02:00  INFO 1826200 --- [conference-backend] [-auto-10-exec-1] o.s.web.servlet.DispatcherServlet        : Completed initialization in 1 ms
2026-09-30T13:15:37.044+02:00  INFO 1826200 --- [conference-backend] [-auto-10-exec-1] l.c.registration.RegistrationService     : Registration 8bb54a2d-391e-408e-bc33-576e27fde55f accepted (external)
2026-09-30T13:15:37.077+02:00  INFO 1826200 --- [conference-backend] [-auto-10-exec-2] l.c.registration.RegistrationService     : Registration f5da3479-9103-4b75-a8fb-d52433c65a98 accepted (external)
2026-09-30T13:15:37.108+02:00  INFO 1826200 --- [conference-backend] [-auto-10-exec-3] l.c.registration.RegistrationService     : Registration 4bc0ddf0-1d24-4886-891b-fd620092eb8e accepted (external)
2026-09-30T13:15:37.154+02:00  INFO 1826200 --- [conference-backend] [           main] o.s.b.w.e.tomcat.GracefulShutdown        : Commencing graceful shutdown. Waiting for active requests to complete
2026-09-30T13:15:37.155+02:00  INFO 1826200 --- [conference-backend] [tomcat-shutdown] o.s.b.w.e.tomcat.GracefulShutdown        : Graceful shutdown complete
2026-09-30T13:15:37.158+02:00  INFO 1826200 --- [conference-backend] [           main] j.LocalContainerEntityManagerFactoryBean : Closing JPA EntityManagerFactory for persistence unit 'default'
2026-09-30T13:15:37.158+02:00  INFO 1826200 --- [conference-backend] [           main] com.zaxxer.hikari.HikariDataSource       : HikariPool-10 - Shutdown initiated...
2026-09-30T13:15:37.160+02:00  INFO 1826200 --- [conference-backend] [           main] com.zaxxer.hikari.HikariDataSource       : HikariPool-10 - Shutdown completed.
2026-09-30T13:15:37.323+02:00  INFO 1826200 --- [conference-backend] [           main] o.a.maven.surefire.booter.ForkedBooter   : Starting ForkedBooter v3.5.6 using Java 21.0.12 with PID 1826200 (started by tjan-kazar in /home/tjan-kazar/storage/Work/lab/agentic_lab/02_output/backend)
2026-09-30T13:15:37.324+02:00  INFO 1826200 --- [conference-backend] [           main] o.a.maven.surefire.booter.ForkedBooter   : No active profile set, falling back to 1 default profile: "default"
2026-09-30T13:15:37.478+02:00  INFO 1826200 --- [conference-backend] [           main] .s.d.r.c.RepositoryConfigurationDelegate : Bootstrapping Spring Data JPA repositories in DEFAULT mode.
2026-09-30T13:15:37.487+02:00  INFO 1826200 --- [conference-backend] [           main] .s.d.r.c.RepositoryConfigurationDelegate : Finished Spring Data repository scanning in 7 ms. Found 2 JPA repository interfaces.
2026-09-30T13:15:37.555+02:00  INFO 1826200 --- [conference-backend] [           main] o.s.b.w.embedded.tomcat.TomcatWebServer  : Tomcat initialized with port 0 (http)
2026-09-30T13:15:37.556+02:00  INFO 1826200 --- [conference-backend] [           main] o.apache.catalina.core.StandardService   : Starting service [Tomcat]
2026-09-30T13:15:37.557+02:00  INFO 1826200 --- [conference-backend] [           main] o.apache.catalina.core.StandardEngine    : Starting Servlet engine: [Apache Tomcat/10.1.60]
2026-09-30T13:15:37.567+02:00  INFO 1826200 --- [conference-backend] [           main] o.a.c.c.C.[Tomcat].[localhost].[/]       : Initializing Spring embedded WebApplicationContext
2026-09-30T13:15:37.567+02:00  INFO 1826200 --- [conference-backend] [           main] w.s.c.ServletWebServerApplicationContext : Root WebApplicationContext: initialization completed in 242 ms
2026-09-30T13:15:37.642+02:00  INFO 1826200 --- [conference-backend] [           main] com.zaxxer.hikari.HikariDataSource       : HikariPool-11 - Starting...
2026-09-30T13:15:37.663+02:00  INFO 1826200 --- [conference-backend] [           main] com.zaxxer.hikari.pool.HikariPool        : HikariPool-11 - Added connection org.postgresql.jdbc.PgConnection@60f14d7f
2026-09-30T13:15:37.664+02:00  INFO 1826200 --- [conference-backend] [           main] com.zaxxer.hikari.HikariDataSource       : HikariPool-11 - Start completed.
2026-09-30T13:15:37.665+02:00  INFO 1826200 --- [conference-backend] [           main] org.flywaydb.core.FlywayExecutor         : Database: jdbc:postgresql://localhost:43417/conf_1235f1389086 (PostgreSQL 16.14)
2026-09-30T13:15:37.679+02:00  INFO 1826200 --- [conference-backend] [           main] o.f.c.i.s.JdbcTableSchemaHistory         : Schema history table "public"."flyway_schema_history" does not exist yet
2026-09-30T13:15:37.681+02:00  INFO 1826200 --- [conference-backend] [           main] o.f.core.internal.command.DbValidate     : Successfully validated 1 migration (execution time 00:00.005s)
2026-09-30T13:15:37.694+02:00  INFO 1826200 --- [conference-backend] [           main] o.f.c.i.s.JdbcTableSchemaHistory         : Creating Schema History table "public"."flyway_schema_history" ...
2026-09-30T13:15:37.731+02:00  INFO 1826200 --- [conference-backend] [           main] o.f.core.internal.command.DbMigrate      : Current version of schema "public": << Empty Schema >>
2026-09-30T13:15:37.738+02:00  INFO 1826200 --- [conference-backend] [           main] o.f.core.internal.command.DbMigrate      : Migrating schema "public" to version "1 - registration schema"
2026-09-30T13:15:37.768+02:00  INFO 1826200 --- [conference-backend] [           main] o.f.core.internal.command.DbMigrate      : Successfully applied 1 migration to schema "public", now at version v1 (execution time 00:00.020s)
2026-09-30T13:15:37.785+02:00  INFO 1826200 --- [conference-backend] [           main] o.hibernate.jpa.internal.util.LogHelper  : HHH000204: Processing PersistenceUnitInfo [name: default]
2026-09-30T13:15:37.786+02:00  INFO 1826200 --- [conference-backend] [           main] o.h.c.internal.RegionFactoryInitiator    : HHH000026: Second-level cache disabled
2026-09-30T13:15:37.793+02:00  INFO 1826200 --- [conference-backend] [           main] o.s.o.j.p.SpringPersistenceUnitInfo      : No LoadTimeWeaver setup: ignoring JPA class transformer
2026-09-30T13:15:37.800+02:00  INFO 1826200 --- [conference-backend] [           main] org.hibernate.orm.connections.pooling    : HHH10001005: Database info:
	Database JDBC URL [Connecting through datasource 'HikariDataSource (HikariPool-11)']
	Database driver: undefined/unknown
	Database version: 16.14
	Autocommit mode: undefined/unknown
	Isolation level: undefined/unknown
	Minimum pool size: undefined/unknown
	Maximum pool size: undefined/unknown
2026-09-30T13:15:37.854+02:00  INFO 1826200 --- [conference-backend] [           main] o.h.e.t.j.p.i.JtaPlatformInitiator       : HHH000489: No JTA platform available (set 'hibernate.transaction.jta.platform' to enable JTA platform integration)
2026-09-30T13:15:37.869+02:00  INFO 1826200 --- [conference-backend] [           main] j.LocalContainerEntityManagerFactoryBean : Initialized JPA EntityManagerFactory for persistence unit 'default'
2026-09-30T13:15:37.933+02:00  INFO 1826200 --- [conference-backend] [           main] r$InitializeUserDetailsManagerConfigurer : Global AuthenticationManager configured with UserDetailsService bean with name organizer
2026-09-30T13:15:38.004+02:00  INFO 1826200 --- [conference-backend] [           main] o.s.b.a.e.web.EndpointLinksResolver      : Exposing 1 endpoint beneath base path '/actuator'
2026-09-30T13:15:38.078+02:00  INFO 1826200 --- [conference-backend] [           main] o.s.b.w.embedded.tomcat.TomcatWebServer  : Tomcat started on port 35073 (http) with context path '/'
2026-09-30T13:15:38.085+02:00  INFO 1826200 --- [conference-backend] [           main] o.a.maven.surefire.booter.ForkedBooter   : Started ForkedBooter in 0.78 seconds (process running for 236.638)
2026-09-30T13:15:38.094+02:00  INFO 1826200 --- [conference-backend] [-auto-11-exec-1] o.a.c.c.C.[Tomcat].[localhost].[/]       : Initializing Spring DispatcherServlet 'dispatcherServlet'
2026-09-30T13:15:38.094+02:00  INFO 1826200 --- [conference-backend] [-auto-11-exec-1] o.s.web.servlet.DispatcherServlet        : Initializing Servlet 'dispatcherServlet'
2026-09-30T13:15:38.095+02:00  INFO 1826200 --- [conference-backend] [-auto-11-exec-1] o.s.web.servlet.DispatcherServlet        : Completed initialization in 1 ms
2026-09-30T13:15:38.479+02:00  INFO 1826200 --- [conference-backend] [           main] o.s.b.w.e.tomcat.GracefulShutdown        : Commencing graceful shutdown. Waiting for active requests to complete
2026-09-30T13:15:38.480+02:00  INFO 1826200 --- [conference-backend] [tomcat-shutdown] o.s.b.w.e.tomcat.GracefulShutdown        : Graceful shutdown complete
2026-09-30T13:15:38.483+02:00  INFO 1826200 --- [conference-backend] [           main] j.LocalContainerEntityManagerFactoryBean : Closing JPA EntityManagerFactory for persistence unit 'default'
2026-09-30T13:15:38.483+02:00  INFO 1826200 --- [conference-backend] [           main] com.zaxxer.hikari.HikariDataSource       : HikariPool-11 - Shutdown initiated...
2026-09-30T13:15:38.485+02:00  INFO 1826200 --- [conference-backend] [           main] com.zaxxer.hikari.HikariDataSource       : HikariPool-11 - Shutdown completed.
[INFO] Tests run: 2, Failures: 0, Errors: 0, Skipped: 0, Time elapsed: 2.633 s -- in lab.conference.acceptance.RateLimitAcceptanceTest
[INFO] Running lab.conference.acceptance.IdempotencyAcceptanceTest
2026-09-30T13:15:38.719+02:00  INFO 1826200 --- [conference-backend] [           main] o.a.maven.surefire.booter.ForkedBooter   : Starting ForkedBooter v3.5.6 using Java 21.0.12 with PID 1826200 (started by tjan-kazar in /home/tjan-kazar/storage/Work/lab/agentic_lab/02_output/backend)
2026-09-30T13:15:38.719+02:00  INFO 1826200 --- [conference-backend] [           main] o.a.maven.surefire.booter.ForkedBooter   : No active profile set, falling back to 1 default profile: "default"
2026-09-30T13:15:38.854+02:00  INFO 1826200 --- [conference-backend] [           main] .s.d.r.c.RepositoryConfigurationDelegate : Bootstrapping Spring Data JPA repositories in DEFAULT mode.
2026-09-30T13:15:38.862+02:00  INFO 1826200 --- [conference-backend] [           main] .s.d.r.c.RepositoryConfigurationDelegate : Finished Spring Data repository scanning in 7 ms. Found 2 JPA repository interfaces.
2026-09-30T13:15:38.937+02:00  INFO 1826200 --- [conference-backend] [           main] o.s.b.w.embedded.tomcat.TomcatWebServer  : Tomcat initialized with port 0 (http)
2026-09-30T13:15:38.939+02:00  INFO 1826200 --- [conference-backend] [           main] o.apache.catalina.core.StandardService   : Starting service [Tomcat]
2026-09-30T13:15:38.939+02:00  INFO 1826200 --- [conference-backend] [           main] o.apache.catalina.core.StandardEngine    : Starting Servlet engine: [Apache Tomcat/10.1.60]
2026-09-30T13:15:38.950+02:00  INFO 1826200 --- [conference-backend] [           main] o.a.c.c.C.[Tomcat].[localhost].[/]       : Initializing Spring embedded WebApplicationContext
2026-09-30T13:15:38.950+02:00  INFO 1826200 --- [conference-backend] [           main] w.s.c.ServletWebServerApplicationContext : Root WebApplicationContext: initialization completed in 230 ms
2026-09-30T13:15:39.013+02:00  INFO 1826200 --- [conference-backend] [           main] com.zaxxer.hikari.HikariDataSource       : HikariPool-12 - Starting...
2026-09-30T13:15:39.059+02:00  INFO 1826200 --- [conference-backend] [           main] com.zaxxer.hikari.pool.HikariPool        : HikariPool-12 - Added connection org.postgresql.jdbc.PgConnection@73b0356b
2026-09-30T13:15:39.060+02:00  INFO 1826200 --- [conference-backend] [           main] com.zaxxer.hikari.HikariDataSource       : HikariPool-12 - Start completed.
2026-09-30T13:15:39.062+02:00  INFO 1826200 --- [conference-backend] [           main] org.flywaydb.core.FlywayExecutor         : Database: jdbc:postgresql://localhost:43417/conf_27baf866cfe7 (PostgreSQL 16.14)
2026-09-30T13:15:39.076+02:00  INFO 1826200 --- [conference-backend] [           main] o.f.c.i.s.JdbcTableSchemaHistory         : Schema history table "public"."flyway_schema_history" does not exist yet
2026-09-30T13:15:39.077+02:00  INFO 1826200 --- [conference-backend] [           main] o.f.core.internal.command.DbValidate     : Successfully validated 1 migration (execution time 00:00.004s)
2026-09-30T13:15:39.088+02:00  INFO 1826200 --- [conference-backend] [           main] o.f.c.i.s.JdbcTableSchemaHistory         : Creating Schema History table "public"."flyway_schema_history" ...
2026-09-30T13:15:39.120+02:00  INFO 1826200 --- [conference-backend] [           main] o.f.core.internal.command.DbMigrate      : Current version of schema "public": << Empty Schema >>
2026-09-30T13:15:39.127+02:00  INFO 1826200 --- [conference-backend] [           main] o.f.core.internal.command.DbMigrate      : Migrating schema "public" to version "1 - registration schema"
2026-09-30T13:15:39.153+02:00  INFO 1826200 --- [conference-backend] [           main] o.f.core.internal.command.DbMigrate      : Successfully applied 1 migration to schema "public", now at version v1 (execution time 00:00.020s)
2026-09-30T13:15:39.175+02:00  INFO 1826200 --- [conference-backend] [           main] o.hibernate.jpa.internal.util.LogHelper  : HHH000204: Processing PersistenceUnitInfo [name: default]
2026-09-30T13:15:39.177+02:00  INFO 1826200 --- [conference-backend] [           main] o.h.c.internal.RegionFactoryInitiator    : HHH000026: Second-level cache disabled
2026-09-30T13:15:39.184+02:00  INFO 1826200 --- [conference-backend] [           main] o.s.o.j.p.SpringPersistenceUnitInfo      : No LoadTimeWeaver setup: ignoring JPA class transformer
2026-09-30T13:15:39.190+02:00  INFO 1826200 --- [conference-backend] [           main] org.hibernate.orm.connections.pooling    : HHH10001005: Database info:
	Database JDBC URL [Connecting through datasource 'HikariDataSource (HikariPool-12)']
	Database driver: undefined/unknown
	Database version: 16.14
	Autocommit mode: undefined/unknown
	Isolation level: undefined/unknown
	Minimum pool size: undefined/unknown
	Maximum pool size: undefined/unknown
2026-09-30T13:15:39.250+02:00  INFO 1826200 --- [conference-backend] [           main] o.h.e.t.j.p.i.JtaPlatformInitiator       : HHH000489: No JTA platform available (set 'hibernate.transaction.jta.platform' to enable JTA platform integration)
2026-09-30T13:15:39.269+02:00  INFO 1826200 --- [conference-backend] [           main] j.LocalContainerEntityManagerFactoryBean : Initialized JPA EntityManagerFactory for persistence unit 'default'
2026-09-30T13:15:39.345+02:00  INFO 1826200 --- [conference-backend] [           main] r$InitializeUserDetailsManagerConfigurer : Global AuthenticationManager configured with UserDetailsService bean with name organizer
2026-09-30T13:15:39.435+02:00  INFO 1826200 --- [conference-backend] [           main] o.s.b.a.e.web.EndpointLinksResolver      : Exposing 1 endpoint beneath base path '/actuator'
2026-09-30T13:15:39.525+02:00  INFO 1826200 --- [conference-backend] [           main] o.s.b.w.embedded.tomcat.TomcatWebServer  : Tomcat started on port 36975 (http) with context path '/'
2026-09-30T13:15:39.531+02:00  INFO 1826200 --- [conference-backend] [           main] o.a.maven.surefire.booter.ForkedBooter   : Started ForkedBooter in 0.831 seconds (process running for 238.085)
2026-09-30T13:15:39.545+02:00  INFO 1826200 --- [conference-backend] [-auto-12-exec-1] o.a.c.c.C.[Tomcat].[localhost].[/]       : Initializing Spring DispatcherServlet 'dispatcherServlet'
2026-09-30T13:15:39.545+02:00  INFO 1826200 --- [conference-backend] [-auto-12-exec-1] o.s.web.servlet.DispatcherServlet        : Initializing Servlet 'dispatcherServlet'
2026-09-30T13:15:39.547+02:00  INFO 1826200 --- [conference-backend] [-auto-12-exec-1] o.s.web.servlet.DispatcherServlet        : Completed initialization in 2 ms
2026-09-30T13:15:39.591+02:00  INFO 1826200 --- [conference-backend] [-auto-12-exec-1] l.c.registration.RegistrationService     : Registration 7ef9545c-fcd0-4f56-ba79-a2611b8fdcc6 accepted (external)
2026-09-30T13:15:43.356+02:00  INFO 1826200 --- [conference-backend] [-auto-12-exec-4] l.c.registration.RegistrationService     : Registration 7a58be43-5e33-4fc9-ae98-9dabf6530abc accepted (external)
2026-09-30T13:15:45.206+02:00  INFO 1826200 --- [conference-backend] [-auto-12-exec-7] l.c.registration.RegistrationService     : Registration 26d241ab-7482-47b2-bce2-e6630125d88b accepted (external)
2026-09-30T13:15:45.277+02:00  INFO 1826200 --- [conference-backend] [-auto-12-exec-8] l.c.registration.RegistrationService     : Registration 7f33af53-cdfa-4f36-833a-8117b6f8c262 accepted (external)
2026-09-30T13:15:45.410+02:00  INFO 1826200 --- [conference-backend] [-auto-12-exec-9] l.c.registration.RegistrationService     : Registration 971f8d85-886e-413d-b61b-92f2a5846c05 accepted (student)
2026-09-30T13:15:45.530+02:00  INFO 1826200 --- [conference-backend] [           main] o.s.b.w.e.tomcat.GracefulShutdown        : Commencing graceful shutdown. Waiting for active requests to complete
2026-09-30T13:15:45.534+02:00  INFO 1826200 --- [conference-backend] [tomcat-shutdown] o.s.b.w.e.tomcat.GracefulShutdown        : Graceful shutdown complete
2026-09-30T13:15:45.759+02:00  INFO 1826200 --- [conference-backend] [           main] j.LocalContainerEntityManagerFactoryBean : Closing JPA EntityManagerFactory for persistence unit 'default'
2026-09-30T13:15:45.760+02:00  INFO 1826200 --- [conference-backend] [           main] com.zaxxer.hikari.HikariDataSource       : HikariPool-12 - Shutdown initiated...
2026-09-30T13:15:45.763+02:00  INFO 1826200 --- [conference-backend] [           main] com.zaxxer.hikari.HikariDataSource       : HikariPool-12 - Shutdown completed.
[INFO] Tests run: 4, Failures: 0, Errors: 0, Skipped: 0, Time elapsed: 7.276 s -- in lab.conference.acceptance.IdempotencyAcceptanceTest
[INFO] Running lab.conference.acceptance.DatabaseOutageAcceptanceTest
2026-09-30T13:15:45.774+02:00  INFO 1826200 --- [conference-backend] [           main] tc.postgres@sha256:952067...             : Creating container for image: postgres@sha256:95206741a5b214807675e14165369d05b93a9cf692223b616d07cca227e74b0b
2026-09-30T13:15:46.164+02:00  INFO 1826200 --- [conference-backend] [           main] tc.postgres@sha256:952067...             : Container postgres@sha256:95206741a5b214807675e14165369d05b93a9cf692223b616d07cca227e74b0b is starting: d82a164fcffa8eae1f777a80887b6b4aaa5cb137ad2ca8949c1cd2d3cdf211ee
2026-09-30T13:15:48.394+02:00  INFO 1826200 --- [conference-backend] [           main] tc.postgres@sha256:952067...             : Container postgres@sha256:95206741a5b214807675e14165369d05b93a9cf692223b616d07cca227e74b0b started in PT2.620439573S
2026-09-30T13:15:48.395+02:00  INFO 1826200 --- [conference-backend] [           main] tc.postgres@sha256:952067...             : Container is started (JDBC URL: jdbc:postgresql://localhost:41225/postgres?loggerLevel=OFF)
2026-09-30T13:15:48.738+02:00  INFO 1826200 --- [conference-backend] [           main] o.a.maven.surefire.booter.ForkedBooter   : Starting ForkedBooter v3.5.6 using Java 21.0.12 with PID 1826200 (started by tjan-kazar in /home/tjan-kazar/storage/Work/lab/agentic_lab/02_output/backend)
2026-09-30T13:15:48.738+02:00  INFO 1826200 --- [conference-backend] [           main] o.a.maven.surefire.booter.ForkedBooter   : No active profile set, falling back to 1 default profile: "default"
2026-09-30T13:15:48.889+02:00  INFO 1826200 --- [conference-backend] [           main] .s.d.r.c.RepositoryConfigurationDelegate : Bootstrapping Spring Data JPA repositories in DEFAULT mode.
2026-09-30T13:15:48.897+02:00  INFO 1826200 --- [conference-backend] [           main] .s.d.r.c.RepositoryConfigurationDelegate : Finished Spring Data repository scanning in 7 ms. Found 2 JPA repository interfaces.
2026-09-30T13:15:48.953+02:00  INFO 1826200 --- [conference-backend] [           main] o.s.b.w.embedded.tomcat.TomcatWebServer  : Tomcat initialized with port 0 (http)
2026-09-30T13:15:48.954+02:00  INFO 1826200 --- [conference-backend] [           main] o.apache.catalina.core.StandardService   : Starting service [Tomcat]
2026-09-30T13:15:48.954+02:00  INFO 1826200 --- [conference-backend] [           main] o.apache.catalina.core.StandardEngine    : Starting Servlet engine: [Apache Tomcat/10.1.60]
2026-09-30T13:15:48.964+02:00  INFO 1826200 --- [conference-backend] [           main] o.a.c.c.C.[Tomcat].[localhost].[/]       : Initializing Spring embedded WebApplicationContext
2026-09-30T13:15:48.964+02:00  INFO 1826200 --- [conference-backend] [           main] w.s.c.ServletWebServerApplicationContext : Root WebApplicationContext: initialization completed in 225 ms
2026-09-30T13:15:49.026+02:00  INFO 1826200 --- [conference-backend] [           main] com.zaxxer.hikari.HikariDataSource       : HikariPool-13 - Starting...
2026-09-30T13:15:49.049+02:00  INFO 1826200 --- [conference-backend] [           main] com.zaxxer.hikari.pool.HikariPool        : HikariPool-13 - Added connection org.postgresql.jdbc.PgConnection@4873ebff
2026-09-30T13:15:49.049+02:00  INFO 1826200 --- [conference-backend] [           main] com.zaxxer.hikari.HikariDataSource       : HikariPool-13 - Start completed.
2026-09-30T13:15:49.051+02:00  INFO 1826200 --- [conference-backend] [           main] org.flywaydb.core.FlywayExecutor         : Database: jdbc:postgresql://localhost:41225/conf_fc898e056c1d (PostgreSQL 16.14)
2026-09-30T13:15:49.067+02:00  INFO 1826200 --- [conference-backend] [           main] o.f.c.i.s.JdbcTableSchemaHistory         : Schema history table "public"."flyway_schema_history" does not exist yet
2026-09-30T13:15:49.068+02:00  INFO 1826200 --- [conference-backend] [           main] o.f.core.internal.command.DbValidate     : Successfully validated 1 migration (execution time 00:00.004s)
2026-09-30T13:15:49.080+02:00  INFO 1826200 --- [conference-backend] [           main] o.f.c.i.s.JdbcTableSchemaHistory         : Creating Schema History table "public"."flyway_schema_history" ...
2026-09-30T13:15:49.114+02:00  INFO 1826200 --- [conference-backend] [           main] o.f.core.internal.command.DbMigrate      : Current version of schema "public": << Empty Schema >>
2026-09-30T13:15:49.119+02:00  INFO 1826200 --- [conference-backend] [           main] o.f.core.internal.command.DbMigrate      : Migrating schema "public" to version "1 - registration schema"
2026-09-30T13:15:49.150+02:00  INFO 1826200 --- [conference-backend] [           main] o.f.core.internal.command.DbMigrate      : Successfully applied 1 migration to schema "public", now at version v1 (execution time 00:00.020s)
2026-09-30T13:15:49.166+02:00  INFO 1826200 --- [conference-backend] [           main] o.hibernate.jpa.internal.util.LogHelper  : HHH000204: Processing PersistenceUnitInfo [name: default]
2026-09-30T13:15:49.168+02:00  INFO 1826200 --- [conference-backend] [           main] o.h.c.internal.RegionFactoryInitiator    : HHH000026: Second-level cache disabled
2026-09-30T13:15:49.174+02:00  INFO 1826200 --- [conference-backend] [           main] o.s.o.j.p.SpringPersistenceUnitInfo      : No LoadTimeWeaver setup: ignoring JPA class transformer
2026-09-30T13:15:49.181+02:00  INFO 1826200 --- [conference-backend] [           main] org.hibernate.orm.connections.pooling    : HHH10001005: Database info:
	Database JDBC URL [Connecting through datasource 'HikariDataSource (HikariPool-13)']
	Database driver: undefined/unknown
	Database version: 16.14
	Autocommit mode: undefined/unknown
	Isolation level: undefined/unknown
	Minimum pool size: undefined/unknown
	Maximum pool size: undefined/unknown
2026-09-30T13:15:49.231+02:00  INFO 1826200 --- [conference-backend] [           main] o.h.e.t.j.p.i.JtaPlatformInitiator       : HHH000489: No JTA platform available (set 'hibernate.transaction.jta.platform' to enable JTA platform integration)
2026-09-30T13:15:49.246+02:00  INFO 1826200 --- [conference-backend] [           main] j.LocalContainerEntityManagerFactoryBean : Initialized JPA EntityManagerFactory for persistence unit 'default'
2026-09-30T13:15:49.304+02:00  INFO 1826200 --- [conference-backend] [           main] r$InitializeUserDetailsManagerConfigurer : Global AuthenticationManager configured with UserDetailsService bean with name organizer
2026-09-30T13:15:49.366+02:00  INFO 1826200 --- [conference-backend] [           main] o.s.b.a.e.web.EndpointLinksResolver      : Exposing 1 endpoint beneath base path '/actuator'
2026-09-30T13:15:49.439+02:00  INFO 1826200 --- [conference-backend] [           main] o.s.b.w.embedded.tomcat.TomcatWebServer  : Tomcat started on port 44003 (http) with context path '/'
2026-09-30T13:15:49.446+02:00  INFO 1826200 --- [conference-backend] [           main] o.a.maven.surefire.booter.ForkedBooter   : Started ForkedBooter in 0.725 seconds (process running for 247.999)
2026-09-30T13:15:49.927+02:00  INFO 1826200 --- [conference-backend] [-auto-13-exec-2] o.a.c.c.C.[Tomcat].[localhost].[/]       : Initializing Spring DispatcherServlet 'dispatcherServlet'
2026-09-30T13:15:49.935+02:00  INFO 1826200 --- [conference-backend] [-auto-13-exec-2] o.s.web.servlet.DispatcherServlet        : Initializing Servlet 'dispatcherServlet'
2026-09-30T13:15:49.943+02:00  INFO 1826200 --- [conference-backend] [-auto-13-exec-2] o.s.web.servlet.DispatcherServlet        : Completed initialization in 8 ms
2026-09-30T13:15:49.959+02:00  WARN 1826200 --- [conference-backend] [   scheduling-1] com.zaxxer.hikari.pool.PoolBase          : HikariPool-13 - Failed to validate connection org.postgresql.jdbc.PgConnection@4873ebff (This connection has been closed.). Possibly consider using a shorter maxLifetime value.
2026-09-30T13:15:49.969+02:00  WARN 1826200 --- [conference-backend] [   scheduling-1] com.zaxxer.hikari.pool.PoolBase          : HikariPool-13 - Failed to validate connection org.postgresql.jdbc.PgConnection@1f80f683 (This connection has been closed.). Possibly consider using a shorter maxLifetime value.
2026-09-30T13:15:49.974+02:00  WARN 1826200 --- [conference-backend] [   scheduling-1] com.zaxxer.hikari.pool.PoolBase          : HikariPool-13 - Failed to validate connection org.postgresql.jdbc.PgConnection@5a827b17 (This connection has been closed.). Possibly consider using a shorter maxLifetime value.
2026-09-30T13:15:49.975+02:00  WARN 1826200 --- [conference-backend] [   scheduling-1] com.zaxxer.hikari.pool.PoolBase          : HikariPool-13 - Failed to validate connection org.postgresql.jdbc.PgConnection@b44e2b1 (This connection has been closed.). Possibly consider using a shorter maxLifetime value.
2026-09-30T13:15:49.981+02:00  WARN 1826200 --- [conference-backend] [   scheduling-1] com.zaxxer.hikari.pool.PoolBase          : HikariPool-13 - Failed to validate connection org.postgresql.jdbc.PgConnection@6b92c4e4 (This connection has been closed.). Possibly consider using a shorter maxLifetime value.
2026-09-30T13:15:49.986+02:00  WARN 1826200 --- [conference-backend] [   scheduling-1] com.zaxxer.hikari.pool.PoolBase          : HikariPool-13 - Failed to validate connection org.postgresql.jdbc.PgConnection@73be03fb (This connection has been closed.). Possibly consider using a shorter maxLifetime value.
2026-09-30T13:15:49.992+02:00  WARN 1826200 --- [conference-backend] [   scheduling-1] com.zaxxer.hikari.pool.PoolBase          : HikariPool-13 - Failed to validate connection org.postgresql.jdbc.PgConnection@3aad8458 (This connection has been closed.). Possibly consider using a shorter maxLifetime value.
2026-09-30T13:15:49.998+02:00  WARN 1826200 --- [conference-backend] [   scheduling-1] com.zaxxer.hikari.pool.PoolBase          : HikariPool-13 - Failed to validate connection org.postgresql.jdbc.PgConnection@16d0a8d6 (This connection has been closed.). Possibly consider using a shorter maxLifetime value.
2026-09-30T13:15:49.999+02:00  WARN 1826200 --- [conference-backend] [   scheduling-1] com.zaxxer.hikari.pool.PoolBase          : HikariPool-13 - Failed to validate connection org.postgresql.jdbc.PgConnection@6b18eb0c (This connection has been closed.). Possibly consider using a shorter maxLifetime value.
2026-09-30T13:15:54.970+02:00  WARN 1826200 --- [conference-backend] [   scheduling-1] o.h.engine.jdbc.spi.SqlExceptionHelper   : SQL Error: 0, SQLState: 08001
2026-09-30T13:15:54.971+02:00 ERROR 1826200 --- [conference-backend] [   scheduling-1] o.h.engine.jdbc.spi.SqlExceptionHelper   : HikariPool-13 - Connection is not available, request timed out after 5001ms (total=0, active=0, idle=0, waiting=1)
2026-09-30T13:15:54.971+02:00 ERROR 1826200 --- [conference-backend] [   scheduling-1] o.h.engine.jdbc.spi.SqlExceptionHelper   : Connection to localhost:41225 refused. Check that the hostname and port are correct and that the postmaster is accepting TCP/IP connections.
2026-09-30T13:15:54.977+02:00  WARN 1826200 --- [conference-backend] [   scheduling-1] l.c.n.NotificationDispatcher             : Notification dispatch skipped (CannotCreateTransactionException)
2026-09-30T13:15:55.001+02:00  WARN 1826200 --- [conference-backend] [-auto-13-exec-2] o.h.engine.jdbc.spi.SqlExceptionHelper   : SQL Error: 0, SQLState: 08001
2026-09-30T13:15:55.002+02:00 ERROR 1826200 --- [conference-backend] [-auto-13-exec-2] o.h.engine.jdbc.spi.SqlExceptionHelper   : HikariPool-13 - Connection is not available, request timed out after 5001ms (total=0, active=0, idle=0, waiting=0)
2026-09-30T13:15:55.002+02:00 ERROR 1826200 --- [conference-backend] [-auto-13-exec-2] o.h.engine.jdbc.spi.SqlExceptionHelper   : Connection to localhost:41225 refused. Check that the hostname and port are correct and that the postmaster is accepting TCP/IP connections.
2026-09-30T13:15:55.024+02:00 ERROR 1826200 --- [conference-backend] [-auto-13-exec-2] l.c.registration.RegistrationService     : Database unavailable during replay check (DataAccessResourceFailureException)
2026-09-30T13:15:59.809+02:00  INFO 1826200 --- [conference-backend] [-auto-13-exec-1] lab.conference.export.ExportController   : Organizer export generated with 0 registration(s)
2026-09-30T13:15:59.833+02:00  INFO 1826200 --- [conference-backend] [           main] o.s.b.w.e.tomcat.GracefulShutdown        : Commencing graceful shutdown. Waiting for active requests to complete
2026-09-30T13:15:59.834+02:00  INFO 1826200 --- [conference-backend] [tomcat-shutdown] o.s.b.w.e.tomcat.GracefulShutdown        : Graceful shutdown complete
2026-09-30T13:15:59.836+02:00  INFO 1826200 --- [conference-backend] [           main] j.LocalContainerEntityManagerFactoryBean : Closing JPA EntityManagerFactory for persistence unit 'default'
2026-09-30T13:15:59.836+02:00  INFO 1826200 --- [conference-backend] [           main] com.zaxxer.hikari.HikariDataSource       : HikariPool-13 - Shutdown initiated...
2026-09-30T13:15:59.883+02:00  INFO 1826200 --- [conference-backend] [           main] com.zaxxer.hikari.HikariDataSource       : HikariPool-13 - Shutdown completed.
[INFO] Tests run: 1, Failures: 0, Errors: 0, Skipped: 0, Time elapsed: 15.01 s -- in lab.conference.acceptance.DatabaseOutageAcceptanceTest
[INFO] Running lab.conference.acceptance.ExportAcceptanceTest
2026-09-30T13:16:00.996+02:00  INFO 1826200 --- [conference-backend] [           main] o.a.maven.surefire.booter.ForkedBooter   : Starting ForkedBooter v3.5.6 using Java 21.0.12 with PID 1826200 (started by tjan-kazar in /home/tjan-kazar/storage/Work/lab/agentic_lab/02_output/backend)
2026-09-30T13:16:00.996+02:00  INFO 1826200 --- [conference-backend] [           main] o.a.maven.surefire.booter.ForkedBooter   : No active profile set, falling back to 1 default profile: "default"
2026-09-30T13:16:01.162+02:00  INFO 1826200 --- [conference-backend] [           main] .s.d.r.c.RepositoryConfigurationDelegate : Bootstrapping Spring Data JPA repositories in DEFAULT mode.
2026-09-30T13:16:01.170+02:00  INFO 1826200 --- [conference-backend] [           main] .s.d.r.c.RepositoryConfigurationDelegate : Finished Spring Data repository scanning in 7 ms. Found 2 JPA repository interfaces.
2026-09-30T13:16:01.222+02:00  INFO 1826200 --- [conference-backend] [           main] o.s.b.w.embedded.tomcat.TomcatWebServer  : Tomcat initialized with port 0 (http)
2026-09-30T13:16:01.224+02:00  INFO 1826200 --- [conference-backend] [           main] o.apache.catalina.core.StandardService   : Starting service [Tomcat]
2026-09-30T13:16:01.224+02:00  INFO 1826200 --- [conference-backend] [           main] o.apache.catalina.core.StandardEngine    : Starting Servlet engine: [Apache Tomcat/10.1.60]
2026-09-30T13:16:01.233+02:00  INFO 1826200 --- [conference-backend] [           main] o.a.c.c.C.[Tomcat].[localhost].[/]       : Initializing Spring embedded WebApplicationContext
2026-09-30T13:16:01.234+02:00  INFO 1826200 --- [conference-backend] [           main] w.s.c.ServletWebServerApplicationContext : Root WebApplicationContext: initialization completed in 237 ms
2026-09-30T13:16:01.285+02:00  INFO 1826200 --- [conference-backend] [           main] com.zaxxer.hikari.HikariDataSource       : HikariPool-14 - Starting...
2026-09-30T13:16:01.304+02:00  INFO 1826200 --- [conference-backend] [           main] com.zaxxer.hikari.pool.HikariPool        : HikariPool-14 - Added connection org.postgresql.jdbc.PgConnection@6c4a84d
2026-09-30T13:16:01.305+02:00  INFO 1826200 --- [conference-backend] [           main] com.zaxxer.hikari.HikariDataSource       : HikariPool-14 - Start completed.
2026-09-30T13:16:01.306+02:00  INFO 1826200 --- [conference-backend] [           main] org.flywaydb.core.FlywayExecutor         : Database: jdbc:postgresql://localhost:43417/conf_21c4f60e68b1 (PostgreSQL 16.14)
2026-09-30T13:16:01.318+02:00  INFO 1826200 --- [conference-backend] [           main] o.f.c.i.s.JdbcTableSchemaHistory         : Schema history table "public"."flyway_schema_history" does not exist yet
2026-09-30T13:16:01.319+02:00  INFO 1826200 --- [conference-backend] [           main] o.f.core.internal.command.DbValidate     : Successfully validated 1 migration (execution time 00:00.003s)
2026-09-30T13:16:01.330+02:00  INFO 1826200 --- [conference-backend] [           main] o.f.c.i.s.JdbcTableSchemaHistory         : Creating Schema History table "public"."flyway_schema_history" ...
2026-09-30T13:16:01.362+02:00  INFO 1826200 --- [conference-backend] [           main] o.f.core.internal.command.DbMigrate      : Current version of schema "public": << Empty Schema >>
2026-09-30T13:16:01.367+02:00  INFO 1826200 --- [conference-backend] [           main] o.f.core.internal.command.DbMigrate      : Migrating schema "public" to version "1 - registration schema"
2026-09-30T13:16:01.399+02:00  INFO 1826200 --- [conference-backend] [           main] o.f.core.internal.command.DbMigrate      : Successfully applied 1 migration to schema "public", now at version v1 (execution time 00:00.020s)
2026-09-30T13:16:01.440+02:00  INFO 1826200 --- [conference-backend] [           main] o.hibernate.jpa.internal.util.LogHelper  : HHH000204: Processing PersistenceUnitInfo [name: default]
2026-09-30T13:16:01.446+02:00  INFO 1826200 --- [conference-backend] [           main] o.h.c.internal.RegionFactoryInitiator    : HHH000026: Second-level cache disabled
2026-09-30T13:16:01.471+02:00  INFO 1826200 --- [conference-backend] [           main] o.s.o.j.p.SpringPersistenceUnitInfo      : No LoadTimeWeaver setup: ignoring JPA class transformer
2026-09-30T13:16:01.498+02:00  INFO 1826200 --- [conference-backend] [           main] org.hibernate.orm.connections.pooling    : HHH10001005: Database info:
	Database JDBC URL [Connecting through datasource 'HikariDataSource (HikariPool-14)']
	Database driver: undefined/unknown
	Database version: 16.14
	Autocommit mode: undefined/unknown
	Isolation level: undefined/unknown
	Minimum pool size: undefined/unknown
	Maximum pool size: undefined/unknown
2026-09-30T13:16:01.670+02:00  INFO 1826200 --- [conference-backend] [           main] o.h.e.t.j.p.i.JtaPlatformInitiator       : HHH000489: No JTA platform available (set 'hibernate.transaction.jta.platform' to enable JTA platform integration)
2026-09-30T13:16:01.727+02:00  INFO 1826200 --- [conference-backend] [           main] j.LocalContainerEntityManagerFactoryBean : Initialized JPA EntityManagerFactory for persistence unit 'default'
2026-09-30T13:16:01.838+02:00  INFO 1826200 --- [conference-backend] [           main] r$InitializeUserDetailsManagerConfigurer : Global AuthenticationManager configured with UserDetailsService bean with name organizer
2026-09-30T13:16:01.927+02:00  INFO 1826200 --- [conference-backend] [           main] o.s.b.a.e.web.EndpointLinksResolver      : Exposing 1 endpoint beneath base path '/actuator'
2026-09-30T13:16:02.038+02:00  INFO 1826200 --- [conference-backend] [           main] o.s.b.w.embedded.tomcat.TomcatWebServer  : Tomcat started on port 41089 (http) with context path '/'
2026-09-30T13:16:02.045+02:00  INFO 1826200 --- [conference-backend] [           main] o.a.maven.surefire.booter.ForkedBooter   : Started ForkedBooter in 1.071 seconds (process running for 260.599)
2026-09-30T13:16:02.061+02:00  INFO 1826200 --- [conference-backend] [-auto-14-exec-1] o.a.c.c.C.[Tomcat].[localhost].[/]       : Initializing Spring DispatcherServlet 'dispatcherServlet'
2026-09-30T13:16:02.061+02:00  INFO 1826200 --- [conference-backend] [-auto-14-exec-1] o.s.web.servlet.DispatcherServlet        : Initializing Servlet 'dispatcherServlet'
2026-09-30T13:16:02.062+02:00  INFO 1826200 --- [conference-backend] [-auto-14-exec-1] o.s.web.servlet.DispatcherServlet        : Completed initialization in 1 ms
2026-09-30T13:16:02.104+02:00  INFO 1826200 --- [conference-backend] [-auto-14-exec-1] l.c.registration.RegistrationService     : Registration d04300ce-d9b6-4e3a-8ef1-8e186a38309b accepted (external)
2026-09-30T13:16:02.163+02:00  INFO 1826200 --- [conference-backend] [-auto-14-exec-2] l.c.registration.RegistrationService     : Registration 681ca8e7-bb06-465f-9636-c4c223c4c4b2 accepted (student)
2026-09-30T13:16:02.364+02:00  INFO 1826200 --- [conference-backend] [-auto-14-exec-3] lab.conference.export.ExportController   : Organizer export generated with 2 registration(s)
2026-09-30T13:16:02.533+02:00  INFO 1826200 --- [conference-backend] [-auto-14-exec-6] lab.conference.export.ExportController   : Organizer export generated with 2 registration(s)
2026-09-30T13:16:02.619+02:00  INFO 1826200 --- [conference-backend] [-auto-14-exec-7] l.c.registration.RegistrationService     : Registration b744427d-7c56-4892-96ac-3bf2b4d3977e accepted (external)
2026-09-30T13:16:02.903+02:00  INFO 1826200 --- [conference-backend] [-auto-14-exec-2] l.c.registration.RegistrationService     : Registration 11cac4c1-293f-4633-bf34-786451a7806b accepted (external)
2026-09-30T13:16:02.958+02:00  INFO 1826200 --- [conference-backend] [-auto-14-exec-3] l.c.registration.RegistrationService     : Registration 70babecd-ad9e-4f80-abd1-e5acfb07829c accepted (student)
2026-09-30T13:16:03.185+02:00  INFO 1826200 --- [conference-backend] [-auto-14-exec-4] lab.conference.export.ExportController   : Organizer export generated with 5 registration(s)
2026-09-30T13:16:03.216+02:00  INFO 1826200 --- [conference-backend] [           main] o.s.b.w.e.tomcat.GracefulShutdown        : Commencing graceful shutdown. Waiting for active requests to complete
2026-09-30T13:16:03.217+02:00  INFO 1826200 --- [conference-backend] [tomcat-shutdown] o.s.b.w.e.tomcat.GracefulShutdown        : Graceful shutdown complete
2026-09-30T13:16:03.264+02:00  INFO 1826200 --- [conference-backend] [           main] j.LocalContainerEntityManagerFactoryBean : Closing JPA EntityManagerFactory for persistence unit 'default'
2026-09-30T13:16:03.264+02:00  INFO 1826200 --- [conference-backend] [           main] com.zaxxer.hikari.HikariDataSource       : HikariPool-14 - Shutdown initiated...
2026-09-30T13:16:03.269+02:00  INFO 1826200 --- [conference-backend] [           main] com.zaxxer.hikari.HikariDataSource       : HikariPool-14 - Shutdown completed.
[INFO] Tests run: 4, Failures: 0, Errors: 0, Skipped: 0, Time elapsed: 2.494 s -- in lab.conference.acceptance.ExportAcceptanceTest
[INFO] Running lab.conference.acceptance.CatalogAcceptanceTest
2026-09-30T13:16:03.468+02:00  INFO 1826200 --- [conference-backend] [           main] o.a.maven.surefire.booter.ForkedBooter   : Starting ForkedBooter v3.5.6 using Java 21.0.12 with PID 1826200 (started by tjan-kazar in /home/tjan-kazar/storage/Work/lab/agentic_lab/02_output/backend)
2026-09-30T13:16:03.468+02:00  INFO 1826200 --- [conference-backend] [           main] o.a.maven.surefire.booter.ForkedBooter   : No active profile set, falling back to 1 default profile: "default"
2026-09-30T13:16:03.605+02:00  INFO 1826200 --- [conference-backend] [           main] .s.d.r.c.RepositoryConfigurationDelegate : Bootstrapping Spring Data JPA repositories in DEFAULT mode.
2026-09-30T13:16:03.613+02:00  INFO 1826200 --- [conference-backend] [           main] .s.d.r.c.RepositoryConfigurationDelegate : Finished Spring Data repository scanning in 6 ms. Found 2 JPA repository interfaces.
2026-09-30T13:16:03.674+02:00  INFO 1826200 --- [conference-backend] [           main] o.s.b.w.embedded.tomcat.TomcatWebServer  : Tomcat initialized with port 0 (http)
2026-09-30T13:16:03.675+02:00  INFO 1826200 --- [conference-backend] [           main] o.apache.catalina.core.StandardService   : Starting service [Tomcat]
2026-09-30T13:16:03.675+02:00  INFO 1826200 --- [conference-backend] [           main] o.apache.catalina.core.StandardEngine    : Starting Servlet engine: [Apache Tomcat/10.1.60]
2026-09-30T13:16:03.686+02:00  INFO 1826200 --- [conference-backend] [           main] o.a.c.c.C.[Tomcat].[localhost].[/]       : Initializing Spring embedded WebApplicationContext
2026-09-30T13:16:03.686+02:00  INFO 1826200 --- [conference-backend] [           main] w.s.c.ServletWebServerApplicationContext : Root WebApplicationContext: initialization completed in 217 ms
2026-09-30T13:16:03.739+02:00  INFO 1826200 --- [conference-backend] [           main] com.zaxxer.hikari.HikariDataSource       : HikariPool-15 - Starting...
2026-09-30T13:16:03.763+02:00  INFO 1826200 --- [conference-backend] [           main] com.zaxxer.hikari.pool.HikariPool        : HikariPool-15 - Added connection org.postgresql.jdbc.PgConnection@1c9cde1f
2026-09-30T13:16:03.763+02:00  INFO 1826200 --- [conference-backend] [           main] com.zaxxer.hikari.HikariDataSource       : HikariPool-15 - Start completed.
2026-09-30T13:16:03.764+02:00  INFO 1826200 --- [conference-backend] [           main] org.flywaydb.core.FlywayExecutor         : Database: jdbc:postgresql://localhost:43417/conf_dbb3090678c2 (PostgreSQL 16.14)
2026-09-30T13:16:03.777+02:00  INFO 1826200 --- [conference-backend] [           main] o.f.c.i.s.JdbcTableSchemaHistory         : Schema history table "public"."flyway_schema_history" does not exist yet
2026-09-30T13:16:03.778+02:00  INFO 1826200 --- [conference-backend] [           main] o.f.core.internal.command.DbValidate     : Successfully validated 1 migration (execution time 00:00.004s)
2026-09-30T13:16:03.790+02:00  INFO 1826200 --- [conference-backend] [           main] o.f.c.i.s.JdbcTableSchemaHistory         : Creating Schema History table "public"."flyway_schema_history" ...
2026-09-30T13:16:03.822+02:00  INFO 1826200 --- [conference-backend] [           main] o.f.core.internal.command.DbMigrate      : Current version of schema "public": << Empty Schema >>
2026-09-30T13:16:03.827+02:00  INFO 1826200 --- [conference-backend] [           main] o.f.core.internal.command.DbMigrate      : Migrating schema "public" to version "1 - registration schema"
2026-09-30T13:16:03.855+02:00  INFO 1826200 --- [conference-backend] [           main] o.f.core.internal.command.DbMigrate      : Successfully applied 1 migration to schema "public", now at version v1 (execution time 00:00.017s)
2026-09-30T13:16:03.875+02:00  INFO 1826200 --- [conference-backend] [           main] o.hibernate.jpa.internal.util.LogHelper  : HHH000204: Processing PersistenceUnitInfo [name: default]
2026-09-30T13:16:03.877+02:00  INFO 1826200 --- [conference-backend] [           main] o.h.c.internal.RegionFactoryInitiator    : HHH000026: Second-level cache disabled
2026-09-30T13:16:03.887+02:00  INFO 1826200 --- [conference-backend] [           main] o.s.o.j.p.SpringPersistenceUnitInfo      : No LoadTimeWeaver setup: ignoring JPA class transformer
2026-09-30T13:16:03.896+02:00  INFO 1826200 --- [conference-backend] [           main] org.hibernate.orm.connections.pooling    : HHH10001005: Database info:
	Database JDBC URL [Connecting through datasource 'HikariDataSource (HikariPool-15)']
	Database driver: undefined/unknown
	Database version: 16.14
	Autocommit mode: undefined/unknown
	Isolation level: undefined/unknown
	Minimum pool size: undefined/unknown
	Maximum pool size: undefined/unknown
2026-09-30T13:16:03.967+02:00  INFO 1826200 --- [conference-backend] [           main] o.h.e.t.j.p.i.JtaPlatformInitiator       : HHH000489: No JTA platform available (set 'hibernate.transaction.jta.platform' to enable JTA platform integration)
2026-09-30T13:16:03.993+02:00  INFO 1826200 --- [conference-backend] [           main] j.LocalContainerEntityManagerFactoryBean : Initialized JPA EntityManagerFactory for persistence unit 'default'
2026-09-30T13:16:04.074+02:00  WARN 1826200 --- [conference-backend] [           main] ConfigServletWebServerApplicationContext : Exception encountered during context initialization - cancelling refresh attempt: org.springframework.beans.factory.UnsatisfiedDependencyException: Error creating bean with name 'catalogController' defined in file [/home/tjan-kazar/storage/Work/lab/agentic_lab/02_output/backend/target/classes/lab/conference/registration/CatalogController.class]: Unsatisfied dependency expressed through constructor parameter 0: Error creating bean with name 'catalog' defined in class path resource [lab/conference/options/OptionsConfig.class]: Failed to instantiate [lab.conference.options.Catalog]: Factory method 'catalog' threw exception with message: catalog file is not valid JSON
2026-09-30T13:16:04.074+02:00  INFO 1826200 --- [conference-backend] [           main] j.LocalContainerEntityManagerFactoryBean : Closing JPA EntityManagerFactory for persistence unit 'default'
2026-09-30T13:16:04.075+02:00  INFO 1826200 --- [conference-backend] [           main] com.zaxxer.hikari.HikariDataSource       : HikariPool-15 - Shutdown initiated...
2026-09-30T13:16:04.087+02:00  INFO 1826200 --- [conference-backend] [           main] com.zaxxer.hikari.HikariDataSource       : HikariPool-15 - Shutdown completed.
2026-09-30T13:16:04.089+02:00  INFO 1826200 --- [conference-backend] [           main] o.apache.catalina.core.StandardService   : Stopping service [Tomcat]
2026-09-30T13:16:04.105+02:00  INFO 1826200 --- [conference-backend] [           main] .s.b.a.l.ConditionEvaluationReportLogger : 

Error starting ApplicationContext. To display the condition evaluation report re-run your application with 'debug' enabled.
2026-09-30T13:16:04.154+02:00 ERROR 1826200 --- [conference-backend] [           main] o.s.boot.SpringApplication               : Application run failed

org.springframework.beans.factory.UnsatisfiedDependencyException: Error creating bean with name 'catalogController' defined in file [/home/tjan-kazar/storage/Work/lab/agentic_lab/02_output/backend/target/classes/lab/conference/registration/CatalogController.class]: Unsatisfied dependency expressed through constructor parameter 0: Error creating bean with name 'catalog' defined in class path resource [lab/conference/options/OptionsConfig.class]: Failed to instantiate [lab.conference.options.Catalog]: Factory method 'catalog' threw exception with message: catalog file is not valid JSON
	at org.springframework.beans.factory.support.ConstructorResolver.createArgumentArray(ConstructorResolver.java:804) ~[spring-beans-6.2.19.jar:6.2.19]
	at org.springframework.beans.factory.support.ConstructorResolver.autowireConstructor(ConstructorResolver.java:240) ~[spring-beans-6.2.19.jar:6.2.19]
	at org.springframework.beans.factory.support.AbstractAutowireCapableBeanFactory.autowireConstructor(AbstractAutowireCapableBeanFactory.java:1393) ~[spring-beans-6.2.19.jar:6.2.19]
	at org.springframework.beans.factory.support.AbstractAutowireCapableBeanFactory.createBeanInstance(AbstractAutowireCapableBeanFactory.java:1230) ~[spring-beans-6.2.19.jar:6.2.19]
	at org.springframework.beans.factory.support.AbstractAutowireCapableBeanFactory.doCreateBean(AbstractAutowireCapableBeanFactory.java:569) ~[spring-beans-6.2.19.jar:6.2.19]
	at org.springframework.beans.factory.support.AbstractAutowireCapableBeanFactory.createBean(AbstractAutowireCapableBeanFactory.java:529) ~[spring-beans-6.2.19.jar:6.2.19]
	at org.springframework.beans.factory.support.AbstractBeanFactory.lambda$doGetBean$0(AbstractBeanFactory.java:339) ~[spring-beans-6.2.19.jar:6.2.19]
	at org.springframework.beans.factory.support.DefaultSingletonBeanRegistry.getSingleton(DefaultSingletonBeanRegistry.java:373) ~[spring-beans-6.2.19.jar:6.2.19]
	at org.springframework.beans.factory.support.AbstractBeanFactory.doGetBean(AbstractBeanFactory.java:337) ~[spring-beans-6.2.19.jar:6.2.19]
	at org.springframework.beans.factory.support.AbstractBeanFactory.getBean(AbstractBeanFactory.java:202) ~[spring-beans-6.2.19.jar:6.2.19]
	at org.springframework.beans.factory.support.DefaultListableBeanFactory.instantiateSingleton(DefaultListableBeanFactory.java:1235) ~[spring-beans-6.2.19.jar:6.2.19]
	at org.springframework.beans.factory.support.DefaultListableBeanFactory.preInstantiateSingleton(DefaultListableBeanFactory.java:1201) ~[spring-beans-6.2.19.jar:6.2.19]
	at org.springframework.beans.factory.support.DefaultListableBeanFactory.preInstantiateSingletons(DefaultListableBeanFactory.java:1130) ~[spring-beans-6.2.19.jar:6.2.19]
	at org.springframework.context.support.AbstractApplicationContext.finishBeanFactoryInitialization(AbstractApplicationContext.java:991) ~[spring-context-6.2.19.jar:6.2.19]
	at org.springframework.context.support.AbstractApplicationContext.refresh(AbstractApplicationContext.java:628) ~[spring-context-6.2.19.jar:6.2.19]
	at org.springframework.boot.web.servlet.context.ServletWebServerApplicationContext.refresh(ServletWebServerApplicationContext.java:146) ~[spring-boot-3.5.16.jar:3.5.16]
	at org.springframework.boot.SpringApplication.refresh(SpringApplication.java:752) ~[spring-boot-3.5.16.jar:3.5.16]
	at org.springframework.boot.SpringApplication.refreshContext(SpringApplication.java:439) ~[spring-boot-3.5.16.jar:3.5.16]
	at org.springframework.boot.SpringApplication.run(SpringApplication.java:318) ~[spring-boot-3.5.16.jar:3.5.16]
	at org.springframework.boot.builder.SpringApplicationBuilder.run(SpringApplicationBuilder.java:149) ~[spring-boot-3.5.16.jar:3.5.16]
	at lab.conference.acceptance.support.AppInstance.start(AppInstance.java:78) ~[test-classes/:na]
	at org.assertj.core.api.ThrowableAssert.catchThrowable(ThrowableAssert.java:66) ~[assertj-core-3.27.7.jar:na]
	at org.assertj.core.api.AssertionsForClassTypes.catchThrowable(AssertionsForClassTypes.java:908) ~[assertj-core-3.27.7.jar:na]
	at org.assertj.core.api.Assertions.catchThrowable(Assertions.java:1476) ~[assertj-core-3.27.7.jar:na]
	at org.assertj.core.api.Assertions.assertThatThrownBy(Assertions.java:1319) ~[assertj-core-3.27.7.jar:na]
	at lab.conference.acceptance.CatalogAcceptanceTest.ac_003_03_invalidCatalogPreventsStartup(CatalogAcceptanceTest.java:108) ~[test-classes/:na]
	at java.base/jdk.internal.reflect.DirectMethodHandleAccessor.invoke(DirectMethodHandleAccessor.java:103) ~[na:na]
	at java.base/java.lang.reflect.Method.invoke(Method.java:580) ~[na:na]
	at org.junit.platform.commons.util.ReflectionUtils.invokeMethod(ReflectionUtils.java:775) ~[junit-platform-commons-1.12.2.jar:1.12.2]
	at org.junit.platform.commons.support.ReflectionSupport.invokeMethod(ReflectionSupport.java:479) ~[junit-platform-commons-1.12.2.jar:1.12.2]
	at org.junit.jupiter.engine.execution.MethodInvocation.proceed(MethodInvocation.java:60) ~[junit-jupiter-engine-5.12.2.jar:5.12.2]
	at org.junit.jupiter.engine.execution.InvocationInterceptorChain$ValidatingInvocation.proceed(InvocationInterceptorChain.java:131) ~[junit-jupiter-engine-5.12.2.jar:5.12.2]
	at org.junit.jupiter.params.ArgumentCountValidator.interceptTestTemplateMethod(ArgumentCountValidator.java:45) ~[junit-jupiter-params-5.12.2.jar:5.12.2]
	at org.junit.jupiter.engine.execution.InterceptingExecutableInvoker$ReflectiveInterceptorCall.lambda$ofVoidMethod$0(InterceptingExecutableInvoker.java:112) ~[junit-jupiter-engine-5.12.2.jar:5.12.2]
	at org.junit.jupiter.engine.execution.InterceptingExecutableInvoker.lambda$invoke$0(InterceptingExecutableInvoker.java:94) ~[junit-jupiter-engine-5.12.2.jar:5.12.2]
	at org.junit.jupiter.engine.execution.InvocationInterceptorChain$InterceptedInvocation.proceed(InvocationInterceptorChain.java:106) ~[junit-jupiter-engine-5.12.2.jar:5.12.2]
	at org.junit.jupiter.engine.extension.TimeoutExtension.intercept(TimeoutExtension.java:161) ~[junit-jupiter-engine-5.12.2.jar:5.12.2]
	at org.junit.jupiter.engine.extension.TimeoutExtension.interceptTestableMethod(TimeoutExtension.java:152) ~[junit-jupiter-engine-5.12.2.jar:5.12.2]
	at org.junit.jupiter.engine.extension.TimeoutExtension.interceptTestTemplateMethod(TimeoutExtension.java:99) ~[junit-jupiter-engine-5.12.2.jar:5.12.2]
	at org.junit.jupiter.engine.execution.InterceptingExecutableInvoker$ReflectiveInterceptorCall.lambda$ofVoidMethod$0(InterceptingExecutableInvoker.java:112) ~[junit-jupiter-engine-5.12.2.jar:5.12.2]
	at org.junit.jupiter.engine.execution.InterceptingExecutableInvoker.lambda$invoke$0(InterceptingExecutableInvoker.java:94) ~[junit-jupiter-engine-5.12.2.jar:5.12.2]
	at org.junit.jupiter.engine.execution.InvocationInterceptorChain$InterceptedInvocation.proceed(InvocationInterceptorChain.java:106) ~[junit-jupiter-engine-5.12.2.jar:5.12.2]
	at org.junit.jupiter.engine.execution.InvocationInterceptorChain.proceed(InvocationInterceptorChain.java:64) ~[junit-jupiter-engine-5.12.2.jar:5.12.2]
	at org.junit.jupiter.engine.execution.InvocationInterceptorChain.chainAndInvoke(InvocationInterceptorChain.java:45) ~[junit-jupiter-engine-5.12.2.jar:5.12.2]
	at org.junit.jupiter.engine.execution.InvocationInterceptorChain.invoke(InvocationInterceptorChain.java:37) ~[junit-jupiter-engine-5.12.2.jar:5.12.2]
	at org.junit.jupiter.engine.execution.InterceptingExecutableInvoker.invoke(InterceptingExecutableInvoker.java:93) ~[junit-jupiter-engine-5.12.2.jar:5.12.2]
	at org.junit.jupiter.engine.execution.InterceptingExecutableInvoker.invoke(InterceptingExecutableInvoker.java:87) ~[junit-jupiter-engine-5.12.2.jar:5.12.2]
	at org.junit.jupiter.engine.descriptor.TestMethodTestDescriptor.lambda$invokeTestMethod$7(TestMethodTestDescriptor.java:216) ~[junit-jupiter-engine-5.12.2.jar:5.12.2]
	at org.junit.platform.engine.support.hierarchical.ThrowableCollector.execute(ThrowableCollector.java:73) ~[junit-platform-engine-1.12.2.jar:1.12.2]
	at org.junit.jupiter.engine.descriptor.TestMethodTestDescriptor.invokeTestMethod(TestMethodTestDescriptor.java:212) ~[junit-jupiter-engine-5.12.2.jar:5.12.2]
	at org.junit.jupiter.engine.descriptor.TestMethodTestDescriptor.execute(TestMethodTestDescriptor.java:137) ~[junit-jupiter-engine-5.12.2.jar:5.12.2]
	at org.junit.jupiter.engine.descriptor.TestMethodTestDescriptor.execute(TestMethodTestDescriptor.java:69) ~[junit-jupiter-engine-5.12.2.jar:5.12.2]
	at org.junit.platform.engine.support.hierarchical.NodeTestTask.lambda$executeRecursively$6(NodeTestTask.java:156) ~[junit-platform-engine-1.12.2.jar:1.12.2]
	at org.junit.platform.engine.support.hierarchical.ThrowableCollector.execute(ThrowableCollector.java:73) ~[junit-platform-engine-1.12.2.jar:1.12.2]
	at org.junit.platform.engine.support.hierarchical.NodeTestTask.lambda$executeRecursively$8(NodeTestTask.java:146) ~[junit-platform-engine-1.12.2.jar:1.12.2]
	at org.junit.platform.engine.support.hierarchical.Node.around(Node.java:137) ~[junit-platform-engine-1.12.2.jar:1.12.2]
	at org.junit.platform.engine.support.hierarchical.NodeTestTask.lambda$executeRecursively$9(NodeTestTask.java:144) ~[junit-platform-engine-1.12.2.jar:1.12.2]
	at org.junit.platform.engine.support.hierarchical.ThrowableCollector.execute(ThrowableCollector.java:73) ~[junit-platform-engine-1.12.2.jar:1.12.2]
	at org.junit.platform.engine.support.hierarchical.NodeTestTask.executeRecursively(NodeTestTask.java:143) ~[junit-platform-engine-1.12.2.jar:1.12.2]
	at org.junit.platform.engine.support.hierarchical.NodeTestTask.execute(NodeTestTask.java:100) ~[junit-platform-engine-1.12.2.jar:1.12.2]
	at org.junit.platform.engine.support.hierarchical.SameThreadHierarchicalTestExecutorService.submit(SameThreadHierarchicalTestExecutorService.java:35) ~[junit-platform-engine-1.12.2.jar:1.12.2]
	at org.junit.platform.engine.support.hierarchical.NodeTestTask$DefaultDynamicTestExecutor.execute(NodeTestTask.java:231) ~[junit-platform-engine-1.12.2.jar:1.12.2]
	at org.junit.platform.engine.support.hierarchical.NodeTestTask$DefaultDynamicTestExecutor.execute(NodeTestTask.java:209) ~[junit-platform-engine-1.12.2.jar:1.12.2]
	at org.junit.jupiter.engine.descriptor.TestTemplateTestDescriptor.execute(TestTemplateTestDescriptor.java:157) ~[junit-jupiter-engine-5.12.2.jar:5.12.2]
	at org.junit.jupiter.engine.descriptor.TestTemplateTestDescriptor.lambda$executeForProvider$0(TestTemplateTestDescriptor.java:115) ~[junit-jupiter-engine-5.12.2.jar:5.12.2]
	at java.base/java.util.Optional.ifPresent(Optional.java:178) ~[na:na]
	at org.junit.jupiter.engine.descriptor.TestTemplateTestDescriptor.lambda$executeForProvider$1(TestTemplateTestDescriptor.java:115) ~[junit-jupiter-engine-5.12.2.jar:5.12.2]
	at java.base/java.util.stream.ForEachOps$ForEachOp$OfRef.accept(ForEachOps.java:184) ~[na:na]
	at java.base/java.util.stream.ReferencePipeline$3$1.accept(ReferencePipeline.java:197) ~[na:na]
	at java.base/java.util.stream.ForEachOps$ForEachOp$OfRef.accept(ForEachOps.java:184) ~[na:na]
	at java.base/java.util.stream.ForEachOps$ForEachOp$OfRef.accept(ForEachOps.java:184) ~[na:na]
	at java.base/java.util.stream.ReferencePipeline$3$1.accept(ReferencePipeline.java:197) ~[na:na]
	at java.base/java.util.Spliterators$ArraySpliterator.forEachRemaining(Spliterators.java:1024) ~[na:na]
	at java.base/java.util.stream.AbstractPipeline.copyInto(AbstractPipeline.java:509) ~[na:na]
	at java.base/java.util.stream.AbstractPipeline.wrapAndCopyInto(AbstractPipeline.java:499) ~[na:na]
	at java.base/java.util.stream.ForEachOps$ForEachOp.evaluateSequential(ForEachOps.java:151) ~[na:na]
	at java.base/java.util.stream.ForEachOps$ForEachOp$OfRef.evaluateSequential(ForEachOps.java:174) ~[na:na]
	at java.base/java.util.stream.AbstractPipeline.evaluate(AbstractPipeline.java:234) ~[na:na]
	at java.base/java.util.stream.ReferencePipeline.forEach(ReferencePipeline.java:596) ~[na:na]
	at java.base/java.util.stream.ReferencePipeline$7$1.accept(ReferencePipeline.java:276) ~[na:na]
	at java.base/java.util.ArrayList$ArrayListSpliterator.forEachRemaining(ArrayList.java:1708) ~[na:na]
	at java.base/java.util.stream.AbstractPipeline.copyInto(AbstractPipeline.java:509) ~[na:na]
	at java.base/java.util.stream.AbstractPipeline.wrapAndCopyInto(AbstractPipeline.java:499) ~[na:na]
	at java.base/java.util.stream.ForEachOps$ForEachOp.evaluateSequential(ForEachOps.java:151) ~[na:na]
	at java.base/java.util.stream.ForEachOps$ForEachOp$OfRef.evaluateSequential(ForEachOps.java:174) ~[na:na]
	at java.base/java.util.stream.AbstractPipeline.evaluate(AbstractPipeline.java:234) ~[na:na]
	at java.base/java.util.stream.ReferencePipeline.forEach(ReferencePipeline.java:596) ~[na:na]
	at java.base/java.util.stream.ReferencePipeline$7$1.accept(ReferencePipeline.java:276) ~[na:na]
	at java.base/java.util.stream.ReferencePipeline$3$1.accept(ReferencePipeline.java:197) ~[na:na]
	at java.base/java.util.stream.ReferencePipeline$3$1.accept(ReferencePipeline.java:197) ~[na:na]
	at java.base/java.util.stream.ReferencePipeline$3$1.accept(ReferencePipeline.java:197) ~[na:na]
	at java.base/java.util.ArrayList$ArrayListSpliterator.forEachRemaining(ArrayList.java:1708) ~[na:na]
	at java.base/java.util.stream.AbstractPipeline.copyInto(AbstractPipeline.java:509) ~[na:na]
	at java.base/java.util.stream.AbstractPipeline.wrapAndCopyInto(AbstractPipeline.java:499) ~[na:na]
	at java.base/java.util.stream.ForEachOps$ForEachOp.evaluateSequential(ForEachOps.java:151) ~[na:na]
	at java.base/java.util.stream.ForEachOps$ForEachOp$OfRef.evaluateSequential(ForEachOps.java:174) ~[na:na]
	at java.base/java.util.stream.AbstractPipeline.evaluate(AbstractPipeline.java:234) ~[na:na]
	at java.base/java.util.stream.ReferencePipeline.forEach(ReferencePipeline.java:596) ~[na:na]
	at org.junit.jupiter.engine.descriptor.TestTemplateTestDescriptor.executeForProvider(TestTemplateTestDescriptor.java:114) ~[junit-jupiter-engine-5.12.2.jar:5.12.2]
	at org.junit.jupiter.engine.descriptor.TestTemplateTestDescriptor.execute(TestTemplateTestDescriptor.java:103) ~[junit-jupiter-engine-5.12.2.jar:5.12.2]
	at org.junit.jupiter.engine.descriptor.TestTemplateTestDescriptor.execute(TestTemplateTestDescriptor.java:43) ~[junit-jupiter-engine-5.12.2.jar:5.12.2]
	at org.junit.platform.engine.support.hierarchical.NodeTestTask.lambda$executeRecursively$6(NodeTestTask.java:156) ~[junit-platform-engine-1.12.2.jar:1.12.2]
	at org.junit.platform.engine.support.hierarchical.ThrowableCollector.execute(ThrowableCollector.java:73) ~[junit-platform-engine-1.12.2.jar:1.12.2]
	at org.junit.platform.engine.support.hierarchical.NodeTestTask.lambda$executeRecursively$8(NodeTestTask.java:146) ~[junit-platform-engine-1.12.2.jar:1.12.2]
	at org.junit.platform.engine.support.hierarchical.Node.around(Node.java:137) ~[junit-platform-engine-1.12.2.jar:1.12.2]
	at org.junit.platform.engine.support.hierarchical.NodeTestTask.lambda$executeRecursively$9(NodeTestTask.java:144) ~[junit-platform-engine-1.12.2.jar:1.12.2]
	at org.junit.platform.engine.support.hierarchical.ThrowableCollector.execute(ThrowableCollector.java:73) ~[junit-platform-engine-1.12.2.jar:1.12.2]
	at org.junit.platform.engine.support.hierarchical.NodeTestTask.executeRecursively(NodeTestTask.java:143) ~[junit-platform-engine-1.12.2.jar:1.12.2]
	at org.junit.platform.engine.support.hierarchical.NodeTestTask.execute(NodeTestTask.java:100) ~[junit-platform-engine-1.12.2.jar:1.12.2]
	at java.base/java.util.ArrayList.forEach(ArrayList.java:1596) ~[na:na]
	at org.junit.platform.engine.support.hierarchical.SameThreadHierarchicalTestExecutorService.invokeAll(SameThreadHierarchicalTestExecutorService.java:41) ~[junit-platform-engine-1.12.2.jar:1.12.2]
	at org.junit.platform.engine.support.hierarchical.NodeTestTask.lambda$executeRecursively$6(NodeTestTask.java:160) ~[junit-platform-engine-1.12.2.jar:1.12.2]
	at org.junit.platform.engine.support.hierarchical.ThrowableCollector.execute(ThrowableCollector.java:73) ~[junit-platform-engine-1.12.2.jar:1.12.2]
	at org.junit.platform.engine.support.hierarchical.NodeTestTask.lambda$executeRecursively$8(NodeTestTask.java:146) ~[junit-platform-engine-1.12.2.jar:1.12.2]
	at org.junit.platform.engine.support.hierarchical.Node.around(Node.java:137) ~[junit-platform-engine-1.12.2.jar:1.12.2]
	at org.junit.platform.engine.support.hierarchical.NodeTestTask.lambda$executeRecursively$9(NodeTestTask.java:144) ~[junit-platform-engine-1.12.2.jar:1.12.2]
	at org.junit.platform.engine.support.hierarchical.ThrowableCollector.execute(ThrowableCollector.java:73) ~[junit-platform-engine-1.12.2.jar:1.12.2]
	at org.junit.platform.engine.support.hierarchical.NodeTestTask.executeRecursively(NodeTestTask.java:143) ~[junit-platform-engine-1.12.2.jar:1.12.2]
	at org.junit.platform.engine.support.hierarchical.NodeTestTask.execute(NodeTestTask.java:100) ~[junit-platform-engine-1.12.2.jar:1.12.2]
	at java.base/java.util.ArrayList.forEach(ArrayList.java:1596) ~[na:na]
	at org.junit.platform.engine.support.hierarchical.SameThreadHierarchicalTestExecutorService.invokeAll(SameThreadHierarchicalTestExecutorService.java:41) ~[junit-platform-engine-1.12.2.jar:1.12.2]
	at org.junit.platform.engine.support.hierarchical.NodeTestTask.lambda$executeRecursively$6(NodeTestTask.java:160) ~[junit-platform-engine-1.12.2.jar:1.12.2]
	at org.junit.platform.engine.support.hierarchical.ThrowableCollector.execute(ThrowableCollector.java:73) ~[junit-platform-engine-1.12.2.jar:1.12.2]
	at org.junit.platform.engine.support.hierarchical.NodeTestTask.lambda$executeRecursively$8(NodeTestTask.java:146) ~[junit-platform-engine-1.12.2.jar:1.12.2]
	at org.junit.platform.engine.support.hierarchical.Node.around(Node.java:137) ~[junit-platform-engine-1.12.2.jar:1.12.2]
	at org.junit.platform.engine.support.hierarchical.NodeTestTask.lambda$executeRecursively$9(NodeTestTask.java:144) ~[junit-platform-engine-1.12.2.jar:1.12.2]
	at org.junit.platform.engine.support.hierarchical.ThrowableCollector.execute(ThrowableCollector.java:73) ~[junit-platform-engine-1.12.2.jar:1.12.2]
	at org.junit.platform.engine.support.hierarchical.NodeTestTask.executeRecursively(NodeTestTask.java:143) ~[junit-platform-engine-1.12.2.jar:1.12.2]
	at org.junit.platform.engine.support.hierarchical.NodeTestTask.execute(NodeTestTask.java:100) ~[junit-platform-engine-1.12.2.jar:1.12.2]
	at org.junit.platform.engine.support.hierarchical.SameThreadHierarchicalTestExecutorService.submit(SameThreadHierarchicalTestExecutorService.java:35) ~[junit-platform-engine-1.12.2.jar:1.12.2]
	at org.junit.platform.engine.support.hierarchical.HierarchicalTestExecutor.execute(HierarchicalTestExecutor.java:57) ~[junit-platform-engine-1.12.2.jar:1.12.2]
	at org.junit.platform.engine.support.hierarchical.HierarchicalTestEngine.execute(HierarchicalTestEngine.java:54) ~[junit-platform-engine-1.12.2.jar:1.12.2]
	at org.junit.platform.launcher.core.EngineExecutionOrchestrator.execute(EngineExecutionOrchestrator.java:201) ~[junit-platform-launcher-1.12.2.jar:1.12.2]
	at org.junit.platform.launcher.core.EngineExecutionOrchestrator.execute(EngineExecutionOrchestrator.java:170) ~[junit-platform-launcher-1.12.2.jar:1.12.2]
	at org.junit.platform.launcher.core.EngineExecutionOrchestrator.execute(EngineExecutionOrchestrator.java:94) ~[junit-platform-launcher-1.12.2.jar:1.12.2]
	at org.junit.platform.launcher.core.EngineExecutionOrchestrator.lambda$execute$0(EngineExecutionOrchestrator.java:59) ~[junit-platform-launcher-1.12.2.jar:1.12.2]
	at org.junit.platform.launcher.core.EngineExecutionOrchestrator.withInterceptedStreams(EngineExecutionOrchestrator.java:142) ~[junit-platform-launcher-1.12.2.jar:1.12.2]
	at org.junit.platform.launcher.core.EngineExecutionOrchestrator.execute(EngineExecutionOrchestrator.java:58) ~[junit-platform-launcher-1.12.2.jar:1.12.2]
	at org.junit.platform.launcher.core.DefaultLauncher.execute(DefaultLauncher.java:103) ~[junit-platform-launcher-1.12.2.jar:1.12.2]
	at org.junit.platform.launcher.core.DefaultLauncher.execute(DefaultLauncher.java:85) ~[junit-platform-launcher-1.12.2.jar:1.12.2]
	at org.junit.platform.launcher.core.DelegatingLauncher.execute(DelegatingLauncher.java:47) ~[junit-platform-launcher-1.12.2.jar:1.12.2]
	at org.junit.platform.launcher.core.InterceptingLauncher.lambda$execute$1(InterceptingLauncher.java:39) ~[junit-platform-launcher-1.12.2.jar:1.12.2]
	at org.junit.platform.launcher.core.ClasspathAlignmentCheckingLauncherInterceptor.intercept(ClasspathAlignmentCheckingLauncherInterceptor.java:25) ~[junit-platform-launcher-1.12.2.jar:1.12.2]
	at org.junit.platform.launcher.core.InterceptingLauncher.execute(InterceptingLauncher.java:38) ~[junit-platform-launcher-1.12.2.jar:1.12.2]
	at org.junit.platform.launcher.core.DelegatingLauncher.execute(DelegatingLauncher.java:47) ~[junit-platform-launcher-1.12.2.jar:1.12.2]
	at org.apache.maven.surefire.junitplatform.LauncherAdapter.executeWithoutCancellationToken(LauncherAdapter.java:60) ~[surefire-junit-platform-3.5.6.jar:3.5.6]
	at org.apache.maven.surefire.junitplatform.LauncherAdapter.execute(LauncherAdapter.java:52) ~[surefire-junit-platform-3.5.6.jar:3.5.6]
	at org.apache.maven.surefire.junitplatform.JUnitPlatformProvider.execute(JUnitPlatformProvider.java:203) ~[surefire-junit-platform-3.5.6.jar:3.5.6]
	at org.apache.maven.surefire.junitplatform.JUnitPlatformProvider.invokeAllTests(JUnitPlatformProvider.java:168) ~[surefire-junit-platform-3.5.6.jar:3.5.6]
	at org.apache.maven.surefire.junitplatform.JUnitPlatformProvider.invoke(JUnitPlatformProvider.java:136) ~[surefire-junit-platform-3.5.6.jar:3.5.6]
	at org.apache.maven.surefire.booter.ForkedBooter.runSuitesInProcess(ForkedBooter.java:385) ~[surefire-booter-3.5.6.jar:3.5.6]
	at org.apache.maven.surefire.booter.ForkedBooter.execute(ForkedBooter.java:162) ~[surefire-booter-3.5.6.jar:3.5.6]
	at org.apache.maven.surefire.booter.ForkedBooter.run(ForkedBooter.java:507) ~[surefire-booter-3.5.6.jar:3.5.6]
	at org.apache.maven.surefire.booter.ForkedBooter.main(ForkedBooter.java:495) ~[surefire-booter-3.5.6.jar:3.5.6]
Caused by: org.springframework.beans.factory.BeanCreationException: Error creating bean with name 'catalog' defined in class path resource [lab/conference/options/OptionsConfig.class]: Failed to instantiate [lab.conference.options.Catalog]: Factory method 'catalog' threw exception with message: catalog file is not valid JSON
	at org.springframework.beans.factory.support.ConstructorResolver.instantiate(ConstructorResolver.java:657) ~[spring-beans-6.2.19.jar:6.2.19]
	at org.springframework.beans.factory.support.ConstructorResolver.instantiateUsingFactoryMethod(ConstructorResolver.java:645) ~[spring-beans-6.2.19.jar:6.2.19]
	at org.springframework.beans.factory.support.AbstractAutowireCapableBeanFactory.instantiateUsingFactoryMethod(AbstractAutowireCapableBeanFactory.java:1373) ~[spring-beans-6.2.19.jar:6.2.19]
	at org.springframework.beans.factory.support.AbstractAutowireCapableBeanFactory.createBeanInstance(AbstractAutowireCapableBeanFactory.java:1203) ~[spring-beans-6.2.19.jar:6.2.19]
	at org.springframework.beans.factory.support.AbstractAutowireCapableBeanFactory.doCreateBean(AbstractAutowireCapableBeanFactory.java:569) ~[spring-beans-6.2.19.jar:6.2.19]
	at org.springframework.beans.factory.support.AbstractAutowireCapableBeanFactory.createBean(AbstractAutowireCapableBeanFactory.java:529) ~[spring-beans-6.2.19.jar:6.2.19]
	at org.springframework.beans.factory.support.AbstractBeanFactory.lambda$doGetBean$0(AbstractBeanFactory.java:339) ~[spring-beans-6.2.19.jar:6.2.19]
	at org.springframework.beans.factory.support.DefaultSingletonBeanRegistry.getSingleton(DefaultSingletonBeanRegistry.java:373) ~[spring-beans-6.2.19.jar:6.2.19]
	at org.springframework.beans.factory.support.AbstractBeanFactory.doGetBean(AbstractBeanFactory.java:337) ~[spring-beans-6.2.19.jar:6.2.19]
	at org.springframework.beans.factory.support.AbstractBeanFactory.getBean(AbstractBeanFactory.java:202) ~[spring-beans-6.2.19.jar:6.2.19]
	at org.springframework.beans.factory.support.DefaultListableBeanFactory.doResolveDependency(DefaultListableBeanFactory.java:1715) ~[spring-beans-6.2.19.jar:6.2.19]
	at org.springframework.beans.factory.support.DefaultListableBeanFactory.resolveDependency(DefaultListableBeanFactory.java:1660) ~[spring-beans-6.2.19.jar:6.2.19]
	at org.springframework.beans.factory.support.ConstructorResolver.resolveAutowiredArgument(ConstructorResolver.java:913) ~[spring-beans-6.2.19.jar:6.2.19]
	at org.springframework.beans.factory.support.ConstructorResolver.createArgumentArray(ConstructorResolver.java:791) ~[spring-beans-6.2.19.jar:6.2.19]
	... 153 common frames omitted
Caused by: org.springframework.beans.BeanInstantiationException: Failed to instantiate [lab.conference.options.Catalog]: Factory method 'catalog' threw exception with message: catalog file is not valid JSON
	at org.springframework.beans.factory.support.SimpleInstantiationStrategy.lambda$instantiate$0(SimpleInstantiationStrategy.java:200) ~[spring-beans-6.2.19.jar:6.2.19]
	at org.springframework.beans.factory.support.SimpleInstantiationStrategy.instantiateWithFactoryMethod(SimpleInstantiationStrategy.java:89) ~[spring-beans-6.2.19.jar:6.2.19]
	at org.springframework.beans.factory.support.SimpleInstantiationStrategy.instantiate(SimpleInstantiationStrategy.java:169) ~[spring-beans-6.2.19.jar:6.2.19]
	at org.springframework.beans.factory.support.ConstructorResolver.instantiate(ConstructorResolver.java:653) ~[spring-beans-6.2.19.jar:6.2.19]
	... 166 common frames omitted
Caused by: lab.conference.options.InvalidCatalogException: catalog file is not valid JSON
	at lab.conference.options.CatalogLoader.load(CatalogLoader.java:38) ~[classes/:na]
	at lab.conference.options.OptionsConfig.catalog(OptionsConfig.java:17) ~[classes/:na]
	at lab.conference.options.OptionsConfig$$SpringCGLIB$$0.CGLIB$catalog$0(<generated>) ~[classes/:na]
	at lab.conference.options.OptionsConfig$$SpringCGLIB$$FastClass$$1.invoke(<generated>) ~[classes/:na]
	at org.springframework.cglib.proxy.MethodProxy.invokeSuper(MethodProxy.java:258) ~[spring-core-6.2.19.jar:6.2.19]
	at org.springframework.context.annotation.ConfigurationClassEnhancer$BeanMethodInterceptor.intercept(ConfigurationClassEnhancer.java:400) ~[spring-context-6.2.19.jar:6.2.19]
	at lab.conference.options.OptionsConfig$$SpringCGLIB$$0.catalog(<generated>) ~[classes/:na]
	at java.base/jdk.internal.reflect.DirectMethodHandleAccessor.invoke(DirectMethodHandleAccessor.java:103) ~[na:na]
	at java.base/java.lang.reflect.Method.invoke(Method.java:580) ~[na:na]
	at org.springframework.beans.factory.support.SimpleInstantiationStrategy.lambda$instantiate$0(SimpleInstantiationStrategy.java:172) ~[spring-beans-6.2.19.jar:6.2.19]
	... 169 common frames omitted
Caused by: com.fasterxml.jackson.core.io.JsonEOFException: Unexpected end-of-input: expected close marker for Array (start marker at [Source: REDACTED (`StreamReadFeature.INCLUDE_SOURCE_IN_LOCATION` disabled); line: 1, column: 65])
 at [Source: REDACTED (`StreamReadFeature.INCLUDE_SOURCE_IN_LOCATION` disabled); line: 2, column: 1]
	at com.fasterxml.jackson.core.base.ParserMinimalBase._reportInvalidEOF(ParserMinimalBase.java:643) ~[jackson-core-2.21.4.jar:2.21.4]
	at com.fasterxml.jackson.core.base.ParserBase._handleEOF(ParserBase.java:534) ~[jackson-core-2.21.4.jar:2.21.4]
	at com.fasterxml.jackson.core.base.ParserBase._eofAsNextChar(ParserBase.java:551) ~[jackson-core-2.21.4.jar:2.21.4]
	at com.fasterxml.jackson.core.json.UTF8StreamJsonParser._skipWSOrEnd2(UTF8StreamJsonParser.java:3232) ~[jackson-core-2.21.4.jar:2.21.4]
	at com.fasterxml.jackson.core.json.UTF8StreamJsonParser._skipWSOrEnd(UTF8StreamJsonParser.java:3202) ~[jackson-core-2.21.4.jar:2.21.4]
	at com.fasterxml.jackson.core.json.UTF8StreamJsonParser.nextToken(UTF8StreamJsonParser.java:716) ~[jackson-core-2.21.4.jar:2.21.4]
	at com.fasterxml.jackson.databind.deser.std.BaseNodeDeserializer._deserializeContainerNoRecursion(JsonNodeDeserializer.java:608) ~[jackson-databind-2.21.4.jar:2.21.4]
	at com.fasterxml.jackson.databind.deser.std.JsonNodeDeserializer.deserialize(JsonNodeDeserializer.java:99) ~[jackson-databind-2.21.4.jar:2.21.4]
	at com.fasterxml.jackson.databind.deser.std.JsonNodeDeserializer.deserialize(JsonNodeDeserializer.java:24) ~[jackson-databind-2.21.4.jar:2.21.4]
	at com.fasterxml.jackson.databind.deser.DefaultDeserializationContext.readRootValue(DefaultDeserializationContext.java:342) ~[jackson-databind-2.21.4.jar:2.21.4]
	at com.fasterxml.jackson.databind.ObjectMapper._readTreeAndClose(ObjectMapper.java:5094) ~[jackson-databind-2.21.4.jar:2.21.4]
	at com.fasterxml.jackson.databind.ObjectMapper.readTree(ObjectMapper.java:3363) ~[jackson-databind-2.21.4.jar:2.21.4]
	at lab.conference.options.CatalogLoader.load(CatalogLoader.java:36) ~[classes/:na]
	... 178 common frames omitted

2026-09-30T13:16:04.500+02:00  INFO 1826200 --- [conference-backend] [           main] o.a.maven.surefire.booter.ForkedBooter   : Starting ForkedBooter v3.5.6 using Java 21.0.12 with PID 1826200 (started by tjan-kazar in /home/tjan-kazar/storage/Work/lab/agentic_lab/02_output/backend)
2026-09-30T13:16:04.501+02:00  INFO 1826200 --- [conference-backend] [           main] o.a.maven.surefire.booter.ForkedBooter   : No active profile set, falling back to 1 default profile: "default"
2026-09-30T13:16:04.637+02:00  INFO 1826200 --- [conference-backend] [           main] .s.d.r.c.RepositoryConfigurationDelegate : Bootstrapping Spring Data JPA repositories in DEFAULT mode.
2026-09-30T13:16:04.645+02:00  INFO 1826200 --- [conference-backend] [           main] .s.d.r.c.RepositoryConfigurationDelegate : Finished Spring Data repository scanning in 7 ms. Found 2 JPA repository interfaces.
2026-09-30T13:16:04.706+02:00  INFO 1826200 --- [conference-backend] [           main] o.s.b.w.embedded.tomcat.TomcatWebServer  : Tomcat initialized with port 0 (http)
2026-09-30T13:16:04.707+02:00  INFO 1826200 --- [conference-backend] [           main] o.apache.catalina.core.StandardService   : Starting service [Tomcat]
2026-09-30T13:16:04.708+02:00  INFO 1826200 --- [conference-backend] [           main] o.apache.catalina.core.StandardEngine    : Starting Servlet engine: [Apache Tomcat/10.1.60]
2026-09-30T13:16:04.717+02:00  INFO 1826200 --- [conference-backend] [           main] o.a.c.c.C.[Tomcat-1].[localhost].[/]     : Initializing Spring embedded WebApplicationContext
2026-09-30T13:16:04.717+02:00  INFO 1826200 --- [conference-backend] [           main] w.s.c.ServletWebServerApplicationContext : Root WebApplicationContext: initialization completed in 215 ms
2026-09-30T13:16:04.771+02:00  INFO 1826200 --- [conference-backend] [           main] com.zaxxer.hikari.HikariDataSource       : HikariPool-16 - Starting...
2026-09-30T13:16:04.792+02:00  INFO 1826200 --- [conference-backend] [           main] com.zaxxer.hikari.pool.HikariPool        : HikariPool-16 - Added connection org.postgresql.jdbc.PgConnection@7c381e2f
2026-09-30T13:16:04.792+02:00  INFO 1826200 --- [conference-backend] [           main] com.zaxxer.hikari.HikariDataSource       : HikariPool-16 - Start completed.
2026-09-30T13:16:04.794+02:00  INFO 1826200 --- [conference-backend] [           main] org.flywaydb.core.FlywayExecutor         : Database: jdbc:postgresql://localhost:43417/conf_109720c2bf20 (PostgreSQL 16.14)
2026-09-30T13:16:04.807+02:00  INFO 1826200 --- [conference-backend] [           main] o.f.c.i.s.JdbcTableSchemaHistory         : Schema history table "public"."flyway_schema_history" does not exist yet
2026-09-30T13:16:04.808+02:00  INFO 1826200 --- [conference-backend] [           main] o.f.core.internal.command.DbValidate     : Successfully validated 1 migration (execution time 00:00.003s)
2026-09-30T13:16:04.819+02:00  INFO 1826200 --- [conference-backend] [           main] o.f.c.i.s.JdbcTableSchemaHistory         : Creating Schema History table "public"."flyway_schema_history" ...
2026-09-30T13:16:04.856+02:00  INFO 1826200 --- [conference-backend] [           main] o.f.core.internal.command.DbMigrate      : Current version of schema "public": << Empty Schema >>
2026-09-30T13:16:04.861+02:00  INFO 1826200 --- [conference-backend] [           main] o.f.core.internal.command.DbMigrate      : Migrating schema "public" to version "1 - registration schema"
2026-09-30T13:16:04.886+02:00  INFO 1826200 --- [conference-backend] [           main] o.f.core.internal.command.DbMigrate      : Successfully applied 1 migration to schema "public", now at version v1 (execution time 00:00.017s)
2026-09-30T13:16:04.906+02:00  INFO 1826200 --- [conference-backend] [           main] o.hibernate.jpa.internal.util.LogHelper  : HHH000204: Processing PersistenceUnitInfo [name: default]
2026-09-30T13:16:04.908+02:00  INFO 1826200 --- [conference-backend] [           main] o.h.c.internal.RegionFactoryInitiator    : HHH000026: Second-level cache disabled
2026-09-30T13:16:04.917+02:00  INFO 1826200 --- [conference-backend] [           main] o.s.o.j.p.SpringPersistenceUnitInfo      : No LoadTimeWeaver setup: ignoring JPA class transformer
2026-09-30T13:16:04.925+02:00  INFO 1826200 --- [conference-backend] [           main] org.hibernate.orm.connections.pooling    : HHH10001005: Database info:
	Database JDBC URL [Connecting through datasource 'HikariDataSource (HikariPool-16)']
	Database driver: undefined/unknown
	Database version: 16.14
	Autocommit mode: undefined/unknown
	Isolation level: undefined/unknown
	Minimum pool size: undefined/unknown
	Maximum pool size: undefined/unknown
2026-09-30T13:16:05.001+02:00  INFO 1826200 --- [conference-backend] [           main] o.h.e.t.j.p.i.JtaPlatformInitiator       : HHH000489: No JTA platform available (set 'hibernate.transaction.jta.platform' to enable JTA platform integration)
2026-09-30T13:16:05.030+02:00  INFO 1826200 --- [conference-backend] [           main] j.LocalContainerEntityManagerFactoryBean : Initialized JPA EntityManagerFactory for persistence unit 'default'
2026-09-30T13:16:05.101+02:00  WARN 1826200 --- [conference-backend] [           main] ConfigServletWebServerApplicationContext : Exception encountered during context initialization - cancelling refresh attempt: org.springframework.beans.factory.UnsatisfiedDependencyException: Error creating bean with name 'catalogController' defined in file [/home/tjan-kazar/storage/Work/lab/agentic_lab/02_output/backend/target/classes/lab/conference/registration/CatalogController.class]: Unsatisfied dependency expressed through constructor parameter 0: Error creating bean with name 'catalog' defined in class path resource [lab/conference/options/OptionsConfig.class]: Failed to instantiate [lab.conference.options.Catalog]: Factory method 'catalog' threw exception with message: duplicate option id: dup-id
2026-09-30T13:16:05.101+02:00  INFO 1826200 --- [conference-backend] [           main] j.LocalContainerEntityManagerFactoryBean : Closing JPA EntityManagerFactory for persistence unit 'default'
2026-09-30T13:16:05.102+02:00  INFO 1826200 --- [conference-backend] [           main] com.zaxxer.hikari.HikariDataSource       : HikariPool-16 - Shutdown initiated...
2026-09-30T13:16:05.132+02:00  INFO 1826200 --- [conference-backend] [           main] com.zaxxer.hikari.HikariDataSource       : HikariPool-16 - Shutdown completed.
2026-09-30T13:16:05.134+02:00  INFO 1826200 --- [conference-backend] [           main] o.apache.catalina.core.StandardService   : Stopping service [Tomcat]
2026-09-30T13:16:05.155+02:00  INFO 1826200 --- [conference-backend] [           main] .s.b.a.l.ConditionEvaluationReportLogger : 

Error starting ApplicationContext. To display the condition evaluation report re-run your application with 'debug' enabled.
2026-09-30T13:16:05.158+02:00 ERROR 1826200 --- [conference-backend] [           main] o.s.boot.SpringApplication               : Application run failed

org.springframework.beans.factory.UnsatisfiedDependencyException: Error creating bean with name 'catalogController' defined in file [/home/tjan-kazar/storage/Work/lab/agentic_lab/02_output/backend/target/classes/lab/conference/registration/CatalogController.class]: Unsatisfied dependency expressed through constructor parameter 0: Error creating bean with name 'catalog' defined in class path resource [lab/conference/options/OptionsConfig.class]: Failed to instantiate [lab.conference.options.Catalog]: Factory method 'catalog' threw exception with message: duplicate option id: dup-id
	at org.springframework.beans.factory.support.ConstructorResolver.createArgumentArray(ConstructorResolver.java:804) ~[spring-beans-6.2.19.jar:6.2.19]
	at org.springframework.beans.factory.support.ConstructorResolver.autowireConstructor(ConstructorResolver.java:240) ~[spring-beans-6.2.19.jar:6.2.19]
	at org.springframework.beans.factory.support.AbstractAutowireCapableBeanFactory.autowireConstructor(AbstractAutowireCapableBeanFactory.java:1393) ~[spring-beans-6.2.19.jar:6.2.19]
	at org.springframework.beans.factory.support.AbstractAutowireCapableBeanFactory.createBeanInstance(AbstractAutowireCapableBeanFactory.java:1230) ~[spring-beans-6.2.19.jar:6.2.19]
	at org.springframework.beans.factory.support.AbstractAutowireCapableBeanFactory.doCreateBean(AbstractAutowireCapableBeanFactory.java:569) ~[spring-beans-6.2.19.jar:6.2.19]
	at org.springframework.beans.factory.support.AbstractAutowireCapableBeanFactory.createBean(AbstractAutowireCapableBeanFactory.java:529) ~[spring-beans-6.2.19.jar:6.2.19]
	at org.springframework.beans.factory.support.AbstractBeanFactory.lambda$doGetBean$0(AbstractBeanFactory.java:339) ~[spring-beans-6.2.19.jar:6.2.19]
	at org.springframework.beans.factory.support.DefaultSingletonBeanRegistry.getSingleton(DefaultSingletonBeanRegistry.java:373) ~[spring-beans-6.2.19.jar:6.2.19]
	at org.springframework.beans.factory.support.AbstractBeanFactory.doGetBean(AbstractBeanFactory.java:337) ~[spring-beans-6.2.19.jar:6.2.19]
	at org.springframework.beans.factory.support.AbstractBeanFactory.getBean(AbstractBeanFactory.java:202) ~[spring-beans-6.2.19.jar:6.2.19]
	at org.springframework.beans.factory.support.DefaultListableBeanFactory.instantiateSingleton(DefaultListableBeanFactory.java:1235) ~[spring-beans-6.2.19.jar:6.2.19]
	at org.springframework.beans.factory.support.DefaultListableBeanFactory.preInstantiateSingleton(DefaultListableBeanFactory.java:1201) ~[spring-beans-6.2.19.jar:6.2.19]
	at org.springframework.beans.factory.support.DefaultListableBeanFactory.preInstantiateSingletons(DefaultListableBeanFactory.java:1130) ~[spring-beans-6.2.19.jar:6.2.19]
	at org.springframework.context.support.AbstractApplicationContext.finishBeanFactoryInitialization(AbstractApplicationContext.java:991) ~[spring-context-6.2.19.jar:6.2.19]
	at org.springframework.context.support.AbstractApplicationContext.refresh(AbstractApplicationContext.java:628) ~[spring-context-6.2.19.jar:6.2.19]
	at org.springframework.boot.web.servlet.context.ServletWebServerApplicationContext.refresh(ServletWebServerApplicationContext.java:146) ~[spring-boot-3.5.16.jar:3.5.16]
	at org.springframework.boot.SpringApplication.refresh(SpringApplication.java:752) ~[spring-boot-3.5.16.jar:3.5.16]
	at org.springframework.boot.SpringApplication.refreshContext(SpringApplication.java:439) ~[spring-boot-3.5.16.jar:3.5.16]
	at org.springframework.boot.SpringApplication.run(SpringApplication.java:318) ~[spring-boot-3.5.16.jar:3.5.16]
	at org.springframework.boot.builder.SpringApplicationBuilder.run(SpringApplicationBuilder.java:149) ~[spring-boot-3.5.16.jar:3.5.16]
	at lab.conference.acceptance.support.AppInstance.start(AppInstance.java:78) ~[test-classes/:na]
	at org.assertj.core.api.ThrowableAssert.catchThrowable(ThrowableAssert.java:66) ~[assertj-core-3.27.7.jar:na]
	at org.assertj.core.api.AssertionsForClassTypes.catchThrowable(AssertionsForClassTypes.java:908) ~[assertj-core-3.27.7.jar:na]
	at org.assertj.core.api.Assertions.catchThrowable(Assertions.java:1476) ~[assertj-core-3.27.7.jar:na]
	at org.assertj.core.api.Assertions.assertThatThrownBy(Assertions.java:1319) ~[assertj-core-3.27.7.jar:na]
	at lab.conference.acceptance.CatalogAcceptanceTest.ac_003_03_invalidCatalogPreventsStartup(CatalogAcceptanceTest.java:108) ~[test-classes/:na]
	at java.base/jdk.internal.reflect.DirectMethodHandleAccessor.invoke(DirectMethodHandleAccessor.java:103) ~[na:na]
	at java.base/java.lang.reflect.Method.invoke(Method.java:580) ~[na:na]
	at org.junit.platform.commons.util.ReflectionUtils.invokeMethod(ReflectionUtils.java:775) ~[junit-platform-commons-1.12.2.jar:1.12.2]
	at org.junit.platform.commons.support.ReflectionSupport.invokeMethod(ReflectionSupport.java:479) ~[junit-platform-commons-1.12.2.jar:1.12.2]
	at org.junit.jupiter.engine.execution.MethodInvocation.proceed(MethodInvocation.java:60) ~[junit-jupiter-engine-5.12.2.jar:5.12.2]
	at org.junit.jupiter.engine.execution.InvocationInterceptorChain$ValidatingInvocation.proceed(InvocationInterceptorChain.java:131) ~[junit-jupiter-engine-5.12.2.jar:5.12.2]
	at org.junit.jupiter.params.ArgumentCountValidator.interceptTestTemplateMethod(ArgumentCountValidator.java:45) ~[junit-jupiter-params-5.12.2.jar:5.12.2]
	at org.junit.jupiter.engine.execution.InterceptingExecutableInvoker$ReflectiveInterceptorCall.lambda$ofVoidMethod$0(InterceptingExecutableInvoker.java:112) ~[junit-jupiter-engine-5.12.2.jar:5.12.2]
	at org.junit.jupiter.engine.execution.InterceptingExecutableInvoker.lambda$invoke$0(InterceptingExecutableInvoker.java:94) ~[junit-jupiter-engine-5.12.2.jar:5.12.2]
	at org.junit.jupiter.engine.execution.InvocationInterceptorChain$InterceptedInvocation.proceed(InvocationInterceptorChain.java:106) ~[junit-jupiter-engine-5.12.2.jar:5.12.2]
	at org.junit.jupiter.engine.extension.TimeoutExtension.intercept(TimeoutExtension.java:161) ~[junit-jupiter-engine-5.12.2.jar:5.12.2]
	at org.junit.jupiter.engine.extension.TimeoutExtension.interceptTestableMethod(TimeoutExtension.java:152) ~[junit-jupiter-engine-5.12.2.jar:5.12.2]
	at org.junit.jupiter.engine.extension.TimeoutExtension.interceptTestTemplateMethod(TimeoutExtension.java:99) ~[junit-jupiter-engine-5.12.2.jar:5.12.2]
	at org.junit.jupiter.engine.execution.InterceptingExecutableInvoker$ReflectiveInterceptorCall.lambda$ofVoidMethod$0(InterceptingExecutableInvoker.java:112) ~[junit-jupiter-engine-5.12.2.jar:5.12.2]
	at org.junit.jupiter.engine.execution.InterceptingExecutableInvoker.lambda$invoke$0(InterceptingExecutableInvoker.java:94) ~[junit-jupiter-engine-5.12.2.jar:5.12.2]
	at org.junit.jupiter.engine.execution.InvocationInterceptorChain$InterceptedInvocation.proceed(InvocationInterceptorChain.java:106) ~[junit-jupiter-engine-5.12.2.jar:5.12.2]
	at org.junit.jupiter.engine.execution.InvocationInterceptorChain.proceed(InvocationInterceptorChain.java:64) ~[junit-jupiter-engine-5.12.2.jar:5.12.2]
	at org.junit.jupiter.engine.execution.InvocationInterceptorChain.chainAndInvoke(InvocationInterceptorChain.java:45) ~[junit-jupiter-engine-5.12.2.jar:5.12.2]
	at org.junit.jupiter.engine.execution.InvocationInterceptorChain.invoke(InvocationInterceptorChain.java:37) ~[junit-jupiter-engine-5.12.2.jar:5.12.2]
	at org.junit.jupiter.engine.execution.InterceptingExecutableInvoker.invoke(InterceptingExecutableInvoker.java:93) ~[junit-jupiter-engine-5.12.2.jar:5.12.2]
	at org.junit.jupiter.engine.execution.InterceptingExecutableInvoker.invoke(InterceptingExecutableInvoker.java:87) ~[junit-jupiter-engine-5.12.2.jar:5.12.2]
	at org.junit.jupiter.engine.descriptor.TestMethodTestDescriptor.lambda$invokeTestMethod$7(TestMethodTestDescriptor.java:216) ~[junit-jupiter-engine-5.12.2.jar:5.12.2]
	at org.junit.platform.engine.support.hierarchical.ThrowableCollector.execute(ThrowableCollector.java:73) ~[junit-platform-engine-1.12.2.jar:1.12.2]
	at org.junit.jupiter.engine.descriptor.TestMethodTestDescriptor.invokeTestMethod(TestMethodTestDescriptor.java:212) ~[junit-jupiter-engine-5.12.2.jar:5.12.2]
	at org.junit.jupiter.engine.descriptor.TestMethodTestDescriptor.execute(TestMethodTestDescriptor.java:137) ~[junit-jupiter-engine-5.12.2.jar:5.12.2]
	at org.junit.jupiter.engine.descriptor.TestMethodTestDescriptor.execute(TestMethodTestDescriptor.java:69) ~[junit-jupiter-engine-5.12.2.jar:5.12.2]
	at org.junit.platform.engine.support.hierarchical.NodeTestTask.lambda$executeRecursively$6(NodeTestTask.java:156) ~[junit-platform-engine-1.12.2.jar:1.12.2]
	at org.junit.platform.engine.support.hierarchical.ThrowableCollector.execute(ThrowableCollector.java:73) ~[junit-platform-engine-1.12.2.jar:1.12.2]
	at org.junit.platform.engine.support.hierarchical.NodeTestTask.lambda$executeRecursively$8(NodeTestTask.java:146) ~[junit-platform-engine-1.12.2.jar:1.12.2]
	at org.junit.platform.engine.support.hierarchical.Node.around(Node.java:137) ~[junit-platform-engine-1.12.2.jar:1.12.2]
	at org.junit.platform.engine.support.hierarchical.NodeTestTask.lambda$executeRecursively$9(NodeTestTask.java:144) ~[junit-platform-engine-1.12.2.jar:1.12.2]
	at org.junit.platform.engine.support.hierarchical.ThrowableCollector.execute(ThrowableCollector.java:73) ~[junit-platform-engine-1.12.2.jar:1.12.2]
	at org.junit.platform.engine.support.hierarchical.NodeTestTask.executeRecursively(NodeTestTask.java:143) ~[junit-platform-engine-1.12.2.jar:1.12.2]
	at org.junit.platform.engine.support.hierarchical.NodeTestTask.execute(NodeTestTask.java:100) ~[junit-platform-engine-1.12.2.jar:1.12.2]
	at org.junit.platform.engine.support.hierarchical.SameThreadHierarchicalTestExecutorService.submit(SameThreadHierarchicalTestExecutorService.java:35) ~[junit-platform-engine-1.12.2.jar:1.12.2]
	at org.junit.platform.engine.support.hierarchical.NodeTestTask$DefaultDynamicTestExecutor.execute(NodeTestTask.java:231) ~[junit-platform-engine-1.12.2.jar:1.12.2]
	at org.junit.platform.engine.support.hierarchical.NodeTestTask$DefaultDynamicTestExecutor.execute(NodeTestTask.java:209) ~[junit-platform-engine-1.12.2.jar:1.12.2]
	at org.junit.jupiter.engine.descriptor.TestTemplateTestDescriptor.execute(TestTemplateTestDescriptor.java:157) ~[junit-jupiter-engine-5.12.2.jar:5.12.2]
	at org.junit.jupiter.engine.descriptor.TestTemplateTestDescriptor.lambda$executeForProvider$0(TestTemplateTestDescriptor.java:115) ~[junit-jupiter-engine-5.12.2.jar:5.12.2]
	at java.base/java.util.Optional.ifPresent(Optional.java:178) ~[na:na]
	at org.junit.jupiter.engine.descriptor.TestTemplateTestDescriptor.lambda$executeForProvider$1(TestTemplateTestDescriptor.java:115) ~[junit-jupiter-engine-5.12.2.jar:5.12.2]
	at java.base/java.util.stream.ForEachOps$ForEachOp$OfRef.accept(ForEachOps.java:184) ~[na:na]
	at java.base/java.util.stream.ReferencePipeline$3$1.accept(ReferencePipeline.java:197) ~[na:na]
	at java.base/java.util.stream.ForEachOps$ForEachOp$OfRef.accept(ForEachOps.java:184) ~[na:na]
	at java.base/java.util.stream.ForEachOps$ForEachOp$OfRef.accept(ForEachOps.java:184) ~[na:na]
	at java.base/java.util.stream.ReferencePipeline$3$1.accept(ReferencePipeline.java:197) ~[na:na]
	at java.base/java.util.Spliterators$ArraySpliterator.forEachRemaining(Spliterators.java:1024) ~[na:na]
	at java.base/java.util.stream.AbstractPipeline.copyInto(AbstractPipeline.java:509) ~[na:na]
	at java.base/java.util.stream.AbstractPipeline.wrapAndCopyInto(AbstractPipeline.java:499) ~[na:na]
	at java.base/java.util.stream.ForEachOps$ForEachOp.evaluateSequential(ForEachOps.java:151) ~[na:na]
	at java.base/java.util.stream.ForEachOps$ForEachOp$OfRef.evaluateSequential(ForEachOps.java:174) ~[na:na]
	at java.base/java.util.stream.AbstractPipeline.evaluate(AbstractPipeline.java:234) ~[na:na]
	at java.base/java.util.stream.ReferencePipeline.forEach(ReferencePipeline.java:596) ~[na:na]
	at java.base/java.util.stream.ReferencePipeline$7$1.accept(ReferencePipeline.java:276) ~[na:na]
	at java.base/java.util.ArrayList$ArrayListSpliterator.forEachRemaining(ArrayList.java:1708) ~[na:na]
	at java.base/java.util.stream.AbstractPipeline.copyInto(AbstractPipeline.java:509) ~[na:na]
	at java.base/java.util.stream.AbstractPipeline.wrapAndCopyInto(AbstractPipeline.java:499) ~[na:na]
	at java.base/java.util.stream.ForEachOps$ForEachOp.evaluateSequential(ForEachOps.java:151) ~[na:na]
	at java.base/java.util.stream.ForEachOps$ForEachOp$OfRef.evaluateSequential(ForEachOps.java:174) ~[na:na]
	at java.base/java.util.stream.AbstractPipeline.evaluate(AbstractPipeline.java:234) ~[na:na]
	at java.base/java.util.stream.ReferencePipeline.forEach(ReferencePipeline.java:596) ~[na:na]
	at java.base/java.util.stream.ReferencePipeline$7$1.accept(ReferencePipeline.java:276) ~[na:na]
	at java.base/java.util.stream.ReferencePipeline$3$1.accept(ReferencePipeline.java:197) ~[na:na]
	at java.base/java.util.stream.ReferencePipeline$3$1.accept(ReferencePipeline.java:197) ~[na:na]
	at java.base/java.util.stream.ReferencePipeline$3$1.accept(ReferencePipeline.java:197) ~[na:na]
	at java.base/java.util.ArrayList$ArrayListSpliterator.forEachRemaining(ArrayList.java:1708) ~[na:na]
	at java.base/java.util.stream.AbstractPipeline.copyInto(AbstractPipeline.java:509) ~[na:na]
	at java.base/java.util.stream.AbstractPipeline.wrapAndCopyInto(AbstractPipeline.java:499) ~[na:na]
	at java.base/java.util.stream.ForEachOps$ForEachOp.evaluateSequential(ForEachOps.java:151) ~[na:na]
	at java.base/java.util.stream.ForEachOps$ForEachOp$OfRef.evaluateSequential(ForEachOps.java:174) ~[na:na]
	at java.base/java.util.stream.AbstractPipeline.evaluate(AbstractPipeline.java:234) ~[na:na]
	at java.base/java.util.stream.ReferencePipeline.forEach(ReferencePipeline.java:596) ~[na:na]
	at org.junit.jupiter.engine.descriptor.TestTemplateTestDescriptor.executeForProvider(TestTemplateTestDescriptor.java:114) ~[junit-jupiter-engine-5.12.2.jar:5.12.2]
	at org.junit.jupiter.engine.descriptor.TestTemplateTestDescriptor.execute(TestTemplateTestDescriptor.java:103) ~[junit-jupiter-engine-5.12.2.jar:5.12.2]
	at org.junit.jupiter.engine.descriptor.TestTemplateTestDescriptor.execute(TestTemplateTestDescriptor.java:43) ~[junit-jupiter-engine-5.12.2.jar:5.12.2]
	at org.junit.platform.engine.support.hierarchical.NodeTestTask.lambda$executeRecursively$6(NodeTestTask.java:156) ~[junit-platform-engine-1.12.2.jar:1.12.2]
	at org.junit.platform.engine.support.hierarchical.ThrowableCollector.execute(ThrowableCollector.java:73) ~[junit-platform-engine-1.12.2.jar:1.12.2]
	at org.junit.platform.engine.support.hierarchical.NodeTestTask.lambda$executeRecursively$8(NodeTestTask.java:146) ~[junit-platform-engine-1.12.2.jar:1.12.2]
	at org.junit.platform.engine.support.hierarchical.Node.around(Node.java:137) ~[junit-platform-engine-1.12.2.jar:1.12.2]
	at org.junit.platform.engine.support.hierarchical.NodeTestTask.lambda$executeRecursively$9(NodeTestTask.java:144) ~[junit-platform-engine-1.12.2.jar:1.12.2]
	at org.junit.platform.engine.support.hierarchical.ThrowableCollector.execute(ThrowableCollector.java:73) ~[junit-platform-engine-1.12.2.jar:1.12.2]
	at org.junit.platform.engine.support.hierarchical.NodeTestTask.executeRecursively(NodeTestTask.java:143) ~[junit-platform-engine-1.12.2.jar:1.12.2]
	at org.junit.platform.engine.support.hierarchical.NodeTestTask.execute(NodeTestTask.java:100) ~[junit-platform-engine-1.12.2.jar:1.12.2]
	at java.base/java.util.ArrayList.forEach(ArrayList.java:1596) ~[na:na]
	at org.junit.platform.engine.support.hierarchical.SameThreadHierarchicalTestExecutorService.invokeAll(SameThreadHierarchicalTestExecutorService.java:41) ~[junit-platform-engine-1.12.2.jar:1.12.2]
	at org.junit.platform.engine.support.hierarchical.NodeTestTask.lambda$executeRecursively$6(NodeTestTask.java:160) ~[junit-platform-engine-1.12.2.jar:1.12.2]
	at org.junit.platform.engine.support.hierarchical.ThrowableCollector.execute(ThrowableCollector.java:73) ~[junit-platform-engine-1.12.2.jar:1.12.2]
	at org.junit.platform.engine.support.hierarchical.NodeTestTask.lambda$executeRecursively$8(NodeTestTask.java:146) ~[junit-platform-engine-1.12.2.jar:1.12.2]
	at org.junit.platform.engine.support.hierarchical.Node.around(Node.java:137) ~[junit-platform-engine-1.12.2.jar:1.12.2]
	at org.junit.platform.engine.support.hierarchical.NodeTestTask.lambda$executeRecursively$9(NodeTestTask.java:144) ~[junit-platform-engine-1.12.2.jar:1.12.2]
	at org.junit.platform.engine.support.hierarchical.ThrowableCollector.execute(ThrowableCollector.java:73) ~[junit-platform-engine-1.12.2.jar:1.12.2]
	at org.junit.platform.engine.support.hierarchical.NodeTestTask.executeRecursively(NodeTestTask.java:143) ~[junit-platform-engine-1.12.2.jar:1.12.2]
	at org.junit.platform.engine.support.hierarchical.NodeTestTask.execute(NodeTestTask.java:100) ~[junit-platform-engine-1.12.2.jar:1.12.2]
	at java.base/java.util.ArrayList.forEach(ArrayList.java:1596) ~[na:na]
	at org.junit.platform.engine.support.hierarchical.SameThreadHierarchicalTestExecutorService.invokeAll(SameThreadHierarchicalTestExecutorService.java:41) ~[junit-platform-engine-1.12.2.jar:1.12.2]
	at org.junit.platform.engine.support.hierarchical.NodeTestTask.lambda$executeRecursively$6(NodeTestTask.java:160) ~[junit-platform-engine-1.12.2.jar:1.12.2]
	at org.junit.platform.engine.support.hierarchical.ThrowableCollector.execute(ThrowableCollector.java:73) ~[junit-platform-engine-1.12.2.jar:1.12.2]
	at org.junit.platform.engine.support.hierarchical.NodeTestTask.lambda$executeRecursively$8(NodeTestTask.java:146) ~[junit-platform-engine-1.12.2.jar:1.12.2]
	at org.junit.platform.engine.support.hierarchical.Node.around(Node.java:137) ~[junit-platform-engine-1.12.2.jar:1.12.2]
	at org.junit.platform.engine.support.hierarchical.NodeTestTask.lambda$executeRecursively$9(NodeTestTask.java:144) ~[junit-platform-engine-1.12.2.jar:1.12.2]
	at org.junit.platform.engine.support.hierarchical.ThrowableCollector.execute(ThrowableCollector.java:73) ~[junit-platform-engine-1.12.2.jar:1.12.2]
	at org.junit.platform.engine.support.hierarchical.NodeTestTask.executeRecursively(NodeTestTask.java:143) ~[junit-platform-engine-1.12.2.jar:1.12.2]
	at org.junit.platform.engine.support.hierarchical.NodeTestTask.execute(NodeTestTask.java:100) ~[junit-platform-engine-1.12.2.jar:1.12.2]
	at org.junit.platform.engine.support.hierarchical.SameThreadHierarchicalTestExecutorService.submit(SameThreadHierarchicalTestExecutorService.java:35) ~[junit-platform-engine-1.12.2.jar:1.12.2]
	at org.junit.platform.engine.support.hierarchical.HierarchicalTestExecutor.execute(HierarchicalTestExecutor.java:57) ~[junit-platform-engine-1.12.2.jar:1.12.2]
	at org.junit.platform.engine.support.hierarchical.HierarchicalTestEngine.execute(HierarchicalTestEngine.java:54) ~[junit-platform-engine-1.12.2.jar:1.12.2]
	at org.junit.platform.launcher.core.EngineExecutionOrchestrator.execute(EngineExecutionOrchestrator.java:201) ~[junit-platform-launcher-1.12.2.jar:1.12.2]
	at org.junit.platform.launcher.core.EngineExecutionOrchestrator.execute(EngineExecutionOrchestrator.java:170) ~[junit-platform-launcher-1.12.2.jar:1.12.2]
	at org.junit.platform.launcher.core.EngineExecutionOrchestrator.execute(EngineExecutionOrchestrator.java:94) ~[junit-platform-launcher-1.12.2.jar:1.12.2]
	at org.junit.platform.launcher.core.EngineExecutionOrchestrator.lambda$execute$0(EngineExecutionOrchestrator.java:59) ~[junit-platform-launcher-1.12.2.jar:1.12.2]
	at org.junit.platform.launcher.core.EngineExecutionOrchestrator.withInterceptedStreams(EngineExecutionOrchestrator.java:142) ~[junit-platform-launcher-1.12.2.jar:1.12.2]
	at org.junit.platform.launcher.core.EngineExecutionOrchestrator.execute(EngineExecutionOrchestrator.java:58) ~[junit-platform-launcher-1.12.2.jar:1.12.2]
	at org.junit.platform.launcher.core.DefaultLauncher.execute(DefaultLauncher.java:103) ~[junit-platform-launcher-1.12.2.jar:1.12.2]
	at org.junit.platform.launcher.core.DefaultLauncher.execute(DefaultLauncher.java:85) ~[junit-platform-launcher-1.12.2.jar:1.12.2]
	at org.junit.platform.launcher.core.DelegatingLauncher.execute(DelegatingLauncher.java:47) ~[junit-platform-launcher-1.12.2.jar:1.12.2]
	at org.junit.platform.launcher.core.InterceptingLauncher.lambda$execute$1(InterceptingLauncher.java:39) ~[junit-platform-launcher-1.12.2.jar:1.12.2]
	at org.junit.platform.launcher.core.ClasspathAlignmentCheckingLauncherInterceptor.intercept(ClasspathAlignmentCheckingLauncherInterceptor.java:25) ~[junit-platform-launcher-1.12.2.jar:1.12.2]
	at org.junit.platform.launcher.core.InterceptingLauncher.execute(InterceptingLauncher.java:38) ~[junit-platform-launcher-1.12.2.jar:1.12.2]
	at org.junit.platform.launcher.core.DelegatingLauncher.execute(DelegatingLauncher.java:47) ~[junit-platform-launcher-1.12.2.jar:1.12.2]
	at org.apache.maven.surefire.junitplatform.LauncherAdapter.executeWithoutCancellationToken(LauncherAdapter.java:60) ~[surefire-junit-platform-3.5.6.jar:3.5.6]
	at org.apache.maven.surefire.junitplatform.LauncherAdapter.execute(LauncherAdapter.java:52) ~[surefire-junit-platform-3.5.6.jar:3.5.6]
	at org.apache.maven.surefire.junitplatform.JUnitPlatformProvider.execute(JUnitPlatformProvider.java:203) ~[surefire-junit-platform-3.5.6.jar:3.5.6]
	at org.apache.maven.surefire.junitplatform.JUnitPlatformProvider.invokeAllTests(JUnitPlatformProvider.java:168) ~[surefire-junit-platform-3.5.6.jar:3.5.6]
	at org.apache.maven.surefire.junitplatform.JUnitPlatformProvider.invoke(JUnitPlatformProvider.java:136) ~[surefire-junit-platform-3.5.6.jar:3.5.6]
	at org.apache.maven.surefire.booter.ForkedBooter.runSuitesInProcess(ForkedBooter.java:385) ~[surefire-booter-3.5.6.jar:3.5.6]
	at org.apache.maven.surefire.booter.ForkedBooter.execute(ForkedBooter.java:162) ~[surefire-booter-3.5.6.jar:3.5.6]
	at org.apache.maven.surefire.booter.ForkedBooter.run(ForkedBooter.java:507) ~[surefire-booter-3.5.6.jar:3.5.6]
	at org.apache.maven.surefire.booter.ForkedBooter.main(ForkedBooter.java:495) ~[surefire-booter-3.5.6.jar:3.5.6]
Caused by: org.springframework.beans.factory.BeanCreationException: Error creating bean with name 'catalog' defined in class path resource [lab/conference/options/OptionsConfig.class]: Failed to instantiate [lab.conference.options.Catalog]: Factory method 'catalog' threw exception with message: duplicate option id: dup-id
	at org.springframework.beans.factory.support.ConstructorResolver.instantiate(ConstructorResolver.java:657) ~[spring-beans-6.2.19.jar:6.2.19]
	at org.springframework.beans.factory.support.ConstructorResolver.instantiateUsingFactoryMethod(ConstructorResolver.java:645) ~[spring-beans-6.2.19.jar:6.2.19]
	at org.springframework.beans.factory.support.AbstractAutowireCapableBeanFactory.instantiateUsingFactoryMethod(AbstractAutowireCapableBeanFactory.java:1373) ~[spring-beans-6.2.19.jar:6.2.19]
	at org.springframework.beans.factory.support.AbstractAutowireCapableBeanFactory.createBeanInstance(AbstractAutowireCapableBeanFactory.java:1203) ~[spring-beans-6.2.19.jar:6.2.19]
	at org.springframework.beans.factory.support.AbstractAutowireCapableBeanFactory.doCreateBean(AbstractAutowireCapableBeanFactory.java:569) ~[spring-beans-6.2.19.jar:6.2.19]
	at org.springframework.beans.factory.support.AbstractAutowireCapableBeanFactory.createBean(AbstractAutowireCapableBeanFactory.java:529) ~[spring-beans-6.2.19.jar:6.2.19]
	at org.springframework.beans.factory.support.AbstractBeanFactory.lambda$doGetBean$0(AbstractBeanFactory.java:339) ~[spring-beans-6.2.19.jar:6.2.19]
	at org.springframework.beans.factory.support.DefaultSingletonBeanRegistry.getSingleton(DefaultSingletonBeanRegistry.java:373) ~[spring-beans-6.2.19.jar:6.2.19]
	at org.springframework.beans.factory.support.AbstractBeanFactory.doGetBean(AbstractBeanFactory.java:337) ~[spring-beans-6.2.19.jar:6.2.19]
	at org.springframework.beans.factory.support.AbstractBeanFactory.getBean(AbstractBeanFactory.java:202) ~[spring-beans-6.2.19.jar:6.2.19]
	at org.springframework.beans.factory.support.DefaultListableBeanFactory.doResolveDependency(DefaultListableBeanFactory.java:1715) ~[spring-beans-6.2.19.jar:6.2.19]
	at org.springframework.beans.factory.support.DefaultListableBeanFactory.resolveDependency(DefaultListableBeanFactory.java:1660) ~[spring-beans-6.2.19.jar:6.2.19]
	at org.springframework.beans.factory.support.ConstructorResolver.resolveAutowiredArgument(ConstructorResolver.java:913) ~[spring-beans-6.2.19.jar:6.2.19]
	at org.springframework.beans.factory.support.ConstructorResolver.createArgumentArray(ConstructorResolver.java:791) ~[spring-beans-6.2.19.jar:6.2.19]
	... 153 common frames omitted
Caused by: org.springframework.beans.BeanInstantiationException: Failed to instantiate [lab.conference.options.Catalog]: Factory method 'catalog' threw exception with message: duplicate option id: dup-id
	at org.springframework.beans.factory.support.SimpleInstantiationStrategy.lambda$instantiate$0(SimpleInstantiationStrategy.java:200) ~[spring-beans-6.2.19.jar:6.2.19]
	at org.springframework.beans.factory.support.SimpleInstantiationStrategy.instantiateWithFactoryMethod(SimpleInstantiationStrategy.java:89) ~[spring-beans-6.2.19.jar:6.2.19]
	at org.springframework.beans.factory.support.SimpleInstantiationStrategy.instantiate(SimpleInstantiationStrategy.java:169) ~[spring-beans-6.2.19.jar:6.2.19]
	at org.springframework.beans.factory.support.ConstructorResolver.instantiate(ConstructorResolver.java:653) ~[spring-beans-6.2.19.jar:6.2.19]
	... 166 common frames omitted
Caused by: lab.conference.options.InvalidCatalogException: duplicate option id: dup-id
	at lab.conference.options.CatalogLoader.options(CatalogLoader.java:82) ~[classes/:na]
	at lab.conference.options.CatalogLoader.parse(CatalogLoader.java:59) ~[classes/:na]
	at lab.conference.options.CatalogLoader.load(CatalogLoader.java:42) ~[classes/:na]
	at lab.conference.options.OptionsConfig.catalog(OptionsConfig.java:17) ~[classes/:na]
	at lab.conference.options.OptionsConfig$$SpringCGLIB$$0.CGLIB$catalog$0(<generated>) ~[classes/:na]
	at lab.conference.options.OptionsConfig$$SpringCGLIB$$FastClass$$1.invoke(<generated>) ~[classes/:na]
	at org.springframework.cglib.proxy.MethodProxy.invokeSuper(MethodProxy.java:258) ~[spring-core-6.2.19.jar:6.2.19]
	at org.springframework.context.annotation.ConfigurationClassEnhancer$BeanMethodInterceptor.intercept(ConfigurationClassEnhancer.java:400) ~[spring-context-6.2.19.jar:6.2.19]
	at lab.conference.options.OptionsConfig$$SpringCGLIB$$0.catalog(<generated>) ~[classes/:na]
	at java.base/jdk.internal.reflect.DirectMethodHandleAccessor.invoke(DirectMethodHandleAccessor.java:103) ~[na:na]
	at java.base/java.lang.reflect.Method.invoke(Method.java:580) ~[na:na]
	at org.springframework.beans.factory.support.SimpleInstantiationStrategy.lambda$instantiate$0(SimpleInstantiationStrategy.java:172) ~[spring-beans-6.2.19.jar:6.2.19]
	... 169 common frames omitted

2026-09-30T13:16:05.464+02:00  INFO 1826200 --- [conference-backend] [           main] o.a.maven.surefire.booter.ForkedBooter   : Starting ForkedBooter v3.5.6 using Java 21.0.12 with PID 1826200 (started by tjan-kazar in /home/tjan-kazar/storage/Work/lab/agentic_lab/02_output/backend)
2026-09-30T13:16:05.464+02:00  INFO 1826200 --- [conference-backend] [           main] o.a.maven.surefire.booter.ForkedBooter   : No active profile set, falling back to 1 default profile: "default"
2026-09-30T13:16:05.598+02:00  INFO 1826200 --- [conference-backend] [           main] .s.d.r.c.RepositoryConfigurationDelegate : Bootstrapping Spring Data JPA repositories in DEFAULT mode.
2026-09-30T13:16:05.606+02:00  INFO 1826200 --- [conference-backend] [           main] .s.d.r.c.RepositoryConfigurationDelegate : Finished Spring Data repository scanning in 6 ms. Found 2 JPA repository interfaces.
2026-09-30T13:16:05.674+02:00  INFO 1826200 --- [conference-backend] [           main] o.s.b.w.embedded.tomcat.TomcatWebServer  : Tomcat initialized with port 0 (http)
2026-09-30T13:16:05.675+02:00  INFO 1826200 --- [conference-backend] [           main] o.apache.catalina.core.StandardService   : Starting service [Tomcat]
2026-09-30T13:16:05.676+02:00  INFO 1826200 --- [conference-backend] [           main] o.apache.catalina.core.StandardEngine    : Starting Servlet engine: [Apache Tomcat/10.1.60]
2026-09-30T13:16:05.686+02:00  INFO 1826200 --- [conference-backend] [           main] o.a.c.c.C.[Tomcat-2].[localhost].[/]     : Initializing Spring embedded WebApplicationContext
2026-09-30T13:16:05.687+02:00  INFO 1826200 --- [conference-backend] [           main] w.s.c.ServletWebServerApplicationContext : Root WebApplicationContext: initialization completed in 222 ms
2026-09-30T13:16:05.740+02:00  INFO 1826200 --- [conference-backend] [           main] com.zaxxer.hikari.HikariDataSource       : HikariPool-17 - Starting...
2026-09-30T13:16:05.781+02:00  INFO 1826200 --- [conference-backend] [           main] com.zaxxer.hikari.pool.HikariPool        : HikariPool-17 - Added connection org.postgresql.jdbc.PgConnection@628c9281
2026-09-30T13:16:05.781+02:00  INFO 1826200 --- [conference-backend] [           main] com.zaxxer.hikari.HikariDataSource       : HikariPool-17 - Start completed.
2026-09-30T13:16:05.784+02:00  INFO 1826200 --- [conference-backend] [           main] org.flywaydb.core.FlywayExecutor         : Database: jdbc:postgresql://localhost:43417/conf_5191bb8db005 (PostgreSQL 16.14)
2026-09-30T13:16:05.798+02:00  INFO 1826200 --- [conference-backend] [           main] o.f.c.i.s.JdbcTableSchemaHistory         : Schema history table "public"."flyway_schema_history" does not exist yet
2026-09-30T13:16:05.799+02:00  INFO 1826200 --- [conference-backend] [           main] o.f.core.internal.command.DbValidate     : Successfully validated 1 migration (execution time 00:00.004s)
2026-09-30T13:16:05.810+02:00  INFO 1826200 --- [conference-backend] [           main] o.f.c.i.s.JdbcTableSchemaHistory         : Creating Schema History table "public"."flyway_schema_history" ...
2026-09-30T13:16:05.845+02:00  INFO 1826200 --- [conference-backend] [           main] o.f.core.internal.command.DbMigrate      : Current version of schema "public": << Empty Schema >>
2026-09-30T13:16:05.850+02:00  INFO 1826200 --- [conference-backend] [           main] o.f.core.internal.command.DbMigrate      : Migrating schema "public" to version "1 - registration schema"
2026-09-30T13:16:05.879+02:00  INFO 1826200 --- [conference-backend] [           main] o.f.core.internal.command.DbMigrate      : Successfully applied 1 migration to schema "public", now at version v1 (execution time 00:00.020s)
2026-09-30T13:16:05.900+02:00  INFO 1826200 --- [conference-backend] [           main] o.hibernate.jpa.internal.util.LogHelper  : HHH000204: Processing PersistenceUnitInfo [name: default]
2026-09-30T13:16:05.901+02:00  INFO 1826200 --- [conference-backend] [           main] o.h.c.internal.RegionFactoryInitiator    : HHH000026: Second-level cache disabled
2026-09-30T13:16:05.908+02:00  INFO 1826200 --- [conference-backend] [           main] o.s.o.j.p.SpringPersistenceUnitInfo      : No LoadTimeWeaver setup: ignoring JPA class transformer
2026-09-30T13:16:05.916+02:00  INFO 1826200 --- [conference-backend] [           main] org.hibernate.orm.connections.pooling    : HHH10001005: Database info:
	Database JDBC URL [Connecting through datasource 'HikariDataSource (HikariPool-17)']
	Database driver: undefined/unknown
	Database version: 16.14
	Autocommit mode: undefined/unknown
	Isolation level: undefined/unknown
	Minimum pool size: undefined/unknown
	Maximum pool size: undefined/unknown
2026-09-30T13:16:05.972+02:00  INFO 1826200 --- [conference-backend] [           main] o.h.e.t.j.p.i.JtaPlatformInitiator       : HHH000489: No JTA platform available (set 'hibernate.transaction.jta.platform' to enable JTA platform integration)
2026-09-30T13:16:05.989+02:00  INFO 1826200 --- [conference-backend] [           main] j.LocalContainerEntityManagerFactoryBean : Initialized JPA EntityManagerFactory for persistence unit 'default'
2026-09-30T13:16:06.038+02:00  WARN 1826200 --- [conference-backend] [           main] ConfigServletWebServerApplicationContext : Exception encountered during context initialization - cancelling refresh attempt: org.springframework.beans.factory.UnsatisfiedDependencyException: Error creating bean with name 'catalogController' defined in file [/home/tjan-kazar/storage/Work/lab/agentic_lab/02_output/backend/target/classes/lab/conference/registration/CatalogController.class]: Unsatisfied dependency expressed through constructor parameter 0: Error creating bean with name 'catalog' defined in class path resource [lab/conference/options/OptionsConfig.class]: Failed to instantiate [lab.conference.options.Catalog]: Factory method 'catalog' threw exception with message: unknown option group: tours
2026-09-30T13:16:06.038+02:00  INFO 1826200 --- [conference-backend] [           main] j.LocalContainerEntityManagerFactoryBean : Closing JPA EntityManagerFactory for persistence unit 'default'
2026-09-30T13:16:06.038+02:00  INFO 1826200 --- [conference-backend] [           main] com.zaxxer.hikari.HikariDataSource       : HikariPool-17 - Shutdown initiated...
2026-09-30T13:16:06.078+02:00  INFO 1826200 --- [conference-backend] [           main] com.zaxxer.hikari.HikariDataSource       : HikariPool-17 - Shutdown completed.
2026-09-30T13:16:06.079+02:00  INFO 1826200 --- [conference-backend] [           main] o.apache.catalina.core.StandardService   : Stopping service [Tomcat]
2026-09-30T13:16:06.085+02:00  INFO 1826200 --- [conference-backend] [           main] .s.b.a.l.ConditionEvaluationReportLogger : 

Error starting ApplicationContext. To display the condition evaluation report re-run your application with 'debug' enabled.
2026-09-30T13:16:06.086+02:00 ERROR 1826200 --- [conference-backend] [           main] o.s.boot.SpringApplication               : Application run failed

org.springframework.beans.factory.UnsatisfiedDependencyException: Error creating bean with name 'catalogController' defined in file [/home/tjan-kazar/storage/Work/lab/agentic_lab/02_output/backend/target/classes/lab/conference/registration/CatalogController.class]: Unsatisfied dependency expressed through constructor parameter 0: Error creating bean with name 'catalog' defined in class path resource [lab/conference/options/OptionsConfig.class]: Failed to instantiate [lab.conference.options.Catalog]: Factory method 'catalog' threw exception with message: unknown option group: tours
	at org.springframework.beans.factory.support.ConstructorResolver.createArgumentArray(ConstructorResolver.java:804) ~[spring-beans-6.2.19.jar:6.2.19]
	at org.springframework.beans.factory.support.ConstructorResolver.autowireConstructor(ConstructorResolver.java:240) ~[spring-beans-6.2.19.jar:6.2.19]
	at org.springframework.beans.factory.support.AbstractAutowireCapableBeanFactory.autowireConstructor(AbstractAutowireCapableBeanFactory.java:1393) ~[spring-beans-6.2.19.jar:6.2.19]
	at org.springframework.beans.factory.support.AbstractAutowireCapableBeanFactory.createBeanInstance(AbstractAutowireCapableBeanFactory.java:1230) ~[spring-beans-6.2.19.jar:6.2.19]
	at org.springframework.beans.factory.support.AbstractAutowireCapableBeanFactory.doCreateBean(AbstractAutowireCapableBeanFactory.java:569) ~[spring-beans-6.2.19.jar:6.2.19]
	at org.springframework.beans.factory.support.AbstractAutowireCapableBeanFactory.createBean(AbstractAutowireCapableBeanFactory.java:529) ~[spring-beans-6.2.19.jar:6.2.19]
	at org.springframework.beans.factory.support.AbstractBeanFactory.lambda$doGetBean$0(AbstractBeanFactory.java:339) ~[spring-beans-6.2.19.jar:6.2.19]
	at org.springframework.beans.factory.support.DefaultSingletonBeanRegistry.getSingleton(DefaultSingletonBeanRegistry.java:373) ~[spring-beans-6.2.19.jar:6.2.19]
	at org.springframework.beans.factory.support.AbstractBeanFactory.doGetBean(AbstractBeanFactory.java:337) ~[spring-beans-6.2.19.jar:6.2.19]
	at org.springframework.beans.factory.support.AbstractBeanFactory.getBean(AbstractBeanFactory.java:202) ~[spring-beans-6.2.19.jar:6.2.19]
	at org.springframework.beans.factory.support.DefaultListableBeanFactory.instantiateSingleton(DefaultListableBeanFactory.java:1235) ~[spring-beans-6.2.19.jar:6.2.19]
	at org.springframework.beans.factory.support.DefaultListableBeanFactory.preInstantiateSingleton(DefaultListableBeanFactory.java:1201) ~[spring-beans-6.2.19.jar:6.2.19]
	at org.springframework.beans.factory.support.DefaultListableBeanFactory.preInstantiateSingletons(DefaultListableBeanFactory.java:1130) ~[spring-beans-6.2.19.jar:6.2.19]
	at org.springframework.context.support.AbstractApplicationContext.finishBeanFactoryInitialization(AbstractApplicationContext.java:991) ~[spring-context-6.2.19.jar:6.2.19]
	at org.springframework.context.support.AbstractApplicationContext.refresh(AbstractApplicationContext.java:628) ~[spring-context-6.2.19.jar:6.2.19]
	at org.springframework.boot.web.servlet.context.ServletWebServerApplicationContext.refresh(ServletWebServerApplicationContext.java:146) ~[spring-boot-3.5.16.jar:3.5.16]
	at org.springframework.boot.SpringApplication.refresh(SpringApplication.java:752) ~[spring-boot-3.5.16.jar:3.5.16]
	at org.springframework.boot.SpringApplication.refreshContext(SpringApplication.java:439) ~[spring-boot-3.5.16.jar:3.5.16]
	at org.springframework.boot.SpringApplication.run(SpringApplication.java:318) ~[spring-boot-3.5.16.jar:3.5.16]
	at org.springframework.boot.builder.SpringApplicationBuilder.run(SpringApplicationBuilder.java:149) ~[spring-boot-3.5.16.jar:3.5.16]
	at lab.conference.acceptance.support.AppInstance.start(AppInstance.java:78) ~[test-classes/:na]
	at org.assertj.core.api.ThrowableAssert.catchThrowable(ThrowableAssert.java:66) ~[assertj-core-3.27.7.jar:na]
	at org.assertj.core.api.AssertionsForClassTypes.catchThrowable(AssertionsForClassTypes.java:908) ~[assertj-core-3.27.7.jar:na]
	at org.assertj.core.api.Assertions.catchThrowable(Assertions.java:1476) ~[assertj-core-3.27.7.jar:na]
	at org.assertj.core.api.Assertions.assertThatThrownBy(Assertions.java:1319) ~[assertj-core-3.27.7.jar:na]
	at lab.conference.acceptance.CatalogAcceptanceTest.ac_003_03_invalidCatalogPreventsStartup(CatalogAcceptanceTest.java:108) ~[test-classes/:na]
	at java.base/jdk.internal.reflect.DirectMethodHandleAccessor.invoke(DirectMethodHandleAccessor.java:103) ~[na:na]
	at java.base/java.lang.reflect.Method.invoke(Method.java:580) ~[na:na]
	at org.junit.platform.commons.util.ReflectionUtils.invokeMethod(ReflectionUtils.java:775) ~[junit-platform-commons-1.12.2.jar:1.12.2]
	at org.junit.platform.commons.support.ReflectionSupport.invokeMethod(ReflectionSupport.java:479) ~[junit-platform-commons-1.12.2.jar:1.12.2]
	at org.junit.jupiter.engine.execution.MethodInvocation.proceed(MethodInvocation.java:60) ~[junit-jupiter-engine-5.12.2.jar:5.12.2]
	at org.junit.jupiter.engine.execution.InvocationInterceptorChain$ValidatingInvocation.proceed(InvocationInterceptorChain.java:131) ~[junit-jupiter-engine-5.12.2.jar:5.12.2]
	at org.junit.jupiter.params.ArgumentCountValidator.interceptTestTemplateMethod(ArgumentCountValidator.java:45) ~[junit-jupiter-params-5.12.2.jar:5.12.2]
	at org.junit.jupiter.engine.execution.InterceptingExecutableInvoker$ReflectiveInterceptorCall.lambda$ofVoidMethod$0(InterceptingExecutableInvoker.java:112) ~[junit-jupiter-engine-5.12.2.jar:5.12.2]
	at org.junit.jupiter.engine.execution.InterceptingExecutableInvoker.lambda$invoke$0(InterceptingExecutableInvoker.java:94) ~[junit-jupiter-engine-5.12.2.jar:5.12.2]
	at org.junit.jupiter.engine.execution.InvocationInterceptorChain$InterceptedInvocation.proceed(InvocationInterceptorChain.java:106) ~[junit-jupiter-engine-5.12.2.jar:5.12.2]
	at org.junit.jupiter.engine.extension.TimeoutExtension.intercept(TimeoutExtension.java:161) ~[junit-jupiter-engine-5.12.2.jar:5.12.2]
	at org.junit.jupiter.engine.extension.TimeoutExtension.interceptTestableMethod(TimeoutExtension.java:152) ~[junit-jupiter-engine-5.12.2.jar:5.12.2]
	at org.junit.jupiter.engine.extension.TimeoutExtension.interceptTestTemplateMethod(TimeoutExtension.java:99) ~[junit-jupiter-engine-5.12.2.jar:5.12.2]
	at org.junit.jupiter.engine.execution.InterceptingExecutableInvoker$ReflectiveInterceptorCall.lambda$ofVoidMethod$0(InterceptingExecutableInvoker.java:112) ~[junit-jupiter-engine-5.12.2.jar:5.12.2]
	at org.junit.jupiter.engine.execution.InterceptingExecutableInvoker.lambda$invoke$0(InterceptingExecutableInvoker.java:94) ~[junit-jupiter-engine-5.12.2.jar:5.12.2]
	at org.junit.jupiter.engine.execution.InvocationInterceptorChain$InterceptedInvocation.proceed(InvocationInterceptorChain.java:106) ~[junit-jupiter-engine-5.12.2.jar:5.12.2]
	at org.junit.jupiter.engine.execution.InvocationInterceptorChain.proceed(InvocationInterceptorChain.java:64) ~[junit-jupiter-engine-5.12.2.jar:5.12.2]
	at org.junit.jupiter.engine.execution.InvocationInterceptorChain.chainAndInvoke(InvocationInterceptorChain.java:45) ~[junit-jupiter-engine-5.12.2.jar:5.12.2]
	at org.junit.jupiter.engine.execution.InvocationInterceptorChain.invoke(InvocationInterceptorChain.java:37) ~[junit-jupiter-engine-5.12.2.jar:5.12.2]
	at org.junit.jupiter.engine.execution.InterceptingExecutableInvoker.invoke(InterceptingExecutableInvoker.java:93) ~[junit-jupiter-engine-5.12.2.jar:5.12.2]
	at org.junit.jupiter.engine.execution.InterceptingExecutableInvoker.invoke(InterceptingExecutableInvoker.java:87) ~[junit-jupiter-engine-5.12.2.jar:5.12.2]
	at org.junit.jupiter.engine.descriptor.TestMethodTestDescriptor.lambda$invokeTestMethod$7(TestMethodTestDescriptor.java:216) ~[junit-jupiter-engine-5.12.2.jar:5.12.2]
	at org.junit.platform.engine.support.hierarchical.ThrowableCollector.execute(ThrowableCollector.java:73) ~[junit-platform-engine-1.12.2.jar:1.12.2]
	at org.junit.jupiter.engine.descriptor.TestMethodTestDescriptor.invokeTestMethod(TestMethodTestDescriptor.java:212) ~[junit-jupiter-engine-5.12.2.jar:5.12.2]
	at org.junit.jupiter.engine.descriptor.TestMethodTestDescriptor.execute(TestMethodTestDescriptor.java:137) ~[junit-jupiter-engine-5.12.2.jar:5.12.2]
	at org.junit.jupiter.engine.descriptor.TestMethodTestDescriptor.execute(TestMethodTestDescriptor.java:69) ~[junit-jupiter-engine-5.12.2.jar:5.12.2]
	at org.junit.platform.engine.support.hierarchical.NodeTestTask.lambda$executeRecursively$6(NodeTestTask.java:156) ~[junit-platform-engine-1.12.2.jar:1.12.2]
	at org.junit.platform.engine.support.hierarchical.ThrowableCollector.execute(ThrowableCollector.java:73) ~[junit-platform-engine-1.12.2.jar:1.12.2]
	at org.junit.platform.engine.support.hierarchical.NodeTestTask.lambda$executeRecursively$8(NodeTestTask.java:146) ~[junit-platform-engine-1.12.2.jar:1.12.2]
	at org.junit.platform.engine.support.hierarchical.Node.around(Node.java:137) ~[junit-platform-engine-1.12.2.jar:1.12.2]
	at org.junit.platform.engine.support.hierarchical.NodeTestTask.lambda$executeRecursively$9(NodeTestTask.java:144) ~[junit-platform-engine-1.12.2.jar:1.12.2]
	at org.junit.platform.engine.support.hierarchical.ThrowableCollector.execute(ThrowableCollector.java:73) ~[junit-platform-engine-1.12.2.jar:1.12.2]
	at org.junit.platform.engine.support.hierarchical.NodeTestTask.executeRecursively(NodeTestTask.java:143) ~[junit-platform-engine-1.12.2.jar:1.12.2]
	at org.junit.platform.engine.support.hierarchical.NodeTestTask.execute(NodeTestTask.java:100) ~[junit-platform-engine-1.12.2.jar:1.12.2]
	at org.junit.platform.engine.support.hierarchical.SameThreadHierarchicalTestExecutorService.submit(SameThreadHierarchicalTestExecutorService.java:35) ~[junit-platform-engine-1.12.2.jar:1.12.2]
	at org.junit.platform.engine.support.hierarchical.NodeTestTask$DefaultDynamicTestExecutor.execute(NodeTestTask.java:231) ~[junit-platform-engine-1.12.2.jar:1.12.2]
	at org.junit.platform.engine.support.hierarchical.NodeTestTask$DefaultDynamicTestExecutor.execute(NodeTestTask.java:209) ~[junit-platform-engine-1.12.2.jar:1.12.2]
	at org.junit.jupiter.engine.descriptor.TestTemplateTestDescriptor.execute(TestTemplateTestDescriptor.java:157) ~[junit-jupiter-engine-5.12.2.jar:5.12.2]
	at org.junit.jupiter.engine.descriptor.TestTemplateTestDescriptor.lambda$executeForProvider$0(TestTemplateTestDescriptor.java:115) ~[junit-jupiter-engine-5.12.2.jar:5.12.2]
	at java.base/java.util.Optional.ifPresent(Optional.java:178) ~[na:na]
	at org.junit.jupiter.engine.descriptor.TestTemplateTestDescriptor.lambda$executeForProvider$1(TestTemplateTestDescriptor.java:115) ~[junit-jupiter-engine-5.12.2.jar:5.12.2]
	at java.base/java.util.stream.ForEachOps$ForEachOp$OfRef.accept(ForEachOps.java:184) ~[na:na]
	at java.base/java.util.stream.ReferencePipeline$3$1.accept(ReferencePipeline.java:197) ~[na:na]
	at java.base/java.util.stream.ForEachOps$ForEachOp$OfRef.accept(ForEachOps.java:184) ~[na:na]
	at java.base/java.util.stream.ForEachOps$ForEachOp$OfRef.accept(ForEachOps.java:184) ~[na:na]
	at java.base/java.util.stream.ReferencePipeline$3$1.accept(ReferencePipeline.java:197) ~[na:na]
	at java.base/java.util.Spliterators$ArraySpliterator.forEachRemaining(Spliterators.java:1024) ~[na:na]
	at java.base/java.util.stream.AbstractPipeline.copyInto(AbstractPipeline.java:509) ~[na:na]
	at java.base/java.util.stream.AbstractPipeline.wrapAndCopyInto(AbstractPipeline.java:499) ~[na:na]
	at java.base/java.util.stream.ForEachOps$ForEachOp.evaluateSequential(ForEachOps.java:151) ~[na:na]
	at java.base/java.util.stream.ForEachOps$ForEachOp$OfRef.evaluateSequential(ForEachOps.java:174) ~[na:na]
	at java.base/java.util.stream.AbstractPipeline.evaluate(AbstractPipeline.java:234) ~[na:na]
	at java.base/java.util.stream.ReferencePipeline.forEach(ReferencePipeline.java:596) ~[na:na]
	at java.base/java.util.stream.ReferencePipeline$7$1.accept(ReferencePipeline.java:276) ~[na:na]
	at java.base/java.util.ArrayList$ArrayListSpliterator.forEachRemaining(ArrayList.java:1708) ~[na:na]
	at java.base/java.util.stream.AbstractPipeline.copyInto(AbstractPipeline.java:509) ~[na:na]
	at java.base/java.util.stream.AbstractPipeline.wrapAndCopyInto(AbstractPipeline.java:499) ~[na:na]
	at java.base/java.util.stream.ForEachOps$ForEachOp.evaluateSequential(ForEachOps.java:151) ~[na:na]
	at java.base/java.util.stream.ForEachOps$ForEachOp$OfRef.evaluateSequential(ForEachOps.java:174) ~[na:na]
	at java.base/java.util.stream.AbstractPipeline.evaluate(AbstractPipeline.java:234) ~[na:na]
	at java.base/java.util.stream.ReferencePipeline.forEach(ReferencePipeline.java:596) ~[na:na]
	at java.base/java.util.stream.ReferencePipeline$7$1.accept(ReferencePipeline.java:276) ~[na:na]
	at java.base/java.util.stream.ReferencePipeline$3$1.accept(ReferencePipeline.java:197) ~[na:na]
	at java.base/java.util.stream.ReferencePipeline$3$1.accept(ReferencePipeline.java:197) ~[na:na]
	at java.base/java.util.stream.ReferencePipeline$3$1.accept(ReferencePipeline.java:197) ~[na:na]
	at java.base/java.util.ArrayList$ArrayListSpliterator.forEachRemaining(ArrayList.java:1708) ~[na:na]
	at java.base/java.util.stream.AbstractPipeline.copyInto(AbstractPipeline.java:509) ~[na:na]
	at java.base/java.util.stream.AbstractPipeline.wrapAndCopyInto(AbstractPipeline.java:499) ~[na:na]
	at java.base/java.util.stream.ForEachOps$ForEachOp.evaluateSequential(ForEachOps.java:151) ~[na:na]
	at java.base/java.util.stream.ForEachOps$ForEachOp$OfRef.evaluateSequential(ForEachOps.java:174) ~[na:na]
	at java.base/java.util.stream.AbstractPipeline.evaluate(AbstractPipeline.java:234) ~[na:na]
	at java.base/java.util.stream.ReferencePipeline.forEach(ReferencePipeline.java:596) ~[na:na]
	at org.junit.jupiter.engine.descriptor.TestTemplateTestDescriptor.executeForProvider(TestTemplateTestDescriptor.java:114) ~[junit-jupiter-engine-5.12.2.jar:5.12.2]
	at org.junit.jupiter.engine.descriptor.TestTemplateTestDescriptor.execute(TestTemplateTestDescriptor.java:103) ~[junit-jupiter-engine-5.12.2.jar:5.12.2]
	at org.junit.jupiter.engine.descriptor.TestTemplateTestDescriptor.execute(TestTemplateTestDescriptor.java:43) ~[junit-jupiter-engine-5.12.2.jar:5.12.2]
	at org.junit.platform.engine.support.hierarchical.NodeTestTask.lambda$executeRecursively$6(NodeTestTask.java:156) ~[junit-platform-engine-1.12.2.jar:1.12.2]
	at org.junit.platform.engine.support.hierarchical.ThrowableCollector.execute(ThrowableCollector.java:73) ~[junit-platform-engine-1.12.2.jar:1.12.2]
	at org.junit.platform.engine.support.hierarchical.NodeTestTask.lambda$executeRecursively$8(NodeTestTask.java:146) ~[junit-platform-engine-1.12.2.jar:1.12.2]
	at org.junit.platform.engine.support.hierarchical.Node.around(Node.java:137) ~[junit-platform-engine-1.12.2.jar:1.12.2]
	at org.junit.platform.engine.support.hierarchical.NodeTestTask.lambda$executeRecursively$9(NodeTestTask.java:144) ~[junit-platform-engine-1.12.2.jar:1.12.2]
	at org.junit.platform.engine.support.hierarchical.ThrowableCollector.execute(ThrowableCollector.java:73) ~[junit-platform-engine-1.12.2.jar:1.12.2]
	at org.junit.platform.engine.support.hierarchical.NodeTestTask.executeRecursively(NodeTestTask.java:143) ~[junit-platform-engine-1.12.2.jar:1.12.2]
	at org.junit.platform.engine.support.hierarchical.NodeTestTask.execute(NodeTestTask.java:100) ~[junit-platform-engine-1.12.2.jar:1.12.2]
	at java.base/java.util.ArrayList.forEach(ArrayList.java:1596) ~[na:na]
	at org.junit.platform.engine.support.hierarchical.SameThreadHierarchicalTestExecutorService.invokeAll(SameThreadHierarchicalTestExecutorService.java:41) ~[junit-platform-engine-1.12.2.jar:1.12.2]
	at org.junit.platform.engine.support.hierarchical.NodeTestTask.lambda$executeRecursively$6(NodeTestTask.java:160) ~[junit-platform-engine-1.12.2.jar:1.12.2]
	at org.junit.platform.engine.support.hierarchical.ThrowableCollector.execute(ThrowableCollector.java:73) ~[junit-platform-engine-1.12.2.jar:1.12.2]
	at org.junit.platform.engine.support.hierarchical.NodeTestTask.lambda$executeRecursively$8(NodeTestTask.java:146) ~[junit-platform-engine-1.12.2.jar:1.12.2]
	at org.junit.platform.engine.support.hierarchical.Node.around(Node.java:137) ~[junit-platform-engine-1.12.2.jar:1.12.2]
	at org.junit.platform.engine.support.hierarchical.NodeTestTask.lambda$executeRecursively$9(NodeTestTask.java:144) ~[junit-platform-engine-1.12.2.jar:1.12.2]
	at org.junit.platform.engine.support.hierarchical.ThrowableCollector.execute(ThrowableCollector.java:73) ~[junit-platform-engine-1.12.2.jar:1.12.2]
	at org.junit.platform.engine.support.hierarchical.NodeTestTask.executeRecursively(NodeTestTask.java:143) ~[junit-platform-engine-1.12.2.jar:1.12.2]
	at org.junit.platform.engine.support.hierarchical.NodeTestTask.execute(NodeTestTask.java:100) ~[junit-platform-engine-1.12.2.jar:1.12.2]
	at java.base/java.util.ArrayList.forEach(ArrayList.java:1596) ~[na:na]
	at org.junit.platform.engine.support.hierarchical.SameThreadHierarchicalTestExecutorService.invokeAll(SameThreadHierarchicalTestExecutorService.java:41) ~[junit-platform-engine-1.12.2.jar:1.12.2]
	at org.junit.platform.engine.support.hierarchical.NodeTestTask.lambda$executeRecursively$6(NodeTestTask.java:160) ~[junit-platform-engine-1.12.2.jar:1.12.2]
	at org.junit.platform.engine.support.hierarchical.ThrowableCollector.execute(ThrowableCollector.java:73) ~[junit-platform-engine-1.12.2.jar:1.12.2]
	at org.junit.platform.engine.support.hierarchical.NodeTestTask.lambda$executeRecursively$8(NodeTestTask.java:146) ~[junit-platform-engine-1.12.2.jar:1.12.2]
	at org.junit.platform.engine.support.hierarchical.Node.around(Node.java:137) ~[junit-platform-engine-1.12.2.jar:1.12.2]
	at org.junit.platform.engine.support.hierarchical.NodeTestTask.lambda$executeRecursively$9(NodeTestTask.java:144) ~[junit-platform-engine-1.12.2.jar:1.12.2]
	at org.junit.platform.engine.support.hierarchical.ThrowableCollector.execute(ThrowableCollector.java:73) ~[junit-platform-engine-1.12.2.jar:1.12.2]
	at org.junit.platform.engine.support.hierarchical.NodeTestTask.executeRecursively(NodeTestTask.java:143) ~[junit-platform-engine-1.12.2.jar:1.12.2]
	at org.junit.platform.engine.support.hierarchical.NodeTestTask.execute(NodeTestTask.java:100) ~[junit-platform-engine-1.12.2.jar:1.12.2]
	at org.junit.platform.engine.support.hierarchical.SameThreadHierarchicalTestExecutorService.submit(SameThreadHierarchicalTestExecutorService.java:35) ~[junit-platform-engine-1.12.2.jar:1.12.2]
	at org.junit.platform.engine.support.hierarchical.HierarchicalTestExecutor.execute(HierarchicalTestExecutor.java:57) ~[junit-platform-engine-1.12.2.jar:1.12.2]
	at org.junit.platform.engine.support.hierarchical.HierarchicalTestEngine.execute(HierarchicalTestEngine.java:54) ~[junit-platform-engine-1.12.2.jar:1.12.2]
	at org.junit.platform.launcher.core.EngineExecutionOrchestrator.execute(EngineExecutionOrchestrator.java:201) ~[junit-platform-launcher-1.12.2.jar:1.12.2]
	at org.junit.platform.launcher.core.EngineExecutionOrchestrator.execute(EngineExecutionOrchestrator.java:170) ~[junit-platform-launcher-1.12.2.jar:1.12.2]
	at org.junit.platform.launcher.core.EngineExecutionOrchestrator.execute(EngineExecutionOrchestrator.java:94) ~[junit-platform-launcher-1.12.2.jar:1.12.2]
	at org.junit.platform.launcher.core.EngineExecutionOrchestrator.lambda$execute$0(EngineExecutionOrchestrator.java:59) ~[junit-platform-launcher-1.12.2.jar:1.12.2]
	at org.junit.platform.launcher.core.EngineExecutionOrchestrator.withInterceptedStreams(EngineExecutionOrchestrator.java:142) ~[junit-platform-launcher-1.12.2.jar:1.12.2]
	at org.junit.platform.launcher.core.EngineExecutionOrchestrator.execute(EngineExecutionOrchestrator.java:58) ~[junit-platform-launcher-1.12.2.jar:1.12.2]
	at org.junit.platform.launcher.core.DefaultLauncher.execute(DefaultLauncher.java:103) ~[junit-platform-launcher-1.12.2.jar:1.12.2]
	at org.junit.platform.launcher.core.DefaultLauncher.execute(DefaultLauncher.java:85) ~[junit-platform-launcher-1.12.2.jar:1.12.2]
	at org.junit.platform.launcher.core.DelegatingLauncher.execute(DelegatingLauncher.java:47) ~[junit-platform-launcher-1.12.2.jar:1.12.2]
	at org.junit.platform.launcher.core.InterceptingLauncher.lambda$execute$1(InterceptingLauncher.java:39) ~[junit-platform-launcher-1.12.2.jar:1.12.2]
	at org.junit.platform.launcher.core.ClasspathAlignmentCheckingLauncherInterceptor.intercept(ClasspathAlignmentCheckingLauncherInterceptor.java:25) ~[junit-platform-launcher-1.12.2.jar:1.12.2]
	at org.junit.platform.launcher.core.InterceptingLauncher.execute(InterceptingLauncher.java:38) ~[junit-platform-launcher-1.12.2.jar:1.12.2]
	at org.junit.platform.launcher.core.DelegatingLauncher.execute(DelegatingLauncher.java:47) ~[junit-platform-launcher-1.12.2.jar:1.12.2]
	at org.apache.maven.surefire.junitplatform.LauncherAdapter.executeWithoutCancellationToken(LauncherAdapter.java:60) ~[surefire-junit-platform-3.5.6.jar:3.5.6]
	at org.apache.maven.surefire.junitplatform.LauncherAdapter.execute(LauncherAdapter.java:52) ~[surefire-junit-platform-3.5.6.jar:3.5.6]
	at org.apache.maven.surefire.junitplatform.JUnitPlatformProvider.execute(JUnitPlatformProvider.java:203) ~[surefire-junit-platform-3.5.6.jar:3.5.6]
	at org.apache.maven.surefire.junitplatform.JUnitPlatformProvider.invokeAllTests(JUnitPlatformProvider.java:168) ~[surefire-junit-platform-3.5.6.jar:3.5.6]
	at org.apache.maven.surefire.junitplatform.JUnitPlatformProvider.invoke(JUnitPlatformProvider.java:136) ~[surefire-junit-platform-3.5.6.jar:3.5.6]
	at org.apache.maven.surefire.booter.ForkedBooter.runSuitesInProcess(ForkedBooter.java:385) ~[surefire-booter-3.5.6.jar:3.5.6]
	at org.apache.maven.surefire.booter.ForkedBooter.execute(ForkedBooter.java:162) ~[surefire-booter-3.5.6.jar:3.5.6]
	at org.apache.maven.surefire.booter.ForkedBooter.run(ForkedBooter.java:507) ~[surefire-booter-3.5.6.jar:3.5.6]
	at org.apache.maven.surefire.booter.ForkedBooter.main(ForkedBooter.java:495) ~[surefire-booter-3.5.6.jar:3.5.6]
Caused by: org.springframework.beans.factory.BeanCreationException: Error creating bean with name 'catalog' defined in class path resource [lab/conference/options/OptionsConfig.class]: Failed to instantiate [lab.conference.options.Catalog]: Factory method 'catalog' threw exception with message: unknown option group: tours
	at org.springframework.beans.factory.support.ConstructorResolver.instantiate(ConstructorResolver.java:657) ~[spring-beans-6.2.19.jar:6.2.19]
	at org.springframework.beans.factory.support.ConstructorResolver.instantiateUsingFactoryMethod(ConstructorResolver.java:645) ~[spring-beans-6.2.19.jar:6.2.19]
	at org.springframework.beans.factory.support.AbstractAutowireCapableBeanFactory.instantiateUsingFactoryMethod(AbstractAutowireCapableBeanFactory.java:1373) ~[spring-beans-6.2.19.jar:6.2.19]
	at org.springframework.beans.factory.support.AbstractAutowireCapableBeanFactory.createBeanInstance(AbstractAutowireCapableBeanFactory.java:1203) ~[spring-beans-6.2.19.jar:6.2.19]
	at org.springframework.beans.factory.support.AbstractAutowireCapableBeanFactory.doCreateBean(AbstractAutowireCapableBeanFactory.java:569) ~[spring-beans-6.2.19.jar:6.2.19]
	at org.springframework.beans.factory.support.AbstractAutowireCapableBeanFactory.createBean(AbstractAutowireCapableBeanFactory.java:529) ~[spring-beans-6.2.19.jar:6.2.19]
	at org.springframework.beans.factory.support.AbstractBeanFactory.lambda$doGetBean$0(AbstractBeanFactory.java:339) ~[spring-beans-6.2.19.jar:6.2.19]
	at org.springframework.beans.factory.support.DefaultSingletonBeanRegistry.getSingleton(DefaultSingletonBeanRegistry.java:373) ~[spring-beans-6.2.19.jar:6.2.19]
	at org.springframework.beans.factory.support.AbstractBeanFactory.doGetBean(AbstractBeanFactory.java:337) ~[spring-beans-6.2.19.jar:6.2.19]
	at org.springframework.beans.factory.support.AbstractBeanFactory.getBean(AbstractBeanFactory.java:202) ~[spring-beans-6.2.19.jar:6.2.19]
	at org.springframework.beans.factory.support.DefaultListableBeanFactory.doResolveDependency(DefaultListableBeanFactory.java:1715) ~[spring-beans-6.2.19.jar:6.2.19]
	at org.springframework.beans.factory.support.DefaultListableBeanFactory.resolveDependency(DefaultListableBeanFactory.java:1660) ~[spring-beans-6.2.19.jar:6.2.19]
	at org.springframework.beans.factory.support.ConstructorResolver.resolveAutowiredArgument(ConstructorResolver.java:913) ~[spring-beans-6.2.19.jar:6.2.19]
	at org.springframework.beans.factory.support.ConstructorResolver.createArgumentArray(ConstructorResolver.java:791) ~[spring-beans-6.2.19.jar:6.2.19]
	... 153 common frames omitted
Caused by: org.springframework.beans.BeanInstantiationException: Failed to instantiate [lab.conference.options.Catalog]: Factory method 'catalog' threw exception with message: unknown option group: tours
	at org.springframework.beans.factory.support.SimpleInstantiationStrategy.lambda$instantiate$0(SimpleInstantiationStrategy.java:200) ~[spring-beans-6.2.19.jar:6.2.19]
	at org.springframework.beans.factory.support.SimpleInstantiationStrategy.instantiateWithFactoryMethod(SimpleInstantiationStrategy.java:89) ~[spring-beans-6.2.19.jar:6.2.19]
	at org.springframework.beans.factory.support.SimpleInstantiationStrategy.instantiate(SimpleInstantiationStrategy.java:169) ~[spring-beans-6.2.19.jar:6.2.19]
	at org.springframework.beans.factory.support.ConstructorResolver.instantiate(ConstructorResolver.java:653) ~[spring-beans-6.2.19.jar:6.2.19]
	... 166 common frames omitted
Caused by: lab.conference.options.InvalidCatalogException: unknown option group: tours
	at lab.conference.options.CatalogLoader.lambda$parse$0(CatalogLoader.java:58) ~[classes/:na]
	at java.base/java.util.Optional.orElseThrow(Optional.java:403) ~[na:na]
	at lab.conference.options.CatalogLoader.parse(CatalogLoader.java:58) ~[classes/:na]
	at lab.conference.options.CatalogLoader.load(CatalogLoader.java:42) ~[classes/:na]
	at lab.conference.options.OptionsConfig.catalog(OptionsConfig.java:17) ~[classes/:na]
	at lab.conference.options.OptionsConfig$$SpringCGLIB$$0.CGLIB$catalog$0(<generated>) ~[classes/:na]
	at lab.conference.options.OptionsConfig$$SpringCGLIB$$FastClass$$1.invoke(<generated>) ~[classes/:na]
	at org.springframework.cglib.proxy.MethodProxy.invokeSuper(MethodProxy.java:258) ~[spring-core-6.2.19.jar:6.2.19]
	at org.springframework.context.annotation.ConfigurationClassEnhancer$BeanMethodInterceptor.intercept(ConfigurationClassEnhancer.java:400) ~[spring-context-6.2.19.jar:6.2.19]
	at lab.conference.options.OptionsConfig$$SpringCGLIB$$0.catalog(<generated>) ~[classes/:na]
	at java.base/jdk.internal.reflect.DirectMethodHandleAccessor.invoke(DirectMethodHandleAccessor.java:103) ~[na:na]
	at java.base/java.lang.reflect.Method.invoke(Method.java:580) ~[na:na]
	at org.springframework.beans.factory.support.SimpleInstantiationStrategy.lambda$instantiate$0(SimpleInstantiationStrategy.java:172) ~[spring-beans-6.2.19.jar:6.2.19]
	... 169 common frames omitted

2026-09-30T13:16:06.243+02:00  INFO 1826200 --- [conference-backend] [           main] o.a.maven.surefire.booter.ForkedBooter   : Starting ForkedBooter v3.5.6 using Java 21.0.12 with PID 1826200 (started by tjan-kazar in /home/tjan-kazar/storage/Work/lab/agentic_lab/02_output/backend)
2026-09-30T13:16:06.243+02:00  INFO 1826200 --- [conference-backend] [           main] o.a.maven.surefire.booter.ForkedBooter   : No active profile set, falling back to 1 default profile: "default"
2026-09-30T13:16:06.379+02:00  INFO 1826200 --- [conference-backend] [           main] .s.d.r.c.RepositoryConfigurationDelegate : Bootstrapping Spring Data JPA repositories in DEFAULT mode.
2026-09-30T13:16:06.386+02:00  INFO 1826200 --- [conference-backend] [           main] .s.d.r.c.RepositoryConfigurationDelegate : Finished Spring Data repository scanning in 6 ms. Found 2 JPA repository interfaces.
2026-09-30T13:16:06.436+02:00  INFO 1826200 --- [conference-backend] [           main] o.s.b.w.embedded.tomcat.TomcatWebServer  : Tomcat initialized with port 0 (http)
2026-09-30T13:16:06.438+02:00  INFO 1826200 --- [conference-backend] [           main] o.apache.catalina.core.StandardService   : Starting service [Tomcat]
2026-09-30T13:16:06.438+02:00  INFO 1826200 --- [conference-backend] [           main] o.apache.catalina.core.StandardEngine    : Starting Servlet engine: [Apache Tomcat/10.1.60]
2026-09-30T13:16:06.447+02:00  INFO 1826200 --- [conference-backend] [           main] o.a.c.c.C.[Tomcat-3].[localhost].[/]     : Initializing Spring embedded WebApplicationContext
2026-09-30T13:16:06.447+02:00  INFO 1826200 --- [conference-backend] [           main] w.s.c.ServletWebServerApplicationContext : Root WebApplicationContext: initialization completed in 202 ms
2026-09-30T13:16:06.507+02:00  INFO 1826200 --- [conference-backend] [           main] com.zaxxer.hikari.HikariDataSource       : HikariPool-18 - Starting...
2026-09-30T13:16:06.531+02:00  INFO 1826200 --- [conference-backend] [           main] com.zaxxer.hikari.pool.HikariPool        : HikariPool-18 - Added connection org.postgresql.jdbc.PgConnection@6356a4d3
2026-09-30T13:16:06.532+02:00  INFO 1826200 --- [conference-backend] [           main] com.zaxxer.hikari.HikariDataSource       : HikariPool-18 - Start completed.
2026-09-30T13:16:06.534+02:00  INFO 1826200 --- [conference-backend] [           main] org.flywaydb.core.FlywayExecutor         : Database: jdbc:postgresql://localhost:43417/conf_50676ee6bcd6 (PostgreSQL 16.14)
2026-09-30T13:16:06.548+02:00  INFO 1826200 --- [conference-backend] [           main] o.f.c.i.s.JdbcTableSchemaHistory         : Schema history table "public"."flyway_schema_history" does not exist yet
2026-09-30T13:16:06.549+02:00  INFO 1826200 --- [conference-backend] [           main] o.f.core.internal.command.DbValidate     : Successfully validated 1 migration (execution time 00:00.005s)
2026-09-30T13:16:06.563+02:00  INFO 1826200 --- [conference-backend] [           main] o.f.c.i.s.JdbcTableSchemaHistory         : Creating Schema History table "public"."flyway_schema_history" ...
2026-09-30T13:16:06.600+02:00  INFO 1826200 --- [conference-backend] [           main] o.f.core.internal.command.DbMigrate      : Current version of schema "public": << Empty Schema >>
2026-09-30T13:16:06.605+02:00  INFO 1826200 --- [conference-backend] [           main] o.f.core.internal.command.DbMigrate      : Migrating schema "public" to version "1 - registration schema"
2026-09-30T13:16:06.631+02:00  INFO 1826200 --- [conference-backend] [           main] o.f.core.internal.command.DbMigrate      : Successfully applied 1 migration to schema "public", now at version v1 (execution time 00:00.018s)
2026-09-30T13:16:06.645+02:00  INFO 1826200 --- [conference-backend] [           main] o.hibernate.jpa.internal.util.LogHelper  : HHH000204: Processing PersistenceUnitInfo [name: default]
2026-09-30T13:16:06.647+02:00  INFO 1826200 --- [conference-backend] [           main] o.h.c.internal.RegionFactoryInitiator    : HHH000026: Second-level cache disabled
2026-09-30T13:16:06.652+02:00  INFO 1826200 --- [conference-backend] [           main] o.s.o.j.p.SpringPersistenceUnitInfo      : No LoadTimeWeaver setup: ignoring JPA class transformer
2026-09-30T13:16:06.658+02:00  INFO 1826200 --- [conference-backend] [           main] org.hibernate.orm.connections.pooling    : HHH10001005: Database info:
	Database JDBC URL [Connecting through datasource 'HikariDataSource (HikariPool-18)']
	Database driver: undefined/unknown
	Database version: 16.14
	Autocommit mode: undefined/unknown
	Isolation level: undefined/unknown
	Minimum pool size: undefined/unknown
	Maximum pool size: undefined/unknown
2026-09-30T13:16:06.701+02:00  INFO 1826200 --- [conference-backend] [           main] o.h.e.t.j.p.i.JtaPlatformInitiator       : HHH000489: No JTA platform available (set 'hibernate.transaction.jta.platform' to enable JTA platform integration)
2026-09-30T13:16:06.717+02:00  INFO 1826200 --- [conference-backend] [           main] j.LocalContainerEntityManagerFactoryBean : Initialized JPA EntityManagerFactory for persistence unit 'default'
2026-09-30T13:16:06.757+02:00  WARN 1826200 --- [conference-backend] [           main] ConfigServletWebServerApplicationContext : Exception encountered during context initialization - cancelling refresh attempt: org.springframework.beans.factory.UnsatisfiedDependencyException: Error creating bean with name 'catalogController' defined in file [/home/tjan-kazar/storage/Work/lab/agentic_lab/02_output/backend/target/classes/lab/conference/registration/CatalogController.class]: Unsatisfied dependency expressed through constructor parameter 0: Error creating bean with name 'catalog' defined in class path resource [lab/conference/options/OptionsConfig.class]: Failed to instantiate [lab.conference.options.Catalog]: Factory method 'catalog' threw exception with message: missing or empty name
2026-09-30T13:16:06.757+02:00  INFO 1826200 --- [conference-backend] [           main] j.LocalContainerEntityManagerFactoryBean : Closing JPA EntityManagerFactory for persistence unit 'default'
2026-09-30T13:16:06.757+02:00  INFO 1826200 --- [conference-backend] [           main] com.zaxxer.hikari.HikariDataSource       : HikariPool-18 - Shutdown initiated...
2026-09-30T13:16:06.777+02:00  INFO 1826200 --- [conference-backend] [           main] com.zaxxer.hikari.HikariDataSource       : HikariPool-18 - Shutdown completed.
2026-09-30T13:16:06.778+02:00  INFO 1826200 --- [conference-backend] [           main] o.apache.catalina.core.StandardService   : Stopping service [Tomcat]
2026-09-30T13:16:06.784+02:00  INFO 1826200 --- [conference-backend] [           main] .s.b.a.l.ConditionEvaluationReportLogger : 

Error starting ApplicationContext. To display the condition evaluation report re-run your application with 'debug' enabled.
2026-09-30T13:16:06.785+02:00 ERROR 1826200 --- [conference-backend] [           main] o.s.boot.SpringApplication               : Application run failed

org.springframework.beans.factory.UnsatisfiedDependencyException: Error creating bean with name 'catalogController' defined in file [/home/tjan-kazar/storage/Work/lab/agentic_lab/02_output/backend/target/classes/lab/conference/registration/CatalogController.class]: Unsatisfied dependency expressed through constructor parameter 0: Error creating bean with name 'catalog' defined in class path resource [lab/conference/options/OptionsConfig.class]: Failed to instantiate [lab.conference.options.Catalog]: Factory method 'catalog' threw exception with message: missing or empty name
	at org.springframework.beans.factory.support.ConstructorResolver.createArgumentArray(ConstructorResolver.java:804) ~[spring-beans-6.2.19.jar:6.2.19]
	at org.springframework.beans.factory.support.ConstructorResolver.autowireConstructor(ConstructorResolver.java:240) ~[spring-beans-6.2.19.jar:6.2.19]
	at org.springframework.beans.factory.support.AbstractAutowireCapableBeanFactory.autowireConstructor(AbstractAutowireCapableBeanFactory.java:1393) ~[spring-beans-6.2.19.jar:6.2.19]
	at org.springframework.beans.factory.support.AbstractAutowireCapableBeanFactory.createBeanInstance(AbstractAutowireCapableBeanFactory.java:1230) ~[spring-beans-6.2.19.jar:6.2.19]
	at org.springframework.beans.factory.support.AbstractAutowireCapableBeanFactory.doCreateBean(AbstractAutowireCapableBeanFactory.java:569) ~[spring-beans-6.2.19.jar:6.2.19]
	at org.springframework.beans.factory.support.AbstractAutowireCapableBeanFactory.createBean(AbstractAutowireCapableBeanFactory.java:529) ~[spring-beans-6.2.19.jar:6.2.19]
	at org.springframework.beans.factory.support.AbstractBeanFactory.lambda$doGetBean$0(AbstractBeanFactory.java:339) ~[spring-beans-6.2.19.jar:6.2.19]
	at org.springframework.beans.factory.support.DefaultSingletonBeanRegistry.getSingleton(DefaultSingletonBeanRegistry.java:373) ~[spring-beans-6.2.19.jar:6.2.19]
	at org.springframework.beans.factory.support.AbstractBeanFactory.doGetBean(AbstractBeanFactory.java:337) ~[spring-beans-6.2.19.jar:6.2.19]
	at org.springframework.beans.factory.support.AbstractBeanFactory.getBean(AbstractBeanFactory.java:202) ~[spring-beans-6.2.19.jar:6.2.19]
	at org.springframework.beans.factory.support.DefaultListableBeanFactory.instantiateSingleton(DefaultListableBeanFactory.java:1235) ~[spring-beans-6.2.19.jar:6.2.19]
	at org.springframework.beans.factory.support.DefaultListableBeanFactory.preInstantiateSingleton(DefaultListableBeanFactory.java:1201) ~[spring-beans-6.2.19.jar:6.2.19]
	at org.springframework.beans.factory.support.DefaultListableBeanFactory.preInstantiateSingletons(DefaultListableBeanFactory.java:1130) ~[spring-beans-6.2.19.jar:6.2.19]
	at org.springframework.context.support.AbstractApplicationContext.finishBeanFactoryInitialization(AbstractApplicationContext.java:991) ~[spring-context-6.2.19.jar:6.2.19]
	at org.springframework.context.support.AbstractApplicationContext.refresh(AbstractApplicationContext.java:628) ~[spring-context-6.2.19.jar:6.2.19]
	at org.springframework.boot.web.servlet.context.ServletWebServerApplicationContext.refresh(ServletWebServerApplicationContext.java:146) ~[spring-boot-3.5.16.jar:3.5.16]
	at org.springframework.boot.SpringApplication.refresh(SpringApplication.java:752) ~[spring-boot-3.5.16.jar:3.5.16]
	at org.springframework.boot.SpringApplication.refreshContext(SpringApplication.java:439) ~[spring-boot-3.5.16.jar:3.5.16]
	at org.springframework.boot.SpringApplication.run(SpringApplication.java:318) ~[spring-boot-3.5.16.jar:3.5.16]
	at org.springframework.boot.builder.SpringApplicationBuilder.run(SpringApplicationBuilder.java:149) ~[spring-boot-3.5.16.jar:3.5.16]
	at lab.conference.acceptance.support.AppInstance.start(AppInstance.java:78) ~[test-classes/:na]
	at org.assertj.core.api.ThrowableAssert.catchThrowable(ThrowableAssert.java:66) ~[assertj-core-3.27.7.jar:na]
	at org.assertj.core.api.AssertionsForClassTypes.catchThrowable(AssertionsForClassTypes.java:908) ~[assertj-core-3.27.7.jar:na]
	at org.assertj.core.api.Assertions.catchThrowable(Assertions.java:1476) ~[assertj-core-3.27.7.jar:na]
	at org.assertj.core.api.Assertions.assertThatThrownBy(Assertions.java:1319) ~[assertj-core-3.27.7.jar:na]
	at lab.conference.acceptance.CatalogAcceptanceTest.ac_003_03_invalidCatalogPreventsStartup(CatalogAcceptanceTest.java:108) ~[test-classes/:na]
	at java.base/jdk.internal.reflect.DirectMethodHandleAccessor.invoke(DirectMethodHandleAccessor.java:103) ~[na:na]
	at java.base/java.lang.reflect.Method.invoke(Method.java:580) ~[na:na]
	at org.junit.platform.commons.util.ReflectionUtils.invokeMethod(ReflectionUtils.java:775) ~[junit-platform-commons-1.12.2.jar:1.12.2]
	at org.junit.platform.commons.support.ReflectionSupport.invokeMethod(ReflectionSupport.java:479) ~[junit-platform-commons-1.12.2.jar:1.12.2]
	at org.junit.jupiter.engine.execution.MethodInvocation.proceed(MethodInvocation.java:60) ~[junit-jupiter-engine-5.12.2.jar:5.12.2]
	at org.junit.jupiter.engine.execution.InvocationInterceptorChain$ValidatingInvocation.proceed(InvocationInterceptorChain.java:131) ~[junit-jupiter-engine-5.12.2.jar:5.12.2]
	at org.junit.jupiter.params.ArgumentCountValidator.interceptTestTemplateMethod(ArgumentCountValidator.java:45) ~[junit-jupiter-params-5.12.2.jar:5.12.2]
	at org.junit.jupiter.engine.execution.InterceptingExecutableInvoker$ReflectiveInterceptorCall.lambda$ofVoidMethod$0(InterceptingExecutableInvoker.java:112) ~[junit-jupiter-engine-5.12.2.jar:5.12.2]
	at org.junit.jupiter.engine.execution.InterceptingExecutableInvoker.lambda$invoke$0(InterceptingExecutableInvoker.java:94) ~[junit-jupiter-engine-5.12.2.jar:5.12.2]
	at org.junit.jupiter.engine.execution.InvocationInterceptorChain$InterceptedInvocation.proceed(InvocationInterceptorChain.java:106) ~[junit-jupiter-engine-5.12.2.jar:5.12.2]
	at org.junit.jupiter.engine.extension.TimeoutExtension.intercept(TimeoutExtension.java:161) ~[junit-jupiter-engine-5.12.2.jar:5.12.2]
	at org.junit.jupiter.engine.extension.TimeoutExtension.interceptTestableMethod(TimeoutExtension.java:152) ~[junit-jupiter-engine-5.12.2.jar:5.12.2]
	at org.junit.jupiter.engine.extension.TimeoutExtension.interceptTestTemplateMethod(TimeoutExtension.java:99) ~[junit-jupiter-engine-5.12.2.jar:5.12.2]
	at org.junit.jupiter.engine.execution.InterceptingExecutableInvoker$ReflectiveInterceptorCall.lambda$ofVoidMethod$0(InterceptingExecutableInvoker.java:112) ~[junit-jupiter-engine-5.12.2.jar:5.12.2]
	at org.junit.jupiter.engine.execution.InterceptingExecutableInvoker.lambda$invoke$0(InterceptingExecutableInvoker.java:94) ~[junit-jupiter-engine-5.12.2.jar:5.12.2]
	at org.junit.jupiter.engine.execution.InvocationInterceptorChain$InterceptedInvocation.proceed(InvocationInterceptorChain.java:106) ~[junit-jupiter-engine-5.12.2.jar:5.12.2]
	at org.junit.jupiter.engine.execution.InvocationInterceptorChain.proceed(InvocationInterceptorChain.java:64) ~[junit-jupiter-engine-5.12.2.jar:5.12.2]
	at org.junit.jupiter.engine.execution.InvocationInterceptorChain.chainAndInvoke(InvocationInterceptorChain.java:45) ~[junit-jupiter-engine-5.12.2.jar:5.12.2]
	at org.junit.jupiter.engine.execution.InvocationInterceptorChain.invoke(InvocationInterceptorChain.java:37) ~[junit-jupiter-engine-5.12.2.jar:5.12.2]
	at org.junit.jupiter.engine.execution.InterceptingExecutableInvoker.invoke(InterceptingExecutableInvoker.java:93) ~[junit-jupiter-engine-5.12.2.jar:5.12.2]
	at org.junit.jupiter.engine.execution.InterceptingExecutableInvoker.invoke(InterceptingExecutableInvoker.java:87) ~[junit-jupiter-engine-5.12.2.jar:5.12.2]
	at org.junit.jupiter.engine.descriptor.TestMethodTestDescriptor.lambda$invokeTestMethod$7(TestMethodTestDescriptor.java:216) ~[junit-jupiter-engine-5.12.2.jar:5.12.2]
	at org.junit.platform.engine.support.hierarchical.ThrowableCollector.execute(ThrowableCollector.java:73) ~[junit-platform-engine-1.12.2.jar:1.12.2]
	at org.junit.jupiter.engine.descriptor.TestMethodTestDescriptor.invokeTestMethod(TestMethodTestDescriptor.java:212) ~[junit-jupiter-engine-5.12.2.jar:5.12.2]
	at org.junit.jupiter.engine.descriptor.TestMethodTestDescriptor.execute(TestMethodTestDescriptor.java:137) ~[junit-jupiter-engine-5.12.2.jar:5.12.2]
	at org.junit.jupiter.engine.descriptor.TestMethodTestDescriptor.execute(TestMethodTestDescriptor.java:69) ~[junit-jupiter-engine-5.12.2.jar:5.12.2]
	at org.junit.platform.engine.support.hierarchical.NodeTestTask.lambda$executeRecursively$6(NodeTestTask.java:156) ~[junit-platform-engine-1.12.2.jar:1.12.2]
	at org.junit.platform.engine.support.hierarchical.ThrowableCollector.execute(ThrowableCollector.java:73) ~[junit-platform-engine-1.12.2.jar:1.12.2]
	at org.junit.platform.engine.support.hierarchical.NodeTestTask.lambda$executeRecursively$8(NodeTestTask.java:146) ~[junit-platform-engine-1.12.2.jar:1.12.2]
	at org.junit.platform.engine.support.hierarchical.Node.around(Node.java:137) ~[junit-platform-engine-1.12.2.jar:1.12.2]
	at org.junit.platform.engine.support.hierarchical.NodeTestTask.lambda$executeRecursively$9(NodeTestTask.java:144) ~[junit-platform-engine-1.12.2.jar:1.12.2]
	at org.junit.platform.engine.support.hierarchical.ThrowableCollector.execute(ThrowableCollector.java:73) ~[junit-platform-engine-1.12.2.jar:1.12.2]
	at org.junit.platform.engine.support.hierarchical.NodeTestTask.executeRecursively(NodeTestTask.java:143) ~[junit-platform-engine-1.12.2.jar:1.12.2]
	at org.junit.platform.engine.support.hierarchical.NodeTestTask.execute(NodeTestTask.java:100) ~[junit-platform-engine-1.12.2.jar:1.12.2]
	at org.junit.platform.engine.support.hierarchical.SameThreadHierarchicalTestExecutorService.submit(SameThreadHierarchicalTestExecutorService.java:35) ~[junit-platform-engine-1.12.2.jar:1.12.2]
	at org.junit.platform.engine.support.hierarchical.NodeTestTask$DefaultDynamicTestExecutor.execute(NodeTestTask.java:231) ~[junit-platform-engine-1.12.2.jar:1.12.2]
	at org.junit.platform.engine.support.hierarchical.NodeTestTask$DefaultDynamicTestExecutor.execute(NodeTestTask.java:209) ~[junit-platform-engine-1.12.2.jar:1.12.2]
	at org.junit.jupiter.engine.descriptor.TestTemplateTestDescriptor.execute(TestTemplateTestDescriptor.java:157) ~[junit-jupiter-engine-5.12.2.jar:5.12.2]
	at org.junit.jupiter.engine.descriptor.TestTemplateTestDescriptor.lambda$executeForProvider$0(TestTemplateTestDescriptor.java:115) ~[junit-jupiter-engine-5.12.2.jar:5.12.2]
	at java.base/java.util.Optional.ifPresent(Optional.java:178) ~[na:na]
	at org.junit.jupiter.engine.descriptor.TestTemplateTestDescriptor.lambda$executeForProvider$1(TestTemplateTestDescriptor.java:115) ~[junit-jupiter-engine-5.12.2.jar:5.12.2]
	at java.base/java.util.stream.ForEachOps$ForEachOp$OfRef.accept(ForEachOps.java:184) ~[na:na]
	at java.base/java.util.stream.ReferencePipeline$3$1.accept(ReferencePipeline.java:197) ~[na:na]
	at java.base/java.util.stream.ForEachOps$ForEachOp$OfRef.accept(ForEachOps.java:184) ~[na:na]
	at java.base/java.util.stream.ForEachOps$ForEachOp$OfRef.accept(ForEachOps.java:184) ~[na:na]
	at java.base/java.util.stream.ReferencePipeline$3$1.accept(ReferencePipeline.java:197) ~[na:na]
	at java.base/java.util.Spliterators$ArraySpliterator.forEachRemaining(Spliterators.java:1024) ~[na:na]
	at java.base/java.util.stream.AbstractPipeline.copyInto(AbstractPipeline.java:509) ~[na:na]
	at java.base/java.util.stream.AbstractPipeline.wrapAndCopyInto(AbstractPipeline.java:499) ~[na:na]
	at java.base/java.util.stream.ForEachOps$ForEachOp.evaluateSequential(ForEachOps.java:151) ~[na:na]
	at java.base/java.util.stream.ForEachOps$ForEachOp$OfRef.evaluateSequential(ForEachOps.java:174) ~[na:na]
	at java.base/java.util.stream.AbstractPipeline.evaluate(AbstractPipeline.java:234) ~[na:na]
	at java.base/java.util.stream.ReferencePipeline.forEach(ReferencePipeline.java:596) ~[na:na]
	at java.base/java.util.stream.ReferencePipeline$7$1.accept(ReferencePipeline.java:276) ~[na:na]
	at java.base/java.util.ArrayList$ArrayListSpliterator.forEachRemaining(ArrayList.java:1708) ~[na:na]
	at java.base/java.util.stream.AbstractPipeline.copyInto(AbstractPipeline.java:509) ~[na:na]
	at java.base/java.util.stream.AbstractPipeline.wrapAndCopyInto(AbstractPipeline.java:499) ~[na:na]
	at java.base/java.util.stream.ForEachOps$ForEachOp.evaluateSequential(ForEachOps.java:151) ~[na:na]
	at java.base/java.util.stream.ForEachOps$ForEachOp$OfRef.evaluateSequential(ForEachOps.java:174) ~[na:na]
	at java.base/java.util.stream.AbstractPipeline.evaluate(AbstractPipeline.java:234) ~[na:na]
	at java.base/java.util.stream.ReferencePipeline.forEach(ReferencePipeline.java:596) ~[na:na]
	at java.base/java.util.stream.ReferencePipeline$7$1.accept(ReferencePipeline.java:276) ~[na:na]
	at java.base/java.util.stream.ReferencePipeline$3$1.accept(ReferencePipeline.java:197) ~[na:na]
	at java.base/java.util.stream.ReferencePipeline$3$1.accept(ReferencePipeline.java:197) ~[na:na]
	at java.base/java.util.stream.ReferencePipeline$3$1.accept(ReferencePipeline.java:197) ~[na:na]
	at java.base/java.util.ArrayList$ArrayListSpliterator.forEachRemaining(ArrayList.java:1708) ~[na:na]
	at java.base/java.util.stream.AbstractPipeline.copyInto(AbstractPipeline.java:509) ~[na:na]
	at java.base/java.util.stream.AbstractPipeline.wrapAndCopyInto(AbstractPipeline.java:499) ~[na:na]
	at java.base/java.util.stream.ForEachOps$ForEachOp.evaluateSequential(ForEachOps.java:151) ~[na:na]
	at java.base/java.util.stream.ForEachOps$ForEachOp$OfRef.evaluateSequential(ForEachOps.java:174) ~[na:na]
	at java.base/java.util.stream.AbstractPipeline.evaluate(AbstractPipeline.java:234) ~[na:na]
	at java.base/java.util.stream.ReferencePipeline.forEach(ReferencePipeline.java:596) ~[na:na]
	at org.junit.jupiter.engine.descriptor.TestTemplateTestDescriptor.executeForProvider(TestTemplateTestDescriptor.java:114) ~[junit-jupiter-engine-5.12.2.jar:5.12.2]
	at org.junit.jupiter.engine.descriptor.TestTemplateTestDescriptor.execute(TestTemplateTestDescriptor.java:103) ~[junit-jupiter-engine-5.12.2.jar:5.12.2]
	at org.junit.jupiter.engine.descriptor.TestTemplateTestDescriptor.execute(TestTemplateTestDescriptor.java:43) ~[junit-jupiter-engine-5.12.2.jar:5.12.2]
	at org.junit.platform.engine.support.hierarchical.NodeTestTask.lambda$executeRecursively$6(NodeTestTask.java:156) ~[junit-platform-engine-1.12.2.jar:1.12.2]
	at org.junit.platform.engine.support.hierarchical.ThrowableCollector.execute(ThrowableCollector.java:73) ~[junit-platform-engine-1.12.2.jar:1.12.2]
	at org.junit.platform.engine.support.hierarchical.NodeTestTask.lambda$executeRecursively$8(NodeTestTask.java:146) ~[junit-platform-engine-1.12.2.jar:1.12.2]
	at org.junit.platform.engine.support.hierarchical.Node.around(Node.java:137) ~[junit-platform-engine-1.12.2.jar:1.12.2]
	at org.junit.platform.engine.support.hierarchical.NodeTestTask.lambda$executeRecursively$9(NodeTestTask.java:144) ~[junit-platform-engine-1.12.2.jar:1.12.2]
	at org.junit.platform.engine.support.hierarchical.ThrowableCollector.execute(ThrowableCollector.java:73) ~[junit-platform-engine-1.12.2.jar:1.12.2]
	at org.junit.platform.engine.support.hierarchical.NodeTestTask.executeRecursively(NodeTestTask.java:143) ~[junit-platform-engine-1.12.2.jar:1.12.2]
	at org.junit.platform.engine.support.hierarchical.NodeTestTask.execute(NodeTestTask.java:100) ~[junit-platform-engine-1.12.2.jar:1.12.2]
	at java.base/java.util.ArrayList.forEach(ArrayList.java:1596) ~[na:na]
	at org.junit.platform.engine.support.hierarchical.SameThreadHierarchicalTestExecutorService.invokeAll(SameThreadHierarchicalTestExecutorService.java:41) ~[junit-platform-engine-1.12.2.jar:1.12.2]
	at org.junit.platform.engine.support.hierarchical.NodeTestTask.lambda$executeRecursively$6(NodeTestTask.java:160) ~[junit-platform-engine-1.12.2.jar:1.12.2]
	at org.junit.platform.engine.support.hierarchical.ThrowableCollector.execute(ThrowableCollector.java:73) ~[junit-platform-engine-1.12.2.jar:1.12.2]
	at org.junit.platform.engine.support.hierarchical.NodeTestTask.lambda$executeRecursively$8(NodeTestTask.java:146) ~[junit-platform-engine-1.12.2.jar:1.12.2]
	at org.junit.platform.engine.support.hierarchical.Node.around(Node.java:137) ~[junit-platform-engine-1.12.2.jar:1.12.2]
	at org.junit.platform.engine.support.hierarchical.NodeTestTask.lambda$executeRecursively$9(NodeTestTask.java:144) ~[junit-platform-engine-1.12.2.jar:1.12.2]
	at org.junit.platform.engine.support.hierarchical.ThrowableCollector.execute(ThrowableCollector.java:73) ~[junit-platform-engine-1.12.2.jar:1.12.2]
	at org.junit.platform.engine.support.hierarchical.NodeTestTask.executeRecursively(NodeTestTask.java:143) ~[junit-platform-engine-1.12.2.jar:1.12.2]
	at org.junit.platform.engine.support.hierarchical.NodeTestTask.execute(NodeTestTask.java:100) ~[junit-platform-engine-1.12.2.jar:1.12.2]
	at java.base/java.util.ArrayList.forEach(ArrayList.java:1596) ~[na:na]
	at org.junit.platform.engine.support.hierarchical.SameThreadHierarchicalTestExecutorService.invokeAll(SameThreadHierarchicalTestExecutorService.java:41) ~[junit-platform-engine-1.12.2.jar:1.12.2]
	at org.junit.platform.engine.support.hierarchical.NodeTestTask.lambda$executeRecursively$6(NodeTestTask.java:160) ~[junit-platform-engine-1.12.2.jar:1.12.2]
	at org.junit.platform.engine.support.hierarchical.ThrowableCollector.execute(ThrowableCollector.java:73) ~[junit-platform-engine-1.12.2.jar:1.12.2]
	at org.junit.platform.engine.support.hierarchical.NodeTestTask.lambda$executeRecursively$8(NodeTestTask.java:146) ~[junit-platform-engine-1.12.2.jar:1.12.2]
	at org.junit.platform.engine.support.hierarchical.Node.around(Node.java:137) ~[junit-platform-engine-1.12.2.jar:1.12.2]
	at org.junit.platform.engine.support.hierarchical.NodeTestTask.lambda$executeRecursively$9(NodeTestTask.java:144) ~[junit-platform-engine-1.12.2.jar:1.12.2]
	at org.junit.platform.engine.support.hierarchical.ThrowableCollector.execute(ThrowableCollector.java:73) ~[junit-platform-engine-1.12.2.jar:1.12.2]
	at org.junit.platform.engine.support.hierarchical.NodeTestTask.executeRecursively(NodeTestTask.java:143) ~[junit-platform-engine-1.12.2.jar:1.12.2]
	at org.junit.platform.engine.support.hierarchical.NodeTestTask.execute(NodeTestTask.java:100) ~[junit-platform-engine-1.12.2.jar:1.12.2]
	at org.junit.platform.engine.support.hierarchical.SameThreadHierarchicalTestExecutorService.submit(SameThreadHierarchicalTestExecutorService.java:35) ~[junit-platform-engine-1.12.2.jar:1.12.2]
	at org.junit.platform.engine.support.hierarchical.HierarchicalTestExecutor.execute(HierarchicalTestExecutor.java:57) ~[junit-platform-engine-1.12.2.jar:1.12.2]
	at org.junit.platform.engine.support.hierarchical.HierarchicalTestEngine.execute(HierarchicalTestEngine.java:54) ~[junit-platform-engine-1.12.2.jar:1.12.2]
	at org.junit.platform.launcher.core.EngineExecutionOrchestrator.execute(EngineExecutionOrchestrator.java:201) ~[junit-platform-launcher-1.12.2.jar:1.12.2]
	at org.junit.platform.launcher.core.EngineExecutionOrchestrator.execute(EngineExecutionOrchestrator.java:170) ~[junit-platform-launcher-1.12.2.jar:1.12.2]
	at org.junit.platform.launcher.core.EngineExecutionOrchestrator.execute(EngineExecutionOrchestrator.java:94) ~[junit-platform-launcher-1.12.2.jar:1.12.2]
	at org.junit.platform.launcher.core.EngineExecutionOrchestrator.lambda$execute$0(EngineExecutionOrchestrator.java:59) ~[junit-platform-launcher-1.12.2.jar:1.12.2]
	at org.junit.platform.launcher.core.EngineExecutionOrchestrator.withInterceptedStreams(EngineExecutionOrchestrator.java:142) ~[junit-platform-launcher-1.12.2.jar:1.12.2]
	at org.junit.platform.launcher.core.EngineExecutionOrchestrator.execute(EngineExecutionOrchestrator.java:58) ~[junit-platform-launcher-1.12.2.jar:1.12.2]
	at org.junit.platform.launcher.core.DefaultLauncher.execute(DefaultLauncher.java:103) ~[junit-platform-launcher-1.12.2.jar:1.12.2]
	at org.junit.platform.launcher.core.DefaultLauncher.execute(DefaultLauncher.java:85) ~[junit-platform-launcher-1.12.2.jar:1.12.2]
	at org.junit.platform.launcher.core.DelegatingLauncher.execute(DelegatingLauncher.java:47) ~[junit-platform-launcher-1.12.2.jar:1.12.2]
	at org.junit.platform.launcher.core.InterceptingLauncher.lambda$execute$1(InterceptingLauncher.java:39) ~[junit-platform-launcher-1.12.2.jar:1.12.2]
	at org.junit.platform.launcher.core.ClasspathAlignmentCheckingLauncherInterceptor.intercept(ClasspathAlignmentCheckingLauncherInterceptor.java:25) ~[junit-platform-launcher-1.12.2.jar:1.12.2]
	at org.junit.platform.launcher.core.InterceptingLauncher.execute(InterceptingLauncher.java:38) ~[junit-platform-launcher-1.12.2.jar:1.12.2]
	at org.junit.platform.launcher.core.DelegatingLauncher.execute(DelegatingLauncher.java:47) ~[junit-platform-launcher-1.12.2.jar:1.12.2]
	at org.apache.maven.surefire.junitplatform.LauncherAdapter.executeWithoutCancellationToken(LauncherAdapter.java:60) ~[surefire-junit-platform-3.5.6.jar:3.5.6]
	at org.apache.maven.surefire.junitplatform.LauncherAdapter.execute(LauncherAdapter.java:52) ~[surefire-junit-platform-3.5.6.jar:3.5.6]
	at org.apache.maven.surefire.junitplatform.JUnitPlatformProvider.execute(JUnitPlatformProvider.java:203) ~[surefire-junit-platform-3.5.6.jar:3.5.6]
	at org.apache.maven.surefire.junitplatform.JUnitPlatformProvider.invokeAllTests(JUnitPlatformProvider.java:168) ~[surefire-junit-platform-3.5.6.jar:3.5.6]
	at org.apache.maven.surefire.junitplatform.JUnitPlatformProvider.invoke(JUnitPlatformProvider.java:136) ~[surefire-junit-platform-3.5.6.jar:3.5.6]
	at org.apache.maven.surefire.booter.ForkedBooter.runSuitesInProcess(ForkedBooter.java:385) ~[surefire-booter-3.5.6.jar:3.5.6]
	at org.apache.maven.surefire.booter.ForkedBooter.execute(ForkedBooter.java:162) ~[surefire-booter-3.5.6.jar:3.5.6]
	at org.apache.maven.surefire.booter.ForkedBooter.run(ForkedBooter.java:507) ~[surefire-booter-3.5.6.jar:3.5.6]
	at org.apache.maven.surefire.booter.ForkedBooter.main(ForkedBooter.java:495) ~[surefire-booter-3.5.6.jar:3.5.6]
Caused by: org.springframework.beans.factory.BeanCreationException: Error creating bean with name 'catalog' defined in class path resource [lab/conference/options/OptionsConfig.class]: Failed to instantiate [lab.conference.options.Catalog]: Factory method 'catalog' threw exception with message: missing or empty name
	at org.springframework.beans.factory.support.ConstructorResolver.instantiate(ConstructorResolver.java:657) ~[spring-beans-6.2.19.jar:6.2.19]
	at org.springframework.beans.factory.support.ConstructorResolver.instantiateUsingFactoryMethod(ConstructorResolver.java:645) ~[spring-beans-6.2.19.jar:6.2.19]
	at org.springframework.beans.factory.support.AbstractAutowireCapableBeanFactory.instantiateUsingFactoryMethod(AbstractAutowireCapableBeanFactory.java:1373) ~[spring-beans-6.2.19.jar:6.2.19]
	at org.springframework.beans.factory.support.AbstractAutowireCapableBeanFactory.createBeanInstance(AbstractAutowireCapableBeanFactory.java:1203) ~[spring-beans-6.2.19.jar:6.2.19]
	at org.springframework.beans.factory.support.AbstractAutowireCapableBeanFactory.doCreateBean(AbstractAutowireCapableBeanFactory.java:569) ~[spring-beans-6.2.19.jar:6.2.19]
	at org.springframework.beans.factory.support.AbstractAutowireCapableBeanFactory.createBean(AbstractAutowireCapableBeanFactory.java:529) ~[spring-beans-6.2.19.jar:6.2.19]
	at org.springframework.beans.factory.support.AbstractBeanFactory.lambda$doGetBean$0(AbstractBeanFactory.java:339) ~[spring-beans-6.2.19.jar:6.2.19]
	at org.springframework.beans.factory.support.DefaultSingletonBeanRegistry.getSingleton(DefaultSingletonBeanRegistry.java:373) ~[spring-beans-6.2.19.jar:6.2.19]
	at org.springframework.beans.factory.support.AbstractBeanFactory.doGetBean(AbstractBeanFactory.java:337) ~[spring-beans-6.2.19.jar:6.2.19]
	at org.springframework.beans.factory.support.AbstractBeanFactory.getBean(AbstractBeanFactory.java:202) ~[spring-beans-6.2.19.jar:6.2.19]
	at org.springframework.beans.factory.support.DefaultListableBeanFactory.doResolveDependency(DefaultListableBeanFactory.java:1715) ~[spring-beans-6.2.19.jar:6.2.19]
	at org.springframework.beans.factory.support.DefaultListableBeanFactory.resolveDependency(DefaultListableBeanFactory.java:1660) ~[spring-beans-6.2.19.jar:6.2.19]
	at org.springframework.beans.factory.support.ConstructorResolver.resolveAutowiredArgument(ConstructorResolver.java:913) ~[spring-beans-6.2.19.jar:6.2.19]
	at org.springframework.beans.factory.support.ConstructorResolver.createArgumentArray(ConstructorResolver.java:791) ~[spring-beans-6.2.19.jar:6.2.19]
	... 153 common frames omitted
Caused by: org.springframework.beans.BeanInstantiationException: Failed to instantiate [lab.conference.options.Catalog]: Factory method 'catalog' threw exception with message: missing or empty name
	at org.springframework.beans.factory.support.SimpleInstantiationStrategy.lambda$instantiate$0(SimpleInstantiationStrategy.java:200) ~[spring-beans-6.2.19.jar:6.2.19]
	at org.springframework.beans.factory.support.SimpleInstantiationStrategy.instantiateWithFactoryMethod(SimpleInstantiationStrategy.java:89) ~[spring-beans-6.2.19.jar:6.2.19]
	at org.springframework.beans.factory.support.SimpleInstantiationStrategy.instantiate(SimpleInstantiationStrategy.java:169) ~[spring-beans-6.2.19.jar:6.2.19]
	at org.springframework.beans.factory.support.ConstructorResolver.instantiate(ConstructorResolver.java:653) ~[spring-beans-6.2.19.jar:6.2.19]
	... 166 common frames omitted
Caused by: lab.conference.options.InvalidCatalogException: missing or empty name
	at lab.conference.options.CatalogLoader.text(CatalogLoader.java:117) ~[classes/:na]
	at lab.conference.options.CatalogLoader.options(CatalogLoader.java:84) ~[classes/:na]
	at lab.conference.options.CatalogLoader.parse(CatalogLoader.java:59) ~[classes/:na]
	at lab.conference.options.CatalogLoader.load(CatalogLoader.java:42) ~[classes/:na]
	at lab.conference.options.OptionsConfig.catalog(OptionsConfig.java:17) ~[classes/:na]
	at lab.conference.options.OptionsConfig$$SpringCGLIB$$0.CGLIB$catalog$0(<generated>) ~[classes/:na]
	at lab.conference.options.OptionsConfig$$SpringCGLIB$$FastClass$$1.invoke(<generated>) ~[classes/:na]
	at org.springframework.cglib.proxy.MethodProxy.invokeSuper(MethodProxy.java:258) ~[spring-core-6.2.19.jar:6.2.19]
	at org.springframework.context.annotation.ConfigurationClassEnhancer$BeanMethodInterceptor.intercept(ConfigurationClassEnhancer.java:400) ~[spring-context-6.2.19.jar:6.2.19]
	at lab.conference.options.OptionsConfig$$SpringCGLIB$$0.catalog(<generated>) ~[classes/:na]
	at java.base/jdk.internal.reflect.DirectMethodHandleAccessor.invoke(DirectMethodHandleAccessor.java:103) ~[na:na]
	at java.base/java.lang.reflect.Method.invoke(Method.java:580) ~[na:na]
	at org.springframework.beans.factory.support.SimpleInstantiationStrategy.lambda$instantiate$0(SimpleInstantiationStrategy.java:172) ~[spring-beans-6.2.19.jar:6.2.19]
	... 169 common frames omitted

2026-09-30T13:16:06.957+02:00  INFO 1826200 --- [conference-backend] [           main] o.a.maven.surefire.booter.ForkedBooter   : Starting ForkedBooter v3.5.6 using Java 21.0.12 with PID 1826200 (started by tjan-kazar in /home/tjan-kazar/storage/Work/lab/agentic_lab/02_output/backend)
2026-09-30T13:16:06.957+02:00  INFO 1826200 --- [conference-backend] [           main] o.a.maven.surefire.booter.ForkedBooter   : No active profile set, falling back to 1 default profile: "default"
2026-09-30T13:16:07.118+02:00  INFO 1826200 --- [conference-backend] [           main] .s.d.r.c.RepositoryConfigurationDelegate : Bootstrapping Spring Data JPA repositories in DEFAULT mode.
2026-09-30T13:16:07.126+02:00  INFO 1826200 --- [conference-backend] [           main] .s.d.r.c.RepositoryConfigurationDelegate : Finished Spring Data repository scanning in 7 ms. Found 2 JPA repository interfaces.
2026-09-30T13:16:07.192+02:00  INFO 1826200 --- [conference-backend] [           main] o.s.b.w.embedded.tomcat.TomcatWebServer  : Tomcat initialized with port 0 (http)
2026-09-30T13:16:07.193+02:00  INFO 1826200 --- [conference-backend] [           main] o.apache.catalina.core.StandardService   : Starting service [Tomcat]
2026-09-30T13:16:07.194+02:00  INFO 1826200 --- [conference-backend] [           main] o.apache.catalina.core.StandardEngine    : Starting Servlet engine: [Apache Tomcat/10.1.60]
2026-09-30T13:16:07.205+02:00  INFO 1826200 --- [conference-backend] [           main] o.a.c.c.C.[Tomcat-4].[localhost].[/]     : Initializing Spring embedded WebApplicationContext
2026-09-30T13:16:07.205+02:00  INFO 1826200 --- [conference-backend] [           main] w.s.c.ServletWebServerApplicationContext : Root WebApplicationContext: initialization completed in 247 ms
2026-09-30T13:16:07.257+02:00  INFO 1826200 --- [conference-backend] [           main] com.zaxxer.hikari.HikariDataSource       : HikariPool-19 - Starting...
2026-09-30T13:16:07.278+02:00  INFO 1826200 --- [conference-backend] [           main] com.zaxxer.hikari.pool.HikariPool        : HikariPool-19 - Added connection org.postgresql.jdbc.PgConnection@67b01b75
2026-09-30T13:16:07.279+02:00  INFO 1826200 --- [conference-backend] [           main] com.zaxxer.hikari.HikariDataSource       : HikariPool-19 - Start completed.
2026-09-30T13:16:07.281+02:00  INFO 1826200 --- [conference-backend] [           main] org.flywaydb.core.FlywayExecutor         : Database: jdbc:postgresql://localhost:43417/conf_7b606a5882b6 (PostgreSQL 16.14)
2026-09-30T13:16:07.294+02:00  INFO 1826200 --- [conference-backend] [           main] o.f.c.i.s.JdbcTableSchemaHistory         : Schema history table "public"."flyway_schema_history" does not exist yet
2026-09-30T13:16:07.295+02:00  INFO 1826200 --- [conference-backend] [           main] o.f.core.internal.command.DbValidate     : Successfully validated 1 migration (execution time 00:00.004s)
2026-09-30T13:16:07.306+02:00  INFO 1826200 --- [conference-backend] [           main] o.f.c.i.s.JdbcTableSchemaHistory         : Creating Schema History table "public"."flyway_schema_history" ...
2026-09-30T13:16:07.340+02:00  INFO 1826200 --- [conference-backend] [           main] o.f.core.internal.command.DbMigrate      : Current version of schema "public": << Empty Schema >>
2026-09-30T13:16:07.344+02:00  INFO 1826200 --- [conference-backend] [           main] o.f.core.internal.command.DbMigrate      : Migrating schema "public" to version "1 - registration schema"
2026-09-30T13:16:07.374+02:00  INFO 1826200 --- [conference-backend] [           main] o.f.core.internal.command.DbMigrate      : Successfully applied 1 migration to schema "public", now at version v1 (execution time 00:00.020s)
2026-09-30T13:16:07.390+02:00  INFO 1826200 --- [conference-backend] [           main] o.hibernate.jpa.internal.util.LogHelper  : HHH000204: Processing PersistenceUnitInfo [name: default]
2026-09-30T13:16:07.392+02:00  INFO 1826200 --- [conference-backend] [           main] o.h.c.internal.RegionFactoryInitiator    : HHH000026: Second-level cache disabled
2026-09-30T13:16:07.398+02:00  INFO 1826200 --- [conference-backend] [           main] o.s.o.j.p.SpringPersistenceUnitInfo      : No LoadTimeWeaver setup: ignoring JPA class transformer
2026-09-30T13:16:07.404+02:00  INFO 1826200 --- [conference-backend] [           main] org.hibernate.orm.connections.pooling    : HHH10001005: Database info:
	Database JDBC URL [Connecting through datasource 'HikariDataSource (HikariPool-19)']
	Database driver: undefined/unknown
	Database version: 16.14
	Autocommit mode: undefined/unknown
	Isolation level: undefined/unknown
	Minimum pool size: undefined/unknown
	Maximum pool size: undefined/unknown
2026-09-30T13:16:07.450+02:00  INFO 1826200 --- [conference-backend] [           main] o.h.e.t.j.p.i.JtaPlatformInitiator       : HHH000489: No JTA platform available (set 'hibernate.transaction.jta.platform' to enable JTA platform integration)
2026-09-30T13:16:07.466+02:00  INFO 1826200 --- [conference-backend] [           main] j.LocalContainerEntityManagerFactoryBean : Initialized JPA EntityManagerFactory for persistence unit 'default'
2026-09-30T13:16:07.528+02:00  INFO 1826200 --- [conference-backend] [           main] r$InitializeUserDetailsManagerConfigurer : Global AuthenticationManager configured with UserDetailsService bean with name organizer
2026-09-30T13:16:07.591+02:00  INFO 1826200 --- [conference-backend] [           main] o.s.b.a.e.web.EndpointLinksResolver      : Exposing 1 endpoint beneath base path '/actuator'
2026-09-30T13:16:07.655+02:00  INFO 1826200 --- [conference-backend] [           main] o.s.b.w.embedded.tomcat.TomcatWebServer  : Tomcat started on port 46127 (http) with context path '/'
2026-09-30T13:16:07.661+02:00  INFO 1826200 --- [conference-backend] [           main] o.a.maven.surefire.booter.ForkedBooter   : Started ForkedBooter in 0.72 seconds (process running for 266.214)
2026-09-30T13:16:07.671+02:00  INFO 1826200 --- [conference-backend] [-auto-19-exec-1] o.a.c.c.C.[Tomcat-4].[localhost].[/]     : Initializing Spring DispatcherServlet 'dispatcherServlet'
2026-09-30T13:16:07.671+02:00  INFO 1826200 --- [conference-backend] [-auto-19-exec-1] o.s.web.servlet.DispatcherServlet        : Initializing Servlet 'dispatcherServlet'
2026-09-30T13:16:07.672+02:00  INFO 1826200 --- [conference-backend] [-auto-19-exec-1] o.s.web.servlet.DispatcherServlet        : Completed initialization in 1 ms
2026-09-30T13:16:07.685+02:00  INFO 1826200 --- [conference-backend] [           main] o.s.b.w.e.tomcat.GracefulShutdown        : Commencing graceful shutdown. Waiting for active requests to complete
2026-09-30T13:16:07.686+02:00  INFO 1826200 --- [conference-backend] [tomcat-shutdown] o.s.b.w.e.tomcat.GracefulShutdown        : Graceful shutdown complete
2026-09-30T13:16:07.688+02:00  INFO 1826200 --- [conference-backend] [           main] j.LocalContainerEntityManagerFactoryBean : Closing JPA EntityManagerFactory for persistence unit 'default'
2026-09-30T13:16:07.688+02:00  INFO 1826200 --- [conference-backend] [           main] com.zaxxer.hikari.HikariDataSource       : HikariPool-19 - Shutdown initiated...
2026-09-30T13:16:07.711+02:00  INFO 1826200 --- [conference-backend] [           main] com.zaxxer.hikari.HikariDataSource       : HikariPool-19 - Shutdown completed.
2026-09-30T13:16:07.973+02:00  INFO 1826200 --- [conference-backend] [           main] o.a.maven.surefire.booter.ForkedBooter   : Starting ForkedBooter v3.5.6 using Java 21.0.12 with PID 1826200 (started by tjan-kazar in /home/tjan-kazar/storage/Work/lab/agentic_lab/02_output/backend)
2026-09-30T13:16:07.973+02:00  INFO 1826200 --- [conference-backend] [           main] o.a.maven.surefire.booter.ForkedBooter   : No active profile set, falling back to 1 default profile: "default"
2026-09-30T13:16:08.123+02:00  INFO 1826200 --- [conference-backend] [           main] .s.d.r.c.RepositoryConfigurationDelegate : Bootstrapping Spring Data JPA repositories in DEFAULT mode.
2026-09-30T13:16:08.132+02:00  INFO 1826200 --- [conference-backend] [           main] .s.d.r.c.RepositoryConfigurationDelegate : Finished Spring Data repository scanning in 8 ms. Found 2 JPA repository interfaces.
2026-09-30T13:16:08.194+02:00  INFO 1826200 --- [conference-backend] [           main] o.s.b.w.embedded.tomcat.TomcatWebServer  : Tomcat initialized with port 0 (http)
2026-09-30T13:16:08.195+02:00  INFO 1826200 --- [conference-backend] [           main] o.apache.catalina.core.StandardService   : Starting service [Tomcat]
2026-09-30T13:16:08.195+02:00  INFO 1826200 --- [conference-backend] [           main] o.apache.catalina.core.StandardEngine    : Starting Servlet engine: [Apache Tomcat/10.1.60]
2026-09-30T13:16:08.207+02:00  INFO 1826200 --- [conference-backend] [           main] o.a.c.c.C.[Tomcat-4].[localhost].[/]     : Initializing Spring embedded WebApplicationContext
2026-09-30T13:16:08.207+02:00  INFO 1826200 --- [conference-backend] [           main] w.s.c.ServletWebServerApplicationContext : Root WebApplicationContext: initialization completed in 233 ms
2026-09-30T13:16:08.295+02:00  INFO 1826200 --- [conference-backend] [           main] com.zaxxer.hikari.HikariDataSource       : HikariPool-20 - Starting...
2026-09-30T13:16:08.318+02:00  INFO 1826200 --- [conference-backend] [           main] com.zaxxer.hikari.pool.HikariPool        : HikariPool-20 - Added connection org.postgresql.jdbc.PgConnection@3ed806f8
2026-09-30T13:16:08.318+02:00  INFO 1826200 --- [conference-backend] [           main] com.zaxxer.hikari.HikariDataSource       : HikariPool-20 - Start completed.
2026-09-30T13:16:08.320+02:00  INFO 1826200 --- [conference-backend] [           main] org.flywaydb.core.FlywayExecutor         : Database: jdbc:postgresql://localhost:43417/conf_d577281755d3 (PostgreSQL 16.14)
2026-09-30T13:16:08.334+02:00  INFO 1826200 --- [conference-backend] [           main] o.f.c.i.s.JdbcTableSchemaHistory         : Schema history table "public"."flyway_schema_history" does not exist yet
2026-09-30T13:16:08.336+02:00  INFO 1826200 --- [conference-backend] [           main] o.f.core.internal.command.DbValidate     : Successfully validated 1 migration (execution time 00:00.004s)
2026-09-30T13:16:08.348+02:00  INFO 1826200 --- [conference-backend] [           main] o.f.c.i.s.JdbcTableSchemaHistory         : Creating Schema History table "public"."flyway_schema_history" ...
2026-09-30T13:16:08.380+02:00  INFO 1826200 --- [conference-backend] [           main] o.f.core.internal.command.DbMigrate      : Current version of schema "public": << Empty Schema >>
2026-09-30T13:16:08.386+02:00  INFO 1826200 --- [conference-backend] [           main] o.f.core.internal.command.DbMigrate      : Migrating schema "public" to version "1 - registration schema"
2026-09-30T13:16:08.428+02:00  INFO 1826200 --- [conference-backend] [           main] o.f.core.internal.command.DbMigrate      : Successfully applied 1 migration to schema "public", now at version v1 (execution time 00:00.020s)
2026-09-30T13:16:08.445+02:00  INFO 1826200 --- [conference-backend] [           main] o.hibernate.jpa.internal.util.LogHelper  : HHH000204: Processing PersistenceUnitInfo [name: default]
2026-09-30T13:16:08.447+02:00  INFO 1826200 --- [conference-backend] [           main] o.h.c.internal.RegionFactoryInitiator    : HHH000026: Second-level cache disabled
2026-09-30T13:16:08.453+02:00  INFO 1826200 --- [conference-backend] [           main] o.s.o.j.p.SpringPersistenceUnitInfo      : No LoadTimeWeaver setup: ignoring JPA class transformer
2026-09-30T13:16:08.460+02:00  INFO 1826200 --- [conference-backend] [           main] org.hibernate.orm.connections.pooling    : HHH10001005: Database info:
	Database JDBC URL [Connecting through datasource 'HikariDataSource (HikariPool-20)']
	Database driver: undefined/unknown
	Database version: 16.14
	Autocommit mode: undefined/unknown
	Isolation level: undefined/unknown
	Minimum pool size: undefined/unknown
	Maximum pool size: undefined/unknown
2026-09-30T13:16:08.511+02:00  INFO 1826200 --- [conference-backend] [           main] o.h.e.t.j.p.i.JtaPlatformInitiator       : HHH000489: No JTA platform available (set 'hibernate.transaction.jta.platform' to enable JTA platform integration)
2026-09-30T13:16:08.527+02:00  INFO 1826200 --- [conference-backend] [           main] j.LocalContainerEntityManagerFactoryBean : Initialized JPA EntityManagerFactory for persistence unit 'default'
2026-09-30T13:16:08.569+02:00  WARN 1826200 --- [conference-backend] [           main] ConfigServletWebServerApplicationContext : Exception encountered during context initialization - cancelling refresh attempt: org.springframework.beans.factory.UnsatisfiedDependencyException: Error creating bean with name 'catalogController' defined in file [/home/tjan-kazar/storage/Work/lab/agentic_lab/02_output/backend/target/classes/lab/conference/registration/CatalogController.class]: Unsatisfied dependency expressed through constructor parameter 0: Error creating bean with name 'catalog' defined in class path resource [lab/conference/options/OptionsConfig.class]: Failed to instantiate [lab.conference.options.Catalog]: Factory method 'catalog' threw exception with message: catalog file not found: CONFERENCE_CONFIG_PATH
2026-09-30T13:16:08.569+02:00  INFO 1826200 --- [conference-backend] [           main] j.LocalContainerEntityManagerFactoryBean : Closing JPA EntityManagerFactory for persistence unit 'default'
2026-09-30T13:16:08.569+02:00  INFO 1826200 --- [conference-backend] [           main] com.zaxxer.hikari.HikariDataSource       : HikariPool-20 - Shutdown initiated...
2026-09-30T13:16:08.607+02:00  INFO 1826200 --- [conference-backend] [           main] com.zaxxer.hikari.HikariDataSource       : HikariPool-20 - Shutdown completed.
2026-09-30T13:16:08.609+02:00  INFO 1826200 --- [conference-backend] [           main] o.apache.catalina.core.StandardService   : Stopping service [Tomcat]
2026-09-30T13:16:08.634+02:00  INFO 1826200 --- [conference-backend] [           main] .s.b.a.l.ConditionEvaluationReportLogger : 

Error starting ApplicationContext. To display the condition evaluation report re-run your application with 'debug' enabled.
2026-09-30T13:16:08.637+02:00 ERROR 1826200 --- [conference-backend] [           main] o.s.boot.SpringApplication               : Application run failed

org.springframework.beans.factory.UnsatisfiedDependencyException: Error creating bean with name 'catalogController' defined in file [/home/tjan-kazar/storage/Work/lab/agentic_lab/02_output/backend/target/classes/lab/conference/registration/CatalogController.class]: Unsatisfied dependency expressed through constructor parameter 0: Error creating bean with name 'catalog' defined in class path resource [lab/conference/options/OptionsConfig.class]: Failed to instantiate [lab.conference.options.Catalog]: Factory method 'catalog' threw exception with message: catalog file not found: CONFERENCE_CONFIG_PATH
	at org.springframework.beans.factory.support.ConstructorResolver.createArgumentArray(ConstructorResolver.java:804) ~[spring-beans-6.2.19.jar:6.2.19]
	at org.springframework.beans.factory.support.ConstructorResolver.autowireConstructor(ConstructorResolver.java:240) ~[spring-beans-6.2.19.jar:6.2.19]
	at org.springframework.beans.factory.support.AbstractAutowireCapableBeanFactory.autowireConstructor(AbstractAutowireCapableBeanFactory.java:1393) ~[spring-beans-6.2.19.jar:6.2.19]
	at org.springframework.beans.factory.support.AbstractAutowireCapableBeanFactory.createBeanInstance(AbstractAutowireCapableBeanFactory.java:1230) ~[spring-beans-6.2.19.jar:6.2.19]
	at org.springframework.beans.factory.support.AbstractAutowireCapableBeanFactory.doCreateBean(AbstractAutowireCapableBeanFactory.java:569) ~[spring-beans-6.2.19.jar:6.2.19]
	at org.springframework.beans.factory.support.AbstractAutowireCapableBeanFactory.createBean(AbstractAutowireCapableBeanFactory.java:529) ~[spring-beans-6.2.19.jar:6.2.19]
	at org.springframework.beans.factory.support.AbstractBeanFactory.lambda$doGetBean$0(AbstractBeanFactory.java:339) ~[spring-beans-6.2.19.jar:6.2.19]
	at org.springframework.beans.factory.support.DefaultSingletonBeanRegistry.getSingleton(DefaultSingletonBeanRegistry.java:373) ~[spring-beans-6.2.19.jar:6.2.19]
	at org.springframework.beans.factory.support.AbstractBeanFactory.doGetBean(AbstractBeanFactory.java:337) ~[spring-beans-6.2.19.jar:6.2.19]
	at org.springframework.beans.factory.support.AbstractBeanFactory.getBean(AbstractBeanFactory.java:202) ~[spring-beans-6.2.19.jar:6.2.19]
	at org.springframework.beans.factory.support.DefaultListableBeanFactory.instantiateSingleton(DefaultListableBeanFactory.java:1235) ~[spring-beans-6.2.19.jar:6.2.19]
	at org.springframework.beans.factory.support.DefaultListableBeanFactory.preInstantiateSingleton(DefaultListableBeanFactory.java:1201) ~[spring-beans-6.2.19.jar:6.2.19]
	at org.springframework.beans.factory.support.DefaultListableBeanFactory.preInstantiateSingletons(DefaultListableBeanFactory.java:1130) ~[spring-beans-6.2.19.jar:6.2.19]
	at org.springframework.context.support.AbstractApplicationContext.finishBeanFactoryInitialization(AbstractApplicationContext.java:991) ~[spring-context-6.2.19.jar:6.2.19]
	at org.springframework.context.support.AbstractApplicationContext.refresh(AbstractApplicationContext.java:628) ~[spring-context-6.2.19.jar:6.2.19]
	at org.springframework.boot.web.servlet.context.ServletWebServerApplicationContext.refresh(ServletWebServerApplicationContext.java:146) ~[spring-boot-3.5.16.jar:3.5.16]
	at org.springframework.boot.SpringApplication.refresh(SpringApplication.java:752) ~[spring-boot-3.5.16.jar:3.5.16]
	at org.springframework.boot.SpringApplication.refreshContext(SpringApplication.java:439) ~[spring-boot-3.5.16.jar:3.5.16]
	at org.springframework.boot.SpringApplication.run(SpringApplication.java:318) ~[spring-boot-3.5.16.jar:3.5.16]
	at org.springframework.boot.builder.SpringApplicationBuilder.run(SpringApplicationBuilder.java:149) ~[spring-boot-3.5.16.jar:3.5.16]
	at lab.conference.acceptance.support.AppInstance.start(AppInstance.java:78) ~[test-classes/:na]
	at org.assertj.core.api.ThrowableAssert.catchThrowable(ThrowableAssert.java:66) ~[assertj-core-3.27.7.jar:na]
	at org.assertj.core.api.AssertionsForClassTypes.catchThrowable(AssertionsForClassTypes.java:908) ~[assertj-core-3.27.7.jar:na]
	at org.assertj.core.api.Assertions.catchThrowable(Assertions.java:1476) ~[assertj-core-3.27.7.jar:na]
	at org.assertj.core.api.Assertions.assertThatThrownBy(Assertions.java:1319) ~[assertj-core-3.27.7.jar:na]
	at lab.conference.acceptance.CatalogAcceptanceTest.ac_003_03_missingCatalogFilePreventsStartup(CatalogAcceptanceTest.java:118) ~[test-classes/:na]
	at java.base/jdk.internal.reflect.DirectMethodHandleAccessor.invoke(DirectMethodHandleAccessor.java:103) ~[na:na]
	at java.base/java.lang.reflect.Method.invoke(Method.java:580) ~[na:na]
	at org.junit.platform.commons.util.ReflectionUtils.invokeMethod(ReflectionUtils.java:775) ~[junit-platform-commons-1.12.2.jar:1.12.2]
	at org.junit.platform.commons.support.ReflectionSupport.invokeMethod(ReflectionSupport.java:479) ~[junit-platform-commons-1.12.2.jar:1.12.2]
	at org.junit.jupiter.engine.execution.MethodInvocation.proceed(MethodInvocation.java:60) ~[junit-jupiter-engine-5.12.2.jar:5.12.2]
	at org.junit.jupiter.engine.execution.InvocationInterceptorChain$ValidatingInvocation.proceed(InvocationInterceptorChain.java:131) ~[junit-jupiter-engine-5.12.2.jar:5.12.2]
	at org.junit.jupiter.engine.extension.TimeoutExtension.intercept(TimeoutExtension.java:161) ~[junit-jupiter-engine-5.12.2.jar:5.12.2]
	at org.junit.jupiter.engine.extension.TimeoutExtension.interceptTestableMethod(TimeoutExtension.java:152) ~[junit-jupiter-engine-5.12.2.jar:5.12.2]
	at org.junit.jupiter.engine.extension.TimeoutExtension.interceptTestMethod(TimeoutExtension.java:91) ~[junit-jupiter-engine-5.12.2.jar:5.12.2]
	at org.junit.jupiter.engine.execution.InterceptingExecutableInvoker$ReflectiveInterceptorCall.lambda$ofVoidMethod$0(InterceptingExecutableInvoker.java:112) ~[junit-jupiter-engine-5.12.2.jar:5.12.2]
	at org.junit.jupiter.engine.execution.InterceptingExecutableInvoker.lambda$invoke$0(InterceptingExecutableInvoker.java:94) ~[junit-jupiter-engine-5.12.2.jar:5.12.2]
	at org.junit.jupiter.engine.execution.InvocationInterceptorChain$InterceptedInvocation.proceed(InvocationInterceptorChain.java:106) ~[junit-jupiter-engine-5.12.2.jar:5.12.2]
	at org.junit.jupiter.engine.execution.InvocationInterceptorChain.proceed(InvocationInterceptorChain.java:64) ~[junit-jupiter-engine-5.12.2.jar:5.12.2]
	at org.junit.jupiter.engine.execution.InvocationInterceptorChain.chainAndInvoke(InvocationInterceptorChain.java:45) ~[junit-jupiter-engine-5.12.2.jar:5.12.2]
	at org.junit.jupiter.engine.execution.InvocationInterceptorChain.invoke(InvocationInterceptorChain.java:37) ~[junit-jupiter-engine-5.12.2.jar:5.12.2]
	at org.junit.jupiter.engine.execution.InterceptingExecutableInvoker.invoke(InterceptingExecutableInvoker.java:93) ~[junit-jupiter-engine-5.12.2.jar:5.12.2]
	at org.junit.jupiter.engine.execution.InterceptingExecutableInvoker.invoke(InterceptingExecutableInvoker.java:87) ~[junit-jupiter-engine-5.12.2.jar:5.12.2]
	at org.junit.jupiter.engine.descriptor.TestMethodTestDescriptor.lambda$invokeTestMethod$7(TestMethodTestDescriptor.java:216) ~[junit-jupiter-engine-5.12.2.jar:5.12.2]
	at org.junit.platform.engine.support.hierarchical.ThrowableCollector.execute(ThrowableCollector.java:73) ~[junit-platform-engine-1.12.2.jar:1.12.2]
	at org.junit.jupiter.engine.descriptor.TestMethodTestDescriptor.invokeTestMethod(TestMethodTestDescriptor.java:212) ~[junit-jupiter-engine-5.12.2.jar:5.12.2]
	at org.junit.jupiter.engine.descriptor.TestMethodTestDescriptor.execute(TestMethodTestDescriptor.java:137) ~[junit-jupiter-engine-5.12.2.jar:5.12.2]
	at org.junit.jupiter.engine.descriptor.TestMethodTestDescriptor.execute(TestMethodTestDescriptor.java:69) ~[junit-jupiter-engine-5.12.2.jar:5.12.2]
	at org.junit.platform.engine.support.hierarchical.NodeTestTask.lambda$executeRecursively$6(NodeTestTask.java:156) ~[junit-platform-engine-1.12.2.jar:1.12.2]
	at org.junit.platform.engine.support.hierarchical.ThrowableCollector.execute(ThrowableCollector.java:73) ~[junit-platform-engine-1.12.2.jar:1.12.2]
	at org.junit.platform.engine.support.hierarchical.NodeTestTask.lambda$executeRecursively$8(NodeTestTask.java:146) ~[junit-platform-engine-1.12.2.jar:1.12.2]
	at org.junit.platform.engine.support.hierarchical.Node.around(Node.java:137) ~[junit-platform-engine-1.12.2.jar:1.12.2]
	at org.junit.platform.engine.support.hierarchical.NodeTestTask.lambda$executeRecursively$9(NodeTestTask.java:144) ~[junit-platform-engine-1.12.2.jar:1.12.2]
	at org.junit.platform.engine.support.hierarchical.ThrowableCollector.execute(ThrowableCollector.java:73) ~[junit-platform-engine-1.12.2.jar:1.12.2]
	at org.junit.platform.engine.support.hierarchical.NodeTestTask.executeRecursively(NodeTestTask.java:143) ~[junit-platform-engine-1.12.2.jar:1.12.2]
	at org.junit.platform.engine.support.hierarchical.NodeTestTask.execute(NodeTestTask.java:100) ~[junit-platform-engine-1.12.2.jar:1.12.2]
	at java.base/java.util.ArrayList.forEach(ArrayList.java:1596) ~[na:na]
	at org.junit.platform.engine.support.hierarchical.SameThreadHierarchicalTestExecutorService.invokeAll(SameThreadHierarchicalTestExecutorService.java:41) ~[junit-platform-engine-1.12.2.jar:1.12.2]
	at org.junit.platform.engine.support.hierarchical.NodeTestTask.lambda$executeRecursively$6(NodeTestTask.java:160) ~[junit-platform-engine-1.12.2.jar:1.12.2]
	at org.junit.platform.engine.support.hierarchical.ThrowableCollector.execute(ThrowableCollector.java:73) ~[junit-platform-engine-1.12.2.jar:1.12.2]
	at org.junit.platform.engine.support.hierarchical.NodeTestTask.lambda$executeRecursively$8(NodeTestTask.java:146) ~[junit-platform-engine-1.12.2.jar:1.12.2]
	at org.junit.platform.engine.support.hierarchical.Node.around(Node.java:137) ~[junit-platform-engine-1.12.2.jar:1.12.2]
	at org.junit.platform.engine.support.hierarchical.NodeTestTask.lambda$executeRecursively$9(NodeTestTask.java:144) ~[junit-platform-engine-1.12.2.jar:1.12.2]
	at org.junit.platform.engine.support.hierarchical.ThrowableCollector.execute(ThrowableCollector.java:73) ~[junit-platform-engine-1.12.2.jar:1.12.2]
	at org.junit.platform.engine.support.hierarchical.NodeTestTask.executeRecursively(NodeTestTask.java:143) ~[junit-platform-engine-1.12.2.jar:1.12.2]
	at org.junit.platform.engine.support.hierarchical.NodeTestTask.execute(NodeTestTask.java:100) ~[junit-platform-engine-1.12.2.jar:1.12.2]
	at java.base/java.util.ArrayList.forEach(ArrayList.java:1596) ~[na:na]
	at org.junit.platform.engine.support.hierarchical.SameThreadHierarchicalTestExecutorService.invokeAll(SameThreadHierarchicalTestExecutorService.java:41) ~[junit-platform-engine-1.12.2.jar:1.12.2]
	at org.junit.platform.engine.support.hierarchical.NodeTestTask.lambda$executeRecursively$6(NodeTestTask.java:160) ~[junit-platform-engine-1.12.2.jar:1.12.2]
	at org.junit.platform.engine.support.hierarchical.ThrowableCollector.execute(ThrowableCollector.java:73) ~[junit-platform-engine-1.12.2.jar:1.12.2]
	at org.junit.platform.engine.support.hierarchical.NodeTestTask.lambda$executeRecursively$8(NodeTestTask.java:146) ~[junit-platform-engine-1.12.2.jar:1.12.2]
	at org.junit.platform.engine.support.hierarchical.Node.around(Node.java:137) ~[junit-platform-engine-1.12.2.jar:1.12.2]
	at org.junit.platform.engine.support.hierarchical.NodeTestTask.lambda$executeRecursively$9(NodeTestTask.java:144) ~[junit-platform-engine-1.12.2.jar:1.12.2]
	at org.junit.platform.engine.support.hierarchical.ThrowableCollector.execute(ThrowableCollector.java:73) ~[junit-platform-engine-1.12.2.jar:1.12.2]
	at org.junit.platform.engine.support.hierarchical.NodeTestTask.executeRecursively(NodeTestTask.java:143) ~[junit-platform-engine-1.12.2.jar:1.12.2]
	at org.junit.platform.engine.support.hierarchical.NodeTestTask.execute(NodeTestTask.java:100) ~[junit-platform-engine-1.12.2.jar:1.12.2]
	at org.junit.platform.engine.support.hierarchical.SameThreadHierarchicalTestExecutorService.submit(SameThreadHierarchicalTestExecutorService.java:35) ~[junit-platform-engine-1.12.2.jar:1.12.2]
	at org.junit.platform.engine.support.hierarchical.HierarchicalTestExecutor.execute(HierarchicalTestExecutor.java:57) ~[junit-platform-engine-1.12.2.jar:1.12.2]
	at org.junit.platform.engine.support.hierarchical.HierarchicalTestEngine.execute(HierarchicalTestEngine.java:54) ~[junit-platform-engine-1.12.2.jar:1.12.2]
	at org.junit.platform.launcher.core.EngineExecutionOrchestrator.execute(EngineExecutionOrchestrator.java:201) ~[junit-platform-launcher-1.12.2.jar:1.12.2]
	at org.junit.platform.launcher.core.EngineExecutionOrchestrator.execute(EngineExecutionOrchestrator.java:170) ~[junit-platform-launcher-1.12.2.jar:1.12.2]
	at org.junit.platform.launcher.core.EngineExecutionOrchestrator.execute(EngineExecutionOrchestrator.java:94) ~[junit-platform-launcher-1.12.2.jar:1.12.2]
	at org.junit.platform.launcher.core.EngineExecutionOrchestrator.lambda$execute$0(EngineExecutionOrchestrator.java:59) ~[junit-platform-launcher-1.12.2.jar:1.12.2]
	at org.junit.platform.launcher.core.EngineExecutionOrchestrator.withInterceptedStreams(EngineExecutionOrchestrator.java:142) ~[junit-platform-launcher-1.12.2.jar:1.12.2]
	at org.junit.platform.launcher.core.EngineExecutionOrchestrator.execute(EngineExecutionOrchestrator.java:58) ~[junit-platform-launcher-1.12.2.jar:1.12.2]
	at org.junit.platform.launcher.core.DefaultLauncher.execute(DefaultLauncher.java:103) ~[junit-platform-launcher-1.12.2.jar:1.12.2]
	at org.junit.platform.launcher.core.DefaultLauncher.execute(DefaultLauncher.java:85) ~[junit-platform-launcher-1.12.2.jar:1.12.2]
	at org.junit.platform.launcher.core.DelegatingLauncher.execute(DelegatingLauncher.java:47) ~[junit-platform-launcher-1.12.2.jar:1.12.2]
	at org.junit.platform.launcher.core.InterceptingLauncher.lambda$execute$1(InterceptingLauncher.java:39) ~[junit-platform-launcher-1.12.2.jar:1.12.2]
	at org.junit.platform.launcher.core.ClasspathAlignmentCheckingLauncherInterceptor.intercept(ClasspathAlignmentCheckingLauncherInterceptor.java:25) ~[junit-platform-launcher-1.12.2.jar:1.12.2]
	at org.junit.platform.launcher.core.InterceptingLauncher.execute(InterceptingLauncher.java:38) ~[junit-platform-launcher-1.12.2.jar:1.12.2]
	at org.junit.platform.launcher.core.DelegatingLauncher.execute(DelegatingLauncher.java:47) ~[junit-platform-launcher-1.12.2.jar:1.12.2]
	at org.apache.maven.surefire.junitplatform.LauncherAdapter.executeWithoutCancellationToken(LauncherAdapter.java:60) ~[surefire-junit-platform-3.5.6.jar:3.5.6]
	at org.apache.maven.surefire.junitplatform.LauncherAdapter.execute(LauncherAdapter.java:52) ~[surefire-junit-platform-3.5.6.jar:3.5.6]
	at org.apache.maven.surefire.junitplatform.JUnitPlatformProvider.execute(JUnitPlatformProvider.java:203) ~[surefire-junit-platform-3.5.6.jar:3.5.6]
	at org.apache.maven.surefire.junitplatform.JUnitPlatformProvider.invokeAllTests(JUnitPlatformProvider.java:168) ~[surefire-junit-platform-3.5.6.jar:3.5.6]
	at org.apache.maven.surefire.junitplatform.JUnitPlatformProvider.invoke(JUnitPlatformProvider.java:136) ~[surefire-junit-platform-3.5.6.jar:3.5.6]
	at org.apache.maven.surefire.booter.ForkedBooter.runSuitesInProcess(ForkedBooter.java:385) ~[surefire-booter-3.5.6.jar:3.5.6]
	at org.apache.maven.surefire.booter.ForkedBooter.execute(ForkedBooter.java:162) ~[surefire-booter-3.5.6.jar:3.5.6]
	at org.apache.maven.surefire.booter.ForkedBooter.run(ForkedBooter.java:507) ~[surefire-booter-3.5.6.jar:3.5.6]
	at org.apache.maven.surefire.booter.ForkedBooter.main(ForkedBooter.java:495) ~[surefire-booter-3.5.6.jar:3.5.6]
Caused by: org.springframework.beans.factory.BeanCreationException: Error creating bean with name 'catalog' defined in class path resource [lab/conference/options/OptionsConfig.class]: Failed to instantiate [lab.conference.options.Catalog]: Factory method 'catalog' threw exception with message: catalog file not found: CONFERENCE_CONFIG_PATH
	at org.springframework.beans.factory.support.ConstructorResolver.instantiate(ConstructorResolver.java:657) ~[spring-beans-6.2.19.jar:6.2.19]
	at org.springframework.beans.factory.support.ConstructorResolver.instantiateUsingFactoryMethod(ConstructorResolver.java:645) ~[spring-beans-6.2.19.jar:6.2.19]
	at org.springframework.beans.factory.support.AbstractAutowireCapableBeanFactory.instantiateUsingFactoryMethod(AbstractAutowireCapableBeanFactory.java:1373) ~[spring-beans-6.2.19.jar:6.2.19]
	at org.springframework.beans.factory.support.AbstractAutowireCapableBeanFactory.createBeanInstance(AbstractAutowireCapableBeanFactory.java:1203) ~[spring-beans-6.2.19.jar:6.2.19]
	at org.springframework.beans.factory.support.AbstractAutowireCapableBeanFactory.doCreateBean(AbstractAutowireCapableBeanFactory.java:569) ~[spring-beans-6.2.19.jar:6.2.19]
	at org.springframework.beans.factory.support.AbstractAutowireCapableBeanFactory.createBean(AbstractAutowireCapableBeanFactory.java:529) ~[spring-beans-6.2.19.jar:6.2.19]
	at org.springframework.beans.factory.support.AbstractBeanFactory.lambda$doGetBean$0(AbstractBeanFactory.java:339) ~[spring-beans-6.2.19.jar:6.2.19]
	at org.springframework.beans.factory.support.DefaultSingletonBeanRegistry.getSingleton(DefaultSingletonBeanRegistry.java:373) ~[spring-beans-6.2.19.jar:6.2.19]
	at org.springframework.beans.factory.support.AbstractBeanFactory.doGetBean(AbstractBeanFactory.java:337) ~[spring-beans-6.2.19.jar:6.2.19]
	at org.springframework.beans.factory.support.AbstractBeanFactory.getBean(AbstractBeanFactory.java:202) ~[spring-beans-6.2.19.jar:6.2.19]
	at org.springframework.beans.factory.support.DefaultListableBeanFactory.doResolveDependency(DefaultListableBeanFactory.java:1715) ~[spring-beans-6.2.19.jar:6.2.19]
	at org.springframework.beans.factory.support.DefaultListableBeanFactory.resolveDependency(DefaultListableBeanFactory.java:1660) ~[spring-beans-6.2.19.jar:6.2.19]
	at org.springframework.beans.factory.support.ConstructorResolver.resolveAutowiredArgument(ConstructorResolver.java:913) ~[spring-beans-6.2.19.jar:6.2.19]
	at org.springframework.beans.factory.support.ConstructorResolver.createArgumentArray(ConstructorResolver.java:791) ~[spring-beans-6.2.19.jar:6.2.19]
	... 100 common frames omitted
Caused by: org.springframework.beans.BeanInstantiationException: Failed to instantiate [lab.conference.options.Catalog]: Factory method 'catalog' threw exception with message: catalog file not found: CONFERENCE_CONFIG_PATH
	at org.springframework.beans.factory.support.SimpleInstantiationStrategy.lambda$instantiate$0(SimpleInstantiationStrategy.java:200) ~[spring-beans-6.2.19.jar:6.2.19]
	at org.springframework.beans.factory.support.SimpleInstantiationStrategy.instantiateWithFactoryMethod(SimpleInstantiationStrategy.java:89) ~[spring-beans-6.2.19.jar:6.2.19]
	at org.springframework.beans.factory.support.SimpleInstantiationStrategy.instantiate(SimpleInstantiationStrategy.java:169) ~[spring-beans-6.2.19.jar:6.2.19]
	at org.springframework.beans.factory.support.ConstructorResolver.instantiate(ConstructorResolver.java:653) ~[spring-beans-6.2.19.jar:6.2.19]
	... 113 common frames omitted
Caused by: lab.conference.options.InvalidCatalogException: catalog file not found: CONFERENCE_CONFIG_PATH
	at lab.conference.options.CatalogLoader.load(CatalogLoader.java:32) ~[classes/:na]
	at lab.conference.options.OptionsConfig.catalog(OptionsConfig.java:17) ~[classes/:na]
	at lab.conference.options.OptionsConfig$$SpringCGLIB$$0.CGLIB$catalog$0(<generated>) ~[classes/:na]
	at lab.conference.options.OptionsConfig$$SpringCGLIB$$FastClass$$1.invoke(<generated>) ~[classes/:na]
	at org.springframework.cglib.proxy.MethodProxy.invokeSuper(MethodProxy.java:258) ~[spring-core-6.2.19.jar:6.2.19]
	at org.springframework.context.annotation.ConfigurationClassEnhancer$BeanMethodInterceptor.intercept(ConfigurationClassEnhancer.java:400) ~[spring-context-6.2.19.jar:6.2.19]
	at lab.conference.options.OptionsConfig$$SpringCGLIB$$0.catalog(<generated>) ~[classes/:na]
	at java.base/jdk.internal.reflect.DirectMethodHandleAccessor.invoke(DirectMethodHandleAccessor.java:103) ~[na:na]
	at java.base/java.lang.reflect.Method.invoke(Method.java:580) ~[na:na]
	at org.springframework.beans.factory.support.SimpleInstantiationStrategy.lambda$instantiate$0(SimpleInstantiationStrategy.java:172) ~[spring-beans-6.2.19.jar:6.2.19]
	... 116 common frames omitted

2026-09-30T13:16:09.059+02:00  INFO 1826200 --- [conference-backend] [           main] o.a.maven.surefire.booter.ForkedBooter   : Starting ForkedBooter v3.5.6 using Java 21.0.12 with PID 1826200 (started by tjan-kazar in /home/tjan-kazar/storage/Work/lab/agentic_lab/02_output/backend)
2026-09-30T13:16:09.059+02:00  INFO 1826200 --- [conference-backend] [           main] o.a.maven.surefire.booter.ForkedBooter   : No active profile set, falling back to 1 default profile: "default"
2026-09-30T13:16:09.191+02:00  INFO 1826200 --- [conference-backend] [           main] .s.d.r.c.RepositoryConfigurationDelegate : Bootstrapping Spring Data JPA repositories in DEFAULT mode.
2026-09-30T13:16:09.199+02:00  INFO 1826200 --- [conference-backend] [           main] .s.d.r.c.RepositoryConfigurationDelegate : Finished Spring Data repository scanning in 7 ms. Found 2 JPA repository interfaces.
2026-09-30T13:16:09.265+02:00  INFO 1826200 --- [conference-backend] [           main] o.s.b.w.embedded.tomcat.TomcatWebServer  : Tomcat initialized with port 0 (http)
2026-09-30T13:16:09.266+02:00  INFO 1826200 --- [conference-backend] [           main] o.apache.catalina.core.StandardService   : Starting service [Tomcat]
2026-09-30T13:16:09.266+02:00  INFO 1826200 --- [conference-backend] [           main] o.apache.catalina.core.StandardEngine    : Starting Servlet engine: [Apache Tomcat/10.1.60]
2026-09-30T13:16:09.276+02:00  INFO 1826200 --- [conference-backend] [           main] o.a.c.c.C.[Tomcat-5].[localhost].[/]     : Initializing Spring embedded WebApplicationContext
2026-09-30T13:16:09.276+02:00  INFO 1826200 --- [conference-backend] [           main] w.s.c.ServletWebServerApplicationContext : Root WebApplicationContext: initialization completed in 216 ms
2026-09-30T13:16:09.333+02:00  INFO 1826200 --- [conference-backend] [           main] com.zaxxer.hikari.HikariDataSource       : HikariPool-21 - Starting...
2026-09-30T13:16:09.354+02:00  INFO 1826200 --- [conference-backend] [           main] com.zaxxer.hikari.pool.HikariPool        : HikariPool-21 - Added connection org.postgresql.jdbc.PgConnection@6f83a855
2026-09-30T13:16:09.355+02:00  INFO 1826200 --- [conference-backend] [           main] com.zaxxer.hikari.HikariDataSource       : HikariPool-21 - Start completed.
2026-09-30T13:16:09.356+02:00  INFO 1826200 --- [conference-backend] [           main] org.flywaydb.core.FlywayExecutor         : Database: jdbc:postgresql://localhost:43417/conf_78f8e44ff50f (PostgreSQL 16.14)
2026-09-30T13:16:09.372+02:00  INFO 1826200 --- [conference-backend] [           main] o.f.c.i.s.JdbcTableSchemaHistory         : Schema history table "public"."flyway_schema_history" does not exist yet
2026-09-30T13:16:09.373+02:00  INFO 1826200 --- [conference-backend] [           main] o.f.core.internal.command.DbValidate     : Successfully validated 1 migration (execution time 00:00.004s)
2026-09-30T13:16:09.387+02:00  INFO 1826200 --- [conference-backend] [           main] o.f.c.i.s.JdbcTableSchemaHistory         : Creating Schema History table "public"."flyway_schema_history" ...
2026-09-30T13:16:09.424+02:00  INFO 1826200 --- [conference-backend] [           main] o.f.core.internal.command.DbMigrate      : Current version of schema "public": << Empty Schema >>
2026-09-30T13:16:09.430+02:00  INFO 1826200 --- [conference-backend] [           main] o.f.core.internal.command.DbMigrate      : Migrating schema "public" to version "1 - registration schema"
2026-09-30T13:16:09.463+02:00  INFO 1826200 --- [conference-backend] [           main] o.f.core.internal.command.DbMigrate      : Successfully applied 1 migration to schema "public", now at version v1 (execution time 00:00.019s)
2026-09-30T13:16:09.482+02:00  INFO 1826200 --- [conference-backend] [           main] o.hibernate.jpa.internal.util.LogHelper  : HHH000204: Processing PersistenceUnitInfo [name: default]
2026-09-30T13:16:09.484+02:00  INFO 1826200 --- [conference-backend] [           main] o.h.c.internal.RegionFactoryInitiator    : HHH000026: Second-level cache disabled
2026-09-30T13:16:09.490+02:00  INFO 1826200 --- [conference-backend] [           main] o.s.o.j.p.SpringPersistenceUnitInfo      : No LoadTimeWeaver setup: ignoring JPA class transformer
2026-09-30T13:16:09.497+02:00  INFO 1826200 --- [conference-backend] [           main] org.hibernate.orm.connections.pooling    : HHH10001005: Database info:
	Database JDBC URL [Connecting through datasource 'HikariDataSource (HikariPool-21)']
	Database driver: undefined/unknown
	Database version: 16.14
	Autocommit mode: undefined/unknown
	Isolation level: undefined/unknown
	Minimum pool size: undefined/unknown
	Maximum pool size: undefined/unknown
2026-09-30T13:16:09.546+02:00  INFO 1826200 --- [conference-backend] [           main] o.h.e.t.j.p.i.JtaPlatformInitiator       : HHH000489: No JTA platform available (set 'hibernate.transaction.jta.platform' to enable JTA platform integration)
2026-09-30T13:16:09.564+02:00  INFO 1826200 --- [conference-backend] [           main] j.LocalContainerEntityManagerFactoryBean : Initialized JPA EntityManagerFactory for persistence unit 'default'
2026-09-30T13:16:09.629+02:00  INFO 1826200 --- [conference-backend] [           main] r$InitializeUserDetailsManagerConfigurer : Global AuthenticationManager configured with UserDetailsService bean with name organizer
2026-09-30T13:16:09.698+02:00  INFO 1826200 --- [conference-backend] [           main] o.s.b.a.e.web.EndpointLinksResolver      : Exposing 1 endpoint beneath base path '/actuator'
2026-09-30T13:16:09.768+02:00  INFO 1826200 --- [conference-backend] [           main] o.s.b.w.embedded.tomcat.TomcatWebServer  : Tomcat started on port 43645 (http) with context path '/'
2026-09-30T13:16:09.774+02:00  INFO 1826200 --- [conference-backend] [           main] o.a.maven.surefire.booter.ForkedBooter   : Started ForkedBooter in 0.732 seconds (process running for 268.328)
2026-09-30T13:16:09.785+02:00  INFO 1826200 --- [conference-backend] [-auto-21-exec-1] o.a.c.c.C.[Tomcat-5].[localhost].[/]     : Initializing Spring DispatcherServlet 'dispatcherServlet'
2026-09-30T13:16:09.785+02:00  INFO 1826200 --- [conference-backend] [-auto-21-exec-1] o.s.web.servlet.DispatcherServlet        : Initializing Servlet 'dispatcherServlet'
2026-09-30T13:16:09.786+02:00  INFO 1826200 --- [conference-backend] [-auto-21-exec-1] o.s.web.servlet.DispatcherServlet        : Completed initialization in 1 ms
2026-09-30T13:16:09.839+02:00  INFO 1826200 --- [conference-backend] [-auto-21-exec-3] l.c.registration.RegistrationService     : Registration 128bcc9f-ec6a-4575-ace6-713b39252371 accepted (student)
2026-09-30T13:16:09.841+02:00  INFO 1826200 --- [conference-backend] [           main] o.s.b.w.e.tomcat.GracefulShutdown        : Commencing graceful shutdown. Waiting for active requests to complete
2026-09-30T13:16:09.842+02:00  INFO 1826200 --- [conference-backend] [tomcat-shutdown] o.s.b.w.e.tomcat.GracefulShutdown        : Graceful shutdown complete
2026-09-30T13:16:09.844+02:00  INFO 1826200 --- [conference-backend] [           main] j.LocalContainerEntityManagerFactoryBean : Closing JPA EntityManagerFactory for persistence unit 'default'
2026-09-30T13:16:09.844+02:00  INFO 1826200 --- [conference-backend] [           main] com.zaxxer.hikari.HikariDataSource       : HikariPool-21 - Shutdown initiated...
2026-09-30T13:16:09.846+02:00  INFO 1826200 --- [conference-backend] [           main] com.zaxxer.hikari.HikariDataSource       : HikariPool-21 - Shutdown completed.
2026-09-30T13:16:10.027+02:00  INFO 1826200 --- [conference-backend] [           main] o.a.maven.surefire.booter.ForkedBooter   : Starting ForkedBooter v3.5.6 using Java 21.0.12 with PID 1826200 (started by tjan-kazar in /home/tjan-kazar/storage/Work/lab/agentic_lab/02_output/backend)
2026-09-30T13:16:10.027+02:00  INFO 1826200 --- [conference-backend] [           main] o.a.maven.surefire.booter.ForkedBooter   : No active profile set, falling back to 1 default profile: "default"
2026-09-30T13:16:10.148+02:00  INFO 1826200 --- [conference-backend] [           main] .s.d.r.c.RepositoryConfigurationDelegate : Bootstrapping Spring Data JPA repositories in DEFAULT mode.
2026-09-30T13:16:10.155+02:00  INFO 1826200 --- [conference-backend] [           main] .s.d.r.c.RepositoryConfigurationDelegate : Finished Spring Data repository scanning in 6 ms. Found 2 JPA repository interfaces.
2026-09-30T13:16:10.199+02:00  INFO 1826200 --- [conference-backend] [           main] o.s.b.w.embedded.tomcat.TomcatWebServer  : Tomcat initialized with port 0 (http)
2026-09-30T13:16:10.201+02:00  INFO 1826200 --- [conference-backend] [           main] o.apache.catalina.core.StandardService   : Starting service [Tomcat]
2026-09-30T13:16:10.201+02:00  INFO 1826200 --- [conference-backend] [           main] o.apache.catalina.core.StandardEngine    : Starting Servlet engine: [Apache Tomcat/10.1.60]
2026-09-30T13:16:10.209+02:00  INFO 1826200 --- [conference-backend] [           main] o.a.c.c.C.[Tomcat-5].[localhost].[/]     : Initializing Spring embedded WebApplicationContext
2026-09-30T13:16:10.209+02:00  INFO 1826200 --- [conference-backend] [           main] w.s.c.ServletWebServerApplicationContext : Root WebApplicationContext: initialization completed in 181 ms
2026-09-30T13:16:10.256+02:00  INFO 1826200 --- [conference-backend] [           main] com.zaxxer.hikari.HikariDataSource       : HikariPool-22 - Starting...
2026-09-30T13:16:10.283+02:00  INFO 1826200 --- [conference-backend] [           main] com.zaxxer.hikari.pool.HikariPool        : HikariPool-22 - Added connection org.postgresql.jdbc.PgConnection@4a9713dc
2026-09-30T13:16:10.283+02:00  INFO 1826200 --- [conference-backend] [           main] com.zaxxer.hikari.HikariDataSource       : HikariPool-22 - Start completed.
2026-09-30T13:16:10.285+02:00  INFO 1826200 --- [conference-backend] [           main] org.flywaydb.core.FlywayExecutor         : Database: jdbc:postgresql://localhost:43417/conf_e732daee3e2c (PostgreSQL 16.14)
2026-09-30T13:16:10.296+02:00  INFO 1826200 --- [conference-backend] [           main] o.f.c.i.s.JdbcTableSchemaHistory         : Schema history table "public"."flyway_schema_history" does not exist yet
2026-09-30T13:16:10.297+02:00  INFO 1826200 --- [conference-backend] [           main] o.f.core.internal.command.DbValidate     : Successfully validated 1 migration (execution time 00:00.003s)
2026-09-30T13:16:10.307+02:00  INFO 1826200 --- [conference-backend] [           main] o.f.c.i.s.JdbcTableSchemaHistory         : Creating Schema History table "public"."flyway_schema_history" ...
2026-09-30T13:16:10.335+02:00  INFO 1826200 --- [conference-backend] [           main] o.f.core.internal.command.DbMigrate      : Current version of schema "public": << Empty Schema >>
2026-09-30T13:16:10.349+02:00  INFO 1826200 --- [conference-backend] [           main] o.f.core.internal.command.DbMigrate      : Migrating schema "public" to version "1 - registration schema"
2026-09-30T13:16:10.373+02:00  INFO 1826200 --- [conference-backend] [           main] o.f.core.internal.command.DbMigrate      : Successfully applied 1 migration to schema "public", now at version v1 (execution time 00:00.017s)
2026-09-30T13:16:10.385+02:00  INFO 1826200 --- [conference-backend] [           main] o.hibernate.jpa.internal.util.LogHelper  : HHH000204: Processing PersistenceUnitInfo [name: default]
2026-09-30T13:16:10.386+02:00  INFO 1826200 --- [conference-backend] [           main] o.h.c.internal.RegionFactoryInitiator    : HHH000026: Second-level cache disabled
2026-09-30T13:16:10.392+02:00  INFO 1826200 --- [conference-backend] [           main] o.s.o.j.p.SpringPersistenceUnitInfo      : No LoadTimeWeaver setup: ignoring JPA class transformer
2026-09-30T13:16:10.398+02:00  INFO 1826200 --- [conference-backend] [           main] org.hibernate.orm.connections.pooling    : HHH10001005: Database info:
	Database JDBC URL [Connecting through datasource 'HikariDataSource (HikariPool-22)']
	Database driver: undefined/unknown
	Database version: 16.14
	Autocommit mode: undefined/unknown
	Isolation level: undefined/unknown
	Minimum pool size: undefined/unknown
	Maximum pool size: undefined/unknown
2026-09-30T13:16:10.437+02:00  INFO 1826200 --- [conference-backend] [           main] o.h.e.t.j.p.i.JtaPlatformInitiator       : HHH000489: No JTA platform available (set 'hibernate.transaction.jta.platform' to enable JTA platform integration)
2026-09-30T13:16:10.452+02:00  INFO 1826200 --- [conference-backend] [           main] j.LocalContainerEntityManagerFactoryBean : Initialized JPA EntityManagerFactory for persistence unit 'default'
2026-09-30T13:16:10.506+02:00  INFO 1826200 --- [conference-backend] [           main] r$InitializeUserDetailsManagerConfigurer : Global AuthenticationManager configured with UserDetailsService bean with name organizer
2026-09-30T13:16:10.565+02:00  INFO 1826200 --- [conference-backend] [           main] o.s.b.a.e.web.EndpointLinksResolver      : Exposing 1 endpoint beneath base path '/actuator'
2026-09-30T13:16:10.625+02:00  INFO 1826200 --- [conference-backend] [           main] o.s.b.w.embedded.tomcat.TomcatWebServer  : Tomcat started on port 35955 (http) with context path '/'
2026-09-30T13:16:10.630+02:00  INFO 1826200 --- [conference-backend] [           main] o.a.maven.surefire.booter.ForkedBooter   : Started ForkedBooter in 0.619 seconds (process running for 269.184)
2026-09-30T13:16:10.637+02:00  INFO 1826200 --- [conference-backend] [-auto-22-exec-1] o.a.c.c.C.[Tomcat-5].[localhost].[/]     : Initializing Spring DispatcherServlet 'dispatcherServlet'
2026-09-30T13:16:10.638+02:00  INFO 1826200 --- [conference-backend] [-auto-22-exec-1] o.s.web.servlet.DispatcherServlet        : Initializing Servlet 'dispatcherServlet'
2026-09-30T13:16:10.638+02:00  INFO 1826200 --- [conference-backend] [-auto-22-exec-1] o.s.web.servlet.DispatcherServlet        : Completed initialization in 0 ms
2026-09-30T13:16:10.670+02:00  INFO 1826200 --- [conference-backend] [-auto-22-exec-1] l.c.registration.RegistrationService     : Registration bed5525b-0df8-475c-8744-22ce3cfad5bf accepted (external)
2026-09-30T13:16:10.674+02:00  INFO 1826200 --- [conference-backend] [           main] o.s.b.w.e.tomcat.GracefulShutdown        : Commencing graceful shutdown. Waiting for active requests to complete
2026-09-30T13:16:10.675+02:00  INFO 1826200 --- [conference-backend] [tomcat-shutdown] o.s.b.w.e.tomcat.GracefulShutdown        : Graceful shutdown complete
2026-09-30T13:16:10.676+02:00  INFO 1826200 --- [conference-backend] [           main] j.LocalContainerEntityManagerFactoryBean : Closing JPA EntityManagerFactory for persistence unit 'default'
2026-09-30T13:16:10.677+02:00  INFO 1826200 --- [conference-backend] [           main] com.zaxxer.hikari.HikariDataSource       : HikariPool-22 - Shutdown initiated...
2026-09-30T13:16:10.704+02:00  INFO 1826200 --- [conference-backend] [           main] com.zaxxer.hikari.HikariDataSource       : HikariPool-22 - Shutdown completed.
2026-09-30T13:16:10.803+02:00  INFO 1826200 --- [conference-backend] [           main] o.a.maven.surefire.booter.ForkedBooter   : Starting ForkedBooter v3.5.6 using Java 21.0.12 with PID 1826200 (started by tjan-kazar in /home/tjan-kazar/storage/Work/lab/agentic_lab/02_output/backend)
2026-09-30T13:16:10.803+02:00  INFO 1826200 --- [conference-backend] [           main] o.a.maven.surefire.booter.ForkedBooter   : No active profile set, falling back to 1 default profile: "default"
2026-09-30T13:16:10.945+02:00  INFO 1826200 --- [conference-backend] [           main] .s.d.r.c.RepositoryConfigurationDelegate : Bootstrapping Spring Data JPA repositories in DEFAULT mode.
2026-09-30T13:16:10.952+02:00  INFO 1826200 --- [conference-backend] [           main] .s.d.r.c.RepositoryConfigurationDelegate : Finished Spring Data repository scanning in 6 ms. Found 2 JPA repository interfaces.
2026-09-30T13:16:10.998+02:00  INFO 1826200 --- [conference-backend] [           main] o.s.b.w.embedded.tomcat.TomcatWebServer  : Tomcat initialized with port 0 (http)
2026-09-30T13:16:10.999+02:00  INFO 1826200 --- [conference-backend] [           main] o.apache.catalina.core.StandardService   : Starting service [Tomcat]
2026-09-30T13:16:10.999+02:00  INFO 1826200 --- [conference-backend] [           main] o.apache.catalina.core.StandardEngine    : Starting Servlet engine: [Apache Tomcat/10.1.60]
2026-09-30T13:16:11.008+02:00  INFO 1826200 --- [conference-backend] [           main] o.a.c.c.C.[Tomcat-5].[localhost].[/]     : Initializing Spring embedded WebApplicationContext
2026-09-30T13:16:11.008+02:00  INFO 1826200 --- [conference-backend] [           main] w.s.c.ServletWebServerApplicationContext : Root WebApplicationContext: initialization completed in 204 ms
2026-09-30T13:16:11.057+02:00  INFO 1826200 --- [conference-backend] [           main] com.zaxxer.hikari.HikariDataSource       : HikariPool-23 - Starting...
2026-09-30T13:16:11.073+02:00  INFO 1826200 --- [conference-backend] [           main] com.zaxxer.hikari.pool.HikariPool        : HikariPool-23 - Added connection org.postgresql.jdbc.PgConnection@31373072
2026-09-30T13:16:11.073+02:00  INFO 1826200 --- [conference-backend] [           main] com.zaxxer.hikari.HikariDataSource       : HikariPool-23 - Start completed.
2026-09-30T13:16:11.075+02:00  INFO 1826200 --- [conference-backend] [           main] org.flywaydb.core.FlywayExecutor         : Database: jdbc:postgresql://localhost:43417/conf_e732daee3e2c (PostgreSQL 16.14)
2026-09-30T13:16:11.088+02:00  INFO 1826200 --- [conference-backend] [           main] o.f.core.internal.command.DbValidate     : Successfully validated 1 migration (execution time 00:00.005s)
2026-09-30T13:16:11.112+02:00  INFO 1826200 --- [conference-backend] [           main] o.f.core.internal.command.DbMigrate      : Current version of schema "public": 1
2026-09-30T13:16:11.113+02:00  INFO 1826200 --- [conference-backend] [           main] o.f.core.internal.command.DbMigrate      : Schema "public" is up to date. No migration necessary.
2026-09-30T13:16:11.125+02:00  INFO 1826200 --- [conference-backend] [           main] o.hibernate.jpa.internal.util.LogHelper  : HHH000204: Processing PersistenceUnitInfo [name: default]
2026-09-30T13:16:11.127+02:00  INFO 1826200 --- [conference-backend] [           main] o.h.c.internal.RegionFactoryInitiator    : HHH000026: Second-level cache disabled
2026-09-30T13:16:11.132+02:00  INFO 1826200 --- [conference-backend] [           main] o.s.o.j.p.SpringPersistenceUnitInfo      : No LoadTimeWeaver setup: ignoring JPA class transformer
2026-09-30T13:16:11.139+02:00  INFO 1826200 --- [conference-backend] [           main] org.hibernate.orm.connections.pooling    : HHH10001005: Database info:
	Database JDBC URL [Connecting through datasource 'HikariDataSource (HikariPool-23)']
	Database driver: undefined/unknown
	Database version: 16.14
	Autocommit mode: undefined/unknown
	Isolation level: undefined/unknown
	Minimum pool size: undefined/unknown
	Maximum pool size: undefined/unknown
2026-09-30T13:16:11.182+02:00  INFO 1826200 --- [conference-backend] [           main] o.h.e.t.j.p.i.JtaPlatformInitiator       : HHH000489: No JTA platform available (set 'hibernate.transaction.jta.platform' to enable JTA platform integration)
2026-09-30T13:16:11.200+02:00  INFO 1826200 --- [conference-backend] [           main] j.LocalContainerEntityManagerFactoryBean : Initialized JPA EntityManagerFactory for persistence unit 'default'
2026-09-30T13:16:11.255+02:00  INFO 1826200 --- [conference-backend] [           main] r$InitializeUserDetailsManagerConfigurer : Global AuthenticationManager configured with UserDetailsService bean with name organizer
2026-09-30T13:16:11.328+02:00  INFO 1826200 --- [conference-backend] [           main] o.s.b.a.e.web.EndpointLinksResolver      : Exposing 1 endpoint beneath base path '/actuator'
2026-09-30T13:16:11.398+02:00  INFO 1826200 --- [conference-backend] [           main] o.s.b.w.embedded.tomcat.TomcatWebServer  : Tomcat started on port 40715 (http) with context path '/'
2026-09-30T13:16:11.403+02:00  INFO 1826200 --- [conference-backend] [           main] o.a.maven.surefire.booter.ForkedBooter   : Started ForkedBooter in 0.615 seconds (process running for 269.957)
2026-09-30T13:16:11.419+02:00  INFO 1826200 --- [conference-backend] [-auto-23-exec-1] o.a.c.c.C.[Tomcat-5].[localhost].[/]     : Initializing Spring DispatcherServlet 'dispatcherServlet'
2026-09-30T13:16:11.419+02:00  INFO 1826200 --- [conference-backend] [-auto-23-exec-1] o.s.web.servlet.DispatcherServlet        : Initializing Servlet 'dispatcherServlet'
2026-09-30T13:16:11.420+02:00  INFO 1826200 --- [conference-backend] [-auto-23-exec-1] o.s.web.servlet.DispatcherServlet        : Completed initialization in 1 ms
2026-09-30T13:16:11.467+02:00  INFO 1826200 --- [conference-backend] [-auto-23-exec-2] l.c.registration.RegistrationService     : Registration ff8759ca-7bab-41be-ae3e-74df92866b94 accepted (external)
2026-09-30T13:16:11.477+02:00  INFO 1826200 --- [conference-backend] [           main] o.s.b.w.e.tomcat.GracefulShutdown        : Commencing graceful shutdown. Waiting for active requests to complete
2026-09-30T13:16:11.478+02:00  INFO 1826200 --- [conference-backend] [tomcat-shutdown] o.s.b.w.e.tomcat.GracefulShutdown        : Graceful shutdown complete
2026-09-30T13:16:11.480+02:00  INFO 1826200 --- [conference-backend] [           main] j.LocalContainerEntityManagerFactoryBean : Closing JPA EntityManagerFactory for persistence unit 'default'
2026-09-30T13:16:11.480+02:00  INFO 1826200 --- [conference-backend] [           main] com.zaxxer.hikari.HikariDataSource       : HikariPool-23 - Shutdown initiated...
2026-09-30T13:16:11.511+02:00  INFO 1826200 --- [conference-backend] [           main] com.zaxxer.hikari.HikariDataSource       : HikariPool-23 - Shutdown completed.
[INFO] Tests run: 8, Failures: 0, Errors: 0, Skipped: 0, Time elapsed: 8.242 s -- in lab.conference.acceptance.CatalogAcceptanceTest
[INFO] 
[INFO] Results:
[INFO] 
[ERROR] Errors: 
[ERROR]   SmtpOutageAcceptanceTest.ac_006_02_and_ac_007_02_mailsAreDeliveredAfterSmtpRecovers:35 » ContainerLaunch Container startup failed for image axllent/mailpit@sha256:4873e5a441ed368f1e98a832f61257a033859f5e829542cd03fb772d2282ea4e
[INFO] 
[ERROR] Tests run: 109, Failures: 0, Errors: 1, Skipped: 0
[INFO] 
[INFO] 
[INFO] --- jacoco:0.8.13:report-integration (report-integration) @ conference-backend ---
[INFO] Loading execution data file /home/tjan-kazar/storage/Work/lab/agentic_lab/02_output/backend/target/jacoco-it.exec
[INFO] Analyzed bundle 'conference-backend' with 60 classes
[INFO] 
[INFO] --- failsafe:3.5.6:verify (default) @ conference-backend ---
[INFO] ------------------------------------------------------------------------
[INFO] BUILD FAILURE
[INFO] ------------------------------------------------------------------------
[INFO] Total time:  04:34 min
[INFO] Finished at: 2026-09-30T13:16:12+02:00
[INFO] ------------------------------------------------------------------------
[ERROR] Failed to execute goal org.apache.maven.plugins:maven-failsafe-plugin:3.5.6:verify (default) on project conference-backend: 
[ERROR] 
[ERROR] See /home/tjan-kazar/storage/Work/lab/agentic_lab/02_output/backend/target/failsafe-reports for the individual test results.
[ERROR] See dump files (if any exist) [date].dump, [date]-jvmRun[N].dump and [date].dumpstream.
[ERROR] -> [Help 1]
[ERROR] 
[ERROR] To see the full stack trace of the errors, re-run Maven with the -e switch.
[ERROR] Re-run Maven using the -X switch to enable full debug logging.
[ERROR] 
[ERROR] For more information about the errors and possible solutions, please read the following articles:
[ERROR] [Help 1] http://cwiki.apache.org/confluence/display/MAVEN/MojoFailureException
