[INFO] Scanning for projects...
[INFO] 
[INFO] -----------------< si.konferenca:registration-backend >-----------------
[INFO] Building registration-backend 1.0.0
[INFO]   from pom.xml
[INFO] --------------------------------[ jar ]---------------------------------
[INFO] 
[INFO] --- jacoco:0.8.12:prepare-agent (prepare-agent) @ registration-backend ---
[INFO] argLine set to "-javaagent:C:\\Users\\sense\\.m2\\repository\\org\\jacoco\\org.jacoco.agent\\0.8.12\\org.jacoco.agent-0.8.12-runtime.jar=destfile=E:\\13 - Lab Projects\\04_Input_Files_Template\\agentic_lab\\02_output\\backend\\target\\jacoco.exec"
[INFO] 
[INFO] --- resources:3.5.0:resources (default-resources) @ registration-backend ---
[INFO] Copying 1 resource from src\main\resources to target\classes
[INFO] Copying 2 resources from src\main\resources to target\classes
[INFO] 
[INFO] --- compiler:3.15.0:compile (default-compile) @ registration-backend ---
[INFO] Nothing to compile - all classes are up to date.
[INFO] 
[INFO] --- resources:3.5.0:testResources (default-testResources) @ registration-backend ---
[INFO] skip non existing resourceDirectory E:\13 - Lab Projects\04_Input_Files_Template\agentic_lab\02_output\backend\src\test\resources
[INFO] 
[INFO] --- compiler:3.15.0:testCompile (default-testCompile) @ registration-backend ---
[INFO] Recompiling the module because of changed source code.
[INFO] Compiling 31 source files with javac [debug parameters release 21] to target\test-classes
[INFO] 
[INFO] --- surefire:3.5.6:test (default-test) @ registration-backend ---
[INFO] Using auto detected provider org.apache.maven.surefire.junitplatform.JUnitPlatformProvider
[INFO] 
[INFO] -------------------------------------------------------
[INFO]  T E S T S
[INFO] -------------------------------------------------------
[INFO] Running si.konferenca.registration.acceptance.AbuseProtectionAcceptanceTest
02:20:24.889 [main] INFO org.testcontainers.images.PullPolicy -- Image pull policy will be performed by: DefaultPullPolicy()
02:20:24.894 [main] INFO org.testcontainers.utility.ImageNameSubstitutor -- Image name substitution will be performed by: DefaultImageNameSubstitutor (composite of 'ConfigurationFileImageNameSubstitutor' and 'PrefixingImageNameSubstitutor')
02:20:24.941 [main] INFO org.testcontainers.DockerClientFactory -- Testcontainers version: 2.0.5
02:20:25.398 [main] INFO org.testcontainers.dockerclient.DockerClientProviderStrategy -- Loaded org.testcontainers.dockerclient.NpipeSocketClientProviderStrategy from ~/.testcontainers.properties, will try it first
02:20:25.945 [main] INFO org.testcontainers.dockerclient.DockerClientProviderStrategy -- Found Docker environment with local Npipe socket (npipe:////./pipe/docker_engine)
02:20:25.947 [main] INFO org.testcontainers.DockerClientFactory -- Docker host IP address is localhost
02:20:25.969 [main] INFO org.testcontainers.DockerClientFactory -- Connected to docker: 
  Server Version: 29.8.0
  API Version: 1.56
  Operating System: Docker Desktop
  Total Memory: 40065 MB
  Labels: 
    com.docker.desktop.address=npipe://\\.\pipe\docker_cli
02:20:26.076 [main] INFO tc.testcontainers/ryuk:0.14.0 -- Creating container for image: testcontainers/ryuk:0.14.0
02:20:26.410 [main] INFO tc.testcontainers/ryuk:0.14.0 -- Container testcontainers/ryuk:0.14.0 is starting: 1989a861e4174b5b61fd324831bf1b92b77139e34408aec0be20b4282cc91317
02:20:26.845 [main] INFO tc.testcontainers/ryuk:0.14.0 -- Container testcontainers/ryuk:0.14.0 started in PT0.7688105S
02:20:26.853 [main] INFO org.testcontainers.utility.RyukResourceReaper -- Ryuk started - will monitor and terminate Testcontainers containers on JVM exit
02:20:26.853 [main] INFO org.testcontainers.DockerClientFactory -- Checking the system...
02:20:26.854 [main] INFO org.testcontainers.DockerClientFactory -- ?? Docker server version should be at least 1.6.0
02:20:26.855 [main] INFO tc.postgres:16.15-alpine -- Creating container for image: postgres:16.15-alpine
02:20:26.984 [main] INFO tc.postgres:16.15-alpine -- Container postgres:16.15-alpine is starting: 526d4f8cb5d81d398c29162bdb909a66bd0677fdc91ec8d5fdb8be9f782ed97c
02:20:29.156 [main] INFO tc.postgres:16.15-alpine -- Container postgres:16.15-alpine started in PT2.3007476S
02:20:29.156 [main] INFO tc.postgres:16.15-alpine -- Container is started (JDBC URL: jdbc:postgresql://localhost:61575/registration?loggerLevel=OFF)
02:20:29.157 [main] INFO tc.axllent/mailpit:v1.31.1 -- Creating container for image: axllent/mailpit:v1.31.1
02:20:29.277 [main] INFO tc.axllent/mailpit:v1.31.1 -- Container axllent/mailpit:v1.31.1 is starting: f32177b02403f31a4ede584f2e2afffe2d7ff5083ec902eedf774e6749f92d36
02:20:29.558 [main] INFO org.testcontainers.containers.wait.strategy.HttpWaitStrategy -- /elegant_bhaskara: Waiting for 60 seconds for URL: http://localhost:54120/livez (where port 54120 maps to container port 8025)
02:20:29.575 [main] INFO tc.axllent/mailpit:v1.31.1 -- Container axllent/mailpit:v1.31.1 started in PT0.4179565S

  .   ____          _            __ _ _
 /\\ / ___'_ __ _ _(_)_ __  __ _ \ \ \ \
( ( )\___ | '_ | '_| | '_ \/ _` | \ \ \ \
 \\/  ___)| |_)| | | | | || (_| |  ) ) ) )
  '  |____| .__|_| |_|_| |_\__, | / / / /
 =========|_|==============|___/=/_/_/_/

 :: Spring Boot ::                (v4.1.1)

2026-09-30T02:20:30.130+02:00  INFO 26908 --- [registration-backend] [           main] s.k.r.a.AbuseProtectionAcceptanceTest    : Starting AbuseProtectionAcceptanceTest using Java 21.0.10 with PID 26908 (started by sense in E:\13 - Lab Projects\04_Input_Files_Template\agentic_lab\02_output\backend)
2026-09-30T02:20:30.132+02:00  INFO 26908 --- [registration-backend] [           main] s.k.r.a.AbuseProtectionAcceptanceTest    : No active profile set, falling back to 1 default profile: "default"
2026-09-30T02:20:31.569+02:00  INFO 26908 --- [registration-backend] [           main] .s.d.r.c.RepositoryConfigurationDelegate : Bootstrapping Spring Data JPA repositories in DEFAULT mode.
2026-09-30T02:20:31.704+02:00  INFO 26908 --- [registration-backend] [           main] .s.d.r.c.RepositoryConfigurationDelegate : Finished Spring Data repository scanning in 108 ms. Found 1 JPA repository interface.
2026-09-30T02:20:33.166+02:00  INFO 26908 --- [registration-backend] [           main] o.s.boot.tomcat.TomcatWebServer          : Tomcat initialized with port 0 (http)
2026-09-30T02:20:33.188+02:00  INFO 26908 --- [registration-backend] [           main] o.apache.catalina.core.StandardService   : Starting service [Tomcat]
2026-09-30T02:20:33.189+02:00  INFO 26908 --- [registration-backend] [           main] o.apache.catalina.core.StandardEngine    : Starting Servlet engine: [Apache Tomcat/11.0.26]
2026-09-30T02:20:33.281+02:00  INFO 26908 --- [registration-backend] [           main] b.w.c.s.WebApplicationContextInitializer : Root WebApplicationContext: initialization completed in 3118 ms
2026-09-30T02:20:33.887+02:00  INFO 26908 --- [registration-backend] [           main] com.zaxxer.hikari.HikariDataSource       : HikariPool-1 - Starting...
2026-09-30T02:20:34.117+02:00  INFO 26908 --- [registration-backend] [           main] com.zaxxer.hikari.pool.HikariPool        : HikariPool-1 - Added connection org.postgresql.jdbc.PgConnection@3b68430d
2026-09-30T02:20:34.119+02:00  INFO 26908 --- [registration-backend] [           main] com.zaxxer.hikari.HikariDataSource       : HikariPool-1 - Start completed.
2026-09-30T02:20:34.153+02:00  INFO 26908 --- [registration-backend] [           main] org.flywaydb.core.FlywayExecutor         : Database: jdbc:postgresql://localhost:61575/registration?loggerLevel=OFF (PostgreSQL 16.15)
2026-09-30T02:20:34.231+02:00  INFO 26908 --- [registration-backend] [           main] o.f.c.i.s.JdbcTableSchemaHistory         : Schema history table "public"."flyway_schema_history" does not exist yet
2026-09-30T02:20:34.236+02:00  INFO 26908 --- [registration-backend] [           main] o.f.core.internal.command.DbValidate     : Successfully validated 1 migration (execution time 00:00.024s)
2026-09-30T02:20:34.257+02:00  INFO 26908 --- [registration-backend] [           main] o.f.c.i.s.JdbcTableSchemaHistory         : Creating Schema History table "public"."flyway_schema_history" ...
2026-09-30T02:20:34.331+02:00  INFO 26908 --- [registration-backend] [           main] o.f.core.internal.command.DbMigrate      : Current version of schema "public": << Empty Schema >>
2026-09-30T02:20:34.351+02:00  INFO 26908 --- [registration-backend] [           main] o.f.core.internal.command.DbMigrate      : Migrating schema "public" to version "1 - create registration"
2026-09-30T02:20:34.402+02:00  INFO 26908 --- [registration-backend] [           main] o.f.core.internal.command.DbMigrate      : Successfully applied 1 migration to schema "public", now at version v1 (execution time 00:00.032s)
2026-09-30T02:20:34.524+02:00  INFO 26908 --- [registration-backend] [           main] org.hibernate.orm.jpa                    : HHH008540: Processing PersistenceUnitInfo [name: default]
2026-09-30T02:20:34.602+02:00  INFO 26908 --- [registration-backend] [           main] org.hibernate.orm.core                   : HHH000001: Hibernate ORM core version 7.4.5.Final
2026-09-30T02:20:35.233+02:00  INFO 26908 --- [registration-backend] [           main] o.s.o.j.p.SpringPersistenceUnitInfo      : No LoadTimeWeaver setup: ignoring JPA class transformer
2026-09-30T02:20:35.390+02:00  INFO 26908 --- [registration-backend] [           main] org.hibernate.orm.connections.pooling    : HHH10001005: Database info:
	Database JDBC URL [jdbc:postgresql://localhost:61575/registration?loggerLevel=OFF]
	Database driver: PostgreSQL JDBC Driver
	Database dialect: PostgreSQLDialect
	Database version: 16.15
	Default catalog/schema: registration/public
	Autocommit mode: undefined/unknown
	Isolation level: READ_COMMITTED [default READ_COMMITTED]
	JDBC fetch size: none
	Pool: DataSourceConnectionProvider
	Minimum pool size: undefined/unknown
	Maximum pool size: undefined/unknown
2026-09-30T02:20:36.619+02:00  INFO 26908 --- [registration-backend] [           main] org.hibernate.orm.core                   : HHH000489: No JTA platform available (set 'hibernate.transaction.jta.platform' to enable JTA platform integration)
2026-09-30T02:20:36.678+02:00  INFO 26908 --- [registration-backend] [           main] j.LocalContainerEntityManagerFactoryBean : Initialized JPA EntityManagerFactory for persistence unit 'default'
2026-09-30T02:20:36.767+02:00  INFO 26908 --- [registration-backend] [           main] o.s.d.j.r.query.QueryEnhancerFactories   : Hibernate is in classpath; If applicable, HQL parser will be used.
2026-09-30T02:20:38.607+02:00  INFO 26908 --- [registration-backend] [           main] r$InitializeUserDetailsManagerConfigurer : Global AuthenticationManager configured with UserDetailsService bean with name organizerAccount
2026-09-30T02:20:39.341+02:00  INFO 26908 --- [registration-backend] [           main] o.s.b.a.e.web.EndpointLinksResolver      : Exposing 1 endpoint beneath base path '/actuator'
2026-09-30T02:20:39.417+02:00  INFO 26908 --- [registration-backend] [           main] o.s.boot.tomcat.TomcatWebServer          : Tomcat started on port 54132 (http) with context path '/'
2026-09-30T02:20:39.430+02:00  INFO 26908 --- [registration-backend] [           main] s.k.r.a.AbuseProtectionAcceptanceTest    : Started AbuseProtectionAcceptanceTest in 9.81 seconds (process running for 16.713)
Mockito is currently self-attaching to enable the inline-mock-maker. This will no longer work in future releases of the JDK. Please add Mockito as an agent to your build as described in Mockito's documentation: https://javadoc.io/doc/org.mockito/mockito-core/latest/org.mockito/org/mockito/Mockito.html#0.3
OpenJDK 64-Bit Server VM warning: Sharing is only supported for boot loader classes because bootstrap classpath has been appended
WARNING: A Java agent has been loaded dynamically (C:\Users\sense\.m2\repository\net\bytebuddy\byte-buddy-agent\1.18.11\byte-buddy-agent-1.18.11.jar)
WARNING: If a serviceability tool is in use, please run with -XX:+EnableDynamicAgentLoading to hide this warning
WARNING: If a serviceability tool is not in use, please run with -Djdk.instrument.traceUsage for more information
WARNING: Dynamic loading of agents will be disallowed by default in a future release
2026-09-30T02:20:40.057+02:00  INFO 26908 --- [registration-backend] [o-auto-1-exec-1] o.a.c.c.C.[Tomcat].[localhost].[/]       : Initializing Spring DispatcherServlet 'dispatcherServlet'
2026-09-30T02:20:40.057+02:00  INFO 26908 --- [registration-backend] [o-auto-1-exec-1] o.s.web.servlet.DispatcherServlet        : Initializing Servlet 'dispatcherServlet'
2026-09-30T02:20:40.059+02:00  INFO 26908 --- [registration-backend] [o-auto-1-exec-1] o.s.web.servlet.DispatcherServlet        : Completed initialization in 2 ms
[INFO] Tests run: 3, Failures: 0, Errors: 0, Skipped: 0, Time elapsed: 16.67 s -- in si.konferenca.registration.acceptance.AbuseProtectionAcceptanceTest
[INFO] Running si.konferenca.registration.acceptance.CaptchaVerificationAcceptanceTest

  .   ____          _            __ _ _
 /\\ / ___'_ __ _ _(_)_ __  __ _ \ \ \ \
( ( )\___ | '_ | '_| | '_ \/ _` | \ \ \ \
 \\/  ___)| |_)| | | | | || (_| |  ) ) ) )
  '  |____| .__|_| |_|_| |_\__, | / / / /
 =========|_|==============|___/=/_/_/_/

 :: Spring Boot ::                (v4.1.1)

2026-09-30T02:20:41.118+02:00  INFO 26908 --- [registration-backend] [           main] .k.r.a.CaptchaVerificationAcceptanceTest : Starting CaptchaVerificationAcceptanceTest using Java 21.0.10 with PID 26908 (started by sense in E:\13 - Lab Projects\04_Input_Files_Template\agentic_lab\02_output\backend)
2026-09-30T02:20:41.119+02:00  INFO 26908 --- [registration-backend] [           main] .k.r.a.CaptchaVerificationAcceptanceTest : No active profile set, falling back to 1 default profile: "default"
2026-09-30T02:20:41.331+02:00  INFO 26908 --- [registration-backend] [           main] .s.d.r.c.RepositoryConfigurationDelegate : Bootstrapping Spring Data JPA repositories in DEFAULT mode.
2026-09-30T02:20:41.350+02:00  INFO 26908 --- [registration-backend] [           main] .s.d.r.c.RepositoryConfigurationDelegate : Finished Spring Data repository scanning in 15 ms. Found 1 JPA repository interface.
2026-09-30T02:20:41.453+02:00  INFO 26908 --- [registration-backend] [           main] o.s.boot.tomcat.TomcatWebServer          : Tomcat initialized with port 0 (http)
2026-09-30T02:20:41.454+02:00  INFO 26908 --- [registration-backend] [           main] o.apache.catalina.core.StandardService   : Starting service [Tomcat]
2026-09-30T02:20:41.454+02:00  INFO 26908 --- [registration-backend] [           main] o.apache.catalina.core.StandardEngine    : Starting Servlet engine: [Apache Tomcat/11.0.26]
2026-09-30T02:20:41.516+02:00  INFO 26908 --- [registration-backend] [           main] b.w.c.s.WebApplicationContextInitializer : Root WebApplicationContext: initialization completed in 396 ms
2026-09-30T02:20:41.597+02:00  INFO 26908 --- [registration-backend] [           main] com.zaxxer.hikari.HikariDataSource       : HikariPool-2 - Starting...
2026-09-30T02:20:41.610+02:00  INFO 26908 --- [registration-backend] [           main] com.zaxxer.hikari.pool.HikariPool        : HikariPool-2 - Added connection org.postgresql.jdbc.PgConnection@4a4e8db
2026-09-30T02:20:41.610+02:00  INFO 26908 --- [registration-backend] [           main] com.zaxxer.hikari.HikariDataSource       : HikariPool-2 - Start completed.
2026-09-30T02:20:41.612+02:00  INFO 26908 --- [registration-backend] [           main] org.flywaydb.core.FlywayExecutor         : Database: jdbc:postgresql://localhost:61575/registration?loggerLevel=OFF (PostgreSQL 16.15)
2026-09-30T02:20:41.638+02:00  INFO 26908 --- [registration-backend] [           main] o.f.core.internal.command.DbValidate     : Successfully validated 1 migration (execution time 00:00.009s)
2026-09-30T02:20:41.662+02:00  INFO 26908 --- [registration-backend] [           main] o.f.core.internal.command.DbMigrate      : Current version of schema "public": 1
2026-09-30T02:20:41.663+02:00  INFO 26908 --- [registration-backend] [           main] o.f.core.internal.command.DbMigrate      : Schema "public" is up to date. No migration necessary.
2026-09-30T02:20:41.682+02:00  INFO 26908 --- [registration-backend] [           main] org.hibernate.orm.jpa                    : HHH008540: Processing PersistenceUnitInfo [name: default]
2026-09-30T02:20:41.707+02:00  INFO 26908 --- [registration-backend] [           main] o.s.o.j.p.SpringPersistenceUnitInfo      : No LoadTimeWeaver setup: ignoring JPA class transformer
2026-09-30T02:20:41.716+02:00  INFO 26908 --- [registration-backend] [           main] org.hibernate.orm.connections.pooling    : HHH10001005: Database info:
	Database JDBC URL [jdbc:postgresql://localhost:61575/registration?loggerLevel=OFF]
	Database driver: PostgreSQL JDBC Driver
	Database dialect: PostgreSQLDialect
	Database version: 16.15
	Default catalog/schema: registration/public
	Autocommit mode: undefined/unknown
	Isolation level: READ_COMMITTED [default READ_COMMITTED]
	JDBC fetch size: none
	Pool: DataSourceConnectionProvider
	Minimum pool size: undefined/unknown
	Maximum pool size: undefined/unknown
2026-09-30T02:20:41.772+02:00  INFO 26908 --- [registration-backend] [           main] org.hibernate.orm.core                   : HHH000489: No JTA platform available (set 'hibernate.transaction.jta.platform' to enable JTA platform integration)
2026-09-30T02:20:41.790+02:00  INFO 26908 --- [registration-backend] [           main] j.LocalContainerEntityManagerFactoryBean : Initialized JPA EntityManagerFactory for persistence unit 'default'
2026-09-30T02:20:41.941+02:00  INFO 26908 --- [registration-backend] [           main] r$InitializeUserDetailsManagerConfigurer : Global AuthenticationManager configured with UserDetailsService bean with name organizerAccount
2026-09-30T02:20:42.046+02:00  INFO 26908 --- [registration-backend] [           main] o.s.b.a.e.web.EndpointLinksResolver      : Exposing 1 endpoint beneath base path '/actuator'
2026-09-30T02:20:42.061+02:00  INFO 26908 --- [registration-backend] [           main] o.s.boot.tomcat.TomcatWebServer          : Tomcat started on port 54157 (http) with context path '/'
2026-09-30T02:20:42.065+02:00  INFO 26908 --- [registration-backend] [           main] .k.r.a.CaptchaVerificationAcceptanceTest : Started CaptchaVerificationAcceptanceTest in 0.981 seconds (process running for 19.349)
2026-09-30T02:20:42.075+02:00  INFO 26908 --- [registration-backend] [o-auto-2-exec-1] o.a.c.c.C.[Tomcat-1].[localhost].[/]     : Initializing Spring DispatcherServlet 'dispatcherServlet'
2026-09-30T02:20:42.075+02:00  INFO 26908 --- [registration-backend] [o-auto-2-exec-1] o.s.web.servlet.DispatcherServlet        : Initializing Servlet 'dispatcherServlet'
2026-09-30T02:20:42.076+02:00  INFO 26908 --- [registration-backend] [o-auto-2-exec-1] o.s.web.servlet.DispatcherServlet        : Completed initialization in 1 ms
[INFO] Tests run: 5, Failures: 0, Errors: 0, Skipped: 0, Time elapsed: 1.277 s -- in si.konferenca.registration.acceptance.CaptchaVerificationAcceptanceTest
[INFO] Running si.konferenca.registration.acceptance.ConferenceOptionsAcceptanceTest

  .   ____          _            __ _ _
 /\\ / ___'_ __ _ _(_)_ __  __ _ \ \ \ \
( ( )\___ | '_ | '_| | '_ \/ _` | \ \ \ \
 \\/  ___)| |_)| | | | | || (_| |  ) ) ) )
  '  |____| .__|_| |_|_| |_\__, | / / / /
 =========|_|==============|___/=/_/_/_/

 :: Spring Boot ::                (v4.1.1)

2026-09-30T02:20:42.377+02:00  INFO 26908 --- [registration-backend] [           main] s.k.r.a.ConferenceOptionsAcceptanceTest  : Starting ConferenceOptionsAcceptanceTest using Java 21.0.10 with PID 26908 (started by sense in E:\13 - Lab Projects\04_Input_Files_Template\agentic_lab\02_output\backend)
2026-09-30T02:20:42.377+02:00  INFO 26908 --- [registration-backend] [           main] s.k.r.a.ConferenceOptionsAcceptanceTest  : No active profile set, falling back to 1 default profile: "default"
2026-09-30T02:20:42.564+02:00  INFO 26908 --- [registration-backend] [           main] .s.d.r.c.RepositoryConfigurationDelegate : Bootstrapping Spring Data JPA repositories in DEFAULT mode.
2026-09-30T02:20:42.582+02:00  INFO 26908 --- [registration-backend] [           main] .s.d.r.c.RepositoryConfigurationDelegate : Finished Spring Data repository scanning in 16 ms. Found 1 JPA repository interface.
2026-09-30T02:20:42.663+02:00  INFO 26908 --- [registration-backend] [           main] o.s.boot.tomcat.TomcatWebServer          : Tomcat initialized with port 0 (http)
2026-09-30T02:20:42.664+02:00  INFO 26908 --- [registration-backend] [           main] o.apache.catalina.core.StandardService   : Starting service [Tomcat]
2026-09-30T02:20:42.664+02:00  INFO 26908 --- [registration-backend] [           main] o.apache.catalina.core.StandardEngine    : Starting Servlet engine: [Apache Tomcat/11.0.26]
2026-09-30T02:20:42.725+02:00  INFO 26908 --- [registration-backend] [           main] b.w.c.s.WebApplicationContextInitializer : Root WebApplicationContext: initialization completed in 347 ms
2026-09-30T02:20:42.795+02:00  INFO 26908 --- [registration-backend] [           main] com.zaxxer.hikari.HikariDataSource       : HikariPool-3 - Starting...
2026-09-30T02:20:42.809+02:00  INFO 26908 --- [registration-backend] [           main] com.zaxxer.hikari.pool.HikariPool        : HikariPool-3 - Added connection org.postgresql.jdbc.PgConnection@671c6f67
2026-09-30T02:20:42.809+02:00  INFO 26908 --- [registration-backend] [           main] com.zaxxer.hikari.HikariDataSource       : HikariPool-3 - Start completed.
2026-09-30T02:20:42.811+02:00  INFO 26908 --- [registration-backend] [           main] org.flywaydb.core.FlywayExecutor         : Database: jdbc:postgresql://localhost:61575/registration?loggerLevel=OFF (PostgreSQL 16.15)
2026-09-30T02:20:42.834+02:00  INFO 26908 --- [registration-backend] [           main] o.f.core.internal.command.DbValidate     : Successfully validated 1 migration (execution time 00:00.007s)
2026-09-30T02:20:42.858+02:00  INFO 26908 --- [registration-backend] [           main] o.f.core.internal.command.DbMigrate      : Current version of schema "public": 1
2026-09-30T02:20:42.859+02:00  INFO 26908 --- [registration-backend] [           main] o.f.core.internal.command.DbMigrate      : Schema "public" is up to date. No migration necessary.
2026-09-30T02:20:42.878+02:00  INFO 26908 --- [registration-backend] [           main] org.hibernate.orm.jpa                    : HHH008540: Processing PersistenceUnitInfo [name: default]
2026-09-30T02:20:42.900+02:00  INFO 26908 --- [registration-backend] [           main] o.s.o.j.p.SpringPersistenceUnitInfo      : No LoadTimeWeaver setup: ignoring JPA class transformer
2026-09-30T02:20:42.910+02:00  INFO 26908 --- [registration-backend] [           main] org.hibernate.orm.connections.pooling    : HHH10001005: Database info:
	Database JDBC URL [jdbc:postgresql://localhost:61575/registration?loggerLevel=OFF]
	Database driver: PostgreSQL JDBC Driver
	Database dialect: PostgreSQLDialect
	Database version: 16.15
	Default catalog/schema: registration/public
	Autocommit mode: undefined/unknown
	Isolation level: READ_COMMITTED [default READ_COMMITTED]
	JDBC fetch size: none
	Pool: DataSourceConnectionProvider
	Minimum pool size: undefined/unknown
	Maximum pool size: undefined/unknown
2026-09-30T02:20:42.958+02:00  INFO 26908 --- [registration-backend] [           main] org.hibernate.orm.core                   : HHH000489: No JTA platform available (set 'hibernate.transaction.jta.platform' to enable JTA platform integration)
2026-09-30T02:20:42.978+02:00  INFO 26908 --- [registration-backend] [           main] j.LocalContainerEntityManagerFactoryBean : Initialized JPA EntityManagerFactory for persistence unit 'default'
2026-09-30T02:20:43.131+02:00  INFO 26908 --- [registration-backend] [           main] r$InitializeUserDetailsManagerConfigurer : Global AuthenticationManager configured with UserDetailsService bean with name organizerAccount
2026-09-30T02:20:43.244+02:00  INFO 26908 --- [registration-backend] [           main] o.s.b.a.e.web.EndpointLinksResolver      : Exposing 1 endpoint beneath base path '/actuator'
2026-09-30T02:20:43.260+02:00  INFO 26908 --- [registration-backend] [           main] o.s.boot.tomcat.TomcatWebServer          : Tomcat started on port 54180 (http) with context path '/'
2026-09-30T02:20:43.264+02:00  INFO 26908 --- [registration-backend] [           main] s.k.r.a.ConferenceOptionsAcceptanceTest  : Started ConferenceOptionsAcceptanceTest in 0.915 seconds (process running for 20.547)
2026-09-30T02:20:43.274+02:00  INFO 26908 --- [registration-backend] [o-auto-3-exec-1] o.a.c.c.C.[Tomcat-2].[localhost].[/]     : Initializing Spring DispatcherServlet 'dispatcherServlet'
2026-09-30T02:20:43.275+02:00  INFO 26908 --- [registration-backend] [o-auto-3-exec-1] o.s.web.servlet.DispatcherServlet        : Initializing Servlet 'dispatcherServlet'
2026-09-30T02:20:43.276+02:00  INFO 26908 --- [registration-backend] [o-auto-3-exec-1] o.s.web.servlet.DispatcherServlet        : Completed initialization in 1 ms
[INFO] Tests run: 8, Failures: 0, Errors: 0, Skipped: 0, Time elapsed: 5.264 s -- in si.konferenca.registration.acceptance.ConferenceOptionsAcceptanceTest
[INFO] Running si.konferenca.registration.acceptance.EmailAcceptanceTest
2026-09-30T02:20:50.892+02:00  WARN 26908 --- [registration-backend] [o-auto-3-exec-6] s.k.r.application.NotificationService    : Email for registration b76c5a26-6dc6-4d5f-9a6a-4f77856add99 was not accepted by the mail server
2026-09-30T02:20:50.902+02:00  WARN 26908 --- [registration-backend] [o-auto-3-exec-6] s.k.r.application.NotificationService    : Email for registration b76c5a26-6dc6-4d5f-9a6a-4f77856add99 was not accepted by the mail server
2026-09-30T02:20:51.380+02:00  WARN 26908 --- [registration-backend] [   scheduling-1] s.k.r.application.NotificationService    : Email for registration b76c5a26-6dc6-4d5f-9a6a-4f77856add99 was not accepted by the mail server
2026-09-30T02:20:51.391+02:00  WARN 26908 --- [registration-backend] [   scheduling-1] s.k.r.application.NotificationService    : Email for registration b76c5a26-6dc6-4d5f-9a6a-4f77856add99 was not accepted by the mail server
2026-09-30T02:20:52.438+02:00  WARN 26908 --- [registration-backend] [   scheduling-1] s.k.r.application.NotificationService    : Email for registration b76c5a26-6dc6-4d5f-9a6a-4f77856add99 was not accepted by the mail server
2026-09-30T02:20:52.448+02:00  WARN 26908 --- [registration-backend] [   scheduling-1] s.k.r.application.NotificationService    : Email for registration b76c5a26-6dc6-4d5f-9a6a-4f77856add99 was not accepted by the mail server
2026-09-30T02:20:53.479+02:00  WARN 26908 --- [registration-backend] [   scheduling-1] s.k.r.application.NotificationService    : Email for registration b76c5a26-6dc6-4d5f-9a6a-4f77856add99 was not accepted by the mail server
2026-09-30T02:20:53.490+02:00  WARN 26908 --- [registration-backend] [   scheduling-1] s.k.r.application.NotificationService    : Email for registration b76c5a26-6dc6-4d5f-9a6a-4f77856add99 was not accepted by the mail server
[INFO] Tests run: 6, Failures: 0, Errors: 0, Skipped: 0, Time elapsed: 10.15 s -- in si.konferenca.registration.acceptance.EmailAcceptanceTest
[INFO] Running si.konferenca.registration.acceptance.JsonCopyFailureAcceptanceTest

  .   ____          _            __ _ _
 /\\ / ___'_ __ _ _(_)_ __  __ _ \ \ \ \
( ( )\___ | '_ | '_| | '_ \/ _` | \ \ \ \
 \\/  ___)| |_)| | | | | || (_| |  ) ) ) )
  '  |____| .__|_| |_|_| |_\__, | / / / /
 =========|_|==============|___/=/_/_/_/

 :: Spring Boot ::                (v4.1.1)

2026-09-30T02:20:57.789+02:00  INFO 26908 --- [registration-backend] [           main] s.k.r.a.JsonCopyFailureAcceptanceTest    : Starting JsonCopyFailureAcceptanceTest using Java 21.0.10 with PID 26908 (started by sense in E:\13 - Lab Projects\04_Input_Files_Template\agentic_lab\02_output\backend)
2026-09-30T02:20:57.790+02:00  INFO 26908 --- [registration-backend] [           main] s.k.r.a.JsonCopyFailureAcceptanceTest    : No active profile set, falling back to 1 default profile: "default"
2026-09-30T02:20:57.938+02:00  INFO 26908 --- [registration-backend] [           main] .s.d.r.c.RepositoryConfigurationDelegate : Bootstrapping Spring Data JPA repositories in DEFAULT mode.
2026-09-30T02:20:57.956+02:00  INFO 26908 --- [registration-backend] [           main] .s.d.r.c.RepositoryConfigurationDelegate : Finished Spring Data repository scanning in 15 ms. Found 1 JPA repository interface.
2026-09-30T02:20:58.036+02:00  INFO 26908 --- [registration-backend] [           main] o.s.boot.tomcat.TomcatWebServer          : Tomcat initialized with port 0 (http)
2026-09-30T02:20:58.037+02:00  INFO 26908 --- [registration-backend] [           main] o.apache.catalina.core.StandardService   : Starting service [Tomcat]
2026-09-30T02:20:58.038+02:00  INFO 26908 --- [registration-backend] [           main] o.apache.catalina.core.StandardEngine    : Starting Servlet engine: [Apache Tomcat/11.0.26]
2026-09-30T02:20:58.098+02:00  INFO 26908 --- [registration-backend] [           main] b.w.c.s.WebApplicationContextInitializer : Root WebApplicationContext: initialization completed in 307 ms
2026-09-30T02:20:58.164+02:00  INFO 26908 --- [registration-backend] [           main] com.zaxxer.hikari.HikariDataSource       : HikariPool-4 - Starting...
2026-09-30T02:20:58.176+02:00  INFO 26908 --- [registration-backend] [           main] com.zaxxer.hikari.pool.HikariPool        : HikariPool-4 - Added connection org.postgresql.jdbc.PgConnection@c497455
2026-09-30T02:20:58.177+02:00  INFO 26908 --- [registration-backend] [           main] com.zaxxer.hikari.HikariDataSource       : HikariPool-4 - Start completed.
2026-09-30T02:20:58.178+02:00  INFO 26908 --- [registration-backend] [           main] org.flywaydb.core.FlywayExecutor         : Database: jdbc:postgresql://localhost:61575/registration?loggerLevel=OFF (PostgreSQL 16.15)
2026-09-30T02:20:58.202+02:00  INFO 26908 --- [registration-backend] [           main] o.f.core.internal.command.DbValidate     : Successfully validated 1 migration (execution time 00:00.007s)
2026-09-30T02:20:58.228+02:00  INFO 26908 --- [registration-backend] [           main] o.f.core.internal.command.DbMigrate      : Current version of schema "public": 1
2026-09-30T02:20:58.228+02:00  INFO 26908 --- [registration-backend] [           main] o.f.core.internal.command.DbMigrate      : Schema "public" is up to date. No migration necessary.
2026-09-30T02:20:58.248+02:00  INFO 26908 --- [registration-backend] [           main] org.hibernate.orm.jpa                    : HHH008540: Processing PersistenceUnitInfo [name: default]
2026-09-30T02:20:58.272+02:00  INFO 26908 --- [registration-backend] [           main] o.s.o.j.p.SpringPersistenceUnitInfo      : No LoadTimeWeaver setup: ignoring JPA class transformer
2026-09-30T02:20:58.281+02:00  INFO 26908 --- [registration-backend] [           main] org.hibernate.orm.connections.pooling    : HHH10001005: Database info:
	Database JDBC URL [jdbc:postgresql://localhost:61575/registration?loggerLevel=OFF]
	Database driver: PostgreSQL JDBC Driver
	Database dialect: PostgreSQLDialect
	Database version: 16.15
	Default catalog/schema: registration/public
	Autocommit mode: undefined/unknown
	Isolation level: READ_COMMITTED [default READ_COMMITTED]
	JDBC fetch size: none
	Pool: DataSourceConnectionProvider
	Minimum pool size: undefined/unknown
	Maximum pool size: undefined/unknown
2026-09-30T02:20:58.328+02:00  INFO 26908 --- [registration-backend] [           main] org.hibernate.orm.core                   : HHH000489: No JTA platform available (set 'hibernate.transaction.jta.platform' to enable JTA platform integration)
2026-09-30T02:20:58.346+02:00  INFO 26908 --- [registration-backend] [           main] j.LocalContainerEntityManagerFactoryBean : Initialized JPA EntityManagerFactory for persistence unit 'default'
2026-09-30T02:20:58.491+02:00  INFO 26908 --- [registration-backend] [           main] r$InitializeUserDetailsManagerConfigurer : Global AuthenticationManager configured with UserDetailsService bean with name organizerAccount
2026-09-30T02:20:58.572+02:00  INFO 26908 --- [registration-backend] [           main] o.s.b.a.e.web.EndpointLinksResolver      : Exposing 1 endpoint beneath base path '/actuator'
2026-09-30T02:20:58.585+02:00  INFO 26908 --- [registration-backend] [           main] o.s.boot.tomcat.TomcatWebServer          : Tomcat started on port 64762 (http) with context path '/'
2026-09-30T02:20:58.586+02:00  INFO 26908 --- [registration-backend] [           main] s.k.r.a.JsonCopyFailureAcceptanceTest    : Started JsonCopyFailureAcceptanceTest in 0.821 seconds (process running for 35.869)
2026-09-30T02:20:58.593+02:00  INFO 26908 --- [registration-backend] [o-auto-4-exec-1] o.a.c.c.C.[Tomcat-3].[localhost].[/]     : Initializing Spring DispatcherServlet 'dispatcherServlet'
2026-09-30T02:20:58.593+02:00  INFO 26908 --- [registration-backend] [o-auto-4-exec-1] o.s.web.servlet.DispatcherServlet        : Initializing Servlet 'dispatcherServlet'
2026-09-30T02:20:58.594+02:00  INFO 26908 --- [registration-backend] [o-auto-4-exec-1] o.s.web.servlet.DispatcherServlet        : Completed initialization in 1 ms
2026-09-30T02:20:58.650+02:00 ERROR 26908 --- [registration-backend] [o-auto-4-exec-3] s.k.r.api.ApiExceptionHandler            : A registration could not be stored and was rolled back

si.konferenca.registration.application.StorageException: JSON copy could not be written
	at si.konferenca.registration.infrastructure.FileJsonCopyStore.write(FileJsonCopyStore.java:48) ~[classes/:na]
	at si.konferenca.registration.application.RegistrationService.register(RegistrationService.java:76) ~[classes/:na]
	at java.base/jdk.internal.reflect.DirectMethodHandleAccessor.invoke(DirectMethodHandleAccessor.java:103) ~[na:na]
	at java.base/java.lang.reflect.Method.invoke(Method.java:580) ~[na:na]
	at org.springframework.aop.support.AopUtils.invokeJoinpointUsingReflection(AopUtils.java:359) ~[spring-aop-7.0.9.jar:7.0.9]
	at org.springframework.aop.framework.ReflectiveMethodInvocation.invokeJoinpoint(ReflectiveMethodInvocation.java:190) ~[spring-aop-7.0.9.jar:7.0.9]
	at org.springframework.aop.framework.ReflectiveMethodInvocation.proceed(ReflectiveMethodInvocation.java:158) ~[spring-aop-7.0.9.jar:7.0.9]
	at org.springframework.transaction.interceptor.TransactionInterceptor$1.proceedWithInvocation(TransactionInterceptor.java:133) ~[spring-tx-7.0.9.jar:7.0.9]
	at org.springframework.transaction.interceptor.TransactionAspectSupport.invokeWithinTransaction(TransactionAspectSupport.java:371) ~[spring-tx-7.0.9.jar:7.0.9]
	at org.springframework.transaction.interceptor.TransactionInterceptor.invoke(TransactionInterceptor.java:130) ~[spring-tx-7.0.9.jar:7.0.9]
	at org.springframework.aop.framework.ReflectiveMethodInvocation.proceed(ReflectiveMethodInvocation.java:179) ~[spring-aop-7.0.9.jar:7.0.9]
	at org.springframework.aop.framework.CglibAopProxy$DynamicAdvisedInterceptor.intercept(CglibAopProxy.java:719) ~[spring-aop-7.0.9.jar:7.0.9]
	at si.konferenca.registration.application.RegistrationService$$SpringCGLIB$$0.register(<generated>) ~[classes/:na]
	at si.konferenca.registration.api.PublicController.register(PublicController.java:83) ~[classes/:na]
	at java.base/jdk.internal.reflect.DirectMethodHandleAccessor.invoke(DirectMethodHandleAccessor.java:103) ~[na:na]
	at java.base/java.lang.reflect.Method.invoke(Method.java:580) ~[na:na]
	at org.springframework.web.method.support.InvocableHandlerMethod.doInvoke(InvocableHandlerMethod.java:252) ~[spring-web-7.0.9.jar:7.0.9]
	at org.springframework.web.method.support.InvocableHandlerMethod.invokeForRequest(InvocableHandlerMethod.java:184) ~[spring-web-7.0.9.jar:7.0.9]
	at org.springframework.web.servlet.mvc.method.annotation.ServletInvocableHandlerMethod.invokeAndHandle(ServletInvocableHandlerMethod.java:117) ~[spring-webmvc-7.0.9.jar:7.0.9]
	at org.springframework.web.servlet.mvc.method.annotation.RequestMappingHandlerAdapter.invokeHandlerMethod(RequestMappingHandlerAdapter.java:934) ~[spring-webmvc-7.0.9.jar:7.0.9]
	at org.springframework.web.servlet.mvc.method.annotation.RequestMappingHandlerAdapter.handleInternal(RequestMappingHandlerAdapter.java:853) ~[spring-webmvc-7.0.9.jar:7.0.9]
	at org.springframework.web.servlet.mvc.method.AbstractHandlerMethodAdapter.handle(AbstractHandlerMethodAdapter.java:86) ~[spring-webmvc-7.0.9.jar:7.0.9]
	at org.springframework.web.servlet.DispatcherServlet.doDispatch(DispatcherServlet.java:963) ~[spring-webmvc-7.0.9.jar:7.0.9]
	at org.springframework.web.servlet.DispatcherServlet.doService(DispatcherServlet.java:866) ~[spring-webmvc-7.0.9.jar:7.0.9]
	at org.springframework.web.servlet.FrameworkServlet.processRequest(FrameworkServlet.java:1000) ~[spring-webmvc-7.0.9.jar:7.0.9]
	at org.springframework.web.servlet.FrameworkServlet.doPost(FrameworkServlet.java:903) ~[spring-webmvc-7.0.9.jar:7.0.9]
	at jakarta.servlet.http.HttpServlet.service(HttpServlet.java:649) ~[tomcat-embed-core-11.0.26.jar:6.1]
	at org.springframework.web.servlet.FrameworkServlet.service(FrameworkServlet.java:874) ~[spring-webmvc-7.0.9.jar:7.0.9]
	at jakarta.servlet.http.HttpServlet.service(HttpServlet.java:710) ~[tomcat-embed-core-11.0.26.jar:6.1]
	at org.apache.catalina.core.ApplicationFilterChain.doFilter(ApplicationFilterChain.java:132) ~[tomcat-embed-core-11.0.26.jar:11.0.26]
	at org.apache.tomcat.websocket.server.WsFilter.doFilter(WsFilter.java:59) ~[tomcat-embed-websocket-11.0.26.jar:11.0.26]
	at org.apache.catalina.core.ApplicationFilterChain.doFilter(ApplicationFilterChain.java:111) ~[tomcat-embed-core-11.0.26.jar:11.0.26]
	at org.springframework.web.filter.CompositeFilter$VirtualFilterChain.doFilter(CompositeFilter.java:108) ~[spring-web-7.0.9.jar:7.0.9]
	at org.springframework.security.web.FilterChainProxy.lambda$doFilterInternal$2(FilterChainProxy.java:235) ~[spring-security-web-7.1.1.jar:7.1.1]
	at org.springframework.security.web.ObservationFilterChainDecorator$FilterObservation$SimpleFilterObservation.lambda$wrap$1(ObservationFilterChainDecorator.java:491) ~[spring-security-web-7.1.1.jar:7.1.1]
	at org.springframework.security.web.ObservationFilterChainDecorator$AroundFilterObservation$SimpleAroundFilterObservation.lambda$wrap$1(ObservationFilterChainDecorator.java:353) ~[spring-security-web-7.1.1.jar:7.1.1]
	at org.springframework.security.web.ObservationFilterChainDecorator.lambda$wrapSecured$0(ObservationFilterChainDecorator.java:84) ~[spring-security-web-7.1.1.jar:7.1.1]
	at org.springframework.security.web.ObservationFilterChainDecorator$VirtualFilterChain.doFilter(ObservationFilterChainDecorator.java:131) ~[spring-security-web-7.1.1.jar:7.1.1]
	at org.springframework.security.web.access.intercept.AuthorizationFilter.doFilter(AuthorizationFilter.java:101) ~[spring-security-web-7.1.1.jar:7.1.1]
	at org.springframework.security.web.ObservationFilterChainDecorator$ObservationFilter.wrapFilter(ObservationFilterChainDecorator.java:243) ~[spring-security-web-7.1.1.jar:7.1.1]
	at org.springframework.security.web.ObservationFilterChainDecorator$ObservationFilter.doFilter(ObservationFilterChainDecorator.java:230) ~[spring-security-web-7.1.1.jar:7.1.1]
	at org.springframework.security.web.ObservationFilterChainDecorator$VirtualFilterChain.doFilter(ObservationFilterChainDecorator.java:140) ~[spring-security-web-7.1.1.jar:7.1.1]
	at org.springframework.security.web.access.ExceptionTranslationFilter.doFilter(ExceptionTranslationFilter.java:126) ~[spring-security-web-7.1.1.jar:7.1.1]
	at org.springframework.security.web.access.ExceptionTranslationFilter.doFilter(ExceptionTranslationFilter.java:120) ~[spring-security-web-7.1.1.jar:7.1.1]
	at org.springframework.security.web.ObservationFilterChainDecorator$ObservationFilter.wrapFilter(ObservationFilterChainDecorator.java:243) ~[spring-security-web-7.1.1.jar:7.1.1]
	at org.springframework.security.web.ObservationFilterChainDecorator$ObservationFilter.doFilter(ObservationFilterChainDecorator.java:230) ~[spring-security-web-7.1.1.jar:7.1.1]
	at org.springframework.security.web.ObservationFilterChainDecorator$VirtualFilterChain.doFilter(ObservationFilterChainDecorator.java:140) ~[spring-security-web-7.1.1.jar:7.1.1]
	at org.springframework.security.web.session.SessionManagementFilter.doFilter(SessionManagementFilter.java:132) ~[spring-security-web-7.1.1.jar:7.1.1]
	at org.springframework.security.web.session.SessionManagementFilter.doFilter(SessionManagementFilter.java:86) ~[spring-security-web-7.1.1.jar:7.1.1]
	at org.springframework.security.web.ObservationFilterChainDecorator$ObservationFilter.wrapFilter(ObservationFilterChainDecorator.java:243) ~[spring-security-web-7.1.1.jar:7.1.1]
	at org.springframework.security.web.ObservationFilterChainDecorator$ObservationFilter.doFilter(ObservationFilterChainDecorator.java:230) ~[spring-security-web-7.1.1.jar:7.1.1]
	at org.springframework.security.web.ObservationFilterChainDecorator$VirtualFilterChain.doFilter(ObservationFilterChainDecorator.java:140) ~[spring-security-web-7.1.1.jar:7.1.1]
	at org.springframework.security.web.authentication.AnonymousAuthenticationFilter.doFilter(AnonymousAuthenticationFilter.java:100) ~[spring-security-web-7.1.1.jar:7.1.1]
	at org.springframework.security.web.ObservationFilterChainDecorator$ObservationFilter.wrapFilter(ObservationFilterChainDecorator.java:243) ~[spring-security-web-7.1.1.jar:7.1.1]
	at org.springframework.security.web.ObservationFilterChainDecorator$ObservationFilter.doFilter(ObservationFilterChainDecorator.java:230) ~[spring-security-web-7.1.1.jar:7.1.1]
	at org.springframework.security.web.ObservationFilterChainDecorator$VirtualFilterChain.doFilter(ObservationFilterChainDecorator.java:140) ~[spring-security-web-7.1.1.jar:7.1.1]
	at org.springframework.security.web.servletapi.SecurityContextHolderAwareRequestFilter.doFilter(SecurityContextHolderAwareRequestFilter.java:181) ~[spring-security-web-7.1.1.jar:7.1.1]
	at org.springframework.security.web.ObservationFilterChainDecorator$ObservationFilter.wrapFilter(ObservationFilterChainDecorator.java:243) ~[spring-security-web-7.1.1.jar:7.1.1]
	at org.springframework.security.web.ObservationFilterChainDecorator$ObservationFilter.doFilter(ObservationFilterChainDecorator.java:230) ~[spring-security-web-7.1.1.jar:7.1.1]
	at org.springframework.security.web.ObservationFilterChainDecorator$VirtualFilterChain.doFilter(ObservationFilterChainDecorator.java:140) ~[spring-security-web-7.1.1.jar:7.1.1]
	at org.springframework.security.web.authentication.www.BasicAuthenticationFilter.doFilterInternal(BasicAuthenticationFilter.java:198) ~[spring-security-web-7.1.1.jar:7.1.1]
	at org.springframework.web.filter.OncePerRequestFilter.doFilter(OncePerRequestFilter.java:116) ~[spring-web-7.0.9.jar:7.0.9]
	at org.springframework.security.web.ObservationFilterChainDecorator$ObservationFilter.wrapFilter(ObservationFilterChainDecorator.java:243) ~[spring-security-web-7.1.1.jar:7.1.1]
	at org.springframework.security.web.ObservationFilterChainDecorator$ObservationFilter.doFilter(ObservationFilterChainDecorator.java:230) ~[spring-security-web-7.1.1.jar:7.1.1]
	at org.springframework.security.web.ObservationFilterChainDecorator$VirtualFilterChain.doFilter(ObservationFilterChainDecorator.java:140) ~[spring-security-web-7.1.1.jar:7.1.1]
	at org.springframework.web.filter.CorsFilter.doFilterInternal(CorsFilter.java:91) ~[spring-web-7.0.9.jar:7.0.9]
	at org.springframework.web.filter.OncePerRequestFilter.doFilter(OncePerRequestFilter.java:116) ~[spring-web-7.0.9.jar:7.0.9]
	at org.springframework.security.web.ObservationFilterChainDecorator$ObservationFilter.wrapFilter(ObservationFilterChainDecorator.java:243) ~[spring-security-web-7.1.1.jar:7.1.1]
	at org.springframework.security.web.ObservationFilterChainDecorator$ObservationFilter.doFilter(ObservationFilterChainDecorator.java:230) ~[spring-security-web-7.1.1.jar:7.1.1]
	at org.springframework.security.web.ObservationFilterChainDecorator$VirtualFilterChain.doFilter(ObservationFilterChainDecorator.java:140) ~[spring-security-web-7.1.1.jar:7.1.1]
	at org.springframework.security.web.header.HeaderWriterFilter.doHeadersAfter(HeaderWriterFilter.java:90) ~[spring-security-web-7.1.1.jar:7.1.1]
	at org.springframework.security.web.header.HeaderWriterFilter.doFilterInternal(HeaderWriterFilter.java:75) ~[spring-security-web-7.1.1.jar:7.1.1]
	at org.springframework.web.filter.OncePerRequestFilter.doFilter(OncePerRequestFilter.java:116) ~[spring-web-7.0.9.jar:7.0.9]
	at org.springframework.security.web.ObservationFilterChainDecorator$ObservationFilter.wrapFilter(ObservationFilterChainDecorator.java:243) ~[spring-security-web-7.1.1.jar:7.1.1]
	at org.springframework.security.web.ObservationFilterChainDecorator$ObservationFilter.doFilter(ObservationFilterChainDecorator.java:230) ~[spring-security-web-7.1.1.jar:7.1.1]
	at org.springframework.security.web.ObservationFilterChainDecorator$VirtualFilterChain.doFilter(ObservationFilterChainDecorator.java:140) ~[spring-security-web-7.1.1.jar:7.1.1]
	at org.springframework.security.web.context.SecurityContextHolderFilter.doFilter(SecurityContextHolderFilter.java:82) ~[spring-security-web-7.1.1.jar:7.1.1]
	at org.springframework.security.web.context.SecurityContextHolderFilter.doFilter(SecurityContextHolderFilter.java:69) ~[spring-security-web-7.1.1.jar:7.1.1]
	at org.springframework.security.web.ObservationFilterChainDecorator$ObservationFilter.wrapFilter(ObservationFilterChainDecorator.java:243) ~[spring-security-web-7.1.1.jar:7.1.1]
	at org.springframework.security.web.ObservationFilterChainDecorator$ObservationFilter.doFilter(ObservationFilterChainDecorator.java:230) ~[spring-security-web-7.1.1.jar:7.1.1]
	at org.springframework.security.web.ObservationFilterChainDecorator$VirtualFilterChain.doFilter(ObservationFilterChainDecorator.java:140) ~[spring-security-web-7.1.1.jar:7.1.1]
	at org.springframework.security.web.context.request.async.WebAsyncManagerIntegrationFilter.doFilterInternal(WebAsyncManagerIntegrationFilter.java:62) ~[spring-security-web-7.1.1.jar:7.1.1]
	at org.springframework.web.filter.OncePerRequestFilter.doFilter(OncePerRequestFilter.java:116) ~[spring-web-7.0.9.jar:7.0.9]
	at org.springframework.security.web.ObservationFilterChainDecorator$ObservationFilter.wrapFilter(ObservationFilterChainDecorator.java:243) ~[spring-security-web-7.1.1.jar:7.1.1]
	at org.springframework.security.web.ObservationFilterChainDecorator$ObservationFilter.doFilter(ObservationFilterChainDecorator.java:230) ~[spring-security-web-7.1.1.jar:7.1.1]
	at org.springframework.security.web.ObservationFilterChainDecorator$VirtualFilterChain.doFilter(ObservationFilterChainDecorator.java:140) ~[spring-security-web-7.1.1.jar:7.1.1]
	at org.springframework.security.web.session.DisableEncodeUrlFilter.doFilterInternal(DisableEncodeUrlFilter.java:42) ~[spring-security-web-7.1.1.jar:7.1.1]
	at org.springframework.web.filter.OncePerRequestFilter.doFilter(OncePerRequestFilter.java:116) ~[spring-web-7.0.9.jar:7.0.9]
	at org.springframework.security.web.ObservationFilterChainDecorator$ObservationFilter.wrapFilter(ObservationFilterChainDecorator.java:243) ~[spring-security-web-7.1.1.jar:7.1.1]
	at org.springframework.security.web.ObservationFilterChainDecorator$AroundFilterObservation$SimpleAroundFilterObservation.lambda$wrap$0(ObservationFilterChainDecorator.java:336) ~[spring-security-web-7.1.1.jar:7.1.1]
	at org.springframework.security.web.ObservationFilterChainDecorator$ObservationFilter.doFilter(ObservationFilterChainDecorator.java:227) ~[spring-security-web-7.1.1.jar:7.1.1]
	at org.springframework.security.web.ObservationFilterChainDecorator$VirtualFilterChain.doFilter(ObservationFilterChainDecorator.java:140) ~[spring-security-web-7.1.1.jar:7.1.1]
	at org.springframework.security.web.FilterChainProxy.doFilterInternal(FilterChainProxy.java:237) ~[spring-security-web-7.1.1.jar:7.1.1]
	at org.springframework.security.web.FilterChainProxy.doFilter(FilterChainProxy.java:195) ~[spring-security-web-7.1.1.jar:7.1.1]
	at org.springframework.web.filter.CompositeFilter$VirtualFilterChain.doFilter(CompositeFilter.java:113) ~[spring-web-7.0.9.jar:7.0.9]
	at org.springframework.web.filter.ServletRequestPathFilter.doFilter(ServletRequestPathFilter.java:52) ~[spring-web-7.0.9.jar:7.0.9]
	at org.springframework.web.filter.CompositeFilter$VirtualFilterChain.doFilter(CompositeFilter.java:113) ~[spring-web-7.0.9.jar:7.0.9]
	at org.springframework.web.filter.CompositeFilter.doFilter(CompositeFilter.java:74) ~[spring-web-7.0.9.jar:7.0.9]
	at org.springframework.security.config.annotation.web.configuration.WebSecurityConfiguration$CompositeFilterChainProxy.doFilter(WebSecurityConfiguration.java:317) ~[spring-security-config-7.1.1.jar:7.1.1]
	at org.springframework.web.filter.DelegatingFilterProxy.invokeDelegate(DelegatingFilterProxy.java:355) ~[spring-web-7.0.9.jar:7.0.9]
	at org.springframework.web.filter.DelegatingFilterProxy.doFilter(DelegatingFilterProxy.java:272) ~[spring-web-7.0.9.jar:7.0.9]
	at org.apache.catalina.core.ApplicationFilterChain.doFilter(ApplicationFilterChain.java:111) ~[tomcat-embed-core-11.0.26.jar:11.0.26]
	at org.springframework.web.filter.RequestContextFilter.doFilterInternal(RequestContextFilter.java:100) ~[spring-web-7.0.9.jar:7.0.9]
	at org.springframework.web.filter.OncePerRequestFilter.doFilter(OncePerRequestFilter.java:116) ~[spring-web-7.0.9.jar:7.0.9]
	at org.apache.catalina.core.ApplicationFilterChain.doFilter(ApplicationFilterChain.java:111) ~[tomcat-embed-core-11.0.26.jar:11.0.26]
	at si.konferenca.registration.config.OrganizerTransportFilter.doFilterInternal(OrganizerTransportFilter.java:36) ~[classes/:na]
	at org.springframework.web.filter.OncePerRequestFilter.doFilter(OncePerRequestFilter.java:116) ~[spring-web-7.0.9.jar:7.0.9]
	at org.apache.catalina.core.ApplicationFilterChain.doFilter(ApplicationFilterChain.java:111) ~[tomcat-embed-core-11.0.26.jar:11.0.26]
	at si.konferenca.registration.config.RateLimitFilter.doFilterInternal(RateLimitFilter.java:50) ~[classes/:na]
	at org.springframework.web.filter.OncePerRequestFilter.doFilter(OncePerRequestFilter.java:116) ~[spring-web-7.0.9.jar:7.0.9]
	at org.apache.catalina.core.ApplicationFilterChain.doFilter(ApplicationFilterChain.java:111) ~[tomcat-embed-core-11.0.26.jar:11.0.26]
	at si.konferenca.registration.config.RequestSizeFilter.doFilterInternal(RequestSizeFilter.java:37) ~[classes/:na]
	at org.springframework.web.filter.OncePerRequestFilter.doFilter(OncePerRequestFilter.java:116) ~[spring-web-7.0.9.jar:7.0.9]
	at org.apache.catalina.core.ApplicationFilterChain.doFilter(ApplicationFilterChain.java:111) ~[tomcat-embed-core-11.0.26.jar:11.0.26]
	at org.springframework.web.filter.FormContentFilter.doFilterInternal(FormContentFilter.java:93) ~[spring-web-7.0.9.jar:7.0.9]
	at org.springframework.web.filter.OncePerRequestFilter.doFilter(OncePerRequestFilter.java:116) ~[spring-web-7.0.9.jar:7.0.9]
	at org.apache.catalina.core.ApplicationFilterChain.doFilter(ApplicationFilterChain.java:111) ~[tomcat-embed-core-11.0.26.jar:11.0.26]
	at org.springframework.web.filter.ServerHttpObservationFilter.doFilterInternal(ServerHttpObservationFilter.java:110) ~[spring-web-7.0.9.jar:7.0.9]
	at org.springframework.web.filter.OncePerRequestFilter.doFilter(OncePerRequestFilter.java:116) ~[spring-web-7.0.9.jar:7.0.9]
	at org.apache.catalina.core.ApplicationFilterChain.doFilter(ApplicationFilterChain.java:111) ~[tomcat-embed-core-11.0.26.jar:11.0.26]
	at org.springframework.web.filter.CharacterEncodingFilter.doFilterInternal(CharacterEncodingFilter.java:199) ~[spring-web-7.0.9.jar:7.0.9]
	at org.springframework.web.filter.OncePerRequestFilter.doFilter(OncePerRequestFilter.java:116) ~[spring-web-7.0.9.jar:7.0.9]
	at org.apache.catalina.core.ApplicationFilterChain.doFilter(ApplicationFilterChain.java:111) ~[tomcat-embed-core-11.0.26.jar:11.0.26]
	at org.apache.catalina.core.StandardWrapperValve.invoke(StandardWrapperValve.java:166) ~[tomcat-embed-core-11.0.26.jar:11.0.26]
	at org.apache.catalina.core.StandardContextValve.invoke(StandardContextValve.java:77) ~[tomcat-embed-core-11.0.26.jar:11.0.26]
	at org.apache.catalina.authenticator.AuthenticatorBase.invoke(AuthenticatorBase.java:540) ~[tomcat-embed-core-11.0.26.jar:11.0.26]
	at org.apache.catalina.core.StandardHostValve.invoke(StandardHostValve.java:115) ~[tomcat-embed-core-11.0.26.jar:11.0.26]
	at org.apache.catalina.valves.ErrorReportValve.invoke(ErrorReportValve.java:86) ~[tomcat-embed-core-11.0.26.jar:11.0.26]
	at org.apache.catalina.core.StandardEngineValve.invoke(StandardEngineValve.java:71) ~[tomcat-embed-core-11.0.26.jar:11.0.26]
	at org.apache.catalina.valves.RemoteIpValve.invoke(RemoteIpValve.java:734) ~[tomcat-embed-core-11.0.26.jar:11.0.26]
	at org.apache.catalina.connector.CoyoteAdapter.service(CoyoteAdapter.java:347) ~[tomcat-embed-core-11.0.26.jar:11.0.26]
	at org.apache.coyote.http11.Http11Processor.service(Http11Processor.java:408) ~[tomcat-embed-core-11.0.26.jar:11.0.26]
	at org.apache.coyote.AbstractProcessorLight.process(AbstractProcessorLight.java:71) ~[tomcat-embed-core-11.0.26.jar:11.0.26]
	at org.apache.coyote.AbstractProtocol$ConnectionHandler.process(AbstractProtocol.java:1307) ~[tomcat-embed-core-11.0.26.jar:11.0.26]
	at org.apache.tomcat.util.net.NioEndpoint$SocketProcessor.doRun(NioEndpoint.java:2201) ~[tomcat-embed-core-11.0.26.jar:11.0.26]
	at org.apache.tomcat.util.net.SocketProcessorBase.run(SocketProcessorBase.java:74) ~[tomcat-embed-core-11.0.26.jar:11.0.26]
	at org.apache.tomcat.util.threads.ThreadPoolExecutor.runWorker(ThreadPoolExecutor.java:949) ~[tomcat-embed-core-11.0.26.jar:11.0.26]
	at org.apache.tomcat.util.threads.ThreadPoolExecutor$Worker.run(ThreadPoolExecutor.java:483) ~[tomcat-embed-core-11.0.26.jar:11.0.26]
	at org.apache.tomcat.util.threads.TaskThread$WrappingRunnable.run(TaskThread.java:74) ~[tomcat-embed-core-11.0.26.jar:11.0.26]
	at java.base/java.lang.Thread.run(Thread.java:1583) ~[na:na]
Caused by: java.nio.file.NoSuchFileException: C:\Users\sense\AppData\Local\Temp\not-a-directory2458051952692545568.txt\copies
	at java.base/sun.nio.fs.WindowsException.translateToIOException(WindowsException.java:85) ~[na:na]
	at java.base/sun.nio.fs.WindowsException.rethrowAsIOException(WindowsException.java:103) ~[na:na]
	at java.base/sun.nio.fs.WindowsException.rethrowAsIOException(WindowsException.java:108) ~[na:na]
	at java.base/sun.nio.fs.WindowsFileSystemProvider.createDirectory(WindowsFileSystemProvider.java:527) ~[na:na]
	at java.base/java.nio.file.Files.createDirectory(Files.java:700) ~[na:na]
	at java.base/java.nio.file.Files.createAndCheckIsDirectory(Files.java:808) ~[na:na]
	at java.base/java.nio.file.Files.createDirectories(Files.java:794) ~[na:na]
	at si.konferenca.registration.infrastructure.FileJsonCopyStore.write(FileJsonCopyStore.java:42) ~[classes/:na]
	... 139 common frames omitted

[INFO] Tests run: 2, Failures: 0, Errors: 0, Skipped: 0, Time elapsed: 2.932 s -- in si.konferenca.registration.acceptance.JsonCopyFailureAcceptanceTest
[INFO] Running si.konferenca.registration.acceptance.OperationsAcceptanceTest
[INFO] Tests run: 3, Failures: 0, Errors: 0, Skipped: 0, Time elapsed: 0.050 s -- in si.konferenca.registration.acceptance.OperationsAcceptanceTest
[INFO] Running si.konferenca.registration.acceptance.OptionsConfigurationChangeAcceptanceTest

  .   ____          _            __ _ _
 /\\ / ___'_ __ _ _(_)_ __  __ _ \ \ \ \
( ( )\___ | '_ | '_| | '_ \/ _` | \ \ \ \
 \\/  ___)| |_)| | | | | || (_| |  ) ) ) )
  '  |____| .__|_| |_|_| |_\__, | / / / /
 =========|_|==============|___/=/_/_/_/

 :: Spring Boot ::                (v4.1.1)

2026-09-30T02:21:00.768+02:00  INFO 26908 --- [registration-backend] [           main] o.a.maven.surefire.booter.ForkedBooter   : Starting ForkedBooter v3.5.6 using Java 21.0.10 with PID 26908 (started by sense in E:\13 - Lab Projects\04_Input_Files_Template\agentic_lab\02_output\backend)
2026-09-30T02:21:00.768+02:00  INFO 26908 --- [registration-backend] [           main] o.a.maven.surefire.booter.ForkedBooter   : No active profile set, falling back to 1 default profile: "default"
2026-09-30T02:21:00.915+02:00  INFO 26908 --- [registration-backend] [           main] .s.d.r.c.RepositoryConfigurationDelegate : Bootstrapping Spring Data JPA repositories in DEFAULT mode.
2026-09-30T02:21:00.931+02:00  INFO 26908 --- [registration-backend] [           main] .s.d.r.c.RepositoryConfigurationDelegate : Finished Spring Data repository scanning in 15 ms. Found 1 JPA repository interface.
2026-09-30T02:21:01.004+02:00  INFO 26908 --- [registration-backend] [           main] o.s.boot.tomcat.TomcatWebServer          : Tomcat initialized with port 0 (http)
2026-09-30T02:21:01.005+02:00  INFO 26908 --- [registration-backend] [           main] o.apache.catalina.core.StandardService   : Starting service [Tomcat]
2026-09-30T02:21:01.005+02:00  INFO 26908 --- [registration-backend] [           main] o.apache.catalina.core.StandardEngine    : Starting Servlet engine: [Apache Tomcat/11.0.26]
2026-09-30T02:21:01.061+02:00  INFO 26908 --- [registration-backend] [           main] b.w.c.s.WebApplicationContextInitializer : Root WebApplicationContext: initialization completed in 292 ms
2026-09-30T02:21:01.121+02:00  INFO 26908 --- [registration-backend] [           main] com.zaxxer.hikari.HikariDataSource       : HikariPool-5 - Starting...
2026-09-30T02:21:01.133+02:00  INFO 26908 --- [registration-backend] [           main] com.zaxxer.hikari.pool.HikariPool        : HikariPool-5 - Added connection org.postgresql.jdbc.PgConnection@11e3cac9
2026-09-30T02:21:01.134+02:00  INFO 26908 --- [registration-backend] [           main] com.zaxxer.hikari.HikariDataSource       : HikariPool-5 - Start completed.
2026-09-30T02:21:01.135+02:00  INFO 26908 --- [registration-backend] [           main] org.flywaydb.core.FlywayExecutor         : Database: jdbc:postgresql://localhost:61575/registration?loggerLevel=OFF (PostgreSQL 16.15)
2026-09-30T02:21:01.158+02:00  INFO 26908 --- [registration-backend] [           main] o.f.core.internal.command.DbValidate     : Successfully validated 1 migration (execution time 00:00.006s)
2026-09-30T02:21:01.180+02:00  INFO 26908 --- [registration-backend] [           main] o.f.core.internal.command.DbMigrate      : Current version of schema "public": 1
2026-09-30T02:21:01.181+02:00  INFO 26908 --- [registration-backend] [           main] o.f.core.internal.command.DbMigrate      : Schema "public" is up to date. No migration necessary.
2026-09-30T02:21:01.197+02:00  INFO 26908 --- [registration-backend] [           main] org.hibernate.orm.jpa                    : HHH008540: Processing PersistenceUnitInfo [name: default]
2026-09-30T02:21:01.216+02:00  INFO 26908 --- [registration-backend] [           main] o.s.o.j.p.SpringPersistenceUnitInfo      : No LoadTimeWeaver setup: ignoring JPA class transformer
2026-09-30T02:21:01.225+02:00  INFO 26908 --- [registration-backend] [           main] org.hibernate.orm.connections.pooling    : HHH10001005: Database info:
	Database JDBC URL [jdbc:postgresql://localhost:61575/registration?loggerLevel=OFF]
	Database driver: PostgreSQL JDBC Driver
	Database dialect: PostgreSQLDialect
	Database version: 16.15
	Default catalog/schema: registration/public
	Autocommit mode: undefined/unknown
	Isolation level: READ_COMMITTED [default READ_COMMITTED]
	JDBC fetch size: none
	Pool: DataSourceConnectionProvider
	Minimum pool size: undefined/unknown
	Maximum pool size: undefined/unknown
2026-09-30T02:21:01.272+02:00  INFO 26908 --- [registration-backend] [           main] org.hibernate.orm.core                   : HHH000489: No JTA platform available (set 'hibernate.transaction.jta.platform' to enable JTA platform integration)
2026-09-30T02:21:01.289+02:00  INFO 26908 --- [registration-backend] [           main] j.LocalContainerEntityManagerFactoryBean : Initialized JPA EntityManagerFactory for persistence unit 'default'
2026-09-30T02:21:01.423+02:00  INFO 26908 --- [registration-backend] [           main] r$InitializeUserDetailsManagerConfigurer : Global AuthenticationManager configured with UserDetailsService bean with name organizerAccount
2026-09-30T02:21:01.504+02:00  INFO 26908 --- [registration-backend] [           main] o.s.b.a.e.web.EndpointLinksResolver      : Exposing 1 endpoint beneath base path '/actuator'
2026-09-30T02:21:01.516+02:00  INFO 26908 --- [registration-backend] [           main] o.s.boot.tomcat.TomcatWebServer          : Tomcat started on port 64780 (http) with context path '/'
2026-09-30T02:21:01.519+02:00  INFO 26908 --- [registration-backend] [           main] o.a.maven.surefire.booter.ForkedBooter   : Started ForkedBooter in 0.775 seconds (process running for 38.8)
2026-09-30T02:21:01.524+02:00  INFO 26908 --- [registration-backend] [o-auto-5-exec-1] o.a.c.c.C.[Tomcat-4].[localhost].[/]     : Initializing Spring DispatcherServlet 'dispatcherServlet'
2026-09-30T02:21:01.524+02:00  INFO 26908 --- [registration-backend] [o-auto-5-exec-1] o.s.web.servlet.DispatcherServlet        : Initializing Servlet 'dispatcherServlet'
2026-09-30T02:21:01.525+02:00  INFO 26908 --- [registration-backend] [o-auto-5-exec-1] o.s.web.servlet.DispatcherServlet        : Completed initialization in 1 ms
2026-09-30T02:21:01.535+02:00  INFO 26908 --- [registration-backend] [           main] o.s.boot.tomcat.GracefulShutdown         : Commencing graceful shutdown. Waiting for active requests to complete
2026-09-30T02:21:01.544+02:00  INFO 26908 --- [registration-backend] [tomcat-shutdown] o.s.boot.tomcat.GracefulShutdown         : Graceful shutdown complete
2026-09-30T02:21:01.549+02:00  INFO 26908 --- [registration-backend] [           main] j.LocalContainerEntityManagerFactoryBean : Closing JPA EntityManagerFactory for persistence unit 'default'
2026-09-30T02:21:01.551+02:00  INFO 26908 --- [registration-backend] [           main] com.zaxxer.hikari.HikariDataSource       : HikariPool-5 - Shutdown initiated...
2026-09-30T02:21:01.564+02:00  INFO 26908 --- [registration-backend] [           main] com.zaxxer.hikari.HikariDataSource       : HikariPool-5 - Shutdown completed.

  .   ____          _            __ _ _
 /\\ / ___'_ __ _ _(_)_ __  __ _ \ \ \ \
( ( )\___ | '_ | '_| | '_ \/ _` | \ \ \ \
 \\/  ___)| |_)| | | | | || (_| |  ) ) ) )
  '  |____| .__|_| |_|_| |_\__, | / / / /
 =========|_|==============|___/=/_/_/_/

 :: Spring Boot ::                (v4.1.1)

2026-09-30T02:21:01.593+02:00  INFO 26908 --- [registration-backend] [           main] o.a.maven.surefire.booter.ForkedBooter   : Starting ForkedBooter v3.5.6 using Java 21.0.10 with PID 26908 (started by sense in E:\13 - Lab Projects\04_Input_Files_Template\agentic_lab\02_output\backend)
2026-09-30T02:21:01.593+02:00  INFO 26908 --- [registration-backend] [           main] o.a.maven.surefire.booter.ForkedBooter   : No active profile set, falling back to 1 default profile: "default"
2026-09-30T02:21:01.729+02:00  INFO 26908 --- [registration-backend] [           main] .s.d.r.c.RepositoryConfigurationDelegate : Bootstrapping Spring Data JPA repositories in DEFAULT mode.
2026-09-30T02:21:01.744+02:00  INFO 26908 --- [registration-backend] [           main] .s.d.r.c.RepositoryConfigurationDelegate : Finished Spring Data repository scanning in 13 ms. Found 1 JPA repository interface.
2026-09-30T02:21:01.815+02:00  INFO 26908 --- [registration-backend] [           main] o.s.boot.tomcat.TomcatWebServer          : Tomcat initialized with port 0 (http)
2026-09-30T02:21:01.816+02:00  INFO 26908 --- [registration-backend] [           main] o.apache.catalina.core.StandardService   : Starting service [Tomcat]
2026-09-30T02:21:01.816+02:00  INFO 26908 --- [registration-backend] [           main] o.apache.catalina.core.StandardEngine    : Starting Servlet engine: [Apache Tomcat/11.0.26]
2026-09-30T02:21:01.874+02:00  INFO 26908 --- [registration-backend] [           main] b.w.c.s.WebApplicationContextInitializer : Root WebApplicationContext: initialization completed in 279 ms
2026-09-30T02:21:01.932+02:00  INFO 26908 --- [registration-backend] [           main] com.zaxxer.hikari.HikariDataSource       : HikariPool-6 - Starting...
2026-09-30T02:21:01.944+02:00  INFO 26908 --- [registration-backend] [           main] com.zaxxer.hikari.pool.HikariPool        : HikariPool-6 - Added connection org.postgresql.jdbc.PgConnection@7612c5bc
2026-09-30T02:21:01.945+02:00  INFO 26908 --- [registration-backend] [           main] com.zaxxer.hikari.HikariDataSource       : HikariPool-6 - Start completed.
2026-09-30T02:21:01.946+02:00  INFO 26908 --- [registration-backend] [           main] org.flywaydb.core.FlywayExecutor         : Database: jdbc:postgresql://localhost:61575/registration?loggerLevel=OFF (PostgreSQL 16.15)
2026-09-30T02:21:01.969+02:00  INFO 26908 --- [registration-backend] [           main] o.f.core.internal.command.DbValidate     : Successfully validated 1 migration (execution time 00:00.006s)
2026-09-30T02:21:01.992+02:00  INFO 26908 --- [registration-backend] [           main] o.f.core.internal.command.DbMigrate      : Current version of schema "public": 1
2026-09-30T02:21:01.993+02:00  INFO 26908 --- [registration-backend] [           main] o.f.core.internal.command.DbMigrate      : Schema "public" is up to date. No migration necessary.
2026-09-30T02:21:02.012+02:00  INFO 26908 --- [registration-backend] [           main] org.hibernate.orm.jpa                    : HHH008540: Processing PersistenceUnitInfo [name: default]
2026-09-30T02:21:02.032+02:00  INFO 26908 --- [registration-backend] [           main] o.s.o.j.p.SpringPersistenceUnitInfo      : No LoadTimeWeaver setup: ignoring JPA class transformer
2026-09-30T02:21:02.040+02:00  INFO 26908 --- [registration-backend] [           main] org.hibernate.orm.connections.pooling    : HHH10001005: Database info:
	Database JDBC URL [jdbc:postgresql://localhost:61575/registration?loggerLevel=OFF]
	Database driver: PostgreSQL JDBC Driver
	Database dialect: PostgreSQLDialect
	Database version: 16.15
	Default catalog/schema: registration/public
	Autocommit mode: undefined/unknown
	Isolation level: READ_COMMITTED [default READ_COMMITTED]
	JDBC fetch size: none
	Pool: DataSourceConnectionProvider
	Minimum pool size: undefined/unknown
	Maximum pool size: undefined/unknown
2026-09-30T02:21:02.086+02:00  INFO 26908 --- [registration-backend] [           main] org.hibernate.orm.core                   : HHH000489: No JTA platform available (set 'hibernate.transaction.jta.platform' to enable JTA platform integration)
2026-09-30T02:21:02.103+02:00  INFO 26908 --- [registration-backend] [           main] j.LocalContainerEntityManagerFactoryBean : Initialized JPA EntityManagerFactory for persistence unit 'default'
2026-09-30T02:21:02.228+02:00  INFO 26908 --- [registration-backend] [           main] r$InitializeUserDetailsManagerConfigurer : Global AuthenticationManager configured with UserDetailsService bean with name organizerAccount
2026-09-30T02:21:02.303+02:00  INFO 26908 --- [registration-backend] [           main] o.s.b.a.e.web.EndpointLinksResolver      : Exposing 1 endpoint beneath base path '/actuator'
2026-09-30T02:21:02.315+02:00  INFO 26908 --- [registration-backend] [           main] o.s.boot.tomcat.TomcatWebServer          : Tomcat started on port 64792 (http) with context path '/'
2026-09-30T02:21:02.318+02:00  INFO 26908 --- [registration-backend] [           main] o.a.maven.surefire.booter.ForkedBooter   : Started ForkedBooter in 0.743 seconds (process running for 39.599)
2026-09-30T02:21:02.322+02:00  INFO 26908 --- [registration-backend] [o-auto-6-exec-1] o.a.c.c.C.[Tomcat-4].[localhost].[/]     : Initializing Spring DispatcherServlet 'dispatcherServlet'
2026-09-30T02:21:02.322+02:00  INFO 26908 --- [registration-backend] [o-auto-6-exec-1] o.s.web.servlet.DispatcherServlet        : Initializing Servlet 'dispatcherServlet'
2026-09-30T02:21:02.324+02:00  INFO 26908 --- [registration-backend] [o-auto-6-exec-1] o.s.web.servlet.DispatcherServlet        : Completed initialization in 2 ms
2026-09-30T02:21:02.332+02:00  INFO 26908 --- [registration-backend] [           main] o.s.boot.tomcat.GracefulShutdown         : Commencing graceful shutdown. Waiting for active requests to complete
2026-09-30T02:21:02.341+02:00  INFO 26908 --- [registration-backend] [tomcat-shutdown] o.s.boot.tomcat.GracefulShutdown         : Graceful shutdown complete
2026-09-30T02:21:02.344+02:00  INFO 26908 --- [registration-backend] [           main] j.LocalContainerEntityManagerFactoryBean : Closing JPA EntityManagerFactory for persistence unit 'default'
2026-09-30T02:21:02.344+02:00  INFO 26908 --- [registration-backend] [           main] com.zaxxer.hikari.HikariDataSource       : HikariPool-6 - Shutdown initiated...
2026-09-30T02:21:02.383+02:00  INFO 26908 --- [registration-backend] [           main] com.zaxxer.hikari.HikariDataSource       : HikariPool-6 - Shutdown completed.
[INFO] Tests run: 1, Failures: 0, Errors: 0, Skipped: 0, Time elapsed: 1.648 s -- in si.konferenca.registration.acceptance.OptionsConfigurationChangeAcceptanceTest
[INFO] Running si.konferenca.registration.acceptance.ParticipantRegistrationAcceptanceTest
[INFO] Tests run: 25, Failures: 0, Errors: 0, Skipped: 0, Time elapsed: 27.52 s -- in si.konferenca.registration.acceptance.ParticipantRegistrationAcceptanceTest
[INFO] Running si.konferenca.registration.acceptance.RegistrationExportAcceptanceTest
[INFO] Tests run: 6, Failures: 0, Errors: 0, Skipped: 0, Time elapsed: 2.174 s -- in si.konferenca.registration.acceptance.RegistrationExportAcceptanceTest
[INFO] Running si.konferenca.registration.acceptance.RegistrationStorageAcceptanceTest
[INFO] Tests run: 2, Failures: 0, Errors: 0, Skipped: 0, Time elapsed: 0.179 s -- in si.konferenca.registration.acceptance.RegistrationStorageAcceptanceTest
[INFO] Running si.konferenca.registration.acceptance.StartupSafetyAcceptanceTest

  .   ____          _            __ _ _
 /\\ / ___'_ __ _ _(_)_ __  __ _ \ \ \ \
( ( )\___ | '_ | '_| | '_ \/ _` | \ \ \ \
 \\/  ___)| |_)| | | | | || (_| |  ) ) ) )
  '  |____| .__|_| |_|_| |_\__, | / / / /
 =========|_|==============|___/=/_/_/_/

 :: Spring Boot ::                (v4.1.1)

2026-09-30T02:21:32.288+02:00  INFO 26908 --- [registration-backend] [           main] o.a.maven.surefire.booter.ForkedBooter   : Starting ForkedBooter v3.5.6 using Java 21.0.10 with PID 26908 (started by sense in E:\13 - Lab Projects\04_Input_Files_Template\agentic_lab\02_output\backend)
2026-09-30T02:21:32.288+02:00  INFO 26908 --- [registration-backend] [           main] o.a.maven.surefire.booter.ForkedBooter   : No active profile set, falling back to 1 default profile: "default"
2026-09-30T02:21:32.439+02:00  INFO 26908 --- [registration-backend] [           main] .s.d.r.c.RepositoryConfigurationDelegate : Bootstrapping Spring Data JPA repositories in DEFAULT mode.
2026-09-30T02:21:32.455+02:00  INFO 26908 --- [registration-backend] [           main] .s.d.r.c.RepositoryConfigurationDelegate : Finished Spring Data repository scanning in 14 ms. Found 1 JPA repository interface.
2026-09-30T02:21:32.522+02:00  INFO 26908 --- [registration-backend] [           main] o.s.boot.tomcat.TomcatWebServer          : Tomcat initialized with port 0 (http)
2026-09-30T02:21:32.523+02:00  INFO 26908 --- [registration-backend] [           main] o.apache.catalina.core.StandardService   : Starting service [Tomcat]
2026-09-30T02:21:32.523+02:00  INFO 26908 --- [registration-backend] [           main] o.apache.catalina.core.StandardEngine    : Starting Servlet engine: [Apache Tomcat/11.0.26]
2026-09-30T02:21:32.566+02:00  INFO 26908 --- [registration-backend] [           main] b.w.c.s.WebApplicationContextInitializer : Root WebApplicationContext: initialization completed in 276 ms
2026-09-30T02:21:32.571+02:00 ERROR 26908 --- [registration-backend] [           main] t.s.DeferredServletContainerInitializers : Error starting Tomcat context. Exception: org.springframework.beans.factory.UnsatisfiedDependencyException. Message: Error creating bean with name 'rateLimitFilter' defined in class path resource [si/konferenca/registration/config/SecurityConfig.class]: Unsatisfied dependency expressed through method 'rateLimitFilter' parameter 1: Error creating bean with name 'applicationConfig' defined in file [E:\13 - Lab Projects\04_Input_Files_Template\agentic_lab\02_output\backend\target\classes\si\konferenca\registration\config\ApplicationConfig.class]: Failed to instantiate [si.konferenca.registration.config.ApplicationConfig$$SpringCGLIB$$0]: Constructor threw exception
2026-09-30T02:21:32.572+02:00  INFO 26908 --- [registration-backend] [           main] o.apache.catalina.core.StandardService   : Stopping service [Tomcat]
2026-09-30T02:21:32.578+02:00  WARN 26908 --- [registration-backend] [           main] ConfigServletWebServerApplicationContext : Exception encountered during context initialization - cancelling refresh attempt: org.springframework.context.ApplicationContextException: Unable to start web server
2026-09-30T02:21:32.580+02:00  INFO 26908 --- [registration-backend] [           main] .s.b.a.l.ConditionEvaluationReportLogger : 

Error starting ApplicationContext. To display the condition evaluation report re-run your application with 'debug' enabled.
2026-09-30T02:21:32.599+02:00 ERROR 26908 --- [registration-backend] [           main] o.s.boot.SpringApplication               : Application run failed

org.springframework.context.ApplicationContextException: Unable to start web server
	at org.springframework.boot.web.server.servlet.context.ServletWebServerApplicationContext.onRefresh(ServletWebServerApplicationContext.java:167) ~[spring-boot-web-server-4.1.1.jar:4.1.1]
	at org.springframework.context.support.AbstractApplicationContext.refresh(AbstractApplicationContext.java:615) ~[spring-context-7.0.9.jar:7.0.9]
	at org.springframework.boot.web.server.servlet.context.ServletWebServerApplicationContext.refresh(ServletWebServerApplicationContext.java:143) ~[spring-boot-web-server-4.1.1.jar:4.1.1]
	at org.springframework.boot.SpringApplication.refresh(SpringApplication.java:756) ~[spring-boot-4.1.1.jar:4.1.1]
	at org.springframework.boot.SpringApplication.refreshContext(SpringApplication.java:445) ~[spring-boot-4.1.1.jar:4.1.1]
	at org.springframework.boot.SpringApplication.run(SpringApplication.java:321) ~[spring-boot-4.1.1.jar:4.1.1]
	at org.springframework.boot.builder.SpringApplicationBuilder.run(SpringApplicationBuilder.java:154) ~[spring-boot-4.1.1.jar:4.1.1]
	at si.konferenca.registration.acceptance.StartupSafetyAcceptanceTest.start(StartupSafetyAcceptanceTest.java:32) ~[test-classes/:na]
	at si.konferenca.registration.acceptance.StartupSafetyAcceptanceTest.lambda$sr06ProductionRefusesPlainHttpOrganizerAccess$4(StartupSafetyAcceptanceTest.java:86) ~[test-classes/:na]
	at org.assertj.core.api.ThrowableAssert.catchThrowable(ThrowableAssert.java:66) ~[assertj-core-3.27.7.jar:na]
	at org.assertj.core.api.AssertionsForClassTypes.catchThrowable(AssertionsForClassTypes.java:908) ~[assertj-core-3.27.7.jar:na]
	at org.assertj.core.api.Assertions.catchThrowable(Assertions.java:1476) ~[assertj-core-3.27.7.jar:na]
	at org.assertj.core.api.Assertions.assertThatThrownBy(Assertions.java:1319) ~[assertj-core-3.27.7.jar:na]
	at si.konferenca.registration.acceptance.StartupSafetyAcceptanceTest.sr06ProductionRefusesPlainHttpOrganizerAccess(StartupSafetyAcceptanceTest.java:86) ~[test-classes/:na]
	at java.base/jdk.internal.reflect.DirectMethodHandleAccessor.invoke(DirectMethodHandleAccessor.java:103) ~[na:na]
	at java.base/java.lang.reflect.Method.invoke(Method.java:580) ~[na:na]
	at org.junit.platform.commons.util.ReflectionUtils.invokeMethod(ReflectionUtils.java:701) ~[junit-platform-commons-6.0.3.jar:6.0.3]
	at org.junit.platform.commons.support.ReflectionSupport.invokeMethod(ReflectionSupport.java:502) ~[junit-platform-commons-6.0.3.jar:6.0.3]
	at org.junit.jupiter.engine.support.MethodReflectionUtils.invoke(MethodReflectionUtils.java:45) ~[junit-jupiter-engine-6.0.3.jar:6.0.3]
	at org.junit.jupiter.engine.execution.MethodInvocation.proceed(MethodInvocation.java:61) ~[junit-jupiter-engine-6.0.3.jar:6.0.3]
	at org.junit.jupiter.engine.execution.InvocationInterceptorChain$ValidatingInvocation.proceed(InvocationInterceptorChain.java:124) ~[junit-jupiter-engine-6.0.3.jar:6.0.3]
	at org.junit.jupiter.engine.extension.TimeoutExtension.intercept(TimeoutExtension.java:163) ~[junit-jupiter-engine-6.0.3.jar:6.0.3]
	at org.junit.jupiter.engine.extension.TimeoutExtension.interceptTestableMethod(TimeoutExtension.java:148) ~[junit-jupiter-engine-6.0.3.jar:6.0.3]
	at org.junit.jupiter.engine.extension.TimeoutExtension.interceptTestMethod(TimeoutExtension.java:86) ~[junit-jupiter-engine-6.0.3.jar:6.0.3]
	at org.junit.jupiter.engine.execution.InterceptingExecutableInvoker$ReflectiveInterceptorCall.lambda$ofVoidMethod$0(InterceptingExecutableInvoker.java:123) ~[junit-jupiter-engine-6.0.3.jar:6.0.3]
	at org.junit.jupiter.engine.execution.InterceptingExecutableInvoker.lambda$invoke$0(InterceptingExecutableInvoker.java:105) ~[junit-jupiter-engine-6.0.3.jar:6.0.3]
	at org.junit.jupiter.engine.execution.InvocationInterceptorChain$InterceptedInvocation.proceed(InvocationInterceptorChain.java:99) ~[junit-jupiter-engine-6.0.3.jar:6.0.3]
	at org.junit.jupiter.engine.execution.InvocationInterceptorChain.proceed(InvocationInterceptorChain.java:66) ~[junit-jupiter-engine-6.0.3.jar:6.0.3]
	at org.junit.jupiter.engine.execution.InvocationInterceptorChain.chainAndInvoke(InvocationInterceptorChain.java:47) ~[junit-jupiter-engine-6.0.3.jar:6.0.3]
	at org.junit.jupiter.engine.execution.InvocationInterceptorChain.invoke(InvocationInterceptorChain.java:39) ~[junit-jupiter-engine-6.0.3.jar:6.0.3]
	at org.junit.jupiter.engine.execution.InterceptingExecutableInvoker.invoke(InterceptingExecutableInvoker.java:104) ~[junit-jupiter-engine-6.0.3.jar:6.0.3]
	at org.junit.jupiter.engine.execution.InterceptingExecutableInvoker.invoke(InterceptingExecutableInvoker.java:98) ~[junit-jupiter-engine-6.0.3.jar:6.0.3]
	at org.junit.jupiter.engine.execution.InterceptingExecutableInvoker.invokeVoid(InterceptingExecutableInvoker.java:71) ~[junit-jupiter-engine-6.0.3.jar:6.0.3]
	at org.junit.jupiter.engine.descriptor.TestMethodTestDescriptor.lambda$invokeTestMethod$0(TestMethodTestDescriptor.java:219) ~[junit-jupiter-engine-6.0.3.jar:6.0.3]
	at org.junit.platform.engine.support.hierarchical.ThrowableCollector.execute(ThrowableCollector.java:74) ~[junit-platform-engine-6.0.3.jar:6.0.3]
	at org.junit.jupiter.engine.descriptor.TestMethodTestDescriptor.invokeTestMethod(TestMethodTestDescriptor.java:215) ~[junit-jupiter-engine-6.0.3.jar:6.0.3]
	at org.junit.jupiter.engine.descriptor.TestMethodTestDescriptor.execute(TestMethodTestDescriptor.java:157) ~[junit-jupiter-engine-6.0.3.jar:6.0.3]
	at org.junit.jupiter.engine.descriptor.TestMethodTestDescriptor.execute(TestMethodTestDescriptor.java:70) ~[junit-jupiter-engine-6.0.3.jar:6.0.3]
	at org.junit.platform.engine.support.hierarchical.NodeTestTask.lambda$executeRecursively$2(NodeTestTask.java:176) ~[junit-platform-engine-6.0.3.jar:6.0.3]
	at org.junit.platform.engine.support.hierarchical.ThrowableCollector.execute(ThrowableCollector.java:74) ~[junit-platform-engine-6.0.3.jar:6.0.3]
	at org.junit.platform.engine.support.hierarchical.NodeTestTask.lambda$executeRecursively$1(NodeTestTask.java:166) ~[junit-platform-engine-6.0.3.jar:6.0.3]
	at org.junit.platform.engine.support.hierarchical.Node.around(Node.java:138) ~[junit-platform-engine-6.0.3.jar:6.0.3]
	at org.junit.platform.engine.support.hierarchical.NodeTestTask.lambda$executeRecursively$0(NodeTestTask.java:164) ~[junit-platform-engine-6.0.3.jar:6.0.3]
	at org.junit.platform.engine.support.hierarchical.ThrowableCollector.execute(ThrowableCollector.java:74) ~[junit-platform-engine-6.0.3.jar:6.0.3]
	at org.junit.platform.engine.support.hierarchical.NodeTestTask.executeRecursively(NodeTestTask.java:163) ~[junit-platform-engine-6.0.3.jar:6.0.3]
	at org.junit.platform.engine.support.hierarchical.NodeTestTask.execute(NodeTestTask.java:116) ~[junit-platform-engine-6.0.3.jar:6.0.3]
	at java.base/java.util.ArrayList.forEach(ArrayList.java:1596) ~[na:na]
	at org.junit.platform.engine.support.hierarchical.SameThreadHierarchicalTestExecutorService.invokeAll(SameThreadHierarchicalTestExecutorService.java:42) ~[junit-platform-engine-6.0.3.jar:6.0.3]
	at org.junit.platform.engine.support.hierarchical.NodeTestTask.lambda$executeRecursively$2(NodeTestTask.java:180) ~[junit-platform-engine-6.0.3.jar:6.0.3]
	at org.junit.platform.engine.support.hierarchical.ThrowableCollector.execute(ThrowableCollector.java:74) ~[junit-platform-engine-6.0.3.jar:6.0.3]
	at org.junit.platform.engine.support.hierarchical.NodeTestTask.lambda$executeRecursively$1(NodeTestTask.java:166) ~[junit-platform-engine-6.0.3.jar:6.0.3]
	at org.junit.platform.engine.support.hierarchical.Node.around(Node.java:138) ~[junit-platform-engine-6.0.3.jar:6.0.3]
	at org.junit.platform.engine.support.hierarchical.NodeTestTask.lambda$executeRecursively$0(NodeTestTask.java:164) ~[junit-platform-engine-6.0.3.jar:6.0.3]
	at org.junit.platform.engine.support.hierarchical.ThrowableCollector.execute(ThrowableCollector.java:74) ~[junit-platform-engine-6.0.3.jar:6.0.3]
	at org.junit.platform.engine.support.hierarchical.NodeTestTask.executeRecursively(NodeTestTask.java:163) ~[junit-platform-engine-6.0.3.jar:6.0.3]
	at org.junit.platform.engine.support.hierarchical.NodeTestTask.execute(NodeTestTask.java:116) ~[junit-platform-engine-6.0.3.jar:6.0.3]
	at java.base/java.util.ArrayList.forEach(ArrayList.java:1596) ~[na:na]
	at org.junit.platform.engine.support.hierarchical.SameThreadHierarchicalTestExecutorService.invokeAll(SameThreadHierarchicalTestExecutorService.java:42) ~[junit-platform-engine-6.0.3.jar:6.0.3]
	at org.junit.platform.engine.support.hierarchical.NodeTestTask.lambda$executeRecursively$2(NodeTestTask.java:180) ~[junit-platform-engine-6.0.3.jar:6.0.3]
	at org.junit.platform.engine.support.hierarchical.ThrowableCollector.execute(ThrowableCollector.java:74) ~[junit-platform-engine-6.0.3.jar:6.0.3]
	at org.junit.platform.engine.support.hierarchical.NodeTestTask.lambda$executeRecursively$1(NodeTestTask.java:166) ~[junit-platform-engine-6.0.3.jar:6.0.3]
	at org.junit.platform.engine.support.hierarchical.Node.around(Node.java:138) ~[junit-platform-engine-6.0.3.jar:6.0.3]
	at org.junit.platform.engine.support.hierarchical.NodeTestTask.lambda$executeRecursively$0(NodeTestTask.java:164) ~[junit-platform-engine-6.0.3.jar:6.0.3]
	at org.junit.platform.engine.support.hierarchical.ThrowableCollector.execute(ThrowableCollector.java:74) ~[junit-platform-engine-6.0.3.jar:6.0.3]
	at org.junit.platform.engine.support.hierarchical.NodeTestTask.executeRecursively(NodeTestTask.java:163) ~[junit-platform-engine-6.0.3.jar:6.0.3]
	at org.junit.platform.engine.support.hierarchical.NodeTestTask.execute(NodeTestTask.java:116) ~[junit-platform-engine-6.0.3.jar:6.0.3]
	at org.junit.platform.engine.support.hierarchical.SameThreadHierarchicalTestExecutorService.submit(SameThreadHierarchicalTestExecutorService.java:36) ~[junit-platform-engine-6.0.3.jar:6.0.3]
	at org.junit.platform.engine.support.hierarchical.HierarchicalTestExecutor.execute(HierarchicalTestExecutor.java:52) ~[junit-platform-engine-6.0.3.jar:6.0.3]
	at org.junit.platform.engine.support.hierarchical.HierarchicalTestEngine.execute(HierarchicalTestEngine.java:58) ~[junit-platform-engine-6.0.3.jar:6.0.3]
	at org.junit.platform.launcher.core.EngineExecutionOrchestrator.executeEngine(EngineExecutionOrchestrator.java:246) ~[junit-platform-launcher-6.0.3.jar:6.0.3]
	at org.junit.platform.launcher.core.EngineExecutionOrchestrator.failOrExecuteEngine(EngineExecutionOrchestrator.java:218) ~[junit-platform-launcher-6.0.3.jar:6.0.3]
	at org.junit.platform.launcher.core.EngineExecutionOrchestrator.execute(EngineExecutionOrchestrator.java:179) ~[junit-platform-launcher-6.0.3.jar:6.0.3]
	at org.junit.platform.launcher.core.EngineExecutionOrchestrator.execute(EngineExecutionOrchestrator.java:108) ~[junit-platform-launcher-6.0.3.jar:6.0.3]
	at org.junit.platform.launcher.core.EngineExecutionOrchestrator.lambda$execute$0(EngineExecutionOrchestrator.java:66) ~[junit-platform-launcher-6.0.3.jar:6.0.3]
	at org.junit.platform.launcher.core.EngineExecutionOrchestrator.withInterceptedStreams(EngineExecutionOrchestrator.java:157) ~[junit-platform-launcher-6.0.3.jar:6.0.3]
	at org.junit.platform.launcher.core.EngineExecutionOrchestrator.execute(EngineExecutionOrchestrator.java:65) ~[junit-platform-launcher-6.0.3.jar:6.0.3]
	at org.junit.platform.launcher.core.DefaultLauncher.execute(DefaultLauncher.java:125) ~[junit-platform-launcher-6.0.3.jar:6.0.3]
	at org.junit.platform.launcher.core.DefaultLauncher.execute(DefaultLauncher.java:114) ~[junit-platform-launcher-6.0.3.jar:6.0.3]
	at org.junit.platform.launcher.core.DelegatingLauncher.execute(DelegatingLauncher.java:58) ~[junit-platform-launcher-6.0.3.jar:6.0.3]
	at org.junit.platform.launcher.core.InterceptingLauncher.lambda$execute$2(InterceptingLauncher.java:57) ~[junit-platform-launcher-6.0.3.jar:6.0.3]
	at org.junit.platform.launcher.core.ClasspathAlignmentCheckingLauncherInterceptor.intercept(ClasspathAlignmentCheckingLauncherInterceptor.java:25) ~[junit-platform-launcher-6.0.3.jar:6.0.3]
	at org.junit.platform.launcher.core.InterceptingLauncher.execute(InterceptingLauncher.java:56) ~[junit-platform-launcher-6.0.3.jar:6.0.3]
	at org.junit.platform.launcher.core.DelegatingLauncher.execute(DelegatingLauncher.java:58) ~[junit-platform-launcher-6.0.3.jar:6.0.3]
	at java.base/jdk.internal.reflect.DirectMethodHandleAccessor.invoke(DirectMethodHandleAccessor.java:103) ~[na:na]
	at java.base/java.lang.reflect.Method.invoke(Method.java:580) ~[na:na]
	at org.apache.maven.surefire.api.util.ReflectionUtils.invokeMethodWithArray(ReflectionUtils.java:125) ~[surefire-api-3.5.6.jar:3.5.6]
	at org.apache.maven.surefire.junitplatform.LauncherAdapter.executeWithCancellationToken(LauncherAdapter.java:68) ~[surefire-junit-platform-3.5.6.jar:3.5.6]
	at org.apache.maven.surefire.junitplatform.LauncherAdapter.execute(LauncherAdapter.java:54) ~[surefire-junit-platform-3.5.6.jar:3.5.6]
	at org.apache.maven.surefire.junitplatform.JUnitPlatformProvider.execute(JUnitPlatformProvider.java:203) ~[surefire-junit-platform-3.5.6.jar:3.5.6]
	at org.apache.maven.surefire.junitplatform.JUnitPlatformProvider.invokeAllTests(JUnitPlatformProvider.java:168) ~[surefire-junit-platform-3.5.6.jar:3.5.6]
	at org.apache.maven.surefire.junitplatform.JUnitPlatformProvider.invoke(JUnitPlatformProvider.java:136) ~[surefire-junit-platform-3.5.6.jar:3.5.6]
	at org.apache.maven.surefire.booter.ForkedBooter.runSuitesInProcess(ForkedBooter.java:385) ~[surefire-booter-3.5.6.jar:3.5.6]
	at org.apache.maven.surefire.booter.ForkedBooter.execute(ForkedBooter.java:162) ~[surefire-booter-3.5.6.jar:3.5.6]
	at org.apache.maven.surefire.booter.ForkedBooter.run(ForkedBooter.java:507) ~[surefire-booter-3.5.6.jar:3.5.6]
	at org.apache.maven.surefire.booter.ForkedBooter.main(ForkedBooter.java:495) ~[surefire-booter-3.5.6.jar:3.5.6]
Caused by: org.springframework.boot.web.server.WebServerException: Unable to start embedded Tomcat
	at org.springframework.boot.tomcat.TomcatWebServer.initialize(TomcatWebServer.java:150) ~[spring-boot-tomcat-4.1.1.jar:4.1.1]
	at org.springframework.boot.tomcat.TomcatWebServer.<init>(TomcatWebServer.java:110) ~[spring-boot-tomcat-4.1.1.jar:4.1.1]
	at org.springframework.boot.tomcat.servlet.TomcatServletWebServerFactory.getTomcatWebServer(TomcatServletWebServerFactory.java:429) ~[spring-boot-tomcat-4.1.1.jar:4.1.1]
	at org.springframework.boot.tomcat.servlet.TomcatServletWebServerFactory.getWebServer(TomcatServletWebServerFactory.java:167) ~[spring-boot-tomcat-4.1.1.jar:4.1.1]
	at org.springframework.boot.web.server.servlet.context.ServletWebServerApplicationContext.createWebServer(ServletWebServerApplicationContext.java:190) ~[spring-boot-web-server-4.1.1.jar:4.1.1]
	at org.springframework.boot.web.server.servlet.context.ServletWebServerApplicationContext.onRefresh(ServletWebServerApplicationContext.java:164) ~[spring-boot-web-server-4.1.1.jar:4.1.1]
	... 94 common frames omitted
Caused by: org.springframework.beans.factory.UnsatisfiedDependencyException: Error creating bean with name 'rateLimitFilter' defined in class path resource [si/konferenca/registration/config/SecurityConfig.class]: Unsatisfied dependency expressed through method 'rateLimitFilter' parameter 1: Error creating bean with name 'applicationConfig' defined in file [E:\13 - Lab Projects\04_Input_Files_Template\agentic_lab\02_output\backend\target\classes\si\konferenca\registration\config\ApplicationConfig.class]: Failed to instantiate [si.konferenca.registration.config.ApplicationConfig$$SpringCGLIB$$0]: Constructor threw exception
	at org.springframework.beans.factory.support.ConstructorResolver.createArgumentArray(ConstructorResolver.java:804) ~[spring-beans-7.0.9.jar:7.0.9]
	at org.springframework.beans.factory.support.ConstructorResolver.instantiateUsingFactoryMethod(ConstructorResolver.java:546) ~[spring-beans-7.0.9.jar:7.0.9]
	at org.springframework.beans.factory.support.AbstractAutowireCapableBeanFactory.instantiateUsingFactoryMethod(AbstractAutowireCapableBeanFactory.java:1360) ~[spring-beans-7.0.9.jar:7.0.9]
	at org.springframework.beans.factory.support.AbstractAutowireCapableBeanFactory.createBeanInstance(AbstractAutowireCapableBeanFactory.java:1192) ~[spring-beans-7.0.9.jar:7.0.9]
	at org.springframework.beans.factory.support.AbstractAutowireCapableBeanFactory.doCreateBean(AbstractAutowireCapableBeanFactory.java:565) ~[spring-beans-7.0.9.jar:7.0.9]
	at org.springframework.beans.factory.support.AbstractAutowireCapableBeanFactory.createBean(AbstractAutowireCapableBeanFactory.java:525) ~[spring-beans-7.0.9.jar:7.0.9]
	at org.springframework.beans.factory.support.AbstractBeanFactory.lambda$doGetBean$0(AbstractBeanFactory.java:333) ~[spring-beans-7.0.9.jar:7.0.9]
	at org.springframework.beans.factory.support.DefaultSingletonBeanRegistry.getSingleton(DefaultSingletonBeanRegistry.java:371) ~[spring-beans-7.0.9.jar:7.0.9]
	at org.springframework.beans.factory.support.AbstractBeanFactory.doGetBean(AbstractBeanFactory.java:331) ~[spring-beans-7.0.9.jar:7.0.9]
	at org.springframework.beans.factory.support.AbstractBeanFactory.getBean(AbstractBeanFactory.java:201) ~[spring-beans-7.0.9.jar:7.0.9]
	at org.springframework.boot.web.servlet.ServletContextInitializerBeans.getOrderedBeansOfType(ServletContextInitializerBeans.java:231) ~[spring-boot-4.1.1.jar:4.1.1]
	at org.springframework.boot.web.servlet.ServletContextInitializerBeans.getOrderedBeansOfType(ServletContextInitializerBeans.java:222) ~[spring-boot-4.1.1.jar:4.1.1]
	at org.springframework.boot.web.servlet.ServletContextInitializerBeans.addServletContextInitializerBeans(ServletContextInitializerBeans.java:107) ~[spring-boot-4.1.1.jar:4.1.1]
	at org.springframework.boot.web.servlet.ServletContextInitializerBeans.<init>(ServletContextInitializerBeans.java:96) ~[spring-boot-4.1.1.jar:4.1.1]
	at org.springframework.boot.web.context.servlet.WebApplicationContextInitializer.initialize(WebApplicationContextInitializer.java:53) ~[spring-boot-4.1.1.jar:4.1.1]
	at org.springframework.boot.tomcat.servlet.DeferredServletContainerInitializers.onStartup(DeferredServletContainerInitializers.java:55) ~[spring-boot-tomcat-4.1.1.jar:4.1.1]
	at org.apache.catalina.core.StandardContext.startInternal(StandardContext.java:4606) ~[tomcat-embed-core-11.0.26.jar:11.0.26]
	at org.apache.catalina.util.LifecycleBase.start(LifecycleBase.java:170) ~[tomcat-embed-core-11.0.26.jar:11.0.26]
	at org.apache.catalina.core.ContainerBase$StartChild.call(ContainerBase.java:1204) ~[tomcat-embed-core-11.0.26.jar:11.0.26]
	at org.apache.catalina.core.ContainerBase$StartChild.call(ContainerBase.java:1200) ~[tomcat-embed-core-11.0.26.jar:11.0.26]
	at java.base/java.util.concurrent.FutureTask.run(FutureTask.java:317) ~[na:na]
	at org.apache.tomcat.util.threads.InlineExecutorService.execute(InlineExecutorService.java:92) ~[tomcat-embed-core-11.0.26.jar:11.0.26]
	at java.base/java.util.concurrent.AbstractExecutorService.submit(AbstractExecutorService.java:145) ~[na:na]
	at org.apache.catalina.core.ContainerBase.startInternal(ContainerBase.java:732) ~[tomcat-embed-core-11.0.26.jar:11.0.26]
	at org.apache.catalina.core.StandardHost.startInternal(StandardHost.java:794) ~[tomcat-embed-core-11.0.26.jar:11.0.26]
	at org.apache.catalina.util.LifecycleBase.start(LifecycleBase.java:170) ~[tomcat-embed-core-11.0.26.jar:11.0.26]
	at org.apache.catalina.core.ContainerBase$StartChild.call(ContainerBase.java:1204) ~[tomcat-embed-core-11.0.26.jar:11.0.26]
	at org.apache.catalina.core.ContainerBase$StartChild.call(ContainerBase.java:1200) ~[tomcat-embed-core-11.0.26.jar:11.0.26]
	at java.base/java.util.concurrent.FutureTask.run(FutureTask.java:317) ~[na:na]
	at org.apache.tomcat.util.threads.InlineExecutorService.execute(InlineExecutorService.java:92) ~[tomcat-embed-core-11.0.26.jar:11.0.26]
	at java.base/java.util.concurrent.AbstractExecutorService.submit(AbstractExecutorService.java:145) ~[na:na]
	at org.apache.catalina.core.ContainerBase.startInternal(ContainerBase.java:732) ~[tomcat-embed-core-11.0.26.jar:11.0.26]
	at org.apache.catalina.core.StandardEngine.startInternal(StandardEngine.java:201) ~[tomcat-embed-core-11.0.26.jar:11.0.26]
	at org.apache.catalina.util.LifecycleBase.start(LifecycleBase.java:170) ~[tomcat-embed-core-11.0.26.jar:11.0.26]
	at org.apache.catalina.core.StandardService.startInternal(StandardService.java:433) ~[tomcat-embed-core-11.0.26.jar:11.0.26]
	at org.apache.catalina.util.LifecycleBase.start(LifecycleBase.java:170) ~[tomcat-embed-core-11.0.26.jar:11.0.26]
	at org.apache.catalina.core.StandardServer.startInternal(StandardServer.java:871) ~[tomcat-embed-core-11.0.26.jar:11.0.26]
	at org.apache.catalina.util.LifecycleBase.start(LifecycleBase.java:170) ~[tomcat-embed-core-11.0.26.jar:11.0.26]
	at org.apache.catalina.startup.Tomcat.start(Tomcat.java:452) ~[tomcat-embed-core-11.0.26.jar:11.0.26]
	at org.springframework.boot.tomcat.TomcatWebServer.initialize(TomcatWebServer.java:131) ~[spring-boot-tomcat-4.1.1.jar:4.1.1]
	... 99 common frames omitted
Caused by: org.springframework.beans.factory.BeanCreationException: Error creating bean with name 'applicationConfig' defined in file [E:\13 - Lab Projects\04_Input_Files_Template\agentic_lab\02_output\backend\target\classes\si\konferenca\registration\config\ApplicationConfig.class]: Failed to instantiate [si.konferenca.registration.config.ApplicationConfig$$SpringCGLIB$$0]: Constructor threw exception
	at org.springframework.beans.factory.support.ConstructorResolver.instantiate(ConstructorResolver.java:321) ~[spring-beans-7.0.9.jar:7.0.9]
	at org.springframework.beans.factory.support.ConstructorResolver.autowireConstructor(ConstructorResolver.java:309) ~[spring-beans-7.0.9.jar:7.0.9]
	at org.springframework.beans.factory.support.AbstractAutowireCapableBeanFactory.autowireConstructor(AbstractAutowireCapableBeanFactory.java:1380) ~[spring-beans-7.0.9.jar:7.0.9]
	at org.springframework.beans.factory.support.AbstractAutowireCapableBeanFactory.createBeanInstance(AbstractAutowireCapableBeanFactory.java:1219) ~[spring-beans-7.0.9.jar:7.0.9]
	at org.springframework.beans.factory.support.AbstractAutowireCapableBeanFactory.doCreateBean(AbstractAutowireCapableBeanFactory.java:565) ~[spring-beans-7.0.9.jar:7.0.9]
	at org.springframework.beans.factory.support.AbstractAutowireCapableBeanFactory.createBean(AbstractAutowireCapableBeanFactory.java:525) ~[spring-beans-7.0.9.jar:7.0.9]
	at org.springframework.beans.factory.support.AbstractBeanFactory.lambda$doGetBean$0(AbstractBeanFactory.java:333) ~[spring-beans-7.0.9.jar:7.0.9]
	at org.springframework.beans.factory.support.DefaultSingletonBeanRegistry.getSingleton(DefaultSingletonBeanRegistry.java:371) ~[spring-beans-7.0.9.jar:7.0.9]
	at org.springframework.beans.factory.support.AbstractBeanFactory.doGetBean(AbstractBeanFactory.java:331) ~[spring-beans-7.0.9.jar:7.0.9]
	at org.springframework.beans.factory.support.AbstractBeanFactory.getBean(AbstractBeanFactory.java:196) ~[spring-beans-7.0.9.jar:7.0.9]
	at org.springframework.beans.factory.support.ConstructorResolver.instantiateUsingFactoryMethod(ConstructorResolver.java:413) ~[spring-beans-7.0.9.jar:7.0.9]
	at org.springframework.beans.factory.support.AbstractAutowireCapableBeanFactory.instantiateUsingFactoryMethod(AbstractAutowireCapableBeanFactory.java:1360) ~[spring-beans-7.0.9.jar:7.0.9]
	at org.springframework.beans.factory.support.AbstractAutowireCapableBeanFactory.createBeanInstance(AbstractAutowireCapableBeanFactory.java:1192) ~[spring-beans-7.0.9.jar:7.0.9]
	at org.springframework.beans.factory.support.AbstractAutowireCapableBeanFactory.doCreateBean(AbstractAutowireCapableBeanFactory.java:565) ~[spring-beans-7.0.9.jar:7.0.9]
	at org.springframework.beans.factory.support.AbstractAutowireCapableBeanFactory.createBean(AbstractAutowireCapableBeanFactory.java:525) ~[spring-beans-7.0.9.jar:7.0.9]
	at org.springframework.beans.factory.support.AbstractBeanFactory.lambda$doGetBean$0(AbstractBeanFactory.java:333) ~[spring-beans-7.0.9.jar:7.0.9]
	at org.springframework.beans.factory.support.DefaultSingletonBeanRegistry.getSingleton(DefaultSingletonBeanRegistry.java:371) ~[spring-beans-7.0.9.jar:7.0.9]
	at org.springframework.beans.factory.support.AbstractBeanFactory.doGetBean(AbstractBeanFactory.java:331) ~[spring-beans-7.0.9.jar:7.0.9]
	at org.springframework.beans.factory.support.AbstractBeanFactory.getBean(AbstractBeanFactory.java:201) ~[spring-beans-7.0.9.jar:7.0.9]
	at org.springframework.beans.factory.support.DefaultListableBeanFactory.resolveBean(DefaultListableBeanFactory.java:1232) ~[spring-beans-7.0.9.jar:7.0.9]
	at org.springframework.beans.factory.support.DefaultListableBeanFactory.doResolveDependency(DefaultListableBeanFactory.java:1711) ~[spring-beans-7.0.9.jar:7.0.9]
	at org.springframework.beans.factory.support.DefaultListableBeanFactory.resolveDependency(DefaultListableBeanFactory.java:1658) ~[spring-beans-7.0.9.jar:7.0.9]
	at org.springframework.beans.factory.support.ConstructorResolver.resolveAutowiredArgument(ConstructorResolver.java:912) ~[spring-beans-7.0.9.jar:7.0.9]
	at org.springframework.beans.factory.support.ConstructorResolver.createArgumentArray(ConstructorResolver.java:791) ~[spring-beans-7.0.9.jar:7.0.9]
	... 138 common frames omitted
Caused by: org.springframework.beans.BeanInstantiationException: Failed to instantiate [si.konferenca.registration.config.ApplicationConfig$$SpringCGLIB$$0]: Constructor threw exception
	at org.springframework.beans.BeanUtils.instantiateClass(BeanUtils.java:220) ~[spring-beans-7.0.9.jar:7.0.9]
	at org.springframework.beans.factory.support.SimpleInstantiationStrategy.instantiate(SimpleInstantiationStrategy.java:129) ~[spring-beans-7.0.9.jar:7.0.9]
	at org.springframework.beans.factory.support.ConstructorResolver.instantiate(ConstructorResolver.java:318) ~[spring-beans-7.0.9.jar:7.0.9]
	... 161 common frames omitted
Caused by: java.lang.IllegalStateException: Unsafe or incomplete configuration: ORGANIZER_HTTPS_ONLY must be true when APP_ENVIRONMENT is production
	at si.konferenca.registration.config.StartupChecks.verify(StartupChecks.java:56) ~[classes/:na]
	at si.konferenca.registration.config.ApplicationConfig.<init>(ApplicationConfig.java:39) ~[classes/:na]
	at si.konferenca.registration.config.ApplicationConfig$$SpringCGLIB$$0.<init>(<generated>) ~[classes/:na]
	at java.base/jdk.internal.reflect.DirectConstructorHandleAccessor.newInstance(DirectConstructorHandleAccessor.java:62) ~[na:na]
	at java.base/java.lang.reflect.Constructor.newInstanceWithCaller(Constructor.java:502) ~[na:na]
	at java.base/java.lang.reflect.Constructor.newInstance(Constructor.java:486) ~[na:na]
	at org.springframework.beans.BeanUtils.instantiateClass(BeanUtils.java:207) ~[spring-beans-7.0.9.jar:7.0.9]
	... 163 common frames omitted


  .   ____          _            __ _ _
 /\\ / ___'_ __ _ _(_)_ __  __ _ \ \ \ \
( ( )\___ | '_ | '_| | '_ \/ _` | \ \ \ \
 \\/  ___)| |_)| | | | | || (_| |  ) ) ) )
  '  |____| .__|_| |_|_| |_\__, | / / / /
 =========|_|==============|___/=/_/_/_/

 :: Spring Boot ::                (v4.1.1)

2026-09-30T02:21:32.635+02:00  INFO 26908 --- [registration-backend] [           main] o.a.maven.surefire.booter.ForkedBooter   : Starting ForkedBooter v3.5.6 using Java 21.0.10 with PID 26908 (started by sense in E:\13 - Lab Projects\04_Input_Files_Template\agentic_lab\02_output\backend)
2026-09-30T02:21:32.635+02:00  INFO 26908 --- [registration-backend] [           main] o.a.maven.surefire.booter.ForkedBooter   : No active profile set, falling back to 1 default profile: "default"
2026-09-30T02:21:32.755+02:00  INFO 26908 --- [registration-backend] [           main] .s.d.r.c.RepositoryConfigurationDelegate : Bootstrapping Spring Data JPA repositories in DEFAULT mode.
2026-09-30T02:21:32.770+02:00  INFO 26908 --- [registration-backend] [           main] .s.d.r.c.RepositoryConfigurationDelegate : Finished Spring Data repository scanning in 13 ms. Found 1 JPA repository interface.
2026-09-30T02:21:32.824+02:00  INFO 26908 --- [registration-backend] [           main] o.s.boot.tomcat.TomcatWebServer          : Tomcat initialized with port 0 (http)
2026-09-30T02:21:32.825+02:00  INFO 26908 --- [registration-backend] [           main] o.apache.catalina.core.StandardService   : Starting service [Tomcat]
2026-09-30T02:21:32.825+02:00  INFO 26908 --- [registration-backend] [           main] o.apache.catalina.core.StandardEngine    : Starting Servlet engine: [Apache Tomcat/11.0.26]
2026-09-30T02:21:32.870+02:00  INFO 26908 --- [registration-backend] [           main] b.w.c.s.WebApplicationContextInitializer : Root WebApplicationContext: initialization completed in 234 ms
2026-09-30T02:21:32.875+02:00 ERROR 26908 --- [registration-backend] [           main] t.s.DeferredServletContainerInitializers : Error starting Tomcat context. Exception: org.springframework.beans.factory.UnsatisfiedDependencyException. Message: Error creating bean with name 'rateLimitFilter' defined in class path resource [si/konferenca/registration/config/SecurityConfig.class]: Unsatisfied dependency expressed through method 'rateLimitFilter' parameter 1: Error creating bean with name 'applicationConfig' defined in file [E:\13 - Lab Projects\04_Input_Files_Template\agentic_lab\02_output\backend\target\classes\si\konferenca\registration\config\ApplicationConfig.class]: Failed to instantiate [si.konferenca.registration.config.ApplicationConfig$$SpringCGLIB$$0]: Constructor threw exception
2026-09-30T02:21:32.876+02:00  INFO 26908 --- [registration-backend] [           main] o.apache.catalina.core.StandardService   : Stopping service [Tomcat]
2026-09-30T02:21:32.880+02:00  WARN 26908 --- [registration-backend] [           main] ConfigServletWebServerApplicationContext : Exception encountered during context initialization - cancelling refresh attempt: org.springframework.context.ApplicationContextException: Unable to start web server
2026-09-30T02:21:32.881+02:00  INFO 26908 --- [registration-backend] [           main] .s.b.a.l.ConditionEvaluationReportLogger : 

Error starting ApplicationContext. To display the condition evaluation report re-run your application with 'debug' enabled.
2026-09-30T02:21:32.882+02:00 ERROR 26908 --- [registration-backend] [           main] o.s.boot.SpringApplication               : Application run failed

org.springframework.context.ApplicationContextException: Unable to start web server
	at org.springframework.boot.web.server.servlet.context.ServletWebServerApplicationContext.onRefresh(ServletWebServerApplicationContext.java:167) ~[spring-boot-web-server-4.1.1.jar:4.1.1]
	at org.springframework.context.support.AbstractApplicationContext.refresh(AbstractApplicationContext.java:615) ~[spring-context-7.0.9.jar:7.0.9]
	at org.springframework.boot.web.server.servlet.context.ServletWebServerApplicationContext.refresh(ServletWebServerApplicationContext.java:143) ~[spring-boot-web-server-4.1.1.jar:4.1.1]
	at org.springframework.boot.SpringApplication.refresh(SpringApplication.java:756) ~[spring-boot-4.1.1.jar:4.1.1]
	at org.springframework.boot.SpringApplication.refreshContext(SpringApplication.java:445) ~[spring-boot-4.1.1.jar:4.1.1]
	at org.springframework.boot.SpringApplication.run(SpringApplication.java:321) ~[spring-boot-4.1.1.jar:4.1.1]
	at org.springframework.boot.builder.SpringApplicationBuilder.run(SpringApplicationBuilder.java:154) ~[spring-boot-4.1.1.jar:4.1.1]
	at si.konferenca.registration.acceptance.StartupSafetyAcceptanceTest.start(StartupSafetyAcceptanceTest.java:32) ~[test-classes/:na]
	at si.konferenca.registration.acceptance.StartupSafetyAcceptanceTest.lambda$es01MissingOrganizerPasswordRefusesStart$5(StartupSafetyAcceptanceTest.java:95) ~[test-classes/:na]
	at org.assertj.core.api.ThrowableAssert.catchThrowable(ThrowableAssert.java:66) ~[assertj-core-3.27.7.jar:na]
	at org.assertj.core.api.AssertionsForClassTypes.catchThrowable(AssertionsForClassTypes.java:908) ~[assertj-core-3.27.7.jar:na]
	at org.assertj.core.api.Assertions.catchThrowable(Assertions.java:1476) ~[assertj-core-3.27.7.jar:na]
	at org.assertj.core.api.Assertions.assertThatThrownBy(Assertions.java:1319) ~[assertj-core-3.27.7.jar:na]
	at si.konferenca.registration.acceptance.StartupSafetyAcceptanceTest.es01MissingOrganizerPasswordRefusesStart(StartupSafetyAcceptanceTest.java:95) ~[test-classes/:na]
	at java.base/jdk.internal.reflect.DirectMethodHandleAccessor.invoke(DirectMethodHandleAccessor.java:103) ~[na:na]
	at java.base/java.lang.reflect.Method.invoke(Method.java:580) ~[na:na]
	at org.junit.platform.commons.util.ReflectionUtils.invokeMethod(ReflectionUtils.java:701) ~[junit-platform-commons-6.0.3.jar:6.0.3]
	at org.junit.platform.commons.support.ReflectionSupport.invokeMethod(ReflectionSupport.java:502) ~[junit-platform-commons-6.0.3.jar:6.0.3]
	at org.junit.jupiter.engine.support.MethodReflectionUtils.invoke(MethodReflectionUtils.java:45) ~[junit-jupiter-engine-6.0.3.jar:6.0.3]
	at org.junit.jupiter.engine.execution.MethodInvocation.proceed(MethodInvocation.java:61) ~[junit-jupiter-engine-6.0.3.jar:6.0.3]
	at org.junit.jupiter.engine.execution.InvocationInterceptorChain$ValidatingInvocation.proceed(InvocationInterceptorChain.java:124) ~[junit-jupiter-engine-6.0.3.jar:6.0.3]
	at org.junit.jupiter.engine.extension.TimeoutExtension.intercept(TimeoutExtension.java:163) ~[junit-jupiter-engine-6.0.3.jar:6.0.3]
	at org.junit.jupiter.engine.extension.TimeoutExtension.interceptTestableMethod(TimeoutExtension.java:148) ~[junit-jupiter-engine-6.0.3.jar:6.0.3]
	at org.junit.jupiter.engine.extension.TimeoutExtension.interceptTestMethod(TimeoutExtension.java:86) ~[junit-jupiter-engine-6.0.3.jar:6.0.3]
	at org.junit.jupiter.engine.execution.InterceptingExecutableInvoker$ReflectiveInterceptorCall.lambda$ofVoidMethod$0(InterceptingExecutableInvoker.java:123) ~[junit-jupiter-engine-6.0.3.jar:6.0.3]
	at org.junit.jupiter.engine.execution.InterceptingExecutableInvoker.lambda$invoke$0(InterceptingExecutableInvoker.java:105) ~[junit-jupiter-engine-6.0.3.jar:6.0.3]
	at org.junit.jupiter.engine.execution.InvocationInterceptorChain$InterceptedInvocation.proceed(InvocationInterceptorChain.java:99) ~[junit-jupiter-engine-6.0.3.jar:6.0.3]
	at org.junit.jupiter.engine.execution.InvocationInterceptorChain.proceed(InvocationInterceptorChain.java:66) ~[junit-jupiter-engine-6.0.3.jar:6.0.3]
	at org.junit.jupiter.engine.execution.InvocationInterceptorChain.chainAndInvoke(InvocationInterceptorChain.java:47) ~[junit-jupiter-engine-6.0.3.jar:6.0.3]
	at org.junit.jupiter.engine.execution.InvocationInterceptorChain.invoke(InvocationInterceptorChain.java:39) ~[junit-jupiter-engine-6.0.3.jar:6.0.3]
	at org.junit.jupiter.engine.execution.InterceptingExecutableInvoker.invoke(InterceptingExecutableInvoker.java:104) ~[junit-jupiter-engine-6.0.3.jar:6.0.3]
	at org.junit.jupiter.engine.execution.InterceptingExecutableInvoker.invoke(InterceptingExecutableInvoker.java:98) ~[junit-jupiter-engine-6.0.3.jar:6.0.3]
	at org.junit.jupiter.engine.execution.InterceptingExecutableInvoker.invokeVoid(InterceptingExecutableInvoker.java:71) ~[junit-jupiter-engine-6.0.3.jar:6.0.3]
	at org.junit.jupiter.engine.descriptor.TestMethodTestDescriptor.lambda$invokeTestMethod$0(TestMethodTestDescriptor.java:219) ~[junit-jupiter-engine-6.0.3.jar:6.0.3]
	at org.junit.platform.engine.support.hierarchical.ThrowableCollector.execute(ThrowableCollector.java:74) ~[junit-platform-engine-6.0.3.jar:6.0.3]
	at org.junit.jupiter.engine.descriptor.TestMethodTestDescriptor.invokeTestMethod(TestMethodTestDescriptor.java:215) ~[junit-jupiter-engine-6.0.3.jar:6.0.3]
	at org.junit.jupiter.engine.descriptor.TestMethodTestDescriptor.execute(TestMethodTestDescriptor.java:157) ~[junit-jupiter-engine-6.0.3.jar:6.0.3]
	at org.junit.jupiter.engine.descriptor.TestMethodTestDescriptor.execute(TestMethodTestDescriptor.java:70) ~[junit-jupiter-engine-6.0.3.jar:6.0.3]
	at org.junit.platform.engine.support.hierarchical.NodeTestTask.lambda$executeRecursively$2(NodeTestTask.java:176) ~[junit-platform-engine-6.0.3.jar:6.0.3]
	at org.junit.platform.engine.support.hierarchical.ThrowableCollector.execute(ThrowableCollector.java:74) ~[junit-platform-engine-6.0.3.jar:6.0.3]
	at org.junit.platform.engine.support.hierarchical.NodeTestTask.lambda$executeRecursively$1(NodeTestTask.java:166) ~[junit-platform-engine-6.0.3.jar:6.0.3]
	at org.junit.platform.engine.support.hierarchical.Node.around(Node.java:138) ~[junit-platform-engine-6.0.3.jar:6.0.3]
	at org.junit.platform.engine.support.hierarchical.NodeTestTask.lambda$executeRecursively$0(NodeTestTask.java:164) ~[junit-platform-engine-6.0.3.jar:6.0.3]
	at org.junit.platform.engine.support.hierarchical.ThrowableCollector.execute(ThrowableCollector.java:74) ~[junit-platform-engine-6.0.3.jar:6.0.3]
	at org.junit.platform.engine.support.hierarchical.NodeTestTask.executeRecursively(NodeTestTask.java:163) ~[junit-platform-engine-6.0.3.jar:6.0.3]
	at org.junit.platform.engine.support.hierarchical.NodeTestTask.execute(NodeTestTask.java:116) ~[junit-platform-engine-6.0.3.jar:6.0.3]
	at java.base/java.util.ArrayList.forEach(ArrayList.java:1596) ~[na:na]
	at org.junit.platform.engine.support.hierarchical.SameThreadHierarchicalTestExecutorService.invokeAll(SameThreadHierarchicalTestExecutorService.java:42) ~[junit-platform-engine-6.0.3.jar:6.0.3]
	at org.junit.platform.engine.support.hierarchical.NodeTestTask.lambda$executeRecursively$2(NodeTestTask.java:180) ~[junit-platform-engine-6.0.3.jar:6.0.3]
	at org.junit.platform.engine.support.hierarchical.ThrowableCollector.execute(ThrowableCollector.java:74) ~[junit-platform-engine-6.0.3.jar:6.0.3]
	at org.junit.platform.engine.support.hierarchical.NodeTestTask.lambda$executeRecursively$1(NodeTestTask.java:166) ~[junit-platform-engine-6.0.3.jar:6.0.3]
	at org.junit.platform.engine.support.hierarchical.Node.around(Node.java:138) ~[junit-platform-engine-6.0.3.jar:6.0.3]
	at org.junit.platform.engine.support.hierarchical.NodeTestTask.lambda$executeRecursively$0(NodeTestTask.java:164) ~[junit-platform-engine-6.0.3.jar:6.0.3]
	at org.junit.platform.engine.support.hierarchical.ThrowableCollector.execute(ThrowableCollector.java:74) ~[junit-platform-engine-6.0.3.jar:6.0.3]
	at org.junit.platform.engine.support.hierarchical.NodeTestTask.executeRecursively(NodeTestTask.java:163) ~[junit-platform-engine-6.0.3.jar:6.0.3]
	at org.junit.platform.engine.support.hierarchical.NodeTestTask.execute(NodeTestTask.java:116) ~[junit-platform-engine-6.0.3.jar:6.0.3]
	at java.base/java.util.ArrayList.forEach(ArrayList.java:1596) ~[na:na]
	at org.junit.platform.engine.support.hierarchical.SameThreadHierarchicalTestExecutorService.invokeAll(SameThreadHierarchicalTestExecutorService.java:42) ~[junit-platform-engine-6.0.3.jar:6.0.3]
	at org.junit.platform.engine.support.hierarchical.NodeTestTask.lambda$executeRecursively$2(NodeTestTask.java:180) ~[junit-platform-engine-6.0.3.jar:6.0.3]
	at org.junit.platform.engine.support.hierarchical.ThrowableCollector.execute(ThrowableCollector.java:74) ~[junit-platform-engine-6.0.3.jar:6.0.3]
	at org.junit.platform.engine.support.hierarchical.NodeTestTask.lambda$executeRecursively$1(NodeTestTask.java:166) ~[junit-platform-engine-6.0.3.jar:6.0.3]
	at org.junit.platform.engine.support.hierarchical.Node.around(Node.java:138) ~[junit-platform-engine-6.0.3.jar:6.0.3]
	at org.junit.platform.engine.support.hierarchical.NodeTestTask.lambda$executeRecursively$0(NodeTestTask.java:164) ~[junit-platform-engine-6.0.3.jar:6.0.3]
	at org.junit.platform.engine.support.hierarchical.ThrowableCollector.execute(ThrowableCollector.java:74) ~[junit-platform-engine-6.0.3.jar:6.0.3]
	at org.junit.platform.engine.support.hierarchical.NodeTestTask.executeRecursively(NodeTestTask.java:163) ~[junit-platform-engine-6.0.3.jar:6.0.3]
	at org.junit.platform.engine.support.hierarchical.NodeTestTask.execute(NodeTestTask.java:116) ~[junit-platform-engine-6.0.3.jar:6.0.3]
	at org.junit.platform.engine.support.hierarchical.SameThreadHierarchicalTestExecutorService.submit(SameThreadHierarchicalTestExecutorService.java:36) ~[junit-platform-engine-6.0.3.jar:6.0.3]
	at org.junit.platform.engine.support.hierarchical.HierarchicalTestExecutor.execute(HierarchicalTestExecutor.java:52) ~[junit-platform-engine-6.0.3.jar:6.0.3]
	at org.junit.platform.engine.support.hierarchical.HierarchicalTestEngine.execute(HierarchicalTestEngine.java:58) ~[junit-platform-engine-6.0.3.jar:6.0.3]
	at org.junit.platform.launcher.core.EngineExecutionOrchestrator.executeEngine(EngineExecutionOrchestrator.java:246) ~[junit-platform-launcher-6.0.3.jar:6.0.3]
	at org.junit.platform.launcher.core.EngineExecutionOrchestrator.failOrExecuteEngine(EngineExecutionOrchestrator.java:218) ~[junit-platform-launcher-6.0.3.jar:6.0.3]
	at org.junit.platform.launcher.core.EngineExecutionOrchestrator.execute(EngineExecutionOrchestrator.java:179) ~[junit-platform-launcher-6.0.3.jar:6.0.3]
	at org.junit.platform.launcher.core.EngineExecutionOrchestrator.execute(EngineExecutionOrchestrator.java:108) ~[junit-platform-launcher-6.0.3.jar:6.0.3]
	at org.junit.platform.launcher.core.EngineExecutionOrchestrator.lambda$execute$0(EngineExecutionOrchestrator.java:66) ~[junit-platform-launcher-6.0.3.jar:6.0.3]
	at org.junit.platform.launcher.core.EngineExecutionOrchestrator.withInterceptedStreams(EngineExecutionOrchestrator.java:157) ~[junit-platform-launcher-6.0.3.jar:6.0.3]
	at org.junit.platform.launcher.core.EngineExecutionOrchestrator.execute(EngineExecutionOrchestrator.java:65) ~[junit-platform-launcher-6.0.3.jar:6.0.3]
	at org.junit.platform.launcher.core.DefaultLauncher.execute(DefaultLauncher.java:125) ~[junit-platform-launcher-6.0.3.jar:6.0.3]
	at org.junit.platform.launcher.core.DefaultLauncher.execute(DefaultLauncher.java:114) ~[junit-platform-launcher-6.0.3.jar:6.0.3]
	at org.junit.platform.launcher.core.DelegatingLauncher.execute(DelegatingLauncher.java:58) ~[junit-platform-launcher-6.0.3.jar:6.0.3]
	at org.junit.platform.launcher.core.InterceptingLauncher.lambda$execute$2(InterceptingLauncher.java:57) ~[junit-platform-launcher-6.0.3.jar:6.0.3]
	at org.junit.platform.launcher.core.ClasspathAlignmentCheckingLauncherInterceptor.intercept(ClasspathAlignmentCheckingLauncherInterceptor.java:25) ~[junit-platform-launcher-6.0.3.jar:6.0.3]
	at org.junit.platform.launcher.core.InterceptingLauncher.execute(InterceptingLauncher.java:56) ~[junit-platform-launcher-6.0.3.jar:6.0.3]
	at org.junit.platform.launcher.core.DelegatingLauncher.execute(DelegatingLauncher.java:58) ~[junit-platform-launcher-6.0.3.jar:6.0.3]
	at java.base/jdk.internal.reflect.DirectMethodHandleAccessor.invoke(DirectMethodHandleAccessor.java:103) ~[na:na]
	at java.base/java.lang.reflect.Method.invoke(Method.java:580) ~[na:na]
	at org.apache.maven.surefire.api.util.ReflectionUtils.invokeMethodWithArray(ReflectionUtils.java:125) ~[surefire-api-3.5.6.jar:3.5.6]
	at org.apache.maven.surefire.junitplatform.LauncherAdapter.executeWithCancellationToken(LauncherAdapter.java:68) ~[surefire-junit-platform-3.5.6.jar:3.5.6]
	at org.apache.maven.surefire.junitplatform.LauncherAdapter.execute(LauncherAdapter.java:54) ~[surefire-junit-platform-3.5.6.jar:3.5.6]
	at org.apache.maven.surefire.junitplatform.JUnitPlatformProvider.execute(JUnitPlatformProvider.java:203) ~[surefire-junit-platform-3.5.6.jar:3.5.6]
	at org.apache.maven.surefire.junitplatform.JUnitPlatformProvider.invokeAllTests(JUnitPlatformProvider.java:168) ~[surefire-junit-platform-3.5.6.jar:3.5.6]
	at org.apache.maven.surefire.junitplatform.JUnitPlatformProvider.invoke(JUnitPlatformProvider.java:136) ~[surefire-junit-platform-3.5.6.jar:3.5.6]
	at org.apache.maven.surefire.booter.ForkedBooter.runSuitesInProcess(ForkedBooter.java:385) ~[surefire-booter-3.5.6.jar:3.5.6]
	at org.apache.maven.surefire.booter.ForkedBooter.execute(ForkedBooter.java:162) ~[surefire-booter-3.5.6.jar:3.5.6]
	at org.apache.maven.surefire.booter.ForkedBooter.run(ForkedBooter.java:507) ~[surefire-booter-3.5.6.jar:3.5.6]
	at org.apache.maven.surefire.booter.ForkedBooter.main(ForkedBooter.java:495) ~[surefire-booter-3.5.6.jar:3.5.6]
Caused by: org.springframework.boot.web.server.WebServerException: Unable to start embedded Tomcat
	at org.springframework.boot.tomcat.TomcatWebServer.initialize(TomcatWebServer.java:150) ~[spring-boot-tomcat-4.1.1.jar:4.1.1]
	at org.springframework.boot.tomcat.TomcatWebServer.<init>(TomcatWebServer.java:110) ~[spring-boot-tomcat-4.1.1.jar:4.1.1]
	at org.springframework.boot.tomcat.servlet.TomcatServletWebServerFactory.getTomcatWebServer(TomcatServletWebServerFactory.java:429) ~[spring-boot-tomcat-4.1.1.jar:4.1.1]
	at org.springframework.boot.tomcat.servlet.TomcatServletWebServerFactory.getWebServer(TomcatServletWebServerFactory.java:167) ~[spring-boot-tomcat-4.1.1.jar:4.1.1]
	at org.springframework.boot.web.server.servlet.context.ServletWebServerApplicationContext.createWebServer(ServletWebServerApplicationContext.java:190) ~[spring-boot-web-server-4.1.1.jar:4.1.1]
	at org.springframework.boot.web.server.servlet.context.ServletWebServerApplicationContext.onRefresh(ServletWebServerApplicationContext.java:164) ~[spring-boot-web-server-4.1.1.jar:4.1.1]
	... 94 common frames omitted
Caused by: org.springframework.beans.factory.UnsatisfiedDependencyException: Error creating bean with name 'rateLimitFilter' defined in class path resource [si/konferenca/registration/config/SecurityConfig.class]: Unsatisfied dependency expressed through method 'rateLimitFilter' parameter 1: Error creating bean with name 'applicationConfig' defined in file [E:\13 - Lab Projects\04_Input_Files_Template\agentic_lab\02_output\backend\target\classes\si\konferenca\registration\config\ApplicationConfig.class]: Failed to instantiate [si.konferenca.registration.config.ApplicationConfig$$SpringCGLIB$$0]: Constructor threw exception
	at org.springframework.beans.factory.support.ConstructorResolver.createArgumentArray(ConstructorResolver.java:804) ~[spring-beans-7.0.9.jar:7.0.9]
	at org.springframework.beans.factory.support.ConstructorResolver.instantiateUsingFactoryMethod(ConstructorResolver.java:546) ~[spring-beans-7.0.9.jar:7.0.9]
	at org.springframework.beans.factory.support.AbstractAutowireCapableBeanFactory.instantiateUsingFactoryMethod(AbstractAutowireCapableBeanFactory.java:1360) ~[spring-beans-7.0.9.jar:7.0.9]
	at org.springframework.beans.factory.support.AbstractAutowireCapableBeanFactory.createBeanInstance(AbstractAutowireCapableBeanFactory.java:1192) ~[spring-beans-7.0.9.jar:7.0.9]
	at org.springframework.beans.factory.support.AbstractAutowireCapableBeanFactory.doCreateBean(AbstractAutowireCapableBeanFactory.java:565) ~[spring-beans-7.0.9.jar:7.0.9]
	at org.springframework.beans.factory.support.AbstractAutowireCapableBeanFactory.createBean(AbstractAutowireCapableBeanFactory.java:525) ~[spring-beans-7.0.9.jar:7.0.9]
	at org.springframework.beans.factory.support.AbstractBeanFactory.lambda$doGetBean$0(AbstractBeanFactory.java:333) ~[spring-beans-7.0.9.jar:7.0.9]
	at org.springframework.beans.factory.support.DefaultSingletonBeanRegistry.getSingleton(DefaultSingletonBeanRegistry.java:371) ~[spring-beans-7.0.9.jar:7.0.9]
	at org.springframework.beans.factory.support.AbstractBeanFactory.doGetBean(AbstractBeanFactory.java:331) ~[spring-beans-7.0.9.jar:7.0.9]
	at org.springframework.beans.factory.support.AbstractBeanFactory.getBean(AbstractBeanFactory.java:201) ~[spring-beans-7.0.9.jar:7.0.9]
	at org.springframework.boot.web.servlet.ServletContextInitializerBeans.getOrderedBeansOfType(ServletContextInitializerBeans.java:231) ~[spring-boot-4.1.1.jar:4.1.1]
	at org.springframework.boot.web.servlet.ServletContextInitializerBeans.getOrderedBeansOfType(ServletContextInitializerBeans.java:222) ~[spring-boot-4.1.1.jar:4.1.1]
	at org.springframework.boot.web.servlet.ServletContextInitializerBeans.addServletContextInitializerBeans(ServletContextInitializerBeans.java:107) ~[spring-boot-4.1.1.jar:4.1.1]
	at org.springframework.boot.web.servlet.ServletContextInitializerBeans.<init>(ServletContextInitializerBeans.java:96) ~[spring-boot-4.1.1.jar:4.1.1]
	at org.springframework.boot.web.context.servlet.WebApplicationContextInitializer.initialize(WebApplicationContextInitializer.java:53) ~[spring-boot-4.1.1.jar:4.1.1]
	at org.springframework.boot.tomcat.servlet.DeferredServletContainerInitializers.onStartup(DeferredServletContainerInitializers.java:55) ~[spring-boot-tomcat-4.1.1.jar:4.1.1]
	at org.apache.catalina.core.StandardContext.startInternal(StandardContext.java:4606) ~[tomcat-embed-core-11.0.26.jar:11.0.26]
	at org.apache.catalina.util.LifecycleBase.start(LifecycleBase.java:170) ~[tomcat-embed-core-11.0.26.jar:11.0.26]
	at org.apache.catalina.core.ContainerBase$StartChild.call(ContainerBase.java:1204) ~[tomcat-embed-core-11.0.26.jar:11.0.26]
	at org.apache.catalina.core.ContainerBase$StartChild.call(ContainerBase.java:1200) ~[tomcat-embed-core-11.0.26.jar:11.0.26]
	at java.base/java.util.concurrent.FutureTask.run(FutureTask.java:317) ~[na:na]
	at org.apache.tomcat.util.threads.InlineExecutorService.execute(InlineExecutorService.java:92) ~[tomcat-embed-core-11.0.26.jar:11.0.26]
	at java.base/java.util.concurrent.AbstractExecutorService.submit(AbstractExecutorService.java:145) ~[na:na]
	at org.apache.catalina.core.ContainerBase.startInternal(ContainerBase.java:732) ~[tomcat-embed-core-11.0.26.jar:11.0.26]
	at org.apache.catalina.core.StandardHost.startInternal(StandardHost.java:794) ~[tomcat-embed-core-11.0.26.jar:11.0.26]
	at org.apache.catalina.util.LifecycleBase.start(LifecycleBase.java:170) ~[tomcat-embed-core-11.0.26.jar:11.0.26]
	at org.apache.catalina.core.ContainerBase$StartChild.call(ContainerBase.java:1204) ~[tomcat-embed-core-11.0.26.jar:11.0.26]
	at org.apache.catalina.core.ContainerBase$StartChild.call(ContainerBase.java:1200) ~[tomcat-embed-core-11.0.26.jar:11.0.26]
	at java.base/java.util.concurrent.FutureTask.run(FutureTask.java:317) ~[na:na]
	at org.apache.tomcat.util.threads.InlineExecutorService.execute(InlineExecutorService.java:92) ~[tomcat-embed-core-11.0.26.jar:11.0.26]
	at java.base/java.util.concurrent.AbstractExecutorService.submit(AbstractExecutorService.java:145) ~[na:na]
	at org.apache.catalina.core.ContainerBase.startInternal(ContainerBase.java:732) ~[tomcat-embed-core-11.0.26.jar:11.0.26]
	at org.apache.catalina.core.StandardEngine.startInternal(StandardEngine.java:201) ~[tomcat-embed-core-11.0.26.jar:11.0.26]
	at org.apache.catalina.util.LifecycleBase.start(LifecycleBase.java:170) ~[tomcat-embed-core-11.0.26.jar:11.0.26]
	at org.apache.catalina.core.StandardService.startInternal(StandardService.java:433) ~[tomcat-embed-core-11.0.26.jar:11.0.26]
	at org.apache.catalina.util.LifecycleBase.start(LifecycleBase.java:170) ~[tomcat-embed-core-11.0.26.jar:11.0.26]
	at org.apache.catalina.core.StandardServer.startInternal(StandardServer.java:871) ~[tomcat-embed-core-11.0.26.jar:11.0.26]
	at org.apache.catalina.util.LifecycleBase.start(LifecycleBase.java:170) ~[tomcat-embed-core-11.0.26.jar:11.0.26]
	at org.apache.catalina.startup.Tomcat.start(Tomcat.java:452) ~[tomcat-embed-core-11.0.26.jar:11.0.26]
	at org.springframework.boot.tomcat.TomcatWebServer.initialize(TomcatWebServer.java:131) ~[spring-boot-tomcat-4.1.1.jar:4.1.1]
	... 99 common frames omitted
Caused by: org.springframework.beans.factory.BeanCreationException: Error creating bean with name 'applicationConfig' defined in file [E:\13 - Lab Projects\04_Input_Files_Template\agentic_lab\02_output\backend\target\classes\si\konferenca\registration\config\ApplicationConfig.class]: Failed to instantiate [si.konferenca.registration.config.ApplicationConfig$$SpringCGLIB$$0]: Constructor threw exception
	at org.springframework.beans.factory.support.ConstructorResolver.instantiate(ConstructorResolver.java:321) ~[spring-beans-7.0.9.jar:7.0.9]
	at org.springframework.beans.factory.support.ConstructorResolver.autowireConstructor(ConstructorResolver.java:309) ~[spring-beans-7.0.9.jar:7.0.9]
	at org.springframework.beans.factory.support.AbstractAutowireCapableBeanFactory.autowireConstructor(AbstractAutowireCapableBeanFactory.java:1380) ~[spring-beans-7.0.9.jar:7.0.9]
	at org.springframework.beans.factory.support.AbstractAutowireCapableBeanFactory.createBeanInstance(AbstractAutowireCapableBeanFactory.java:1219) ~[spring-beans-7.0.9.jar:7.0.9]
	at org.springframework.beans.factory.support.AbstractAutowireCapableBeanFactory.doCreateBean(AbstractAutowireCapableBeanFactory.java:565) ~[spring-beans-7.0.9.jar:7.0.9]
	at org.springframework.beans.factory.support.AbstractAutowireCapableBeanFactory.createBean(AbstractAutowireCapableBeanFactory.java:525) ~[spring-beans-7.0.9.jar:7.0.9]
	at org.springframework.beans.factory.support.AbstractBeanFactory.lambda$doGetBean$0(AbstractBeanFactory.java:333) ~[spring-beans-7.0.9.jar:7.0.9]
	at org.springframework.beans.factory.support.DefaultSingletonBeanRegistry.getSingleton(DefaultSingletonBeanRegistry.java:371) ~[spring-beans-7.0.9.jar:7.0.9]
	at org.springframework.beans.factory.support.AbstractBeanFactory.doGetBean(AbstractBeanFactory.java:331) ~[spring-beans-7.0.9.jar:7.0.9]
	at org.springframework.beans.factory.support.AbstractBeanFactory.getBean(AbstractBeanFactory.java:196) ~[spring-beans-7.0.9.jar:7.0.9]
	at org.springframework.beans.factory.support.ConstructorResolver.instantiateUsingFactoryMethod(ConstructorResolver.java:413) ~[spring-beans-7.0.9.jar:7.0.9]
	at org.springframework.beans.factory.support.AbstractAutowireCapableBeanFactory.instantiateUsingFactoryMethod(AbstractAutowireCapableBeanFactory.java:1360) ~[spring-beans-7.0.9.jar:7.0.9]
	at org.springframework.beans.factory.support.AbstractAutowireCapableBeanFactory.createBeanInstance(AbstractAutowireCapableBeanFactory.java:1192) ~[spring-beans-7.0.9.jar:7.0.9]
	at org.springframework.beans.factory.support.AbstractAutowireCapableBeanFactory.doCreateBean(AbstractAutowireCapableBeanFactory.java:565) ~[spring-beans-7.0.9.jar:7.0.9]
	at org.springframework.beans.factory.support.AbstractAutowireCapableBeanFactory.createBean(AbstractAutowireCapableBeanFactory.java:525) ~[spring-beans-7.0.9.jar:7.0.9]
	at org.springframework.beans.factory.support.AbstractBeanFactory.lambda$doGetBean$0(AbstractBeanFactory.java:333) ~[spring-beans-7.0.9.jar:7.0.9]
	at org.springframework.beans.factory.support.DefaultSingletonBeanRegistry.getSingleton(DefaultSingletonBeanRegistry.java:371) ~[spring-beans-7.0.9.jar:7.0.9]
	at org.springframework.beans.factory.support.AbstractBeanFactory.doGetBean(AbstractBeanFactory.java:331) ~[spring-beans-7.0.9.jar:7.0.9]
	at org.springframework.beans.factory.support.AbstractBeanFactory.getBean(AbstractBeanFactory.java:201) ~[spring-beans-7.0.9.jar:7.0.9]
	at org.springframework.beans.factory.support.DefaultListableBeanFactory.resolveBean(DefaultListableBeanFactory.java:1232) ~[spring-beans-7.0.9.jar:7.0.9]
	at org.springframework.beans.factory.support.DefaultListableBeanFactory.doResolveDependency(DefaultListableBeanFactory.java:1711) ~[spring-beans-7.0.9.jar:7.0.9]
	at org.springframework.beans.factory.support.DefaultListableBeanFactory.resolveDependency(DefaultListableBeanFactory.java:1658) ~[spring-beans-7.0.9.jar:7.0.9]
	at org.springframework.beans.factory.support.ConstructorResolver.resolveAutowiredArgument(ConstructorResolver.java:912) ~[spring-beans-7.0.9.jar:7.0.9]
	at org.springframework.beans.factory.support.ConstructorResolver.createArgumentArray(ConstructorResolver.java:791) ~[spring-beans-7.0.9.jar:7.0.9]
	... 138 common frames omitted
Caused by: org.springframework.beans.BeanInstantiationException: Failed to instantiate [si.konferenca.registration.config.ApplicationConfig$$SpringCGLIB$$0]: Constructor threw exception
	at org.springframework.beans.BeanUtils.instantiateClass(BeanUtils.java:220) ~[spring-beans-7.0.9.jar:7.0.9]
	at org.springframework.beans.factory.support.SimpleInstantiationStrategy.instantiate(SimpleInstantiationStrategy.java:129) ~[spring-beans-7.0.9.jar:7.0.9]
	at org.springframework.beans.factory.support.ConstructorResolver.instantiate(ConstructorResolver.java:318) ~[spring-beans-7.0.9.jar:7.0.9]
	... 161 common frames omitted
Caused by: java.lang.IllegalStateException: Unsafe or incomplete configuration: ORGANIZER_PASSWORD is required and must have at least 16 characters
	at si.konferenca.registration.config.StartupChecks.verify(StartupChecks.java:56) ~[classes/:na]
	at si.konferenca.registration.config.ApplicationConfig.<init>(ApplicationConfig.java:39) ~[classes/:na]
	at si.konferenca.registration.config.ApplicationConfig$$SpringCGLIB$$0.<init>(<generated>) ~[classes/:na]
	at java.base/jdk.internal.reflect.DirectConstructorHandleAccessor.newInstance(DirectConstructorHandleAccessor.java:62) ~[na:na]
	at java.base/java.lang.reflect.Constructor.newInstanceWithCaller(Constructor.java:502) ~[na:na]
	at java.base/java.lang.reflect.Constructor.newInstance(Constructor.java:486) ~[na:na]
	at org.springframework.beans.BeanUtils.instantiateClass(BeanUtils.java:207) ~[spring-beans-7.0.9.jar:7.0.9]
	... 163 common frames omitted


  .   ____          _            __ _ _
 /\\ / ___'_ __ _ _(_)_ __  __ _ \ \ \ \
( ( )\___ | '_ | '_| | '_ \/ _` | \ \ \ \
 \\/  ___)| |_)| | | | | || (_| |  ) ) ) )
  '  |____| .__|_| |_|_| |_\__, | / / / /
 =========|_|==============|___/=/_/_/_/

 :: Spring Boot ::                (v4.1.1)

2026-09-30T02:21:32.904+02:00  INFO 26908 --- [registration-backend] [           main] o.a.maven.surefire.booter.ForkedBooter   : Starting ForkedBooter v3.5.6 using Java 21.0.10 with PID 26908 (started by sense in E:\13 - Lab Projects\04_Input_Files_Template\agentic_lab\02_output\backend)
2026-09-30T02:21:32.904+02:00  INFO 26908 --- [registration-backend] [           main] o.a.maven.surefire.booter.ForkedBooter   : No active profile set, falling back to 1 default profile: "default"
2026-09-30T02:21:33.031+02:00  INFO 26908 --- [registration-backend] [           main] .s.d.r.c.RepositoryConfigurationDelegate : Bootstrapping Spring Data JPA repositories in DEFAULT mode.
2026-09-30T02:21:33.045+02:00  INFO 26908 --- [registration-backend] [           main] .s.d.r.c.RepositoryConfigurationDelegate : Finished Spring Data repository scanning in 11 ms. Found 1 JPA repository interface.
2026-09-30T02:21:33.096+02:00  INFO 26908 --- [registration-backend] [           main] o.s.boot.tomcat.TomcatWebServer          : Tomcat initialized with port 0 (http)
2026-09-30T02:21:33.097+02:00  INFO 26908 --- [registration-backend] [           main] o.apache.catalina.core.StandardService   : Starting service [Tomcat]
2026-09-30T02:21:33.097+02:00  INFO 26908 --- [registration-backend] [           main] o.apache.catalina.core.StandardEngine    : Starting Servlet engine: [Apache Tomcat/11.0.26]
2026-09-30T02:21:33.154+02:00  INFO 26908 --- [registration-backend] [           main] b.w.c.s.WebApplicationContextInitializer : Root WebApplicationContext: initialization completed in 249 ms
2026-09-30T02:21:33.160+02:00 ERROR 26908 --- [registration-backend] [           main] t.s.DeferredServletContainerInitializers : Error starting Tomcat context. Exception: org.springframework.beans.factory.UnsatisfiedDependencyException. Message: Error creating bean with name 'rateLimitFilter' defined in class path resource [si/konferenca/registration/config/SecurityConfig.class]: Unsatisfied dependency expressed through method 'rateLimitFilter' parameter 1: Error creating bean with name 'applicationConfig' defined in file [E:\13 - Lab Projects\04_Input_Files_Template\agentic_lab\02_output\backend\target\classes\si\konferenca\registration\config\ApplicationConfig.class]: Failed to instantiate [si.konferenca.registration.config.ApplicationConfig$$SpringCGLIB$$0]: Constructor threw exception
2026-09-30T02:21:33.161+02:00  INFO 26908 --- [registration-backend] [           main] o.apache.catalina.core.StandardService   : Stopping service [Tomcat]
2026-09-30T02:21:33.165+02:00  WARN 26908 --- [registration-backend] [           main] ConfigServletWebServerApplicationContext : Exception encountered during context initialization - cancelling refresh attempt: org.springframework.context.ApplicationContextException: Unable to start web server
2026-09-30T02:21:33.166+02:00  INFO 26908 --- [registration-backend] [           main] .s.b.a.l.ConditionEvaluationReportLogger : 

Error starting ApplicationContext. To display the condition evaluation report re-run your application with 'debug' enabled.
2026-09-30T02:21:33.167+02:00 ERROR 26908 --- [registration-backend] [           main] o.s.boot.SpringApplication               : Application run failed

org.springframework.context.ApplicationContextException: Unable to start web server
	at org.springframework.boot.web.server.servlet.context.ServletWebServerApplicationContext.onRefresh(ServletWebServerApplicationContext.java:167) ~[spring-boot-web-server-4.1.1.jar:4.1.1]
	at org.springframework.context.support.AbstractApplicationContext.refresh(AbstractApplicationContext.java:615) ~[spring-context-7.0.9.jar:7.0.9]
	at org.springframework.boot.web.server.servlet.context.ServletWebServerApplicationContext.refresh(ServletWebServerApplicationContext.java:143) ~[spring-boot-web-server-4.1.1.jar:4.1.1]
	at org.springframework.boot.SpringApplication.refresh(SpringApplication.java:756) ~[spring-boot-4.1.1.jar:4.1.1]
	at org.springframework.boot.SpringApplication.refreshContext(SpringApplication.java:445) ~[spring-boot-4.1.1.jar:4.1.1]
	at org.springframework.boot.SpringApplication.run(SpringApplication.java:321) ~[spring-boot-4.1.1.jar:4.1.1]
	at org.springframework.boot.builder.SpringApplicationBuilder.run(SpringApplicationBuilder.java:154) ~[spring-boot-4.1.1.jar:4.1.1]
	at si.konferenca.registration.acceptance.StartupSafetyAcceptanceTest.start(StartupSafetyAcceptanceTest.java:32) ~[test-classes/:na]
	at si.konferenca.registration.acceptance.StartupSafetyAcceptanceTest.lambda$sr02ProductionRefusesEmptyKeys$1(StartupSafetyAcceptanceTest.java:64) ~[test-classes/:na]
	at org.assertj.core.api.ThrowableAssert.catchThrowable(ThrowableAssert.java:66) ~[assertj-core-3.27.7.jar:na]
	at org.assertj.core.api.AssertionsForClassTypes.catchThrowable(AssertionsForClassTypes.java:908) ~[assertj-core-3.27.7.jar:na]
	at org.assertj.core.api.Assertions.catchThrowable(Assertions.java:1476) ~[assertj-core-3.27.7.jar:na]
	at org.assertj.core.api.Assertions.assertThatThrownBy(Assertions.java:1319) ~[assertj-core-3.27.7.jar:na]
	at si.konferenca.registration.acceptance.StartupSafetyAcceptanceTest.sr02ProductionRefusesEmptyKeys(StartupSafetyAcceptanceTest.java:64) ~[test-classes/:na]
	at java.base/jdk.internal.reflect.DirectMethodHandleAccessor.invoke(DirectMethodHandleAccessor.java:103) ~[na:na]
	at java.base/java.lang.reflect.Method.invoke(Method.java:580) ~[na:na]
	at org.junit.platform.commons.util.ReflectionUtils.invokeMethod(ReflectionUtils.java:701) ~[junit-platform-commons-6.0.3.jar:6.0.3]
	at org.junit.platform.commons.support.ReflectionSupport.invokeMethod(ReflectionSupport.java:502) ~[junit-platform-commons-6.0.3.jar:6.0.3]
	at org.junit.jupiter.engine.support.MethodReflectionUtils.invoke(MethodReflectionUtils.java:45) ~[junit-jupiter-engine-6.0.3.jar:6.0.3]
	at org.junit.jupiter.engine.execution.MethodInvocation.proceed(MethodInvocation.java:61) ~[junit-jupiter-engine-6.0.3.jar:6.0.3]
	at org.junit.jupiter.engine.execution.InvocationInterceptorChain$ValidatingInvocation.proceed(InvocationInterceptorChain.java:124) ~[junit-jupiter-engine-6.0.3.jar:6.0.3]
	at org.junit.jupiter.engine.extension.TimeoutExtension.intercept(TimeoutExtension.java:163) ~[junit-jupiter-engine-6.0.3.jar:6.0.3]
	at org.junit.jupiter.engine.extension.TimeoutExtension.interceptTestableMethod(TimeoutExtension.java:148) ~[junit-jupiter-engine-6.0.3.jar:6.0.3]
	at org.junit.jupiter.engine.extension.TimeoutExtension.interceptTestMethod(TimeoutExtension.java:86) ~[junit-jupiter-engine-6.0.3.jar:6.0.3]
	at org.junit.jupiter.engine.execution.InterceptingExecutableInvoker$ReflectiveInterceptorCall.lambda$ofVoidMethod$0(InterceptingExecutableInvoker.java:123) ~[junit-jupiter-engine-6.0.3.jar:6.0.3]
	at org.junit.jupiter.engine.execution.InterceptingExecutableInvoker.lambda$invoke$0(InterceptingExecutableInvoker.java:105) ~[junit-jupiter-engine-6.0.3.jar:6.0.3]
	at org.junit.jupiter.engine.execution.InvocationInterceptorChain$InterceptedInvocation.proceed(InvocationInterceptorChain.java:99) ~[junit-jupiter-engine-6.0.3.jar:6.0.3]
	at org.junit.jupiter.engine.execution.InvocationInterceptorChain.proceed(InvocationInterceptorChain.java:66) ~[junit-jupiter-engine-6.0.3.jar:6.0.3]
	at org.junit.jupiter.engine.execution.InvocationInterceptorChain.chainAndInvoke(InvocationInterceptorChain.java:47) ~[junit-jupiter-engine-6.0.3.jar:6.0.3]
	at org.junit.jupiter.engine.execution.InvocationInterceptorChain.invoke(InvocationInterceptorChain.java:39) ~[junit-jupiter-engine-6.0.3.jar:6.0.3]
	at org.junit.jupiter.engine.execution.InterceptingExecutableInvoker.invoke(InterceptingExecutableInvoker.java:104) ~[junit-jupiter-engine-6.0.3.jar:6.0.3]
	at org.junit.jupiter.engine.execution.InterceptingExecutableInvoker.invoke(InterceptingExecutableInvoker.java:98) ~[junit-jupiter-engine-6.0.3.jar:6.0.3]
	at org.junit.jupiter.engine.execution.InterceptingExecutableInvoker.invokeVoid(InterceptingExecutableInvoker.java:71) ~[junit-jupiter-engine-6.0.3.jar:6.0.3]
	at org.junit.jupiter.engine.descriptor.TestMethodTestDescriptor.lambda$invokeTestMethod$0(TestMethodTestDescriptor.java:219) ~[junit-jupiter-engine-6.0.3.jar:6.0.3]
	at org.junit.platform.engine.support.hierarchical.ThrowableCollector.execute(ThrowableCollector.java:74) ~[junit-platform-engine-6.0.3.jar:6.0.3]
	at org.junit.jupiter.engine.descriptor.TestMethodTestDescriptor.invokeTestMethod(TestMethodTestDescriptor.java:215) ~[junit-jupiter-engine-6.0.3.jar:6.0.3]
	at org.junit.jupiter.engine.descriptor.TestMethodTestDescriptor.execute(TestMethodTestDescriptor.java:157) ~[junit-jupiter-engine-6.0.3.jar:6.0.3]
	at org.junit.jupiter.engine.descriptor.TestMethodTestDescriptor.execute(TestMethodTestDescriptor.java:70) ~[junit-jupiter-engine-6.0.3.jar:6.0.3]
	at org.junit.platform.engine.support.hierarchical.NodeTestTask.lambda$executeRecursively$2(NodeTestTask.java:176) ~[junit-platform-engine-6.0.3.jar:6.0.3]
	at org.junit.platform.engine.support.hierarchical.ThrowableCollector.execute(ThrowableCollector.java:74) ~[junit-platform-engine-6.0.3.jar:6.0.3]
	at org.junit.platform.engine.support.hierarchical.NodeTestTask.lambda$executeRecursively$1(NodeTestTask.java:166) ~[junit-platform-engine-6.0.3.jar:6.0.3]
	at org.junit.platform.engine.support.hierarchical.Node.around(Node.java:138) ~[junit-platform-engine-6.0.3.jar:6.0.3]
	at org.junit.platform.engine.support.hierarchical.NodeTestTask.lambda$executeRecursively$0(NodeTestTask.java:164) ~[junit-platform-engine-6.0.3.jar:6.0.3]
	at org.junit.platform.engine.support.hierarchical.ThrowableCollector.execute(ThrowableCollector.java:74) ~[junit-platform-engine-6.0.3.jar:6.0.3]
	at org.junit.platform.engine.support.hierarchical.NodeTestTask.executeRecursively(NodeTestTask.java:163) ~[junit-platform-engine-6.0.3.jar:6.0.3]
	at org.junit.platform.engine.support.hierarchical.NodeTestTask.execute(NodeTestTask.java:116) ~[junit-platform-engine-6.0.3.jar:6.0.3]
	at java.base/java.util.ArrayList.forEach(ArrayList.java:1596) ~[na:na]
	at org.junit.platform.engine.support.hierarchical.SameThreadHierarchicalTestExecutorService.invokeAll(SameThreadHierarchicalTestExecutorService.java:42) ~[junit-platform-engine-6.0.3.jar:6.0.3]
	at org.junit.platform.engine.support.hierarchical.NodeTestTask.lambda$executeRecursively$2(NodeTestTask.java:180) ~[junit-platform-engine-6.0.3.jar:6.0.3]
	at org.junit.platform.engine.support.hierarchical.ThrowableCollector.execute(ThrowableCollector.java:74) ~[junit-platform-engine-6.0.3.jar:6.0.3]
	at org.junit.platform.engine.support.hierarchical.NodeTestTask.lambda$executeRecursively$1(NodeTestTask.java:166) ~[junit-platform-engine-6.0.3.jar:6.0.3]
	at org.junit.platform.engine.support.hierarchical.Node.around(Node.java:138) ~[junit-platform-engine-6.0.3.jar:6.0.3]
	at org.junit.platform.engine.support.hierarchical.NodeTestTask.lambda$executeRecursively$0(NodeTestTask.java:164) ~[junit-platform-engine-6.0.3.jar:6.0.3]
	at org.junit.platform.engine.support.hierarchical.ThrowableCollector.execute(ThrowableCollector.java:74) ~[junit-platform-engine-6.0.3.jar:6.0.3]
	at org.junit.platform.engine.support.hierarchical.NodeTestTask.executeRecursively(NodeTestTask.java:163) ~[junit-platform-engine-6.0.3.jar:6.0.3]
	at org.junit.platform.engine.support.hierarchical.NodeTestTask.execute(NodeTestTask.java:116) ~[junit-platform-engine-6.0.3.jar:6.0.3]
	at java.base/java.util.ArrayList.forEach(ArrayList.java:1596) ~[na:na]
	at org.junit.platform.engine.support.hierarchical.SameThreadHierarchicalTestExecutorService.invokeAll(SameThreadHierarchicalTestExecutorService.java:42) ~[junit-platform-engine-6.0.3.jar:6.0.3]
	at org.junit.platform.engine.support.hierarchical.NodeTestTask.lambda$executeRecursively$2(NodeTestTask.java:180) ~[junit-platform-engine-6.0.3.jar:6.0.3]
	at org.junit.platform.engine.support.hierarchical.ThrowableCollector.execute(ThrowableCollector.java:74) ~[junit-platform-engine-6.0.3.jar:6.0.3]
	at org.junit.platform.engine.support.hierarchical.NodeTestTask.lambda$executeRecursively$1(NodeTestTask.java:166) ~[junit-platform-engine-6.0.3.jar:6.0.3]
	at org.junit.platform.engine.support.hierarchical.Node.around(Node.java:138) ~[junit-platform-engine-6.0.3.jar:6.0.3]
	at org.junit.platform.engine.support.hierarchical.NodeTestTask.lambda$executeRecursively$0(NodeTestTask.java:164) ~[junit-platform-engine-6.0.3.jar:6.0.3]
	at org.junit.platform.engine.support.hierarchical.ThrowableCollector.execute(ThrowableCollector.java:74) ~[junit-platform-engine-6.0.3.jar:6.0.3]
	at org.junit.platform.engine.support.hierarchical.NodeTestTask.executeRecursively(NodeTestTask.java:163) ~[junit-platform-engine-6.0.3.jar:6.0.3]
	at org.junit.platform.engine.support.hierarchical.NodeTestTask.execute(NodeTestTask.java:116) ~[junit-platform-engine-6.0.3.jar:6.0.3]
	at org.junit.platform.engine.support.hierarchical.SameThreadHierarchicalTestExecutorService.submit(SameThreadHierarchicalTestExecutorService.java:36) ~[junit-platform-engine-6.0.3.jar:6.0.3]
	at org.junit.platform.engine.support.hierarchical.HierarchicalTestExecutor.execute(HierarchicalTestExecutor.java:52) ~[junit-platform-engine-6.0.3.jar:6.0.3]
	at org.junit.platform.engine.support.hierarchical.HierarchicalTestEngine.execute(HierarchicalTestEngine.java:58) ~[junit-platform-engine-6.0.3.jar:6.0.3]
	at org.junit.platform.launcher.core.EngineExecutionOrchestrator.executeEngine(EngineExecutionOrchestrator.java:246) ~[junit-platform-launcher-6.0.3.jar:6.0.3]
	at org.junit.platform.launcher.core.EngineExecutionOrchestrator.failOrExecuteEngine(EngineExecutionOrchestrator.java:218) ~[junit-platform-launcher-6.0.3.jar:6.0.3]
	at org.junit.platform.launcher.core.EngineExecutionOrchestrator.execute(EngineExecutionOrchestrator.java:179) ~[junit-platform-launcher-6.0.3.jar:6.0.3]
	at org.junit.platform.launcher.core.EngineExecutionOrchestrator.execute(EngineExecutionOrchestrator.java:108) ~[junit-platform-launcher-6.0.3.jar:6.0.3]
	at org.junit.platform.launcher.core.EngineExecutionOrchestrator.lambda$execute$0(EngineExecutionOrchestrator.java:66) ~[junit-platform-launcher-6.0.3.jar:6.0.3]
	at org.junit.platform.launcher.core.EngineExecutionOrchestrator.withInterceptedStreams(EngineExecutionOrchestrator.java:157) ~[junit-platform-launcher-6.0.3.jar:6.0.3]
	at org.junit.platform.launcher.core.EngineExecutionOrchestrator.execute(EngineExecutionOrchestrator.java:65) ~[junit-platform-launcher-6.0.3.jar:6.0.3]
	at org.junit.platform.launcher.core.DefaultLauncher.execute(DefaultLauncher.java:125) ~[junit-platform-launcher-6.0.3.jar:6.0.3]
	at org.junit.platform.launcher.core.DefaultLauncher.execute(DefaultLauncher.java:114) ~[junit-platform-launcher-6.0.3.jar:6.0.3]
	at org.junit.platform.launcher.core.DelegatingLauncher.execute(DelegatingLauncher.java:58) ~[junit-platform-launcher-6.0.3.jar:6.0.3]
	at org.junit.platform.launcher.core.InterceptingLauncher.lambda$execute$2(InterceptingLauncher.java:57) ~[junit-platform-launcher-6.0.3.jar:6.0.3]
	at org.junit.platform.launcher.core.ClasspathAlignmentCheckingLauncherInterceptor.intercept(ClasspathAlignmentCheckingLauncherInterceptor.java:25) ~[junit-platform-launcher-6.0.3.jar:6.0.3]
	at org.junit.platform.launcher.core.InterceptingLauncher.execute(InterceptingLauncher.java:56) ~[junit-platform-launcher-6.0.3.jar:6.0.3]
	at org.junit.platform.launcher.core.DelegatingLauncher.execute(DelegatingLauncher.java:58) ~[junit-platform-launcher-6.0.3.jar:6.0.3]
	at java.base/jdk.internal.reflect.DirectMethodHandleAccessor.invoke(DirectMethodHandleAccessor.java:103) ~[na:na]
	at java.base/java.lang.reflect.Method.invoke(Method.java:580) ~[na:na]
	at org.apache.maven.surefire.api.util.ReflectionUtils.invokeMethodWithArray(ReflectionUtils.java:125) ~[surefire-api-3.5.6.jar:3.5.6]
	at org.apache.maven.surefire.junitplatform.LauncherAdapter.executeWithCancellationToken(LauncherAdapter.java:68) ~[surefire-junit-platform-3.5.6.jar:3.5.6]
	at org.apache.maven.surefire.junitplatform.LauncherAdapter.execute(LauncherAdapter.java:54) ~[surefire-junit-platform-3.5.6.jar:3.5.6]
	at org.apache.maven.surefire.junitplatform.JUnitPlatformProvider.execute(JUnitPlatformProvider.java:203) ~[surefire-junit-platform-3.5.6.jar:3.5.6]
	at org.apache.maven.surefire.junitplatform.JUnitPlatformProvider.invokeAllTests(JUnitPlatformProvider.java:168) ~[surefire-junit-platform-3.5.6.jar:3.5.6]
	at org.apache.maven.surefire.junitplatform.JUnitPlatformProvider.invoke(JUnitPlatformProvider.java:136) ~[surefire-junit-platform-3.5.6.jar:3.5.6]
	at org.apache.maven.surefire.booter.ForkedBooter.runSuitesInProcess(ForkedBooter.java:385) ~[surefire-booter-3.5.6.jar:3.5.6]
	at org.apache.maven.surefire.booter.ForkedBooter.execute(ForkedBooter.java:162) ~[surefire-booter-3.5.6.jar:3.5.6]
	at org.apache.maven.surefire.booter.ForkedBooter.run(ForkedBooter.java:507) ~[surefire-booter-3.5.6.jar:3.5.6]
	at org.apache.maven.surefire.booter.ForkedBooter.main(ForkedBooter.java:495) ~[surefire-booter-3.5.6.jar:3.5.6]
Caused by: org.springframework.boot.web.server.WebServerException: Unable to start embedded Tomcat
	at org.springframework.boot.tomcat.TomcatWebServer.initialize(TomcatWebServer.java:150) ~[spring-boot-tomcat-4.1.1.jar:4.1.1]
	at org.springframework.boot.tomcat.TomcatWebServer.<init>(TomcatWebServer.java:110) ~[spring-boot-tomcat-4.1.1.jar:4.1.1]
	at org.springframework.boot.tomcat.servlet.TomcatServletWebServerFactory.getTomcatWebServer(TomcatServletWebServerFactory.java:429) ~[spring-boot-tomcat-4.1.1.jar:4.1.1]
	at org.springframework.boot.tomcat.servlet.TomcatServletWebServerFactory.getWebServer(TomcatServletWebServerFactory.java:167) ~[spring-boot-tomcat-4.1.1.jar:4.1.1]
	at org.springframework.boot.web.server.servlet.context.ServletWebServerApplicationContext.createWebServer(ServletWebServerApplicationContext.java:190) ~[spring-boot-web-server-4.1.1.jar:4.1.1]
	at org.springframework.boot.web.server.servlet.context.ServletWebServerApplicationContext.onRefresh(ServletWebServerApplicationContext.java:164) ~[spring-boot-web-server-4.1.1.jar:4.1.1]
	... 94 common frames omitted
Caused by: org.springframework.beans.factory.UnsatisfiedDependencyException: Error creating bean with name 'rateLimitFilter' defined in class path resource [si/konferenca/registration/config/SecurityConfig.class]: Unsatisfied dependency expressed through method 'rateLimitFilter' parameter 1: Error creating bean with name 'applicationConfig' defined in file [E:\13 - Lab Projects\04_Input_Files_Template\agentic_lab\02_output\backend\target\classes\si\konferenca\registration\config\ApplicationConfig.class]: Failed to instantiate [si.konferenca.registration.config.ApplicationConfig$$SpringCGLIB$$0]: Constructor threw exception
	at org.springframework.beans.factory.support.ConstructorResolver.createArgumentArray(ConstructorResolver.java:804) ~[spring-beans-7.0.9.jar:7.0.9]
	at org.springframework.beans.factory.support.ConstructorResolver.instantiateUsingFactoryMethod(ConstructorResolver.java:546) ~[spring-beans-7.0.9.jar:7.0.9]
	at org.springframework.beans.factory.support.AbstractAutowireCapableBeanFactory.instantiateUsingFactoryMethod(AbstractAutowireCapableBeanFactory.java:1360) ~[spring-beans-7.0.9.jar:7.0.9]
	at org.springframework.beans.factory.support.AbstractAutowireCapableBeanFactory.createBeanInstance(AbstractAutowireCapableBeanFactory.java:1192) ~[spring-beans-7.0.9.jar:7.0.9]
	at org.springframework.beans.factory.support.AbstractAutowireCapableBeanFactory.doCreateBean(AbstractAutowireCapableBeanFactory.java:565) ~[spring-beans-7.0.9.jar:7.0.9]
	at org.springframework.beans.factory.support.AbstractAutowireCapableBeanFactory.createBean(AbstractAutowireCapableBeanFactory.java:525) ~[spring-beans-7.0.9.jar:7.0.9]
	at org.springframework.beans.factory.support.AbstractBeanFactory.lambda$doGetBean$0(AbstractBeanFactory.java:333) ~[spring-beans-7.0.9.jar:7.0.9]
	at org.springframework.beans.factory.support.DefaultSingletonBeanRegistry.getSingleton(DefaultSingletonBeanRegistry.java:371) ~[spring-beans-7.0.9.jar:7.0.9]
	at org.springframework.beans.factory.support.AbstractBeanFactory.doGetBean(AbstractBeanFactory.java:331) ~[spring-beans-7.0.9.jar:7.0.9]
	at org.springframework.beans.factory.support.AbstractBeanFactory.getBean(AbstractBeanFactory.java:201) ~[spring-beans-7.0.9.jar:7.0.9]
	at org.springframework.boot.web.servlet.ServletContextInitializerBeans.getOrderedBeansOfType(ServletContextInitializerBeans.java:231) ~[spring-boot-4.1.1.jar:4.1.1]
	at org.springframework.boot.web.servlet.ServletContextInitializerBeans.getOrderedBeansOfType(ServletContextInitializerBeans.java:222) ~[spring-boot-4.1.1.jar:4.1.1]
	at org.springframework.boot.web.servlet.ServletContextInitializerBeans.addServletContextInitializerBeans(ServletContextInitializerBeans.java:107) ~[spring-boot-4.1.1.jar:4.1.1]
	at org.springframework.boot.web.servlet.ServletContextInitializerBeans.<init>(ServletContextInitializerBeans.java:96) ~[spring-boot-4.1.1.jar:4.1.1]
	at org.springframework.boot.web.context.servlet.WebApplicationContextInitializer.initialize(WebApplicationContextInitializer.java:53) ~[spring-boot-4.1.1.jar:4.1.1]
	at org.springframework.boot.tomcat.servlet.DeferredServletContainerInitializers.onStartup(DeferredServletContainerInitializers.java:55) ~[spring-boot-tomcat-4.1.1.jar:4.1.1]
	at org.apache.catalina.core.StandardContext.startInternal(StandardContext.java:4606) ~[tomcat-embed-core-11.0.26.jar:11.0.26]
	at org.apache.catalina.util.LifecycleBase.start(LifecycleBase.java:170) ~[tomcat-embed-core-11.0.26.jar:11.0.26]
	at org.apache.catalina.core.ContainerBase$StartChild.call(ContainerBase.java:1204) ~[tomcat-embed-core-11.0.26.jar:11.0.26]
	at org.apache.catalina.core.ContainerBase$StartChild.call(ContainerBase.java:1200) ~[tomcat-embed-core-11.0.26.jar:11.0.26]
	at java.base/java.util.concurrent.FutureTask.run(FutureTask.java:317) ~[na:na]
	at org.apache.tomcat.util.threads.InlineExecutorService.execute(InlineExecutorService.java:92) ~[tomcat-embed-core-11.0.26.jar:11.0.26]
	at java.base/java.util.concurrent.AbstractExecutorService.submit(AbstractExecutorService.java:145) ~[na:na]
	at org.apache.catalina.core.ContainerBase.startInternal(ContainerBase.java:732) ~[tomcat-embed-core-11.0.26.jar:11.0.26]
	at org.apache.catalina.core.StandardHost.startInternal(StandardHost.java:794) ~[tomcat-embed-core-11.0.26.jar:11.0.26]
	at org.apache.catalina.util.LifecycleBase.start(LifecycleBase.java:170) ~[tomcat-embed-core-11.0.26.jar:11.0.26]
	at org.apache.catalina.core.ContainerBase$StartChild.call(ContainerBase.java:1204) ~[tomcat-embed-core-11.0.26.jar:11.0.26]
	at org.apache.catalina.core.ContainerBase$StartChild.call(ContainerBase.java:1200) ~[tomcat-embed-core-11.0.26.jar:11.0.26]
	at java.base/java.util.concurrent.FutureTask.run(FutureTask.java:317) ~[na:na]
	at org.apache.tomcat.util.threads.InlineExecutorService.execute(InlineExecutorService.java:92) ~[tomcat-embed-core-11.0.26.jar:11.0.26]
	at java.base/java.util.concurrent.AbstractExecutorService.submit(AbstractExecutorService.java:145) ~[na:na]
	at org.apache.catalina.core.ContainerBase.startInternal(ContainerBase.java:732) ~[tomcat-embed-core-11.0.26.jar:11.0.26]
	at org.apache.catalina.core.StandardEngine.startInternal(StandardEngine.java:201) ~[tomcat-embed-core-11.0.26.jar:11.0.26]
	at org.apache.catalina.util.LifecycleBase.start(LifecycleBase.java:170) ~[tomcat-embed-core-11.0.26.jar:11.0.26]
	at org.apache.catalina.core.StandardService.startInternal(StandardService.java:433) ~[tomcat-embed-core-11.0.26.jar:11.0.26]
	at org.apache.catalina.util.LifecycleBase.start(LifecycleBase.java:170) ~[tomcat-embed-core-11.0.26.jar:11.0.26]
	at org.apache.catalina.core.StandardServer.startInternal(StandardServer.java:871) ~[tomcat-embed-core-11.0.26.jar:11.0.26]
	at org.apache.catalina.util.LifecycleBase.start(LifecycleBase.java:170) ~[tomcat-embed-core-11.0.26.jar:11.0.26]
	at org.apache.catalina.startup.Tomcat.start(Tomcat.java:452) ~[tomcat-embed-core-11.0.26.jar:11.0.26]
	at org.springframework.boot.tomcat.TomcatWebServer.initialize(TomcatWebServer.java:131) ~[spring-boot-tomcat-4.1.1.jar:4.1.1]
	... 99 common frames omitted
Caused by: org.springframework.beans.factory.BeanCreationException: Error creating bean with name 'applicationConfig' defined in file [E:\13 - Lab Projects\04_Input_Files_Template\agentic_lab\02_output\backend\target\classes\si\konferenca\registration\config\ApplicationConfig.class]: Failed to instantiate [si.konferenca.registration.config.ApplicationConfig$$SpringCGLIB$$0]: Constructor threw exception
	at org.springframework.beans.factory.support.ConstructorResolver.instantiate(ConstructorResolver.java:321) ~[spring-beans-7.0.9.jar:7.0.9]
	at org.springframework.beans.factory.support.ConstructorResolver.autowireConstructor(ConstructorResolver.java:309) ~[spring-beans-7.0.9.jar:7.0.9]
	at org.springframework.beans.factory.support.AbstractAutowireCapableBeanFactory.autowireConstructor(AbstractAutowireCapableBeanFactory.java:1380) ~[spring-beans-7.0.9.jar:7.0.9]
	at org.springframework.beans.factory.support.AbstractAutowireCapableBeanFactory.createBeanInstance(AbstractAutowireCapableBeanFactory.java:1219) ~[spring-beans-7.0.9.jar:7.0.9]
	at org.springframework.beans.factory.support.AbstractAutowireCapableBeanFactory.doCreateBean(AbstractAutowireCapableBeanFactory.java:565) ~[spring-beans-7.0.9.jar:7.0.9]
	at org.springframework.beans.factory.support.AbstractAutowireCapableBeanFactory.createBean(AbstractAutowireCapableBeanFactory.java:525) ~[spring-beans-7.0.9.jar:7.0.9]
	at org.springframework.beans.factory.support.AbstractBeanFactory.lambda$doGetBean$0(AbstractBeanFactory.java:333) ~[spring-beans-7.0.9.jar:7.0.9]
	at org.springframework.beans.factory.support.DefaultSingletonBeanRegistry.getSingleton(DefaultSingletonBeanRegistry.java:371) ~[spring-beans-7.0.9.jar:7.0.9]
	at org.springframework.beans.factory.support.AbstractBeanFactory.doGetBean(AbstractBeanFactory.java:331) ~[spring-beans-7.0.9.jar:7.0.9]
	at org.springframework.beans.factory.support.AbstractBeanFactory.getBean(AbstractBeanFactory.java:196) ~[spring-beans-7.0.9.jar:7.0.9]
	at org.springframework.beans.factory.support.ConstructorResolver.instantiateUsingFactoryMethod(ConstructorResolver.java:413) ~[spring-beans-7.0.9.jar:7.0.9]
	at org.springframework.beans.factory.support.AbstractAutowireCapableBeanFactory.instantiateUsingFactoryMethod(AbstractAutowireCapableBeanFactory.java:1360) ~[spring-beans-7.0.9.jar:7.0.9]
	at org.springframework.beans.factory.support.AbstractAutowireCapableBeanFactory.createBeanInstance(AbstractAutowireCapableBeanFactory.java:1192) ~[spring-beans-7.0.9.jar:7.0.9]
	at org.springframework.beans.factory.support.AbstractAutowireCapableBeanFactory.doCreateBean(AbstractAutowireCapableBeanFactory.java:565) ~[spring-beans-7.0.9.jar:7.0.9]
	at org.springframework.beans.factory.support.AbstractAutowireCapableBeanFactory.createBean(AbstractAutowireCapableBeanFactory.java:525) ~[spring-beans-7.0.9.jar:7.0.9]
	at org.springframework.beans.factory.support.AbstractBeanFactory.lambda$doGetBean$0(AbstractBeanFactory.java:333) ~[spring-beans-7.0.9.jar:7.0.9]
	at org.springframework.beans.factory.support.DefaultSingletonBeanRegistry.getSingleton(DefaultSingletonBeanRegistry.java:371) ~[spring-beans-7.0.9.jar:7.0.9]
	at org.springframework.beans.factory.support.AbstractBeanFactory.doGetBean(AbstractBeanFactory.java:331) ~[spring-beans-7.0.9.jar:7.0.9]
	at org.springframework.beans.factory.support.AbstractBeanFactory.getBean(AbstractBeanFactory.java:201) ~[spring-beans-7.0.9.jar:7.0.9]
	at org.springframework.beans.factory.support.DefaultListableBeanFactory.resolveBean(DefaultListableBeanFactory.java:1232) ~[spring-beans-7.0.9.jar:7.0.9]
	at org.springframework.beans.factory.support.DefaultListableBeanFactory.doResolveDependency(DefaultListableBeanFactory.java:1711) ~[spring-beans-7.0.9.jar:7.0.9]
	at org.springframework.beans.factory.support.DefaultListableBeanFactory.resolveDependency(DefaultListableBeanFactory.java:1658) ~[spring-beans-7.0.9.jar:7.0.9]
	at org.springframework.beans.factory.support.ConstructorResolver.resolveAutowiredArgument(ConstructorResolver.java:912) ~[spring-beans-7.0.9.jar:7.0.9]
	at org.springframework.beans.factory.support.ConstructorResolver.createArgumentArray(ConstructorResolver.java:791) ~[spring-beans-7.0.9.jar:7.0.9]
	... 138 common frames omitted
Caused by: org.springframework.beans.BeanInstantiationException: Failed to instantiate [si.konferenca.registration.config.ApplicationConfig$$SpringCGLIB$$0]: Constructor threw exception
	at org.springframework.beans.BeanUtils.instantiateClass(BeanUtils.java:220) ~[spring-beans-7.0.9.jar:7.0.9]
	at org.springframework.beans.factory.support.SimpleInstantiationStrategy.instantiate(SimpleInstantiationStrategy.java:129) ~[spring-beans-7.0.9.jar:7.0.9]
	at org.springframework.beans.factory.support.ConstructorResolver.instantiate(ConstructorResolver.java:318) ~[spring-beans-7.0.9.jar:7.0.9]
	... 161 common frames omitted
Caused by: java.lang.IllegalStateException: Unsafe or incomplete configuration: RECAPTCHA_SITE_KEY and RECAPTCHA_SECRET_KEY are required unless RECAPTCHA_TEST_MODE is true
	at si.konferenca.registration.config.StartupChecks.verify(StartupChecks.java:56) ~[classes/:na]
	at si.konferenca.registration.config.ApplicationConfig.<init>(ApplicationConfig.java:39) ~[classes/:na]
	at si.konferenca.registration.config.ApplicationConfig$$SpringCGLIB$$0.<init>(<generated>) ~[classes/:na]
	at java.base/jdk.internal.reflect.DirectConstructorHandleAccessor.newInstance(DirectConstructorHandleAccessor.java:62) ~[na:na]
	at java.base/java.lang.reflect.Constructor.newInstanceWithCaller(Constructor.java:502) ~[na:na]
	at java.base/java.lang.reflect.Constructor.newInstance(Constructor.java:486) ~[na:na]
	at org.springframework.beans.BeanUtils.instantiateClass(BeanUtils.java:207) ~[spring-beans-7.0.9.jar:7.0.9]
	... 163 common frames omitted


  .   ____          _            __ _ _
 /\\ / ___'_ __ _ _(_)_ __  __ _ \ \ \ \
( ( )\___ | '_ | '_| | '_ \/ _` | \ \ \ \
 \\/  ___)| |_)| | | | | || (_| |  ) ) ) )
  '  |____| .__|_| |_|_| |_\__, | / / / /
 =========|_|==============|___/=/_/_/_/

 :: Spring Boot ::                (v4.1.1)

2026-09-30T02:21:33.189+02:00  INFO 26908 --- [registration-backend] [           main] o.a.maven.surefire.booter.ForkedBooter   : Starting ForkedBooter v3.5.6 using Java 21.0.10 with PID 26908 (started by sense in E:\13 - Lab Projects\04_Input_Files_Template\agentic_lab\02_output\backend)
2026-09-30T02:21:33.189+02:00  INFO 26908 --- [registration-backend] [           main] o.a.maven.surefire.booter.ForkedBooter   : No active profile set, falling back to 1 default profile: "default"
2026-09-30T02:21:33.315+02:00  INFO 26908 --- [registration-backend] [           main] .s.d.r.c.RepositoryConfigurationDelegate : Bootstrapping Spring Data JPA repositories in DEFAULT mode.
2026-09-30T02:21:33.330+02:00  INFO 26908 --- [registration-backend] [           main] .s.d.r.c.RepositoryConfigurationDelegate : Finished Spring Data repository scanning in 13 ms. Found 1 JPA repository interface.
2026-09-30T02:21:33.388+02:00  INFO 26908 --- [registration-backend] [           main] o.s.boot.tomcat.TomcatWebServer          : Tomcat initialized with port 0 (http)
2026-09-30T02:21:33.390+02:00  INFO 26908 --- [registration-backend] [           main] o.apache.catalina.core.StandardService   : Starting service [Tomcat]
2026-09-30T02:21:33.390+02:00  INFO 26908 --- [registration-backend] [           main] o.apache.catalina.core.StandardEngine    : Starting Servlet engine: [Apache Tomcat/11.0.26]
2026-09-30T02:21:33.437+02:00  INFO 26908 --- [registration-backend] [           main] b.w.c.s.WebApplicationContextInitializer : Root WebApplicationContext: initialization completed in 247 ms
2026-09-30T02:21:33.442+02:00 ERROR 26908 --- [registration-backend] [           main] t.s.DeferredServletContainerInitializers : Error starting Tomcat context. Exception: org.springframework.beans.factory.UnsatisfiedDependencyException. Message: Error creating bean with name 'rateLimitFilter' defined in class path resource [si/konferenca/registration/config/SecurityConfig.class]: Unsatisfied dependency expressed through method 'rateLimitFilter' parameter 1: Error creating bean with name 'applicationConfig' defined in file [E:\13 - Lab Projects\04_Input_Files_Template\agentic_lab\02_output\backend\target\classes\si\konferenca\registration\config\ApplicationConfig.class]: Failed to instantiate [si.konferenca.registration.config.ApplicationConfig$$SpringCGLIB$$0]: Constructor threw exception
2026-09-30T02:21:33.443+02:00  INFO 26908 --- [registration-backend] [           main] o.apache.catalina.core.StandardService   : Stopping service [Tomcat]
2026-09-30T02:21:33.447+02:00  WARN 26908 --- [registration-backend] [           main] ConfigServletWebServerApplicationContext : Exception encountered during context initialization - cancelling refresh attempt: org.springframework.context.ApplicationContextException: Unable to start web server
2026-09-30T02:21:33.448+02:00  INFO 26908 --- [registration-backend] [           main] .s.b.a.l.ConditionEvaluationReportLogger : 

Error starting ApplicationContext. To display the condition evaluation report re-run your application with 'debug' enabled.
2026-09-30T02:21:33.449+02:00 ERROR 26908 --- [registration-backend] [           main] o.s.boot.SpringApplication               : Application run failed

org.springframework.context.ApplicationContextException: Unable to start web server
	at org.springframework.boot.web.server.servlet.context.ServletWebServerApplicationContext.onRefresh(ServletWebServerApplicationContext.java:167) ~[spring-boot-web-server-4.1.1.jar:4.1.1]
	at org.springframework.context.support.AbstractApplicationContext.refresh(AbstractApplicationContext.java:615) ~[spring-context-7.0.9.jar:7.0.9]
	at org.springframework.boot.web.server.servlet.context.ServletWebServerApplicationContext.refresh(ServletWebServerApplicationContext.java:143) ~[spring-boot-web-server-4.1.1.jar:4.1.1]
	at org.springframework.boot.SpringApplication.refresh(SpringApplication.java:756) ~[spring-boot-4.1.1.jar:4.1.1]
	at org.springframework.boot.SpringApplication.refreshContext(SpringApplication.java:445) ~[spring-boot-4.1.1.jar:4.1.1]
	at org.springframework.boot.SpringApplication.run(SpringApplication.java:321) ~[spring-boot-4.1.1.jar:4.1.1]
	at org.springframework.boot.builder.SpringApplicationBuilder.run(SpringApplicationBuilder.java:154) ~[spring-boot-4.1.1.jar:4.1.1]
	at si.konferenca.registration.acceptance.StartupSafetyAcceptanceTest.start(StartupSafetyAcceptanceTest.java:32) ~[test-classes/:na]
	at si.konferenca.registration.acceptance.StartupSafetyAcceptanceTest.lambda$sr02ProductionRefusesEmptyKeys$2(StartupSafetyAcceptanceTest.java:65) ~[test-classes/:na]
	at org.assertj.core.api.ThrowableAssert.catchThrowable(ThrowableAssert.java:66) ~[assertj-core-3.27.7.jar:na]
	at org.assertj.core.api.AssertionsForClassTypes.catchThrowable(AssertionsForClassTypes.java:908) ~[assertj-core-3.27.7.jar:na]
	at org.assertj.core.api.Assertions.catchThrowable(Assertions.java:1476) ~[assertj-core-3.27.7.jar:na]
	at org.assertj.core.api.Assertions.assertThatThrownBy(Assertions.java:1319) ~[assertj-core-3.27.7.jar:na]
	at si.konferenca.registration.acceptance.StartupSafetyAcceptanceTest.sr02ProductionRefusesEmptyKeys(StartupSafetyAcceptanceTest.java:65) ~[test-classes/:na]
	at java.base/jdk.internal.reflect.DirectMethodHandleAccessor.invoke(DirectMethodHandleAccessor.java:103) ~[na:na]
	at java.base/java.lang.reflect.Method.invoke(Method.java:580) ~[na:na]
	at org.junit.platform.commons.util.ReflectionUtils.invokeMethod(ReflectionUtils.java:701) ~[junit-platform-commons-6.0.3.jar:6.0.3]
	at org.junit.platform.commons.support.ReflectionSupport.invokeMethod(ReflectionSupport.java:502) ~[junit-platform-commons-6.0.3.jar:6.0.3]
	at org.junit.jupiter.engine.support.MethodReflectionUtils.invoke(MethodReflectionUtils.java:45) ~[junit-jupiter-engine-6.0.3.jar:6.0.3]
	at org.junit.jupiter.engine.execution.MethodInvocation.proceed(MethodInvocation.java:61) ~[junit-jupiter-engine-6.0.3.jar:6.0.3]
	at org.junit.jupiter.engine.execution.InvocationInterceptorChain$ValidatingInvocation.proceed(InvocationInterceptorChain.java:124) ~[junit-jupiter-engine-6.0.3.jar:6.0.3]
	at org.junit.jupiter.engine.extension.TimeoutExtension.intercept(TimeoutExtension.java:163) ~[junit-jupiter-engine-6.0.3.jar:6.0.3]
	at org.junit.jupiter.engine.extension.TimeoutExtension.interceptTestableMethod(TimeoutExtension.java:148) ~[junit-jupiter-engine-6.0.3.jar:6.0.3]
	at org.junit.jupiter.engine.extension.TimeoutExtension.interceptTestMethod(TimeoutExtension.java:86) ~[junit-jupiter-engine-6.0.3.jar:6.0.3]
	at org.junit.jupiter.engine.execution.InterceptingExecutableInvoker$ReflectiveInterceptorCall.lambda$ofVoidMethod$0(InterceptingExecutableInvoker.java:123) ~[junit-jupiter-engine-6.0.3.jar:6.0.3]
	at org.junit.jupiter.engine.execution.InterceptingExecutableInvoker.lambda$invoke$0(InterceptingExecutableInvoker.java:105) ~[junit-jupiter-engine-6.0.3.jar:6.0.3]
	at org.junit.jupiter.engine.execution.InvocationInterceptorChain$InterceptedInvocation.proceed(InvocationInterceptorChain.java:99) ~[junit-jupiter-engine-6.0.3.jar:6.0.3]
	at org.junit.jupiter.engine.execution.InvocationInterceptorChain.proceed(InvocationInterceptorChain.java:66) ~[junit-jupiter-engine-6.0.3.jar:6.0.3]
	at org.junit.jupiter.engine.execution.InvocationInterceptorChain.chainAndInvoke(InvocationInterceptorChain.java:47) ~[junit-jupiter-engine-6.0.3.jar:6.0.3]
	at org.junit.jupiter.engine.execution.InvocationInterceptorChain.invoke(InvocationInterceptorChain.java:39) ~[junit-jupiter-engine-6.0.3.jar:6.0.3]
	at org.junit.jupiter.engine.execution.InterceptingExecutableInvoker.invoke(InterceptingExecutableInvoker.java:104) ~[junit-jupiter-engine-6.0.3.jar:6.0.3]
	at org.junit.jupiter.engine.execution.InterceptingExecutableInvoker.invoke(InterceptingExecutableInvoker.java:98) ~[junit-jupiter-engine-6.0.3.jar:6.0.3]
	at org.junit.jupiter.engine.execution.InterceptingExecutableInvoker.invokeVoid(InterceptingExecutableInvoker.java:71) ~[junit-jupiter-engine-6.0.3.jar:6.0.3]
	at org.junit.jupiter.engine.descriptor.TestMethodTestDescriptor.lambda$invokeTestMethod$0(TestMethodTestDescriptor.java:219) ~[junit-jupiter-engine-6.0.3.jar:6.0.3]
	at org.junit.platform.engine.support.hierarchical.ThrowableCollector.execute(ThrowableCollector.java:74) ~[junit-platform-engine-6.0.3.jar:6.0.3]
	at org.junit.jupiter.engine.descriptor.TestMethodTestDescriptor.invokeTestMethod(TestMethodTestDescriptor.java:215) ~[junit-jupiter-engine-6.0.3.jar:6.0.3]
	at org.junit.jupiter.engine.descriptor.TestMethodTestDescriptor.execute(TestMethodTestDescriptor.java:157) ~[junit-jupiter-engine-6.0.3.jar:6.0.3]
	at org.junit.jupiter.engine.descriptor.TestMethodTestDescriptor.execute(TestMethodTestDescriptor.java:70) ~[junit-jupiter-engine-6.0.3.jar:6.0.3]
	at org.junit.platform.engine.support.hierarchical.NodeTestTask.lambda$executeRecursively$2(NodeTestTask.java:176) ~[junit-platform-engine-6.0.3.jar:6.0.3]
	at org.junit.platform.engine.support.hierarchical.ThrowableCollector.execute(ThrowableCollector.java:74) ~[junit-platform-engine-6.0.3.jar:6.0.3]
	at org.junit.platform.engine.support.hierarchical.NodeTestTask.lambda$executeRecursively$1(NodeTestTask.java:166) ~[junit-platform-engine-6.0.3.jar:6.0.3]
	at org.junit.platform.engine.support.hierarchical.Node.around(Node.java:138) ~[junit-platform-engine-6.0.3.jar:6.0.3]
	at org.junit.platform.engine.support.hierarchical.NodeTestTask.lambda$executeRecursively$0(NodeTestTask.java:164) ~[junit-platform-engine-6.0.3.jar:6.0.3]
	at org.junit.platform.engine.support.hierarchical.ThrowableCollector.execute(ThrowableCollector.java:74) ~[junit-platform-engine-6.0.3.jar:6.0.3]
	at org.junit.platform.engine.support.hierarchical.NodeTestTask.executeRecursively(NodeTestTask.java:163) ~[junit-platform-engine-6.0.3.jar:6.0.3]
	at org.junit.platform.engine.support.hierarchical.NodeTestTask.execute(NodeTestTask.java:116) ~[junit-platform-engine-6.0.3.jar:6.0.3]
	at java.base/java.util.ArrayList.forEach(ArrayList.java:1596) ~[na:na]
	at org.junit.platform.engine.support.hierarchical.SameThreadHierarchicalTestExecutorService.invokeAll(SameThreadHierarchicalTestExecutorService.java:42) ~[junit-platform-engine-6.0.3.jar:6.0.3]
	at org.junit.platform.engine.support.hierarchical.NodeTestTask.lambda$executeRecursively$2(NodeTestTask.java:180) ~[junit-platform-engine-6.0.3.jar:6.0.3]
	at org.junit.platform.engine.support.hierarchical.ThrowableCollector.execute(ThrowableCollector.java:74) ~[junit-platform-engine-6.0.3.jar:6.0.3]
	at org.junit.platform.engine.support.hierarchical.NodeTestTask.lambda$executeRecursively$1(NodeTestTask.java:166) ~[junit-platform-engine-6.0.3.jar:6.0.3]
	at org.junit.platform.engine.support.hierarchical.Node.around(Node.java:138) ~[junit-platform-engine-6.0.3.jar:6.0.3]
	at org.junit.platform.engine.support.hierarchical.NodeTestTask.lambda$executeRecursively$0(NodeTestTask.java:164) ~[junit-platform-engine-6.0.3.jar:6.0.3]
	at org.junit.platform.engine.support.hierarchical.ThrowableCollector.execute(ThrowableCollector.java:74) ~[junit-platform-engine-6.0.3.jar:6.0.3]
	at org.junit.platform.engine.support.hierarchical.NodeTestTask.executeRecursively(NodeTestTask.java:163) ~[junit-platform-engine-6.0.3.jar:6.0.3]
	at org.junit.platform.engine.support.hierarchical.NodeTestTask.execute(NodeTestTask.java:116) ~[junit-platform-engine-6.0.3.jar:6.0.3]
	at java.base/java.util.ArrayList.forEach(ArrayList.java:1596) ~[na:na]
	at org.junit.platform.engine.support.hierarchical.SameThreadHierarchicalTestExecutorService.invokeAll(SameThreadHierarchicalTestExecutorService.java:42) ~[junit-platform-engine-6.0.3.jar:6.0.3]
	at org.junit.platform.engine.support.hierarchical.NodeTestTask.lambda$executeRecursively$2(NodeTestTask.java:180) ~[junit-platform-engine-6.0.3.jar:6.0.3]
	at org.junit.platform.engine.support.hierarchical.ThrowableCollector.execute(ThrowableCollector.java:74) ~[junit-platform-engine-6.0.3.jar:6.0.3]
	at org.junit.platform.engine.support.hierarchical.NodeTestTask.lambda$executeRecursively$1(NodeTestTask.java:166) ~[junit-platform-engine-6.0.3.jar:6.0.3]
	at org.junit.platform.engine.support.hierarchical.Node.around(Node.java:138) ~[junit-platform-engine-6.0.3.jar:6.0.3]
	at org.junit.platform.engine.support.hierarchical.NodeTestTask.lambda$executeRecursively$0(NodeTestTask.java:164) ~[junit-platform-engine-6.0.3.jar:6.0.3]
	at org.junit.platform.engine.support.hierarchical.ThrowableCollector.execute(ThrowableCollector.java:74) ~[junit-platform-engine-6.0.3.jar:6.0.3]
	at org.junit.platform.engine.support.hierarchical.NodeTestTask.executeRecursively(NodeTestTask.java:163) ~[junit-platform-engine-6.0.3.jar:6.0.3]
	at org.junit.platform.engine.support.hierarchical.NodeTestTask.execute(NodeTestTask.java:116) ~[junit-platform-engine-6.0.3.jar:6.0.3]
	at org.junit.platform.engine.support.hierarchical.SameThreadHierarchicalTestExecutorService.submit(SameThreadHierarchicalTestExecutorService.java:36) ~[junit-platform-engine-6.0.3.jar:6.0.3]
	at org.junit.platform.engine.support.hierarchical.HierarchicalTestExecutor.execute(HierarchicalTestExecutor.java:52) ~[junit-platform-engine-6.0.3.jar:6.0.3]
	at org.junit.platform.engine.support.hierarchical.HierarchicalTestEngine.execute(HierarchicalTestEngine.java:58) ~[junit-platform-engine-6.0.3.jar:6.0.3]
	at org.junit.platform.launcher.core.EngineExecutionOrchestrator.executeEngine(EngineExecutionOrchestrator.java:246) ~[junit-platform-launcher-6.0.3.jar:6.0.3]
	at org.junit.platform.launcher.core.EngineExecutionOrchestrator.failOrExecuteEngine(EngineExecutionOrchestrator.java:218) ~[junit-platform-launcher-6.0.3.jar:6.0.3]
	at org.junit.platform.launcher.core.EngineExecutionOrchestrator.execute(EngineExecutionOrchestrator.java:179) ~[junit-platform-launcher-6.0.3.jar:6.0.3]
	at org.junit.platform.launcher.core.EngineExecutionOrchestrator.execute(EngineExecutionOrchestrator.java:108) ~[junit-platform-launcher-6.0.3.jar:6.0.3]
	at org.junit.platform.launcher.core.EngineExecutionOrchestrator.lambda$execute$0(EngineExecutionOrchestrator.java:66) ~[junit-platform-launcher-6.0.3.jar:6.0.3]
	at org.junit.platform.launcher.core.EngineExecutionOrchestrator.withInterceptedStreams(EngineExecutionOrchestrator.java:157) ~[junit-platform-launcher-6.0.3.jar:6.0.3]
	at org.junit.platform.launcher.core.EngineExecutionOrchestrator.execute(EngineExecutionOrchestrator.java:65) ~[junit-platform-launcher-6.0.3.jar:6.0.3]
	at org.junit.platform.launcher.core.DefaultLauncher.execute(DefaultLauncher.java:125) ~[junit-platform-launcher-6.0.3.jar:6.0.3]
	at org.junit.platform.launcher.core.DefaultLauncher.execute(DefaultLauncher.java:114) ~[junit-platform-launcher-6.0.3.jar:6.0.3]
	at org.junit.platform.launcher.core.DelegatingLauncher.execute(DelegatingLauncher.java:58) ~[junit-platform-launcher-6.0.3.jar:6.0.3]
	at org.junit.platform.launcher.core.InterceptingLauncher.lambda$execute$2(InterceptingLauncher.java:57) ~[junit-platform-launcher-6.0.3.jar:6.0.3]
	at org.junit.platform.launcher.core.ClasspathAlignmentCheckingLauncherInterceptor.intercept(ClasspathAlignmentCheckingLauncherInterceptor.java:25) ~[junit-platform-launcher-6.0.3.jar:6.0.3]
	at org.junit.platform.launcher.core.InterceptingLauncher.execute(InterceptingLauncher.java:56) ~[junit-platform-launcher-6.0.3.jar:6.0.3]
	at org.junit.platform.launcher.core.DelegatingLauncher.execute(DelegatingLauncher.java:58) ~[junit-platform-launcher-6.0.3.jar:6.0.3]
	at java.base/jdk.internal.reflect.DirectMethodHandleAccessor.invoke(DirectMethodHandleAccessor.java:103) ~[na:na]
	at java.base/java.lang.reflect.Method.invoke(Method.java:580) ~[na:na]
	at org.apache.maven.surefire.api.util.ReflectionUtils.invokeMethodWithArray(ReflectionUtils.java:125) ~[surefire-api-3.5.6.jar:3.5.6]
	at org.apache.maven.surefire.junitplatform.LauncherAdapter.executeWithCancellationToken(LauncherAdapter.java:68) ~[surefire-junit-platform-3.5.6.jar:3.5.6]
	at org.apache.maven.surefire.junitplatform.LauncherAdapter.execute(LauncherAdapter.java:54) ~[surefire-junit-platform-3.5.6.jar:3.5.6]
	at org.apache.maven.surefire.junitplatform.JUnitPlatformProvider.execute(JUnitPlatformProvider.java:203) ~[surefire-junit-platform-3.5.6.jar:3.5.6]
	at org.apache.maven.surefire.junitplatform.JUnitPlatformProvider.invokeAllTests(JUnitPlatformProvider.java:168) ~[surefire-junit-platform-3.5.6.jar:3.5.6]
	at org.apache.maven.surefire.junitplatform.JUnitPlatformProvider.invoke(JUnitPlatformProvider.java:136) ~[surefire-junit-platform-3.5.6.jar:3.5.6]
	at org.apache.maven.surefire.booter.ForkedBooter.runSuitesInProcess(ForkedBooter.java:385) ~[surefire-booter-3.5.6.jar:3.5.6]
	at org.apache.maven.surefire.booter.ForkedBooter.execute(ForkedBooter.java:162) ~[surefire-booter-3.5.6.jar:3.5.6]
	at org.apache.maven.surefire.booter.ForkedBooter.run(ForkedBooter.java:507) ~[surefire-booter-3.5.6.jar:3.5.6]
	at org.apache.maven.surefire.booter.ForkedBooter.main(ForkedBooter.java:495) ~[surefire-booter-3.5.6.jar:3.5.6]
Caused by: org.springframework.boot.web.server.WebServerException: Unable to start embedded Tomcat
	at org.springframework.boot.tomcat.TomcatWebServer.initialize(TomcatWebServer.java:150) ~[spring-boot-tomcat-4.1.1.jar:4.1.1]
	at org.springframework.boot.tomcat.TomcatWebServer.<init>(TomcatWebServer.java:110) ~[spring-boot-tomcat-4.1.1.jar:4.1.1]
	at org.springframework.boot.tomcat.servlet.TomcatServletWebServerFactory.getTomcatWebServer(TomcatServletWebServerFactory.java:429) ~[spring-boot-tomcat-4.1.1.jar:4.1.1]
	at org.springframework.boot.tomcat.servlet.TomcatServletWebServerFactory.getWebServer(TomcatServletWebServerFactory.java:167) ~[spring-boot-tomcat-4.1.1.jar:4.1.1]
	at org.springframework.boot.web.server.servlet.context.ServletWebServerApplicationContext.createWebServer(ServletWebServerApplicationContext.java:190) ~[spring-boot-web-server-4.1.1.jar:4.1.1]
	at org.springframework.boot.web.server.servlet.context.ServletWebServerApplicationContext.onRefresh(ServletWebServerApplicationContext.java:164) ~[spring-boot-web-server-4.1.1.jar:4.1.1]
	... 94 common frames omitted
Caused by: org.springframework.beans.factory.UnsatisfiedDependencyException: Error creating bean with name 'rateLimitFilter' defined in class path resource [si/konferenca/registration/config/SecurityConfig.class]: Unsatisfied dependency expressed through method 'rateLimitFilter' parameter 1: Error creating bean with name 'applicationConfig' defined in file [E:\13 - Lab Projects\04_Input_Files_Template\agentic_lab\02_output\backend\target\classes\si\konferenca\registration\config\ApplicationConfig.class]: Failed to instantiate [si.konferenca.registration.config.ApplicationConfig$$SpringCGLIB$$0]: Constructor threw exception
	at org.springframework.beans.factory.support.ConstructorResolver.createArgumentArray(ConstructorResolver.java:804) ~[spring-beans-7.0.9.jar:7.0.9]
	at org.springframework.beans.factory.support.ConstructorResolver.instantiateUsingFactoryMethod(ConstructorResolver.java:546) ~[spring-beans-7.0.9.jar:7.0.9]
	at org.springframework.beans.factory.support.AbstractAutowireCapableBeanFactory.instantiateUsingFactoryMethod(AbstractAutowireCapableBeanFactory.java:1360) ~[spring-beans-7.0.9.jar:7.0.9]
	at org.springframework.beans.factory.support.AbstractAutowireCapableBeanFactory.createBeanInstance(AbstractAutowireCapableBeanFactory.java:1192) ~[spring-beans-7.0.9.jar:7.0.9]
	at org.springframework.beans.factory.support.AbstractAutowireCapableBeanFactory.doCreateBean(AbstractAutowireCapableBeanFactory.java:565) ~[spring-beans-7.0.9.jar:7.0.9]
	at org.springframework.beans.factory.support.AbstractAutowireCapableBeanFactory.createBean(AbstractAutowireCapableBeanFactory.java:525) ~[spring-beans-7.0.9.jar:7.0.9]
	at org.springframework.beans.factory.support.AbstractBeanFactory.lambda$doGetBean$0(AbstractBeanFactory.java:333) ~[spring-beans-7.0.9.jar:7.0.9]
	at org.springframework.beans.factory.support.DefaultSingletonBeanRegistry.getSingleton(DefaultSingletonBeanRegistry.java:371) ~[spring-beans-7.0.9.jar:7.0.9]
	at org.springframework.beans.factory.support.AbstractBeanFactory.doGetBean(AbstractBeanFactory.java:331) ~[spring-beans-7.0.9.jar:7.0.9]
	at org.springframework.beans.factory.support.AbstractBeanFactory.getBean(AbstractBeanFactory.java:201) ~[spring-beans-7.0.9.jar:7.0.9]
	at org.springframework.boot.web.servlet.ServletContextInitializerBeans.getOrderedBeansOfType(ServletContextInitializerBeans.java:231) ~[spring-boot-4.1.1.jar:4.1.1]
	at org.springframework.boot.web.servlet.ServletContextInitializerBeans.getOrderedBeansOfType(ServletContextInitializerBeans.java:222) ~[spring-boot-4.1.1.jar:4.1.1]
	at org.springframework.boot.web.servlet.ServletContextInitializerBeans.addServletContextInitializerBeans(ServletContextInitializerBeans.java:107) ~[spring-boot-4.1.1.jar:4.1.1]
	at org.springframework.boot.web.servlet.ServletContextInitializerBeans.<init>(ServletContextInitializerBeans.java:96) ~[spring-boot-4.1.1.jar:4.1.1]
	at org.springframework.boot.web.context.servlet.WebApplicationContextInitializer.initialize(WebApplicationContextInitializer.java:53) ~[spring-boot-4.1.1.jar:4.1.1]
	at org.springframework.boot.tomcat.servlet.DeferredServletContainerInitializers.onStartup(DeferredServletContainerInitializers.java:55) ~[spring-boot-tomcat-4.1.1.jar:4.1.1]
	at org.apache.catalina.core.StandardContext.startInternal(StandardContext.java:4606) ~[tomcat-embed-core-11.0.26.jar:11.0.26]
	at org.apache.catalina.util.LifecycleBase.start(LifecycleBase.java:170) ~[tomcat-embed-core-11.0.26.jar:11.0.26]
	at org.apache.catalina.core.ContainerBase$StartChild.call(ContainerBase.java:1204) ~[tomcat-embed-core-11.0.26.jar:11.0.26]
	at org.apache.catalina.core.ContainerBase$StartChild.call(ContainerBase.java:1200) ~[tomcat-embed-core-11.0.26.jar:11.0.26]
	at java.base/java.util.concurrent.FutureTask.run(FutureTask.java:317) ~[na:na]
	at org.apache.tomcat.util.threads.InlineExecutorService.execute(InlineExecutorService.java:92) ~[tomcat-embed-core-11.0.26.jar:11.0.26]
	at java.base/java.util.concurrent.AbstractExecutorService.submit(AbstractExecutorService.java:145) ~[na:na]
	at org.apache.catalina.core.ContainerBase.startInternal(ContainerBase.java:732) ~[tomcat-embed-core-11.0.26.jar:11.0.26]
	at org.apache.catalina.core.StandardHost.startInternal(StandardHost.java:794) ~[tomcat-embed-core-11.0.26.jar:11.0.26]
	at org.apache.catalina.util.LifecycleBase.start(LifecycleBase.java:170) ~[tomcat-embed-core-11.0.26.jar:11.0.26]
	at org.apache.catalina.core.ContainerBase$StartChild.call(ContainerBase.java:1204) ~[tomcat-embed-core-11.0.26.jar:11.0.26]
	at org.apache.catalina.core.ContainerBase$StartChild.call(ContainerBase.java:1200) ~[tomcat-embed-core-11.0.26.jar:11.0.26]
	at java.base/java.util.concurrent.FutureTask.run(FutureTask.java:317) ~[na:na]
	at org.apache.tomcat.util.threads.InlineExecutorService.execute(InlineExecutorService.java:92) ~[tomcat-embed-core-11.0.26.jar:11.0.26]
	at java.base/java.util.concurrent.AbstractExecutorService.submit(AbstractExecutorService.java:145) ~[na:na]
	at org.apache.catalina.core.ContainerBase.startInternal(ContainerBase.java:732) ~[tomcat-embed-core-11.0.26.jar:11.0.26]
	at org.apache.catalina.core.StandardEngine.startInternal(StandardEngine.java:201) ~[tomcat-embed-core-11.0.26.jar:11.0.26]
	at org.apache.catalina.util.LifecycleBase.start(LifecycleBase.java:170) ~[tomcat-embed-core-11.0.26.jar:11.0.26]
	at org.apache.catalina.core.StandardService.startInternal(StandardService.java:433) ~[tomcat-embed-core-11.0.26.jar:11.0.26]
	at org.apache.catalina.util.LifecycleBase.start(LifecycleBase.java:170) ~[tomcat-embed-core-11.0.26.jar:11.0.26]
	at org.apache.catalina.core.StandardServer.startInternal(StandardServer.java:871) ~[tomcat-embed-core-11.0.26.jar:11.0.26]
	at org.apache.catalina.util.LifecycleBase.start(LifecycleBase.java:170) ~[tomcat-embed-core-11.0.26.jar:11.0.26]
	at org.apache.catalina.startup.Tomcat.start(Tomcat.java:452) ~[tomcat-embed-core-11.0.26.jar:11.0.26]
	at org.springframework.boot.tomcat.TomcatWebServer.initialize(TomcatWebServer.java:131) ~[spring-boot-tomcat-4.1.1.jar:4.1.1]
	... 99 common frames omitted
Caused by: org.springframework.beans.factory.BeanCreationException: Error creating bean with name 'applicationConfig' defined in file [E:\13 - Lab Projects\04_Input_Files_Template\agentic_lab\02_output\backend\target\classes\si\konferenca\registration\config\ApplicationConfig.class]: Failed to instantiate [si.konferenca.registration.config.ApplicationConfig$$SpringCGLIB$$0]: Constructor threw exception
	at org.springframework.beans.factory.support.ConstructorResolver.instantiate(ConstructorResolver.java:321) ~[spring-beans-7.0.9.jar:7.0.9]
	at org.springframework.beans.factory.support.ConstructorResolver.autowireConstructor(ConstructorResolver.java:309) ~[spring-beans-7.0.9.jar:7.0.9]
	at org.springframework.beans.factory.support.AbstractAutowireCapableBeanFactory.autowireConstructor(AbstractAutowireCapableBeanFactory.java:1380) ~[spring-beans-7.0.9.jar:7.0.9]
	at org.springframework.beans.factory.support.AbstractAutowireCapableBeanFactory.createBeanInstance(AbstractAutowireCapableBeanFactory.java:1219) ~[spring-beans-7.0.9.jar:7.0.9]
	at org.springframework.beans.factory.support.AbstractAutowireCapableBeanFactory.doCreateBean(AbstractAutowireCapableBeanFactory.java:565) ~[spring-beans-7.0.9.jar:7.0.9]
	at org.springframework.beans.factory.support.AbstractAutowireCapableBeanFactory.createBean(AbstractAutowireCapableBeanFactory.java:525) ~[spring-beans-7.0.9.jar:7.0.9]
	at org.springframework.beans.factory.support.AbstractBeanFactory.lambda$doGetBean$0(AbstractBeanFactory.java:333) ~[spring-beans-7.0.9.jar:7.0.9]
	at org.springframework.beans.factory.support.DefaultSingletonBeanRegistry.getSingleton(DefaultSingletonBeanRegistry.java:371) ~[spring-beans-7.0.9.jar:7.0.9]
	at org.springframework.beans.factory.support.AbstractBeanFactory.doGetBean(AbstractBeanFactory.java:331) ~[spring-beans-7.0.9.jar:7.0.9]
	at org.springframework.beans.factory.support.AbstractBeanFactory.getBean(AbstractBeanFactory.java:196) ~[spring-beans-7.0.9.jar:7.0.9]
	at org.springframework.beans.factory.support.ConstructorResolver.instantiateUsingFactoryMethod(ConstructorResolver.java:413) ~[spring-beans-7.0.9.jar:7.0.9]
	at org.springframework.beans.factory.support.AbstractAutowireCapableBeanFactory.instantiateUsingFactoryMethod(AbstractAutowireCapableBeanFactory.java:1360) ~[spring-beans-7.0.9.jar:7.0.9]
	at org.springframework.beans.factory.support.AbstractAutowireCapableBeanFactory.createBeanInstance(AbstractAutowireCapableBeanFactory.java:1192) ~[spring-beans-7.0.9.jar:7.0.9]
	at org.springframework.beans.factory.support.AbstractAutowireCapableBeanFactory.doCreateBean(AbstractAutowireCapableBeanFactory.java:565) ~[spring-beans-7.0.9.jar:7.0.9]
	at org.springframework.beans.factory.support.AbstractAutowireCapableBeanFactory.createBean(AbstractAutowireCapableBeanFactory.java:525) ~[spring-beans-7.0.9.jar:7.0.9]
	at org.springframework.beans.factory.support.AbstractBeanFactory.lambda$doGetBean$0(AbstractBeanFactory.java:333) ~[spring-beans-7.0.9.jar:7.0.9]
	at org.springframework.beans.factory.support.DefaultSingletonBeanRegistry.getSingleton(DefaultSingletonBeanRegistry.java:371) ~[spring-beans-7.0.9.jar:7.0.9]
	at org.springframework.beans.factory.support.AbstractBeanFactory.doGetBean(AbstractBeanFactory.java:331) ~[spring-beans-7.0.9.jar:7.0.9]
	at org.springframework.beans.factory.support.AbstractBeanFactory.getBean(AbstractBeanFactory.java:201) ~[spring-beans-7.0.9.jar:7.0.9]
	at org.springframework.beans.factory.support.DefaultListableBeanFactory.resolveBean(DefaultListableBeanFactory.java:1232) ~[spring-beans-7.0.9.jar:7.0.9]
	at org.springframework.beans.factory.support.DefaultListableBeanFactory.doResolveDependency(DefaultListableBeanFactory.java:1711) ~[spring-beans-7.0.9.jar:7.0.9]
	at org.springframework.beans.factory.support.DefaultListableBeanFactory.resolveDependency(DefaultListableBeanFactory.java:1658) ~[spring-beans-7.0.9.jar:7.0.9]
	at org.springframework.beans.factory.support.ConstructorResolver.resolveAutowiredArgument(ConstructorResolver.java:912) ~[spring-beans-7.0.9.jar:7.0.9]
	at org.springframework.beans.factory.support.ConstructorResolver.createArgumentArray(ConstructorResolver.java:791) ~[spring-beans-7.0.9.jar:7.0.9]
	... 138 common frames omitted
Caused by: org.springframework.beans.BeanInstantiationException: Failed to instantiate [si.konferenca.registration.config.ApplicationConfig$$SpringCGLIB$$0]: Constructor threw exception
	at org.springframework.beans.BeanUtils.instantiateClass(BeanUtils.java:220) ~[spring-beans-7.0.9.jar:7.0.9]
	at org.springframework.beans.factory.support.SimpleInstantiationStrategy.instantiate(SimpleInstantiationStrategy.java:129) ~[spring-beans-7.0.9.jar:7.0.9]
	at org.springframework.beans.factory.support.ConstructorResolver.instantiate(ConstructorResolver.java:318) ~[spring-beans-7.0.9.jar:7.0.9]
	... 161 common frames omitted
Caused by: java.lang.IllegalStateException: Unsafe or incomplete configuration: RECAPTCHA_SITE_KEY and RECAPTCHA_SECRET_KEY are required unless RECAPTCHA_TEST_MODE is true
	at si.konferenca.registration.config.StartupChecks.verify(StartupChecks.java:56) ~[classes/:na]
	at si.konferenca.registration.config.ApplicationConfig.<init>(ApplicationConfig.java:39) ~[classes/:na]
	at si.konferenca.registration.config.ApplicationConfig$$SpringCGLIB$$0.<init>(<generated>) ~[classes/:na]
	at java.base/jdk.internal.reflect.DirectConstructorHandleAccessor.newInstance(DirectConstructorHandleAccessor.java:62) ~[na:na]
	at java.base/java.lang.reflect.Constructor.newInstanceWithCaller(Constructor.java:502) ~[na:na]
	at java.base/java.lang.reflect.Constructor.newInstance(Constructor.java:486) ~[na:na]
	at org.springframework.beans.BeanUtils.instantiateClass(BeanUtils.java:207) ~[spring-beans-7.0.9.jar:7.0.9]
	... 163 common frames omitted


  .   ____          _            __ _ _
 /\\ / ___'_ __ _ _(_)_ __  __ _ \ \ \ \
( ( )\___ | '_ | '_| | '_ \/ _` | \ \ \ \
 \\/  ___)| |_)| | | | | || (_| |  ) ) ) )
  '  |____| .__|_| |_|_| |_\__, | / / / /
 =========|_|==============|___/=/_/_/_/

 :: Spring Boot ::                (v4.1.1)

2026-09-30T02:21:33.470+02:00  INFO 26908 --- [registration-backend] [           main] o.a.maven.surefire.booter.ForkedBooter   : Starting ForkedBooter v3.5.6 using Java 21.0.10 with PID 26908 (started by sense in E:\13 - Lab Projects\04_Input_Files_Template\agentic_lab\02_output\backend)
2026-09-30T02:21:33.470+02:00  INFO 26908 --- [registration-backend] [           main] o.a.maven.surefire.booter.ForkedBooter   : No active profile set, falling back to 1 default profile: "default"
2026-09-30T02:21:33.572+02:00  INFO 26908 --- [registration-backend] [           main] .s.d.r.c.RepositoryConfigurationDelegate : Bootstrapping Spring Data JPA repositories in DEFAULT mode.
2026-09-30T02:21:33.583+02:00  INFO 26908 --- [registration-backend] [           main] .s.d.r.c.RepositoryConfigurationDelegate : Finished Spring Data repository scanning in 10 ms. Found 1 JPA repository interface.
2026-09-30T02:21:33.642+02:00  INFO 26908 --- [registration-backend] [           main] o.s.boot.tomcat.TomcatWebServer          : Tomcat initialized with port 0 (http)
2026-09-30T02:21:33.643+02:00  INFO 26908 --- [registration-backend] [           main] o.apache.catalina.core.StandardService   : Starting service [Tomcat]
2026-09-30T02:21:33.643+02:00  INFO 26908 --- [registration-backend] [           main] o.apache.catalina.core.StandardEngine    : Starting Servlet engine: [Apache Tomcat/11.0.26]
2026-09-30T02:21:33.689+02:00  INFO 26908 --- [registration-backend] [           main] b.w.c.s.WebApplicationContextInitializer : Root WebApplicationContext: initialization completed in 218 ms
2026-09-30T02:21:33.694+02:00 ERROR 26908 --- [registration-backend] [           main] t.s.DeferredServletContainerInitializers : Error starting Tomcat context. Exception: org.springframework.beans.factory.UnsatisfiedDependencyException. Message: Error creating bean with name 'rateLimitFilter' defined in class path resource [si/konferenca/registration/config/SecurityConfig.class]: Unsatisfied dependency expressed through method 'rateLimitFilter' parameter 1: Error creating bean with name 'applicationConfig' defined in file [E:\13 - Lab Projects\04_Input_Files_Template\agentic_lab\02_output\backend\target\classes\si\konferenca\registration\config\ApplicationConfig.class]: Failed to instantiate [si.konferenca.registration.config.ApplicationConfig$$SpringCGLIB$$0]: Constructor threw exception
2026-09-30T02:21:33.695+02:00  INFO 26908 --- [registration-backend] [           main] o.apache.catalina.core.StandardService   : Stopping service [Tomcat]
2026-09-30T02:21:33.698+02:00  WARN 26908 --- [registration-backend] [           main] ConfigServletWebServerApplicationContext : Exception encountered during context initialization - cancelling refresh attempt: org.springframework.context.ApplicationContextException: Unable to start web server
2026-09-30T02:21:33.700+02:00  INFO 26908 --- [registration-backend] [           main] .s.b.a.l.ConditionEvaluationReportLogger : 

Error starting ApplicationContext. To display the condition evaluation report re-run your application with 'debug' enabled.
2026-09-30T02:21:33.701+02:00 ERROR 26908 --- [registration-backend] [           main] o.s.boot.SpringApplication               : Application run failed

org.springframework.context.ApplicationContextException: Unable to start web server
	at org.springframework.boot.web.server.servlet.context.ServletWebServerApplicationContext.onRefresh(ServletWebServerApplicationContext.java:167) ~[spring-boot-web-server-4.1.1.jar:4.1.1]
	at org.springframework.context.support.AbstractApplicationContext.refresh(AbstractApplicationContext.java:615) ~[spring-context-7.0.9.jar:7.0.9]
	at org.springframework.boot.web.server.servlet.context.ServletWebServerApplicationContext.refresh(ServletWebServerApplicationContext.java:143) ~[spring-boot-web-server-4.1.1.jar:4.1.1]
	at org.springframework.boot.SpringApplication.refresh(SpringApplication.java:756) ~[spring-boot-4.1.1.jar:4.1.1]
	at org.springframework.boot.SpringApplication.refreshContext(SpringApplication.java:445) ~[spring-boot-4.1.1.jar:4.1.1]
	at org.springframework.boot.SpringApplication.run(SpringApplication.java:321) ~[spring-boot-4.1.1.jar:4.1.1]
	at org.springframework.boot.builder.SpringApplicationBuilder.run(SpringApplicationBuilder.java:154) ~[spring-boot-4.1.1.jar:4.1.1]
	at si.konferenca.registration.acceptance.StartupSafetyAcceptanceTest.start(StartupSafetyAcceptanceTest.java:32) ~[test-classes/:na]
	at si.konferenca.registration.acceptance.StartupSafetyAcceptanceTest.lambda$sr02TestModeIsOffByDefault$3(StartupSafetyAcceptanceTest.java:77) ~[test-classes/:na]
	at org.assertj.core.api.ThrowableAssert.catchThrowable(ThrowableAssert.java:66) ~[assertj-core-3.27.7.jar:na]
	at org.assertj.core.api.AssertionsForClassTypes.catchThrowable(AssertionsForClassTypes.java:908) ~[assertj-core-3.27.7.jar:na]
	at org.assertj.core.api.Assertions.catchThrowable(Assertions.java:1476) ~[assertj-core-3.27.7.jar:na]
	at org.assertj.core.api.Assertions.assertThatThrownBy(Assertions.java:1319) ~[assertj-core-3.27.7.jar:na]
	at si.konferenca.registration.acceptance.StartupSafetyAcceptanceTest.sr02TestModeIsOffByDefault(StartupSafetyAcceptanceTest.java:77) ~[test-classes/:na]
	at java.base/jdk.internal.reflect.DirectMethodHandleAccessor.invoke(DirectMethodHandleAccessor.java:103) ~[na:na]
	at java.base/java.lang.reflect.Method.invoke(Method.java:580) ~[na:na]
	at org.junit.platform.commons.util.ReflectionUtils.invokeMethod(ReflectionUtils.java:701) ~[junit-platform-commons-6.0.3.jar:6.0.3]
	at org.junit.platform.commons.support.ReflectionSupport.invokeMethod(ReflectionSupport.java:502) ~[junit-platform-commons-6.0.3.jar:6.0.3]
	at org.junit.jupiter.engine.support.MethodReflectionUtils.invoke(MethodReflectionUtils.java:45) ~[junit-jupiter-engine-6.0.3.jar:6.0.3]
	at org.junit.jupiter.engine.execution.MethodInvocation.proceed(MethodInvocation.java:61) ~[junit-jupiter-engine-6.0.3.jar:6.0.3]
	at org.junit.jupiter.engine.execution.InvocationInterceptorChain$ValidatingInvocation.proceed(InvocationInterceptorChain.java:124) ~[junit-jupiter-engine-6.0.3.jar:6.0.3]
	at org.junit.jupiter.engine.extension.TimeoutExtension.intercept(TimeoutExtension.java:163) ~[junit-jupiter-engine-6.0.3.jar:6.0.3]
	at org.junit.jupiter.engine.extension.TimeoutExtension.interceptTestableMethod(TimeoutExtension.java:148) ~[junit-jupiter-engine-6.0.3.jar:6.0.3]
	at org.junit.jupiter.engine.extension.TimeoutExtension.interceptTestMethod(TimeoutExtension.java:86) ~[junit-jupiter-engine-6.0.3.jar:6.0.3]
	at org.junit.jupiter.engine.execution.InterceptingExecutableInvoker$ReflectiveInterceptorCall.lambda$ofVoidMethod$0(InterceptingExecutableInvoker.java:123) ~[junit-jupiter-engine-6.0.3.jar:6.0.3]
	at org.junit.jupiter.engine.execution.InterceptingExecutableInvoker.lambda$invoke$0(InterceptingExecutableInvoker.java:105) ~[junit-jupiter-engine-6.0.3.jar:6.0.3]
	at org.junit.jupiter.engine.execution.InvocationInterceptorChain$InterceptedInvocation.proceed(InvocationInterceptorChain.java:99) ~[junit-jupiter-engine-6.0.3.jar:6.0.3]
	at org.junit.jupiter.engine.execution.InvocationInterceptorChain.proceed(InvocationInterceptorChain.java:66) ~[junit-jupiter-engine-6.0.3.jar:6.0.3]
	at org.junit.jupiter.engine.execution.InvocationInterceptorChain.chainAndInvoke(InvocationInterceptorChain.java:47) ~[junit-jupiter-engine-6.0.3.jar:6.0.3]
	at org.junit.jupiter.engine.execution.InvocationInterceptorChain.invoke(InvocationInterceptorChain.java:39) ~[junit-jupiter-engine-6.0.3.jar:6.0.3]
	at org.junit.jupiter.engine.execution.InterceptingExecutableInvoker.invoke(InterceptingExecutableInvoker.java:104) ~[junit-jupiter-engine-6.0.3.jar:6.0.3]
	at org.junit.jupiter.engine.execution.InterceptingExecutableInvoker.invoke(InterceptingExecutableInvoker.java:98) ~[junit-jupiter-engine-6.0.3.jar:6.0.3]
	at org.junit.jupiter.engine.execution.InterceptingExecutableInvoker.invokeVoid(InterceptingExecutableInvoker.java:71) ~[junit-jupiter-engine-6.0.3.jar:6.0.3]
	at org.junit.jupiter.engine.descriptor.TestMethodTestDescriptor.lambda$invokeTestMethod$0(TestMethodTestDescriptor.java:219) ~[junit-jupiter-engine-6.0.3.jar:6.0.3]
	at org.junit.platform.engine.support.hierarchical.ThrowableCollector.execute(ThrowableCollector.java:74) ~[junit-platform-engine-6.0.3.jar:6.0.3]
	at org.junit.jupiter.engine.descriptor.TestMethodTestDescriptor.invokeTestMethod(TestMethodTestDescriptor.java:215) ~[junit-jupiter-engine-6.0.3.jar:6.0.3]
	at org.junit.jupiter.engine.descriptor.TestMethodTestDescriptor.execute(TestMethodTestDescriptor.java:157) ~[junit-jupiter-engine-6.0.3.jar:6.0.3]
	at org.junit.jupiter.engine.descriptor.TestMethodTestDescriptor.execute(TestMethodTestDescriptor.java:70) ~[junit-jupiter-engine-6.0.3.jar:6.0.3]
	at org.junit.platform.engine.support.hierarchical.NodeTestTask.lambda$executeRecursively$2(NodeTestTask.java:176) ~[junit-platform-engine-6.0.3.jar:6.0.3]
	at org.junit.platform.engine.support.hierarchical.ThrowableCollector.execute(ThrowableCollector.java:74) ~[junit-platform-engine-6.0.3.jar:6.0.3]
	at org.junit.platform.engine.support.hierarchical.NodeTestTask.lambda$executeRecursively$1(NodeTestTask.java:166) ~[junit-platform-engine-6.0.3.jar:6.0.3]
	at org.junit.platform.engine.support.hierarchical.Node.around(Node.java:138) ~[junit-platform-engine-6.0.3.jar:6.0.3]
	at org.junit.platform.engine.support.hierarchical.NodeTestTask.lambda$executeRecursively$0(NodeTestTask.java:164) ~[junit-platform-engine-6.0.3.jar:6.0.3]
	at org.junit.platform.engine.support.hierarchical.ThrowableCollector.execute(ThrowableCollector.java:74) ~[junit-platform-engine-6.0.3.jar:6.0.3]
	at org.junit.platform.engine.support.hierarchical.NodeTestTask.executeRecursively(NodeTestTask.java:163) ~[junit-platform-engine-6.0.3.jar:6.0.3]
	at org.junit.platform.engine.support.hierarchical.NodeTestTask.execute(NodeTestTask.java:116) ~[junit-platform-engine-6.0.3.jar:6.0.3]
	at java.base/java.util.ArrayList.forEach(ArrayList.java:1596) ~[na:na]
	at org.junit.platform.engine.support.hierarchical.SameThreadHierarchicalTestExecutorService.invokeAll(SameThreadHierarchicalTestExecutorService.java:42) ~[junit-platform-engine-6.0.3.jar:6.0.3]
	at org.junit.platform.engine.support.hierarchical.NodeTestTask.lambda$executeRecursively$2(NodeTestTask.java:180) ~[junit-platform-engine-6.0.3.jar:6.0.3]
	at org.junit.platform.engine.support.hierarchical.ThrowableCollector.execute(ThrowableCollector.java:74) ~[junit-platform-engine-6.0.3.jar:6.0.3]
	at org.junit.platform.engine.support.hierarchical.NodeTestTask.lambda$executeRecursively$1(NodeTestTask.java:166) ~[junit-platform-engine-6.0.3.jar:6.0.3]
	at org.junit.platform.engine.support.hierarchical.Node.around(Node.java:138) ~[junit-platform-engine-6.0.3.jar:6.0.3]
	at org.junit.platform.engine.support.hierarchical.NodeTestTask.lambda$executeRecursively$0(NodeTestTask.java:164) ~[junit-platform-engine-6.0.3.jar:6.0.3]
	at org.junit.platform.engine.support.hierarchical.ThrowableCollector.execute(ThrowableCollector.java:74) ~[junit-platform-engine-6.0.3.jar:6.0.3]
	at org.junit.platform.engine.support.hierarchical.NodeTestTask.executeRecursively(NodeTestTask.java:163) ~[junit-platform-engine-6.0.3.jar:6.0.3]
	at org.junit.platform.engine.support.hierarchical.NodeTestTask.execute(NodeTestTask.java:116) ~[junit-platform-engine-6.0.3.jar:6.0.3]
	at java.base/java.util.ArrayList.forEach(ArrayList.java:1596) ~[na:na]
	at org.junit.platform.engine.support.hierarchical.SameThreadHierarchicalTestExecutorService.invokeAll(SameThreadHierarchicalTestExecutorService.java:42) ~[junit-platform-engine-6.0.3.jar:6.0.3]
	at org.junit.platform.engine.support.hierarchical.NodeTestTask.lambda$executeRecursively$2(NodeTestTask.java:180) ~[junit-platform-engine-6.0.3.jar:6.0.3]
	at org.junit.platform.engine.support.hierarchical.ThrowableCollector.execute(ThrowableCollector.java:74) ~[junit-platform-engine-6.0.3.jar:6.0.3]
	at org.junit.platform.engine.support.hierarchical.NodeTestTask.lambda$executeRecursively$1(NodeTestTask.java:166) ~[junit-platform-engine-6.0.3.jar:6.0.3]
	at org.junit.platform.engine.support.hierarchical.Node.around(Node.java:138) ~[junit-platform-engine-6.0.3.jar:6.0.3]
	at org.junit.platform.engine.support.hierarchical.NodeTestTask.lambda$executeRecursively$0(NodeTestTask.java:164) ~[junit-platform-engine-6.0.3.jar:6.0.3]
	at org.junit.platform.engine.support.hierarchical.ThrowableCollector.execute(ThrowableCollector.java:74) ~[junit-platform-engine-6.0.3.jar:6.0.3]
	at org.junit.platform.engine.support.hierarchical.NodeTestTask.executeRecursively(NodeTestTask.java:163) ~[junit-platform-engine-6.0.3.jar:6.0.3]
	at org.junit.platform.engine.support.hierarchical.NodeTestTask.execute(NodeTestTask.java:116) ~[junit-platform-engine-6.0.3.jar:6.0.3]
	at org.junit.platform.engine.support.hierarchical.SameThreadHierarchicalTestExecutorService.submit(SameThreadHierarchicalTestExecutorService.java:36) ~[junit-platform-engine-6.0.3.jar:6.0.3]
	at org.junit.platform.engine.support.hierarchical.HierarchicalTestExecutor.execute(HierarchicalTestExecutor.java:52) ~[junit-platform-engine-6.0.3.jar:6.0.3]
	at org.junit.platform.engine.support.hierarchical.HierarchicalTestEngine.execute(HierarchicalTestEngine.java:58) ~[junit-platform-engine-6.0.3.jar:6.0.3]
	at org.junit.platform.launcher.core.EngineExecutionOrchestrator.executeEngine(EngineExecutionOrchestrator.java:246) ~[junit-platform-launcher-6.0.3.jar:6.0.3]
	at org.junit.platform.launcher.core.EngineExecutionOrchestrator.failOrExecuteEngine(EngineExecutionOrchestrator.java:218) ~[junit-platform-launcher-6.0.3.jar:6.0.3]
	at org.junit.platform.launcher.core.EngineExecutionOrchestrator.execute(EngineExecutionOrchestrator.java:179) ~[junit-platform-launcher-6.0.3.jar:6.0.3]
	at org.junit.platform.launcher.core.EngineExecutionOrchestrator.execute(EngineExecutionOrchestrator.java:108) ~[junit-platform-launcher-6.0.3.jar:6.0.3]
	at org.junit.platform.launcher.core.EngineExecutionOrchestrator.lambda$execute$0(EngineExecutionOrchestrator.java:66) ~[junit-platform-launcher-6.0.3.jar:6.0.3]
	at org.junit.platform.launcher.core.EngineExecutionOrchestrator.withInterceptedStreams(EngineExecutionOrchestrator.java:157) ~[junit-platform-launcher-6.0.3.jar:6.0.3]
	at org.junit.platform.launcher.core.EngineExecutionOrchestrator.execute(EngineExecutionOrchestrator.java:65) ~[junit-platform-launcher-6.0.3.jar:6.0.3]
	at org.junit.platform.launcher.core.DefaultLauncher.execute(DefaultLauncher.java:125) ~[junit-platform-launcher-6.0.3.jar:6.0.3]
	at org.junit.platform.launcher.core.DefaultLauncher.execute(DefaultLauncher.java:114) ~[junit-platform-launcher-6.0.3.jar:6.0.3]
	at org.junit.platform.launcher.core.DelegatingLauncher.execute(DelegatingLauncher.java:58) ~[junit-platform-launcher-6.0.3.jar:6.0.3]
	at org.junit.platform.launcher.core.InterceptingLauncher.lambda$execute$2(InterceptingLauncher.java:57) ~[junit-platform-launcher-6.0.3.jar:6.0.3]
	at org.junit.platform.launcher.core.ClasspathAlignmentCheckingLauncherInterceptor.intercept(ClasspathAlignmentCheckingLauncherInterceptor.java:25) ~[junit-platform-launcher-6.0.3.jar:6.0.3]
	at org.junit.platform.launcher.core.InterceptingLauncher.execute(InterceptingLauncher.java:56) ~[junit-platform-launcher-6.0.3.jar:6.0.3]
	at org.junit.platform.launcher.core.DelegatingLauncher.execute(DelegatingLauncher.java:58) ~[junit-platform-launcher-6.0.3.jar:6.0.3]
	at java.base/jdk.internal.reflect.DirectMethodHandleAccessor.invoke(DirectMethodHandleAccessor.java:103) ~[na:na]
	at java.base/java.lang.reflect.Method.invoke(Method.java:580) ~[na:na]
	at org.apache.maven.surefire.api.util.ReflectionUtils.invokeMethodWithArray(ReflectionUtils.java:125) ~[surefire-api-3.5.6.jar:3.5.6]
	at org.apache.maven.surefire.junitplatform.LauncherAdapter.executeWithCancellationToken(LauncherAdapter.java:68) ~[surefire-junit-platform-3.5.6.jar:3.5.6]
	at org.apache.maven.surefire.junitplatform.LauncherAdapter.execute(LauncherAdapter.java:54) ~[surefire-junit-platform-3.5.6.jar:3.5.6]
	at org.apache.maven.surefire.junitplatform.JUnitPlatformProvider.execute(JUnitPlatformProvider.java:203) ~[surefire-junit-platform-3.5.6.jar:3.5.6]
	at org.apache.maven.surefire.junitplatform.JUnitPlatformProvider.invokeAllTests(JUnitPlatformProvider.java:168) ~[surefire-junit-platform-3.5.6.jar:3.5.6]
	at org.apache.maven.surefire.junitplatform.JUnitPlatformProvider.invoke(JUnitPlatformProvider.java:136) ~[surefire-junit-platform-3.5.6.jar:3.5.6]
	at org.apache.maven.surefire.booter.ForkedBooter.runSuitesInProcess(ForkedBooter.java:385) ~[surefire-booter-3.5.6.jar:3.5.6]
	at org.apache.maven.surefire.booter.ForkedBooter.execute(ForkedBooter.java:162) ~[surefire-booter-3.5.6.jar:3.5.6]
	at org.apache.maven.surefire.booter.ForkedBooter.run(ForkedBooter.java:507) ~[surefire-booter-3.5.6.jar:3.5.6]
	at org.apache.maven.surefire.booter.ForkedBooter.main(ForkedBooter.java:495) ~[surefire-booter-3.5.6.jar:3.5.6]
Caused by: org.springframework.boot.web.server.WebServerException: Unable to start embedded Tomcat
	at org.springframework.boot.tomcat.TomcatWebServer.initialize(TomcatWebServer.java:150) ~[spring-boot-tomcat-4.1.1.jar:4.1.1]
	at org.springframework.boot.tomcat.TomcatWebServer.<init>(TomcatWebServer.java:110) ~[spring-boot-tomcat-4.1.1.jar:4.1.1]
	at org.springframework.boot.tomcat.servlet.TomcatServletWebServerFactory.getTomcatWebServer(TomcatServletWebServerFactory.java:429) ~[spring-boot-tomcat-4.1.1.jar:4.1.1]
	at org.springframework.boot.tomcat.servlet.TomcatServletWebServerFactory.getWebServer(TomcatServletWebServerFactory.java:167) ~[spring-boot-tomcat-4.1.1.jar:4.1.1]
	at org.springframework.boot.web.server.servlet.context.ServletWebServerApplicationContext.createWebServer(ServletWebServerApplicationContext.java:190) ~[spring-boot-web-server-4.1.1.jar:4.1.1]
	at org.springframework.boot.web.server.servlet.context.ServletWebServerApplicationContext.onRefresh(ServletWebServerApplicationContext.java:164) ~[spring-boot-web-server-4.1.1.jar:4.1.1]
	... 94 common frames omitted
Caused by: org.springframework.beans.factory.UnsatisfiedDependencyException: Error creating bean with name 'rateLimitFilter' defined in class path resource [si/konferenca/registration/config/SecurityConfig.class]: Unsatisfied dependency expressed through method 'rateLimitFilter' parameter 1: Error creating bean with name 'applicationConfig' defined in file [E:\13 - Lab Projects\04_Input_Files_Template\agentic_lab\02_output\backend\target\classes\si\konferenca\registration\config\ApplicationConfig.class]: Failed to instantiate [si.konferenca.registration.config.ApplicationConfig$$SpringCGLIB$$0]: Constructor threw exception
	at org.springframework.beans.factory.support.ConstructorResolver.createArgumentArray(ConstructorResolver.java:804) ~[spring-beans-7.0.9.jar:7.0.9]
	at org.springframework.beans.factory.support.ConstructorResolver.instantiateUsingFactoryMethod(ConstructorResolver.java:546) ~[spring-beans-7.0.9.jar:7.0.9]
	at org.springframework.beans.factory.support.AbstractAutowireCapableBeanFactory.instantiateUsingFactoryMethod(AbstractAutowireCapableBeanFactory.java:1360) ~[spring-beans-7.0.9.jar:7.0.9]
	at org.springframework.beans.factory.support.AbstractAutowireCapableBeanFactory.createBeanInstance(AbstractAutowireCapableBeanFactory.java:1192) ~[spring-beans-7.0.9.jar:7.0.9]
	at org.springframework.beans.factory.support.AbstractAutowireCapableBeanFactory.doCreateBean(AbstractAutowireCapableBeanFactory.java:565) ~[spring-beans-7.0.9.jar:7.0.9]
	at org.springframework.beans.factory.support.AbstractAutowireCapableBeanFactory.createBean(AbstractAutowireCapableBeanFactory.java:525) ~[spring-beans-7.0.9.jar:7.0.9]
	at org.springframework.beans.factory.support.AbstractBeanFactory.lambda$doGetBean$0(AbstractBeanFactory.java:333) ~[spring-beans-7.0.9.jar:7.0.9]
	at org.springframework.beans.factory.support.DefaultSingletonBeanRegistry.getSingleton(DefaultSingletonBeanRegistry.java:371) ~[spring-beans-7.0.9.jar:7.0.9]
	at org.springframework.beans.factory.support.AbstractBeanFactory.doGetBean(AbstractBeanFactory.java:331) ~[spring-beans-7.0.9.jar:7.0.9]
	at org.springframework.beans.factory.support.AbstractBeanFactory.getBean(AbstractBeanFactory.java:201) ~[spring-beans-7.0.9.jar:7.0.9]
	at org.springframework.boot.web.servlet.ServletContextInitializerBeans.getOrderedBeansOfType(ServletContextInitializerBeans.java:231) ~[spring-boot-4.1.1.jar:4.1.1]
	at org.springframework.boot.web.servlet.ServletContextInitializerBeans.getOrderedBeansOfType(ServletContextInitializerBeans.java:222) ~[spring-boot-4.1.1.jar:4.1.1]
	at org.springframework.boot.web.servlet.ServletContextInitializerBeans.addServletContextInitializerBeans(ServletContextInitializerBeans.java:107) ~[spring-boot-4.1.1.jar:4.1.1]
	at org.springframework.boot.web.servlet.ServletContextInitializerBeans.<init>(ServletContextInitializerBeans.java:96) ~[spring-boot-4.1.1.jar:4.1.1]
	at org.springframework.boot.web.context.servlet.WebApplicationContextInitializer.initialize(WebApplicationContextInitializer.java:53) ~[spring-boot-4.1.1.jar:4.1.1]
	at org.springframework.boot.tomcat.servlet.DeferredServletContainerInitializers.onStartup(DeferredServletContainerInitializers.java:55) ~[spring-boot-tomcat-4.1.1.jar:4.1.1]
	at org.apache.catalina.core.StandardContext.startInternal(StandardContext.java:4606) ~[tomcat-embed-core-11.0.26.jar:11.0.26]
	at org.apache.catalina.util.LifecycleBase.start(LifecycleBase.java:170) ~[tomcat-embed-core-11.0.26.jar:11.0.26]
	at org.apache.catalina.core.ContainerBase$StartChild.call(ContainerBase.java:1204) ~[tomcat-embed-core-11.0.26.jar:11.0.26]
	at org.apache.catalina.core.ContainerBase$StartChild.call(ContainerBase.java:1200) ~[tomcat-embed-core-11.0.26.jar:11.0.26]
	at java.base/java.util.concurrent.FutureTask.run(FutureTask.java:317) ~[na:na]
	at org.apache.tomcat.util.threads.InlineExecutorService.execute(InlineExecutorService.java:92) ~[tomcat-embed-core-11.0.26.jar:11.0.26]
	at java.base/java.util.concurrent.AbstractExecutorService.submit(AbstractExecutorService.java:145) ~[na:na]
	at org.apache.catalina.core.ContainerBase.startInternal(ContainerBase.java:732) ~[tomcat-embed-core-11.0.26.jar:11.0.26]
	at org.apache.catalina.core.StandardHost.startInternal(StandardHost.java:794) ~[tomcat-embed-core-11.0.26.jar:11.0.26]
	at org.apache.catalina.util.LifecycleBase.start(LifecycleBase.java:170) ~[tomcat-embed-core-11.0.26.jar:11.0.26]
	at org.apache.catalina.core.ContainerBase$StartChild.call(ContainerBase.java:1204) ~[tomcat-embed-core-11.0.26.jar:11.0.26]
	at org.apache.catalina.core.ContainerBase$StartChild.call(ContainerBase.java:1200) ~[tomcat-embed-core-11.0.26.jar:11.0.26]
	at java.base/java.util.concurrent.FutureTask.run(FutureTask.java:317) ~[na:na]
	at org.apache.tomcat.util.threads.InlineExecutorService.execute(InlineExecutorService.java:92) ~[tomcat-embed-core-11.0.26.jar:11.0.26]
	at java.base/java.util.concurrent.AbstractExecutorService.submit(AbstractExecutorService.java:145) ~[na:na]
	at org.apache.catalina.core.ContainerBase.startInternal(ContainerBase.java:732) ~[tomcat-embed-core-11.0.26.jar:11.0.26]
	at org.apache.catalina.core.StandardEngine.startInternal(StandardEngine.java:201) ~[tomcat-embed-core-11.0.26.jar:11.0.26]
	at org.apache.catalina.util.LifecycleBase.start(LifecycleBase.java:170) ~[tomcat-embed-core-11.0.26.jar:11.0.26]
	at org.apache.catalina.core.StandardService.startInternal(StandardService.java:433) ~[tomcat-embed-core-11.0.26.jar:11.0.26]
	at org.apache.catalina.util.LifecycleBase.start(LifecycleBase.java:170) ~[tomcat-embed-core-11.0.26.jar:11.0.26]
	at org.apache.catalina.core.StandardServer.startInternal(StandardServer.java:871) ~[tomcat-embed-core-11.0.26.jar:11.0.26]
	at org.apache.catalina.util.LifecycleBase.start(LifecycleBase.java:170) ~[tomcat-embed-core-11.0.26.jar:11.0.26]
	at org.apache.catalina.startup.Tomcat.start(Tomcat.java:452) ~[tomcat-embed-core-11.0.26.jar:11.0.26]
	at org.springframework.boot.tomcat.TomcatWebServer.initialize(TomcatWebServer.java:131) ~[spring-boot-tomcat-4.1.1.jar:4.1.1]
	... 99 common frames omitted
Caused by: org.springframework.beans.factory.BeanCreationException: Error creating bean with name 'applicationConfig' defined in file [E:\13 - Lab Projects\04_Input_Files_Template\agentic_lab\02_output\backend\target\classes\si\konferenca\registration\config\ApplicationConfig.class]: Failed to instantiate [si.konferenca.registration.config.ApplicationConfig$$SpringCGLIB$$0]: Constructor threw exception
	at org.springframework.beans.factory.support.ConstructorResolver.instantiate(ConstructorResolver.java:321) ~[spring-beans-7.0.9.jar:7.0.9]
	at org.springframework.beans.factory.support.ConstructorResolver.autowireConstructor(ConstructorResolver.java:309) ~[spring-beans-7.0.9.jar:7.0.9]
	at org.springframework.beans.factory.support.AbstractAutowireCapableBeanFactory.autowireConstructor(AbstractAutowireCapableBeanFactory.java:1380) ~[spring-beans-7.0.9.jar:7.0.9]
	at org.springframework.beans.factory.support.AbstractAutowireCapableBeanFactory.createBeanInstance(AbstractAutowireCapableBeanFactory.java:1219) ~[spring-beans-7.0.9.jar:7.0.9]
	at org.springframework.beans.factory.support.AbstractAutowireCapableBeanFactory.doCreateBean(AbstractAutowireCapableBeanFactory.java:565) ~[spring-beans-7.0.9.jar:7.0.9]
	at org.springframework.beans.factory.support.AbstractAutowireCapableBeanFactory.createBean(AbstractAutowireCapableBeanFactory.java:525) ~[spring-beans-7.0.9.jar:7.0.9]
	at org.springframework.beans.factory.support.AbstractBeanFactory.lambda$doGetBean$0(AbstractBeanFactory.java:333) ~[spring-beans-7.0.9.jar:7.0.9]
	at org.springframework.beans.factory.support.DefaultSingletonBeanRegistry.getSingleton(DefaultSingletonBeanRegistry.java:371) ~[spring-beans-7.0.9.jar:7.0.9]
	at org.springframework.beans.factory.support.AbstractBeanFactory.doGetBean(AbstractBeanFactory.java:331) ~[spring-beans-7.0.9.jar:7.0.9]
	at org.springframework.beans.factory.support.AbstractBeanFactory.getBean(AbstractBeanFactory.java:196) ~[spring-beans-7.0.9.jar:7.0.9]
	at org.springframework.beans.factory.support.ConstructorResolver.instantiateUsingFactoryMethod(ConstructorResolver.java:413) ~[spring-beans-7.0.9.jar:7.0.9]
	at org.springframework.beans.factory.support.AbstractAutowireCapableBeanFactory.instantiateUsingFactoryMethod(AbstractAutowireCapableBeanFactory.java:1360) ~[spring-beans-7.0.9.jar:7.0.9]
	at org.springframework.beans.factory.support.AbstractAutowireCapableBeanFactory.createBeanInstance(AbstractAutowireCapableBeanFactory.java:1192) ~[spring-beans-7.0.9.jar:7.0.9]
	at org.springframework.beans.factory.support.AbstractAutowireCapableBeanFactory.doCreateBean(AbstractAutowireCapableBeanFactory.java:565) ~[spring-beans-7.0.9.jar:7.0.9]
	at org.springframework.beans.factory.support.AbstractAutowireCapableBeanFactory.createBean(AbstractAutowireCapableBeanFactory.java:525) ~[spring-beans-7.0.9.jar:7.0.9]
	at org.springframework.beans.factory.support.AbstractBeanFactory.lambda$doGetBean$0(AbstractBeanFactory.java:333) ~[spring-beans-7.0.9.jar:7.0.9]
	at org.springframework.beans.factory.support.DefaultSingletonBeanRegistry.getSingleton(DefaultSingletonBeanRegistry.java:371) ~[spring-beans-7.0.9.jar:7.0.9]
	at org.springframework.beans.factory.support.AbstractBeanFactory.doGetBean(AbstractBeanFactory.java:331) ~[spring-beans-7.0.9.jar:7.0.9]
	at org.springframework.beans.factory.support.AbstractBeanFactory.getBean(AbstractBeanFactory.java:201) ~[spring-beans-7.0.9.jar:7.0.9]
	at org.springframework.beans.factory.support.DefaultListableBeanFactory.resolveBean(DefaultListableBeanFactory.java:1232) ~[spring-beans-7.0.9.jar:7.0.9]
	at org.springframework.beans.factory.support.DefaultListableBeanFactory.doResolveDependency(DefaultListableBeanFactory.java:1711) ~[spring-beans-7.0.9.jar:7.0.9]
	at org.springframework.beans.factory.support.DefaultListableBeanFactory.resolveDependency(DefaultListableBeanFactory.java:1658) ~[spring-beans-7.0.9.jar:7.0.9]
	at org.springframework.beans.factory.support.ConstructorResolver.resolveAutowiredArgument(ConstructorResolver.java:912) ~[spring-beans-7.0.9.jar:7.0.9]
	at org.springframework.beans.factory.support.ConstructorResolver.createArgumentArray(ConstructorResolver.java:791) ~[spring-beans-7.0.9.jar:7.0.9]
	... 138 common frames omitted
Caused by: org.springframework.beans.BeanInstantiationException: Failed to instantiate [si.konferenca.registration.config.ApplicationConfig$$SpringCGLIB$$0]: Constructor threw exception
	at org.springframework.beans.BeanUtils.instantiateClass(BeanUtils.java:220) ~[spring-beans-7.0.9.jar:7.0.9]
	at org.springframework.beans.factory.support.SimpleInstantiationStrategy.instantiate(SimpleInstantiationStrategy.java:129) ~[spring-beans-7.0.9.jar:7.0.9]
	at org.springframework.beans.factory.support.ConstructorResolver.instantiate(ConstructorResolver.java:318) ~[spring-beans-7.0.9.jar:7.0.9]
	... 161 common frames omitted
Caused by: java.lang.IllegalStateException: Unsafe or incomplete configuration: RECAPTCHA_SITE_KEY and RECAPTCHA_SECRET_KEY are required unless RECAPTCHA_TEST_MODE is true
	at si.konferenca.registration.config.StartupChecks.verify(StartupChecks.java:56) ~[classes/:na]
	at si.konferenca.registration.config.ApplicationConfig.<init>(ApplicationConfig.java:39) ~[classes/:na]
	at si.konferenca.registration.config.ApplicationConfig$$SpringCGLIB$$0.<init>(<generated>) ~[classes/:na]
	at java.base/jdk.internal.reflect.DirectConstructorHandleAccessor.newInstance(DirectConstructorHandleAccessor.java:62) ~[na:na]
	at java.base/java.lang.reflect.Constructor.newInstanceWithCaller(Constructor.java:502) ~[na:na]
	at java.base/java.lang.reflect.Constructor.newInstance(Constructor.java:486) ~[na:na]
	at org.springframework.beans.BeanUtils.instantiateClass(BeanUtils.java:207) ~[spring-beans-7.0.9.jar:7.0.9]
	... 163 common frames omitted


  .   ____          _            __ _ _
 /\\ / ___'_ __ _ _(_)_ __  __ _ \ \ \ \
( ( )\___ | '_ | '_| | '_ \/ _` | \ \ \ \
 \\/  ___)| |_)| | | | | || (_| |  ) ) ) )
  '  |____| .__|_| |_|_| |_\__, | / / / /
 =========|_|==============|___/=/_/_/_/

 :: Spring Boot ::                (v4.1.1)

2026-09-30T02:21:33.726+02:00  INFO 26908 --- [registration-backend] [           main] o.a.maven.surefire.booter.ForkedBooter   : Starting ForkedBooter v3.5.6 using Java 21.0.10 with PID 26908 (started by sense in E:\13 - Lab Projects\04_Input_Files_Template\agentic_lab\02_output\backend)
2026-09-30T02:21:33.726+02:00  INFO 26908 --- [registration-backend] [           main] o.a.maven.surefire.booter.ForkedBooter   : No active profile set, falling back to 1 default profile: "default"
2026-09-30T02:21:33.850+02:00  INFO 26908 --- [registration-backend] [           main] .s.d.r.c.RepositoryConfigurationDelegate : Bootstrapping Spring Data JPA repositories in DEFAULT mode.
2026-09-30T02:21:33.863+02:00  INFO 26908 --- [registration-backend] [           main] .s.d.r.c.RepositoryConfigurationDelegate : Finished Spring Data repository scanning in 11 ms. Found 1 JPA repository interface.
2026-09-30T02:21:33.914+02:00  INFO 26908 --- [registration-backend] [           main] o.s.boot.tomcat.TomcatWebServer          : Tomcat initialized with port 0 (http)
2026-09-30T02:21:33.915+02:00  INFO 26908 --- [registration-backend] [           main] o.apache.catalina.core.StandardService   : Starting service [Tomcat]
2026-09-30T02:21:33.915+02:00  INFO 26908 --- [registration-backend] [           main] o.apache.catalina.core.StandardEngine    : Starting Servlet engine: [Apache Tomcat/11.0.26]
2026-09-30T02:21:33.961+02:00  INFO 26908 --- [registration-backend] [           main] b.w.c.s.WebApplicationContextInitializer : Root WebApplicationContext: initialization completed in 234 ms
2026-09-30T02:21:34.008+02:00  INFO 26908 --- [registration-backend] [           main] com.zaxxer.hikari.HikariDataSource       : HikariPool-7 - Starting...
2026-09-30T02:21:34.020+02:00  INFO 26908 --- [registration-backend] [           main] com.zaxxer.hikari.pool.HikariPool        : HikariPool-7 - Added connection org.postgresql.jdbc.PgConnection@1bb03c40
2026-09-30T02:21:34.020+02:00  INFO 26908 --- [registration-backend] [           main] com.zaxxer.hikari.HikariDataSource       : HikariPool-7 - Start completed.
2026-09-30T02:21:34.022+02:00  INFO 26908 --- [registration-backend] [           main] org.flywaydb.core.FlywayExecutor         : Database: jdbc:postgresql://localhost:61575/registration?loggerLevel=OFF (PostgreSQL 16.15)
2026-09-30T02:21:34.042+02:00  INFO 26908 --- [registration-backend] [           main] o.f.core.internal.command.DbValidate     : Successfully validated 1 migration (execution time 00:00.006s)
2026-09-30T02:21:34.063+02:00  INFO 26908 --- [registration-backend] [           main] o.f.core.internal.command.DbMigrate      : Current version of schema "public": 1
2026-09-30T02:21:34.064+02:00  INFO 26908 --- [registration-backend] [           main] o.f.core.internal.command.DbMigrate      : Schema "public" is up to date. No migration necessary.
2026-09-30T02:21:34.076+02:00  INFO 26908 --- [registration-backend] [           main] org.hibernate.orm.jpa                    : HHH008540: Processing PersistenceUnitInfo [name: default]
2026-09-30T02:21:34.096+02:00  INFO 26908 --- [registration-backend] [           main] o.s.o.j.p.SpringPersistenceUnitInfo      : No LoadTimeWeaver setup: ignoring JPA class transformer
2026-09-30T02:21:34.104+02:00  INFO 26908 --- [registration-backend] [           main] org.hibernate.orm.connections.pooling    : HHH10001005: Database info:
	Database JDBC URL [jdbc:postgresql://localhost:61575/registration?loggerLevel=OFF]
	Database driver: PostgreSQL JDBC Driver
	Database dialect: PostgreSQLDialect
	Database version: 16.15
	Default catalog/schema: registration/public
	Autocommit mode: undefined/unknown
	Isolation level: READ_COMMITTED [default READ_COMMITTED]
	JDBC fetch size: none
	Pool: DataSourceConnectionProvider
	Minimum pool size: undefined/unknown
	Maximum pool size: undefined/unknown
2026-09-30T02:21:34.144+02:00  INFO 26908 --- [registration-backend] [           main] org.hibernate.orm.core                   : HHH000489: No JTA platform available (set 'hibernate.transaction.jta.platform' to enable JTA platform integration)
2026-09-30T02:21:34.160+02:00  INFO 26908 --- [registration-backend] [           main] j.LocalContainerEntityManagerFactoryBean : Initialized JPA EntityManagerFactory for persistence unit 'default'
2026-09-30T02:21:34.275+02:00  INFO 26908 --- [registration-backend] [           main] r$InitializeUserDetailsManagerConfigurer : Global AuthenticationManager configured with UserDetailsService bean with name organizerAccount
2026-09-30T02:21:34.344+02:00  INFO 26908 --- [registration-backend] [           main] o.s.b.a.e.web.EndpointLinksResolver      : Exposing 1 endpoint beneath base path '/actuator'
2026-09-30T02:21:34.353+02:00  INFO 26908 --- [registration-backend] [           main] o.s.boot.tomcat.TomcatWebServer          : Tomcat started on port 58378 (http) with context path '/'
2026-09-30T02:21:34.355+02:00  INFO 26908 --- [registration-backend] [           main] o.a.maven.surefire.booter.ForkedBooter   : Started ForkedBooter in 0.644 seconds (process running for 71.634)
2026-09-30T02:21:34.360+02:00  INFO 26908 --- [registration-backend] [-auto-12-exec-1] o.a.c.c.C.[Tomcat-9].[localhost].[/]     : Initializing Spring DispatcherServlet 'dispatcherServlet'
2026-09-30T02:21:34.360+02:00  INFO 26908 --- [registration-backend] [-auto-12-exec-1] o.s.web.servlet.DispatcherServlet        : Initializing Servlet 'dispatcherServlet'
2026-09-30T02:21:34.360+02:00  INFO 26908 --- [registration-backend] [-auto-12-exec-1] o.s.web.servlet.DispatcherServlet        : Completed initialization in 0 ms
2026-09-30T02:21:34.365+02:00  INFO 26908 --- [registration-backend] [           main] o.s.boot.tomcat.GracefulShutdown         : Commencing graceful shutdown. Waiting for active requests to complete
2026-09-30T02:21:34.377+02:00  INFO 26908 --- [registration-backend] [tomcat-shutdown] o.s.boot.tomcat.GracefulShutdown         : Graceful shutdown complete
2026-09-30T02:21:34.378+02:00  INFO 26908 --- [registration-backend] [           main] j.LocalContainerEntityManagerFactoryBean : Closing JPA EntityManagerFactory for persistence unit 'default'
2026-09-30T02:21:34.379+02:00  INFO 26908 --- [registration-backend] [           main] com.zaxxer.hikari.HikariDataSource       : HikariPool-7 - Shutdown initiated...
2026-09-30T02:21:34.412+02:00  INFO 26908 --- [registration-backend] [           main] com.zaxxer.hikari.HikariDataSource       : HikariPool-7 - Shutdown completed.

  .   ____          _            __ _ _
 /\\ / ___'_ __ _ _(_)_ __  __ _ \ \ \ \
( ( )\___ | '_ | '_| | '_ \/ _` | \ \ \ \
 \\/  ___)| |_)| | | | | || (_| |  ) ) ) )
  '  |____| .__|_| |_|_| |_\__, | / / / /
 =========|_|==============|___/=/_/_/_/

 :: Spring Boot ::                (v4.1.1)

2026-09-30T02:21:34.434+02:00  INFO 26908 --- [registration-backend] [           main] o.a.maven.surefire.booter.ForkedBooter   : Starting ForkedBooter v3.5.6 using Java 21.0.10 with PID 26908 (started by sense in E:\13 - Lab Projects\04_Input_Files_Template\agentic_lab\02_output\backend)
2026-09-30T02:21:34.434+02:00  INFO 26908 --- [registration-backend] [           main] o.a.maven.surefire.booter.ForkedBooter   : No active profile set, falling back to 1 default profile: "default"
2026-09-30T02:21:34.532+02:00  INFO 26908 --- [registration-backend] [           main] .s.d.r.c.RepositoryConfigurationDelegate : Bootstrapping Spring Data JPA repositories in DEFAULT mode.
2026-09-30T02:21:34.548+02:00  INFO 26908 --- [registration-backend] [           main] .s.d.r.c.RepositoryConfigurationDelegate : Finished Spring Data repository scanning in 13 ms. Found 1 JPA repository interface.
2026-09-30T02:21:34.597+02:00  INFO 26908 --- [registration-backend] [           main] o.s.boot.tomcat.TomcatWebServer          : Tomcat initialized with port 0 (http)
2026-09-30T02:21:34.598+02:00  INFO 26908 --- [registration-backend] [           main] o.apache.catalina.core.StandardService   : Starting service [Tomcat]
2026-09-30T02:21:34.598+02:00  INFO 26908 --- [registration-backend] [           main] o.apache.catalina.core.StandardEngine    : Starting Servlet engine: [Apache Tomcat/11.0.26]
2026-09-30T02:21:34.640+02:00  INFO 26908 --- [registration-backend] [           main] b.w.c.s.WebApplicationContextInitializer : Root WebApplicationContext: initialization completed in 205 ms
2026-09-30T02:21:34.644+02:00 ERROR 26908 --- [registration-backend] [           main] t.s.DeferredServletContainerInitializers : Error starting Tomcat context. Exception: org.springframework.beans.factory.UnsatisfiedDependencyException. Message: Error creating bean with name 'rateLimitFilter' defined in class path resource [si/konferenca/registration/config/SecurityConfig.class]: Unsatisfied dependency expressed through method 'rateLimitFilter' parameter 1: Error creating bean with name 'applicationConfig' defined in file [E:\13 - Lab Projects\04_Input_Files_Template\agentic_lab\02_output\backend\target\classes\si\konferenca\registration\config\ApplicationConfig.class]: Failed to instantiate [si.konferenca.registration.config.ApplicationConfig$$SpringCGLIB$$0]: Constructor threw exception
2026-09-30T02:21:34.645+02:00  INFO 26908 --- [registration-backend] [           main] o.apache.catalina.core.StandardService   : Stopping service [Tomcat]
2026-09-30T02:21:34.649+02:00  WARN 26908 --- [registration-backend] [           main] ConfigServletWebServerApplicationContext : Exception encountered during context initialization - cancelling refresh attempt: org.springframework.context.ApplicationContextException: Unable to start web server
2026-09-30T02:21:34.650+02:00  INFO 26908 --- [registration-backend] [           main] .s.b.a.l.ConditionEvaluationReportLogger : 

Error starting ApplicationContext. To display the condition evaluation report re-run your application with 'debug' enabled.
2026-09-30T02:21:34.650+02:00 ERROR 26908 --- [registration-backend] [           main] o.s.boot.SpringApplication               : Application run failed

org.springframework.context.ApplicationContextException: Unable to start web server
	at org.springframework.boot.web.server.servlet.context.ServletWebServerApplicationContext.onRefresh(ServletWebServerApplicationContext.java:167) ~[spring-boot-web-server-4.1.1.jar:4.1.1]
	at org.springframework.context.support.AbstractApplicationContext.refresh(AbstractApplicationContext.java:615) ~[spring-context-7.0.9.jar:7.0.9]
	at org.springframework.boot.web.server.servlet.context.ServletWebServerApplicationContext.refresh(ServletWebServerApplicationContext.java:143) ~[spring-boot-web-server-4.1.1.jar:4.1.1]
	at org.springframework.boot.SpringApplication.refresh(SpringApplication.java:756) ~[spring-boot-4.1.1.jar:4.1.1]
	at org.springframework.boot.SpringApplication.refreshContext(SpringApplication.java:445) ~[spring-boot-4.1.1.jar:4.1.1]
	at org.springframework.boot.SpringApplication.run(SpringApplication.java:321) ~[spring-boot-4.1.1.jar:4.1.1]
	at org.springframework.boot.builder.SpringApplicationBuilder.run(SpringApplicationBuilder.java:154) ~[spring-boot-4.1.1.jar:4.1.1]
	at si.konferenca.registration.acceptance.StartupSafetyAcceptanceTest.start(StartupSafetyAcceptanceTest.java:32) ~[test-classes/:na]
	at si.konferenca.registration.acceptance.StartupSafetyAcceptanceTest.lambda$sr02ProductionRefusesTestMode$0(StartupSafetyAcceptanceTest.java:53) ~[test-classes/:na]
	at org.assertj.core.api.ThrowableAssert.catchThrowable(ThrowableAssert.java:66) ~[assertj-core-3.27.7.jar:na]
	at org.assertj.core.api.AssertionsForClassTypes.catchThrowable(AssertionsForClassTypes.java:908) ~[assertj-core-3.27.7.jar:na]
	at org.assertj.core.api.Assertions.catchThrowable(Assertions.java:1476) ~[assertj-core-3.27.7.jar:na]
	at org.assertj.core.api.Assertions.assertThatThrownBy(Assertions.java:1319) ~[assertj-core-3.27.7.jar:na]
	at si.konferenca.registration.acceptance.StartupSafetyAcceptanceTest.sr02ProductionRefusesTestMode(StartupSafetyAcceptanceTest.java:53) ~[test-classes/:na]
	at java.base/jdk.internal.reflect.DirectMethodHandleAccessor.invoke(DirectMethodHandleAccessor.java:103) ~[na:na]
	at java.base/java.lang.reflect.Method.invoke(Method.java:580) ~[na:na]
	at org.junit.platform.commons.util.ReflectionUtils.invokeMethod(ReflectionUtils.java:701) ~[junit-platform-commons-6.0.3.jar:6.0.3]
	at org.junit.platform.commons.support.ReflectionSupport.invokeMethod(ReflectionSupport.java:502) ~[junit-platform-commons-6.0.3.jar:6.0.3]
	at org.junit.jupiter.engine.support.MethodReflectionUtils.invoke(MethodReflectionUtils.java:45) ~[junit-jupiter-engine-6.0.3.jar:6.0.3]
	at org.junit.jupiter.engine.execution.MethodInvocation.proceed(MethodInvocation.java:61) ~[junit-jupiter-engine-6.0.3.jar:6.0.3]
	at org.junit.jupiter.engine.execution.InvocationInterceptorChain$ValidatingInvocation.proceed(InvocationInterceptorChain.java:124) ~[junit-jupiter-engine-6.0.3.jar:6.0.3]
	at org.junit.jupiter.engine.extension.TimeoutExtension.intercept(TimeoutExtension.java:163) ~[junit-jupiter-engine-6.0.3.jar:6.0.3]
	at org.junit.jupiter.engine.extension.TimeoutExtension.interceptTestableMethod(TimeoutExtension.java:148) ~[junit-jupiter-engine-6.0.3.jar:6.0.3]
	at org.junit.jupiter.engine.extension.TimeoutExtension.interceptTestMethod(TimeoutExtension.java:86) ~[junit-jupiter-engine-6.0.3.jar:6.0.3]
	at org.junit.jupiter.engine.execution.InterceptingExecutableInvoker$ReflectiveInterceptorCall.lambda$ofVoidMethod$0(InterceptingExecutableInvoker.java:123) ~[junit-jupiter-engine-6.0.3.jar:6.0.3]
	at org.junit.jupiter.engine.execution.InterceptingExecutableInvoker.lambda$invoke$0(InterceptingExecutableInvoker.java:105) ~[junit-jupiter-engine-6.0.3.jar:6.0.3]
	at org.junit.jupiter.engine.execution.InvocationInterceptorChain$InterceptedInvocation.proceed(InvocationInterceptorChain.java:99) ~[junit-jupiter-engine-6.0.3.jar:6.0.3]
	at org.junit.jupiter.engine.execution.InvocationInterceptorChain.proceed(InvocationInterceptorChain.java:66) ~[junit-jupiter-engine-6.0.3.jar:6.0.3]
	at org.junit.jupiter.engine.execution.InvocationInterceptorChain.chainAndInvoke(InvocationInterceptorChain.java:47) ~[junit-jupiter-engine-6.0.3.jar:6.0.3]
	at org.junit.jupiter.engine.execution.InvocationInterceptorChain.invoke(InvocationInterceptorChain.java:39) ~[junit-jupiter-engine-6.0.3.jar:6.0.3]
	at org.junit.jupiter.engine.execution.InterceptingExecutableInvoker.invoke(InterceptingExecutableInvoker.java:104) ~[junit-jupiter-engine-6.0.3.jar:6.0.3]
	at org.junit.jupiter.engine.execution.InterceptingExecutableInvoker.invoke(InterceptingExecutableInvoker.java:98) ~[junit-jupiter-engine-6.0.3.jar:6.0.3]
	at org.junit.jupiter.engine.execution.InterceptingExecutableInvoker.invokeVoid(InterceptingExecutableInvoker.java:71) ~[junit-jupiter-engine-6.0.3.jar:6.0.3]
	at org.junit.jupiter.engine.descriptor.TestMethodTestDescriptor.lambda$invokeTestMethod$0(TestMethodTestDescriptor.java:219) ~[junit-jupiter-engine-6.0.3.jar:6.0.3]
	at org.junit.platform.engine.support.hierarchical.ThrowableCollector.execute(ThrowableCollector.java:74) ~[junit-platform-engine-6.0.3.jar:6.0.3]
	at org.junit.jupiter.engine.descriptor.TestMethodTestDescriptor.invokeTestMethod(TestMethodTestDescriptor.java:215) ~[junit-jupiter-engine-6.0.3.jar:6.0.3]
	at org.junit.jupiter.engine.descriptor.TestMethodTestDescriptor.execute(TestMethodTestDescriptor.java:157) ~[junit-jupiter-engine-6.0.3.jar:6.0.3]
	at org.junit.jupiter.engine.descriptor.TestMethodTestDescriptor.execute(TestMethodTestDescriptor.java:70) ~[junit-jupiter-engine-6.0.3.jar:6.0.3]
	at org.junit.platform.engine.support.hierarchical.NodeTestTask.lambda$executeRecursively$2(NodeTestTask.java:176) ~[junit-platform-engine-6.0.3.jar:6.0.3]
	at org.junit.platform.engine.support.hierarchical.ThrowableCollector.execute(ThrowableCollector.java:74) ~[junit-platform-engine-6.0.3.jar:6.0.3]
	at org.junit.platform.engine.support.hierarchical.NodeTestTask.lambda$executeRecursively$1(NodeTestTask.java:166) ~[junit-platform-engine-6.0.3.jar:6.0.3]
	at org.junit.platform.engine.support.hierarchical.Node.around(Node.java:138) ~[junit-platform-engine-6.0.3.jar:6.0.3]
	at org.junit.platform.engine.support.hierarchical.NodeTestTask.lambda$executeRecursively$0(NodeTestTask.java:164) ~[junit-platform-engine-6.0.3.jar:6.0.3]
	at org.junit.platform.engine.support.hierarchical.ThrowableCollector.execute(ThrowableCollector.java:74) ~[junit-platform-engine-6.0.3.jar:6.0.3]
	at org.junit.platform.engine.support.hierarchical.NodeTestTask.executeRecursively(NodeTestTask.java:163) ~[junit-platform-engine-6.0.3.jar:6.0.3]
	at org.junit.platform.engine.support.hierarchical.NodeTestTask.execute(NodeTestTask.java:116) ~[junit-platform-engine-6.0.3.jar:6.0.3]
	at java.base/java.util.ArrayList.forEach(ArrayList.java:1596) ~[na:na]
	at org.junit.platform.engine.support.hierarchical.SameThreadHierarchicalTestExecutorService.invokeAll(SameThreadHierarchicalTestExecutorService.java:42) ~[junit-platform-engine-6.0.3.jar:6.0.3]
	at org.junit.platform.engine.support.hierarchical.NodeTestTask.lambda$executeRecursively$2(NodeTestTask.java:180) ~[junit-platform-engine-6.0.3.jar:6.0.3]
	at org.junit.platform.engine.support.hierarchical.ThrowableCollector.execute(ThrowableCollector.java:74) ~[junit-platform-engine-6.0.3.jar:6.0.3]
	at org.junit.platform.engine.support.hierarchical.NodeTestTask.lambda$executeRecursively$1(NodeTestTask.java:166) ~[junit-platform-engine-6.0.3.jar:6.0.3]
	at org.junit.platform.engine.support.hierarchical.Node.around(Node.java:138) ~[junit-platform-engine-6.0.3.jar:6.0.3]
	at org.junit.platform.engine.support.hierarchical.NodeTestTask.lambda$executeRecursively$0(NodeTestTask.java:164) ~[junit-platform-engine-6.0.3.jar:6.0.3]
	at org.junit.platform.engine.support.hierarchical.ThrowableCollector.execute(ThrowableCollector.java:74) ~[junit-platform-engine-6.0.3.jar:6.0.3]
	at org.junit.platform.engine.support.hierarchical.NodeTestTask.executeRecursively(NodeTestTask.java:163) ~[junit-platform-engine-6.0.3.jar:6.0.3]
	at org.junit.platform.engine.support.hierarchical.NodeTestTask.execute(NodeTestTask.java:116) ~[junit-platform-engine-6.0.3.jar:6.0.3]
	at java.base/java.util.ArrayList.forEach(ArrayList.java:1596) ~[na:na]
	at org.junit.platform.engine.support.hierarchical.SameThreadHierarchicalTestExecutorService.invokeAll(SameThreadHierarchicalTestExecutorService.java:42) ~[junit-platform-engine-6.0.3.jar:6.0.3]
	at org.junit.platform.engine.support.hierarchical.NodeTestTask.lambda$executeRecursively$2(NodeTestTask.java:180) ~[junit-platform-engine-6.0.3.jar:6.0.3]
	at org.junit.platform.engine.support.hierarchical.ThrowableCollector.execute(ThrowableCollector.java:74) ~[junit-platform-engine-6.0.3.jar:6.0.3]
	at org.junit.platform.engine.support.hierarchical.NodeTestTask.lambda$executeRecursively$1(NodeTestTask.java:166) ~[junit-platform-engine-6.0.3.jar:6.0.3]
	at org.junit.platform.engine.support.hierarchical.Node.around(Node.java:138) ~[junit-platform-engine-6.0.3.jar:6.0.3]
	at org.junit.platform.engine.support.hierarchical.NodeTestTask.lambda$executeRecursively$0(NodeTestTask.java:164) ~[junit-platform-engine-6.0.3.jar:6.0.3]
	at org.junit.platform.engine.support.hierarchical.ThrowableCollector.execute(ThrowableCollector.java:74) ~[junit-platform-engine-6.0.3.jar:6.0.3]
	at org.junit.platform.engine.support.hierarchical.NodeTestTask.executeRecursively(NodeTestTask.java:163) ~[junit-platform-engine-6.0.3.jar:6.0.3]
	at org.junit.platform.engine.support.hierarchical.NodeTestTask.execute(NodeTestTask.java:116) ~[junit-platform-engine-6.0.3.jar:6.0.3]
	at org.junit.platform.engine.support.hierarchical.SameThreadHierarchicalTestExecutorService.submit(SameThreadHierarchicalTestExecutorService.java:36) ~[junit-platform-engine-6.0.3.jar:6.0.3]
	at org.junit.platform.engine.support.hierarchical.HierarchicalTestExecutor.execute(HierarchicalTestExecutor.java:52) ~[junit-platform-engine-6.0.3.jar:6.0.3]
	at org.junit.platform.engine.support.hierarchical.HierarchicalTestEngine.execute(HierarchicalTestEngine.java:58) ~[junit-platform-engine-6.0.3.jar:6.0.3]
	at org.junit.platform.launcher.core.EngineExecutionOrchestrator.executeEngine(EngineExecutionOrchestrator.java:246) ~[junit-platform-launcher-6.0.3.jar:6.0.3]
	at org.junit.platform.launcher.core.EngineExecutionOrchestrator.failOrExecuteEngine(EngineExecutionOrchestrator.java:218) ~[junit-platform-launcher-6.0.3.jar:6.0.3]
	at org.junit.platform.launcher.core.EngineExecutionOrchestrator.execute(EngineExecutionOrchestrator.java:179) ~[junit-platform-launcher-6.0.3.jar:6.0.3]
	at org.junit.platform.launcher.core.EngineExecutionOrchestrator.execute(EngineExecutionOrchestrator.java:108) ~[junit-platform-launcher-6.0.3.jar:6.0.3]
	at org.junit.platform.launcher.core.EngineExecutionOrchestrator.lambda$execute$0(EngineExecutionOrchestrator.java:66) ~[junit-platform-launcher-6.0.3.jar:6.0.3]
	at org.junit.platform.launcher.core.EngineExecutionOrchestrator.withInterceptedStreams(EngineExecutionOrchestrator.java:157) ~[junit-platform-launcher-6.0.3.jar:6.0.3]
	at org.junit.platform.launcher.core.EngineExecutionOrchestrator.execute(EngineExecutionOrchestrator.java:65) ~[junit-platform-launcher-6.0.3.jar:6.0.3]
	at org.junit.platform.launcher.core.DefaultLauncher.execute(DefaultLauncher.java:125) ~[junit-platform-launcher-6.0.3.jar:6.0.3]
	at org.junit.platform.launcher.core.DefaultLauncher.execute(DefaultLauncher.java:114) ~[junit-platform-launcher-6.0.3.jar:6.0.3]
	at org.junit.platform.launcher.core.DelegatingLauncher.execute(DelegatingLauncher.java:58) ~[junit-platform-launcher-6.0.3.jar:6.0.3]
	at org.junit.platform.launcher.core.InterceptingLauncher.lambda$execute$2(InterceptingLauncher.java:57) ~[junit-platform-launcher-6.0.3.jar:6.0.3]
	at org.junit.platform.launcher.core.ClasspathAlignmentCheckingLauncherInterceptor.intercept(ClasspathAlignmentCheckingLauncherInterceptor.java:25) ~[junit-platform-launcher-6.0.3.jar:6.0.3]
	at org.junit.platform.launcher.core.InterceptingLauncher.execute(InterceptingLauncher.java:56) ~[junit-platform-launcher-6.0.3.jar:6.0.3]
	at org.junit.platform.launcher.core.DelegatingLauncher.execute(DelegatingLauncher.java:58) ~[junit-platform-launcher-6.0.3.jar:6.0.3]
	at java.base/jdk.internal.reflect.DirectMethodHandleAccessor.invoke(DirectMethodHandleAccessor.java:103) ~[na:na]
	at java.base/java.lang.reflect.Method.invoke(Method.java:580) ~[na:na]
	at org.apache.maven.surefire.api.util.ReflectionUtils.invokeMethodWithArray(ReflectionUtils.java:125) ~[surefire-api-3.5.6.jar:3.5.6]
	at org.apache.maven.surefire.junitplatform.LauncherAdapter.executeWithCancellationToken(LauncherAdapter.java:68) ~[surefire-junit-platform-3.5.6.jar:3.5.6]
	at org.apache.maven.surefire.junitplatform.LauncherAdapter.execute(LauncherAdapter.java:54) ~[surefire-junit-platform-3.5.6.jar:3.5.6]
	at org.apache.maven.surefire.junitplatform.JUnitPlatformProvider.execute(JUnitPlatformProvider.java:203) ~[surefire-junit-platform-3.5.6.jar:3.5.6]
	at org.apache.maven.surefire.junitplatform.JUnitPlatformProvider.invokeAllTests(JUnitPlatformProvider.java:168) ~[surefire-junit-platform-3.5.6.jar:3.5.6]
	at org.apache.maven.surefire.junitplatform.JUnitPlatformProvider.invoke(JUnitPlatformProvider.java:136) ~[surefire-junit-platform-3.5.6.jar:3.5.6]
	at org.apache.maven.surefire.booter.ForkedBooter.runSuitesInProcess(ForkedBooter.java:385) ~[surefire-booter-3.5.6.jar:3.5.6]
	at org.apache.maven.surefire.booter.ForkedBooter.execute(ForkedBooter.java:162) ~[surefire-booter-3.5.6.jar:3.5.6]
	at org.apache.maven.surefire.booter.ForkedBooter.run(ForkedBooter.java:507) ~[surefire-booter-3.5.6.jar:3.5.6]
	at org.apache.maven.surefire.booter.ForkedBooter.main(ForkedBooter.java:495) ~[surefire-booter-3.5.6.jar:3.5.6]
Caused by: org.springframework.boot.web.server.WebServerException: Unable to start embedded Tomcat
	at org.springframework.boot.tomcat.TomcatWebServer.initialize(TomcatWebServer.java:150) ~[spring-boot-tomcat-4.1.1.jar:4.1.1]
	at org.springframework.boot.tomcat.TomcatWebServer.<init>(TomcatWebServer.java:110) ~[spring-boot-tomcat-4.1.1.jar:4.1.1]
	at org.springframework.boot.tomcat.servlet.TomcatServletWebServerFactory.getTomcatWebServer(TomcatServletWebServerFactory.java:429) ~[spring-boot-tomcat-4.1.1.jar:4.1.1]
	at org.springframework.boot.tomcat.servlet.TomcatServletWebServerFactory.getWebServer(TomcatServletWebServerFactory.java:167) ~[spring-boot-tomcat-4.1.1.jar:4.1.1]
	at org.springframework.boot.web.server.servlet.context.ServletWebServerApplicationContext.createWebServer(ServletWebServerApplicationContext.java:190) ~[spring-boot-web-server-4.1.1.jar:4.1.1]
	at org.springframework.boot.web.server.servlet.context.ServletWebServerApplicationContext.onRefresh(ServletWebServerApplicationContext.java:164) ~[spring-boot-web-server-4.1.1.jar:4.1.1]
	... 94 common frames omitted
Caused by: org.springframework.beans.factory.UnsatisfiedDependencyException: Error creating bean with name 'rateLimitFilter' defined in class path resource [si/konferenca/registration/config/SecurityConfig.class]: Unsatisfied dependency expressed through method 'rateLimitFilter' parameter 1: Error creating bean with name 'applicationConfig' defined in file [E:\13 - Lab Projects\04_Input_Files_Template\agentic_lab\02_output\backend\target\classes\si\konferenca\registration\config\ApplicationConfig.class]: Failed to instantiate [si.konferenca.registration.config.ApplicationConfig$$SpringCGLIB$$0]: Constructor threw exception
	at org.springframework.beans.factory.support.ConstructorResolver.createArgumentArray(ConstructorResolver.java:804) ~[spring-beans-7.0.9.jar:7.0.9]
	at org.springframework.beans.factory.support.ConstructorResolver.instantiateUsingFactoryMethod(ConstructorResolver.java:546) ~[spring-beans-7.0.9.jar:7.0.9]
	at org.springframework.beans.factory.support.AbstractAutowireCapableBeanFactory.instantiateUsingFactoryMethod(AbstractAutowireCapableBeanFactory.java:1360) ~[spring-beans-7.0.9.jar:7.0.9]
	at org.springframework.beans.factory.support.AbstractAutowireCapableBeanFactory.createBeanInstance(AbstractAutowireCapableBeanFactory.java:1192) ~[spring-beans-7.0.9.jar:7.0.9]
	at org.springframework.beans.factory.support.AbstractAutowireCapableBeanFactory.doCreateBean(AbstractAutowireCapableBeanFactory.java:565) ~[spring-beans-7.0.9.jar:7.0.9]
	at org.springframework.beans.factory.support.AbstractAutowireCapableBeanFactory.createBean(AbstractAutowireCapableBeanFactory.java:525) ~[spring-beans-7.0.9.jar:7.0.9]
	at org.springframework.beans.factory.support.AbstractBeanFactory.lambda$doGetBean$0(AbstractBeanFactory.java:333) ~[spring-beans-7.0.9.jar:7.0.9]
	at org.springframework.beans.factory.support.DefaultSingletonBeanRegistry.getSingleton(DefaultSingletonBeanRegistry.java:371) ~[spring-beans-7.0.9.jar:7.0.9]
	at org.springframework.beans.factory.support.AbstractBeanFactory.doGetBean(AbstractBeanFactory.java:331) ~[spring-beans-7.0.9.jar:7.0.9]
	at org.springframework.beans.factory.support.AbstractBeanFactory.getBean(AbstractBeanFactory.java:201) ~[spring-beans-7.0.9.jar:7.0.9]
	at org.springframework.boot.web.servlet.ServletContextInitializerBeans.getOrderedBeansOfType(ServletContextInitializerBeans.java:231) ~[spring-boot-4.1.1.jar:4.1.1]
	at org.springframework.boot.web.servlet.ServletContextInitializerBeans.getOrderedBeansOfType(ServletContextInitializerBeans.java:222) ~[spring-boot-4.1.1.jar:4.1.1]
	at org.springframework.boot.web.servlet.ServletContextInitializerBeans.addServletContextInitializerBeans(ServletContextInitializerBeans.java:107) ~[spring-boot-4.1.1.jar:4.1.1]
	at org.springframework.boot.web.servlet.ServletContextInitializerBeans.<init>(ServletContextInitializerBeans.java:96) ~[spring-boot-4.1.1.jar:4.1.1]
	at org.springframework.boot.web.context.servlet.WebApplicationContextInitializer.initialize(WebApplicationContextInitializer.java:53) ~[spring-boot-4.1.1.jar:4.1.1]
	at org.springframework.boot.tomcat.servlet.DeferredServletContainerInitializers.onStartup(DeferredServletContainerInitializers.java:55) ~[spring-boot-tomcat-4.1.1.jar:4.1.1]
	at org.apache.catalina.core.StandardContext.startInternal(StandardContext.java:4606) ~[tomcat-embed-core-11.0.26.jar:11.0.26]
	at org.apache.catalina.util.LifecycleBase.start(LifecycleBase.java:170) ~[tomcat-embed-core-11.0.26.jar:11.0.26]
	at org.apache.catalina.core.ContainerBase$StartChild.call(ContainerBase.java:1204) ~[tomcat-embed-core-11.0.26.jar:11.0.26]
	at org.apache.catalina.core.ContainerBase$StartChild.call(ContainerBase.java:1200) ~[tomcat-embed-core-11.0.26.jar:11.0.26]
	at java.base/java.util.concurrent.FutureTask.run(FutureTask.java:317) ~[na:na]
	at org.apache.tomcat.util.threads.InlineExecutorService.execute(InlineExecutorService.java:92) ~[tomcat-embed-core-11.0.26.jar:11.0.26]
	at java.base/java.util.concurrent.AbstractExecutorService.submit(AbstractExecutorService.java:145) ~[na:na]
	at org.apache.catalina.core.ContainerBase.startInternal(ContainerBase.java:732) ~[tomcat-embed-core-11.0.26.jar:11.0.26]
	at org.apache.catalina.core.StandardHost.startInternal(StandardHost.java:794) ~[tomcat-embed-core-11.0.26.jar:11.0.26]
	at org.apache.catalina.util.LifecycleBase.start(LifecycleBase.java:170) ~[tomcat-embed-core-11.0.26.jar:11.0.26]
	at org.apache.catalina.core.ContainerBase$StartChild.call(ContainerBase.java:1204) ~[tomcat-embed-core-11.0.26.jar:11.0.26]
	at org.apache.catalina.core.ContainerBase$StartChild.call(ContainerBase.java:1200) ~[tomcat-embed-core-11.0.26.jar:11.0.26]
	at java.base/java.util.concurrent.FutureTask.run(FutureTask.java:317) ~[na:na]
	at org.apache.tomcat.util.threads.InlineExecutorService.execute(InlineExecutorService.java:92) ~[tomcat-embed-core-11.0.26.jar:11.0.26]
	at java.base/java.util.concurrent.AbstractExecutorService.submit(AbstractExecutorService.java:145) ~[na:na]
	at org.apache.catalina.core.ContainerBase.startInternal(ContainerBase.java:732) ~[tomcat-embed-core-11.0.26.jar:11.0.26]
	at org.apache.catalina.core.StandardEngine.startInternal(StandardEngine.java:201) ~[tomcat-embed-core-11.0.26.jar:11.0.26]
	at org.apache.catalina.util.LifecycleBase.start(LifecycleBase.java:170) ~[tomcat-embed-core-11.0.26.jar:11.0.26]
	at org.apache.catalina.core.StandardService.startInternal(StandardService.java:433) ~[tomcat-embed-core-11.0.26.jar:11.0.26]
	at org.apache.catalina.util.LifecycleBase.start(LifecycleBase.java:170) ~[tomcat-embed-core-11.0.26.jar:11.0.26]
	at org.apache.catalina.core.StandardServer.startInternal(StandardServer.java:871) ~[tomcat-embed-core-11.0.26.jar:11.0.26]
	at org.apache.catalina.util.LifecycleBase.start(LifecycleBase.java:170) ~[tomcat-embed-core-11.0.26.jar:11.0.26]
	at org.apache.catalina.startup.Tomcat.start(Tomcat.java:452) ~[tomcat-embed-core-11.0.26.jar:11.0.26]
	at org.springframework.boot.tomcat.TomcatWebServer.initialize(TomcatWebServer.java:131) ~[spring-boot-tomcat-4.1.1.jar:4.1.1]
	... 99 common frames omitted
Caused by: org.springframework.beans.factory.BeanCreationException: Error creating bean with name 'applicationConfig' defined in file [E:\13 - Lab Projects\04_Input_Files_Template\agentic_lab\02_output\backend\target\classes\si\konferenca\registration\config\ApplicationConfig.class]: Failed to instantiate [si.konferenca.registration.config.ApplicationConfig$$SpringCGLIB$$0]: Constructor threw exception
	at org.springframework.beans.factory.support.ConstructorResolver.instantiate(ConstructorResolver.java:321) ~[spring-beans-7.0.9.jar:7.0.9]
	at org.springframework.beans.factory.support.ConstructorResolver.autowireConstructor(ConstructorResolver.java:309) ~[spring-beans-7.0.9.jar:7.0.9]
	at org.springframework.beans.factory.support.AbstractAutowireCapableBeanFactory.autowireConstructor(AbstractAutowireCapableBeanFactory.java:1380) ~[spring-beans-7.0.9.jar:7.0.9]
	at org.springframework.beans.factory.support.AbstractAutowireCapableBeanFactory.createBeanInstance(AbstractAutowireCapableBeanFactory.java:1219) ~[spring-beans-7.0.9.jar:7.0.9]
	at org.springframework.beans.factory.support.AbstractAutowireCapableBeanFactory.doCreateBean(AbstractAutowireCapableBeanFactory.java:565) ~[spring-beans-7.0.9.jar:7.0.9]
	at org.springframework.beans.factory.support.AbstractAutowireCapableBeanFactory.createBean(AbstractAutowireCapableBeanFactory.java:525) ~[spring-beans-7.0.9.jar:7.0.9]
	at org.springframework.beans.factory.support.AbstractBeanFactory.lambda$doGetBean$0(AbstractBeanFactory.java:333) ~[spring-beans-7.0.9.jar:7.0.9]
	at org.springframework.beans.factory.support.DefaultSingletonBeanRegistry.getSingleton(DefaultSingletonBeanRegistry.java:371) ~[spring-beans-7.0.9.jar:7.0.9]
	at org.springframework.beans.factory.support.AbstractBeanFactory.doGetBean(AbstractBeanFactory.java:331) ~[spring-beans-7.0.9.jar:7.0.9]
	at org.springframework.beans.factory.support.AbstractBeanFactory.getBean(AbstractBeanFactory.java:196) ~[spring-beans-7.0.9.jar:7.0.9]
	at org.springframework.beans.factory.support.ConstructorResolver.instantiateUsingFactoryMethod(ConstructorResolver.java:413) ~[spring-beans-7.0.9.jar:7.0.9]
	at org.springframework.beans.factory.support.AbstractAutowireCapableBeanFactory.instantiateUsingFactoryMethod(AbstractAutowireCapableBeanFactory.java:1360) ~[spring-beans-7.0.9.jar:7.0.9]
	at org.springframework.beans.factory.support.AbstractAutowireCapableBeanFactory.createBeanInstance(AbstractAutowireCapableBeanFactory.java:1192) ~[spring-beans-7.0.9.jar:7.0.9]
	at org.springframework.beans.factory.support.AbstractAutowireCapableBeanFactory.doCreateBean(AbstractAutowireCapableBeanFactory.java:565) ~[spring-beans-7.0.9.jar:7.0.9]
	at org.springframework.beans.factory.support.AbstractAutowireCapableBeanFactory.createBean(AbstractAutowireCapableBeanFactory.java:525) ~[spring-beans-7.0.9.jar:7.0.9]
	at org.springframework.beans.factory.support.AbstractBeanFactory.lambda$doGetBean$0(AbstractBeanFactory.java:333) ~[spring-beans-7.0.9.jar:7.0.9]
	at org.springframework.beans.factory.support.DefaultSingletonBeanRegistry.getSingleton(DefaultSingletonBeanRegistry.java:371) ~[spring-beans-7.0.9.jar:7.0.9]
	at org.springframework.beans.factory.support.AbstractBeanFactory.doGetBean(AbstractBeanFactory.java:331) ~[spring-beans-7.0.9.jar:7.0.9]
	at org.springframework.beans.factory.support.AbstractBeanFactory.getBean(AbstractBeanFactory.java:201) ~[spring-beans-7.0.9.jar:7.0.9]
	at org.springframework.beans.factory.support.DefaultListableBeanFactory.resolveBean(DefaultListableBeanFactory.java:1232) ~[spring-beans-7.0.9.jar:7.0.9]
	at org.springframework.beans.factory.support.DefaultListableBeanFactory.doResolveDependency(DefaultListableBeanFactory.java:1711) ~[spring-beans-7.0.9.jar:7.0.9]
	at org.springframework.beans.factory.support.DefaultListableBeanFactory.resolveDependency(DefaultListableBeanFactory.java:1658) ~[spring-beans-7.0.9.jar:7.0.9]
	at org.springframework.beans.factory.support.ConstructorResolver.resolveAutowiredArgument(ConstructorResolver.java:912) ~[spring-beans-7.0.9.jar:7.0.9]
	at org.springframework.beans.factory.support.ConstructorResolver.createArgumentArray(ConstructorResolver.java:791) ~[spring-beans-7.0.9.jar:7.0.9]
	... 138 common frames omitted
Caused by: org.springframework.beans.BeanInstantiationException: Failed to instantiate [si.konferenca.registration.config.ApplicationConfig$$SpringCGLIB$$0]: Constructor threw exception
	at org.springframework.beans.BeanUtils.instantiateClass(BeanUtils.java:220) ~[spring-beans-7.0.9.jar:7.0.9]
	at org.springframework.beans.factory.support.SimpleInstantiationStrategy.instantiate(SimpleInstantiationStrategy.java:129) ~[spring-beans-7.0.9.jar:7.0.9]
	at org.springframework.beans.factory.support.ConstructorResolver.instantiate(ConstructorResolver.java:318) ~[spring-beans-7.0.9.jar:7.0.9]
	... 161 common frames omitted
Caused by: java.lang.IllegalStateException: Unsafe or incomplete configuration: RECAPTCHA_TEST_MODE must be false when APP_ENVIRONMENT is production
	at si.konferenca.registration.config.StartupChecks.verify(StartupChecks.java:56) ~[classes/:na]
	at si.konferenca.registration.config.ApplicationConfig.<init>(ApplicationConfig.java:39) ~[classes/:na]
	at si.konferenca.registration.config.ApplicationConfig$$SpringCGLIB$$0.<init>(<generated>) ~[classes/:na]
	at java.base/jdk.internal.reflect.DirectConstructorHandleAccessor.newInstance(DirectConstructorHandleAccessor.java:62) ~[na:na]
	at java.base/java.lang.reflect.Constructor.newInstanceWithCaller(Constructor.java:502) ~[na:na]
	at java.base/java.lang.reflect.Constructor.newInstance(Constructor.java:486) ~[na:na]
	at org.springframework.beans.BeanUtils.instantiateClass(BeanUtils.java:207) ~[spring-beans-7.0.9.jar:7.0.9]
	... 163 common frames omitted

[INFO] Tests run: 6, Failures: 0, Errors: 0, Skipped: 0, Time elapsed: 2.389 s -- in si.konferenca.registration.acceptance.StartupSafetyAcceptanceTest
[INFO] Running si.konferenca.registration.application.MailComposerTest
[INFO] Tests run: 3, Failures: 0, Errors: 0, Skipped: 0, Time elapsed: 0.005 s -- in si.konferenca.registration.application.MailComposerTest
[INFO] Running si.konferenca.registration.application.NotificationServiceTest
2026-09-30T02:21:34.661+02:00  WARN 26908 --- [registration-backend] [           main] s.k.r.application.NotificationService    : Email for registration 158d15cc-ffd8-4ba5-bf58-527aa61fa368 was not accepted by the mail server
2026-09-30T02:21:34.661+02:00  WARN 26908 --- [registration-backend] [           main] s.k.r.application.NotificationService    : Email for registration 158d15cc-ffd8-4ba5-bf58-527aa61fa368 was not accepted by the mail server
2026-09-30T02:21:34.663+02:00  WARN 26908 --- [registration-backend] [           main] s.k.r.application.NotificationService    : Notification for registration a3a88f47-81bb-499d-9c58-98fdf5803309 could not be processed

java.lang.IllegalStateException: db down
	at si.konferenca.registration.application.NotificationServiceTest$1.findByReference(NotificationServiceTest.java:199) ~[test-classes/:na]
	at si.konferenca.registration.application.NotificationService.notifyAccepted(NotificationService.java:46) ~[classes/:na]
	at si.konferenca.registration.application.NotificationServiceTest.unknownReferenceAndStoreErrorsNeverThrow(NotificationServiceTest.java:206) ~[test-classes/:na]
	at java.base/jdk.internal.reflect.DirectMethodHandleAccessor.invoke(DirectMethodHandleAccessor.java:103) ~[na:na]
	at java.base/java.lang.reflect.Method.invoke(Method.java:580) ~[na:na]
	at org.junit.platform.commons.util.ReflectionUtils.invokeMethod(ReflectionUtils.java:701) ~[junit-platform-commons-6.0.3.jar:6.0.3]
	at org.junit.platform.commons.support.ReflectionSupport.invokeMethod(ReflectionSupport.java:502) ~[junit-platform-commons-6.0.3.jar:6.0.3]
	at org.junit.jupiter.engine.support.MethodReflectionUtils.invoke(MethodReflectionUtils.java:45) ~[junit-jupiter-engine-6.0.3.jar:6.0.3]
	at org.junit.jupiter.engine.execution.MethodInvocation.proceed(MethodInvocation.java:61) ~[junit-jupiter-engine-6.0.3.jar:6.0.3]
	at org.junit.jupiter.engine.execution.InvocationInterceptorChain$ValidatingInvocation.proceed(InvocationInterceptorChain.java:124) ~[junit-jupiter-engine-6.0.3.jar:6.0.3]
	at org.junit.jupiter.engine.extension.TimeoutExtension.intercept(TimeoutExtension.java:163) ~[junit-jupiter-engine-6.0.3.jar:6.0.3]
	at org.junit.jupiter.engine.extension.TimeoutExtension.interceptTestableMethod(TimeoutExtension.java:148) ~[junit-jupiter-engine-6.0.3.jar:6.0.3]
	at org.junit.jupiter.engine.extension.TimeoutExtension.interceptTestMethod(TimeoutExtension.java:86) ~[junit-jupiter-engine-6.0.3.jar:6.0.3]
	at org.junit.jupiter.engine.execution.InterceptingExecutableInvoker$ReflectiveInterceptorCall.lambda$ofVoidMethod$0(InterceptingExecutableInvoker.java:123) ~[junit-jupiter-engine-6.0.3.jar:6.0.3]
	at org.junit.jupiter.engine.execution.InterceptingExecutableInvoker.lambda$invoke$0(InterceptingExecutableInvoker.java:105) ~[junit-jupiter-engine-6.0.3.jar:6.0.3]
	at org.junit.jupiter.engine.execution.InvocationInterceptorChain$InterceptedInvocation.proceed(InvocationInterceptorChain.java:99) ~[junit-jupiter-engine-6.0.3.jar:6.0.3]
	at org.junit.jupiter.engine.execution.InvocationInterceptorChain.proceed(InvocationInterceptorChain.java:66) ~[junit-jupiter-engine-6.0.3.jar:6.0.3]
	at org.junit.jupiter.engine.execution.InvocationInterceptorChain.chainAndInvoke(InvocationInterceptorChain.java:47) ~[junit-jupiter-engine-6.0.3.jar:6.0.3]
	at org.junit.jupiter.engine.execution.InvocationInterceptorChain.invoke(InvocationInterceptorChain.java:39) ~[junit-jupiter-engine-6.0.3.jar:6.0.3]
	at org.junit.jupiter.engine.execution.InterceptingExecutableInvoker.invoke(InterceptingExecutableInvoker.java:104) ~[junit-jupiter-engine-6.0.3.jar:6.0.3]
	at org.junit.jupiter.engine.execution.InterceptingExecutableInvoker.invoke(InterceptingExecutableInvoker.java:98) ~[junit-jupiter-engine-6.0.3.jar:6.0.3]
	at org.junit.jupiter.engine.execution.InterceptingExecutableInvoker.invokeVoid(InterceptingExecutableInvoker.java:71) ~[junit-jupiter-engine-6.0.3.jar:6.0.3]
	at org.junit.jupiter.engine.descriptor.TestMethodTestDescriptor.lambda$invokeTestMethod$0(TestMethodTestDescriptor.java:219) ~[junit-jupiter-engine-6.0.3.jar:6.0.3]
	at org.junit.platform.engine.support.hierarchical.ThrowableCollector.execute(ThrowableCollector.java:74) ~[junit-platform-engine-6.0.3.jar:6.0.3]
	at org.junit.jupiter.engine.descriptor.TestMethodTestDescriptor.invokeTestMethod(TestMethodTestDescriptor.java:215) ~[junit-jupiter-engine-6.0.3.jar:6.0.3]
	at org.junit.jupiter.engine.descriptor.TestMethodTestDescriptor.execute(TestMethodTestDescriptor.java:157) ~[junit-jupiter-engine-6.0.3.jar:6.0.3]
	at org.junit.jupiter.engine.descriptor.TestMethodTestDescriptor.execute(TestMethodTestDescriptor.java:70) ~[junit-jupiter-engine-6.0.3.jar:6.0.3]
	at org.junit.platform.engine.support.hierarchical.NodeTestTask.lambda$executeRecursively$2(NodeTestTask.java:176) ~[junit-platform-engine-6.0.3.jar:6.0.3]
	at org.junit.platform.engine.support.hierarchical.ThrowableCollector.execute(ThrowableCollector.java:74) ~[junit-platform-engine-6.0.3.jar:6.0.3]
	at org.junit.platform.engine.support.hierarchical.NodeTestTask.lambda$executeRecursively$1(NodeTestTask.java:166) ~[junit-platform-engine-6.0.3.jar:6.0.3]
	at org.junit.platform.engine.support.hierarchical.Node.around(Node.java:138) ~[junit-platform-engine-6.0.3.jar:6.0.3]
	at org.junit.platform.engine.support.hierarchical.NodeTestTask.lambda$executeRecursively$0(NodeTestTask.java:164) ~[junit-platform-engine-6.0.3.jar:6.0.3]
	at org.junit.platform.engine.support.hierarchical.ThrowableCollector.execute(ThrowableCollector.java:74) ~[junit-platform-engine-6.0.3.jar:6.0.3]
	at org.junit.platform.engine.support.hierarchical.NodeTestTask.executeRecursively(NodeTestTask.java:163) ~[junit-platform-engine-6.0.3.jar:6.0.3]
	at org.junit.platform.engine.support.hierarchical.NodeTestTask.execute(NodeTestTask.java:116) ~[junit-platform-engine-6.0.3.jar:6.0.3]
	at java.base/java.util.ArrayList.forEach(ArrayList.java:1596) ~[na:na]
	at org.junit.platform.engine.support.hierarchical.SameThreadHierarchicalTestExecutorService.invokeAll(SameThreadHierarchicalTestExecutorService.java:42) ~[junit-platform-engine-6.0.3.jar:6.0.3]
	at org.junit.platform.engine.support.hierarchical.NodeTestTask.lambda$executeRecursively$2(NodeTestTask.java:180) ~[junit-platform-engine-6.0.3.jar:6.0.3]
	at org.junit.platform.engine.support.hierarchical.ThrowableCollector.execute(ThrowableCollector.java:74) ~[junit-platform-engine-6.0.3.jar:6.0.3]
	at org.junit.platform.engine.support.hierarchical.NodeTestTask.lambda$executeRecursively$1(NodeTestTask.java:166) ~[junit-platform-engine-6.0.3.jar:6.0.3]
	at org.junit.platform.engine.support.hierarchical.Node.around(Node.java:138) ~[junit-platform-engine-6.0.3.jar:6.0.3]
	at org.junit.platform.engine.support.hierarchical.NodeTestTask.lambda$executeRecursively$0(NodeTestTask.java:164) ~[junit-platform-engine-6.0.3.jar:6.0.3]
	at org.junit.platform.engine.support.hierarchical.ThrowableCollector.execute(ThrowableCollector.java:74) ~[junit-platform-engine-6.0.3.jar:6.0.3]
	at org.junit.platform.engine.support.hierarchical.NodeTestTask.executeRecursively(NodeTestTask.java:163) ~[junit-platform-engine-6.0.3.jar:6.0.3]
	at org.junit.platform.engine.support.hierarchical.NodeTestTask.execute(NodeTestTask.java:116) ~[junit-platform-engine-6.0.3.jar:6.0.3]
	at java.base/java.util.ArrayList.forEach(ArrayList.java:1596) ~[na:na]
	at org.junit.platform.engine.support.hierarchical.SameThreadHierarchicalTestExecutorService.invokeAll(SameThreadHierarchicalTestExecutorService.java:42) ~[junit-platform-engine-6.0.3.jar:6.0.3]
	at org.junit.platform.engine.support.hierarchical.NodeTestTask.lambda$executeRecursively$2(NodeTestTask.java:180) ~[junit-platform-engine-6.0.3.jar:6.0.3]
	at org.junit.platform.engine.support.hierarchical.ThrowableCollector.execute(ThrowableCollector.java:74) ~[junit-platform-engine-6.0.3.jar:6.0.3]
	at org.junit.platform.engine.support.hierarchical.NodeTestTask.lambda$executeRecursively$1(NodeTestTask.java:166) ~[junit-platform-engine-6.0.3.jar:6.0.3]
	at org.junit.platform.engine.support.hierarchical.Node.around(Node.java:138) ~[junit-platform-engine-6.0.3.jar:6.0.3]
	at org.junit.platform.engine.support.hierarchical.NodeTestTask.lambda$executeRecursively$0(NodeTestTask.java:164) ~[junit-platform-engine-6.0.3.jar:6.0.3]
	at org.junit.platform.engine.support.hierarchical.ThrowableCollector.execute(ThrowableCollector.java:74) ~[junit-platform-engine-6.0.3.jar:6.0.3]
	at org.junit.platform.engine.support.hierarchical.NodeTestTask.executeRecursively(NodeTestTask.java:163) ~[junit-platform-engine-6.0.3.jar:6.0.3]
	at org.junit.platform.engine.support.hierarchical.NodeTestTask.execute(NodeTestTask.java:116) ~[junit-platform-engine-6.0.3.jar:6.0.3]
	at org.junit.platform.engine.support.hierarchical.SameThreadHierarchicalTestExecutorService.submit(SameThreadHierarchicalTestExecutorService.java:36) ~[junit-platform-engine-6.0.3.jar:6.0.3]
	at org.junit.platform.engine.support.hierarchical.HierarchicalTestExecutor.execute(HierarchicalTestExecutor.java:52) ~[junit-platform-engine-6.0.3.jar:6.0.3]
	at org.junit.platform.engine.support.hierarchical.HierarchicalTestEngine.execute(HierarchicalTestEngine.java:58) ~[junit-platform-engine-6.0.3.jar:6.0.3]
	at org.junit.platform.launcher.core.EngineExecutionOrchestrator.executeEngine(EngineExecutionOrchestrator.java:246) ~[junit-platform-launcher-6.0.3.jar:6.0.3]
	at org.junit.platform.launcher.core.EngineExecutionOrchestrator.failOrExecuteEngine(EngineExecutionOrchestrator.java:218) ~[junit-platform-launcher-6.0.3.jar:6.0.3]
	at org.junit.platform.launcher.core.EngineExecutionOrchestrator.execute(EngineExecutionOrchestrator.java:179) ~[junit-platform-launcher-6.0.3.jar:6.0.3]
	at org.junit.platform.launcher.core.EngineExecutionOrchestrator.execute(EngineExecutionOrchestrator.java:108) ~[junit-platform-launcher-6.0.3.jar:6.0.3]
	at org.junit.platform.launcher.core.EngineExecutionOrchestrator.lambda$execute$0(EngineExecutionOrchestrator.java:66) ~[junit-platform-launcher-6.0.3.jar:6.0.3]
	at org.junit.platform.launcher.core.EngineExecutionOrchestrator.withInterceptedStreams(EngineExecutionOrchestrator.java:157) ~[junit-platform-launcher-6.0.3.jar:6.0.3]
	at org.junit.platform.launcher.core.EngineExecutionOrchestrator.execute(EngineExecutionOrchestrator.java:65) ~[junit-platform-launcher-6.0.3.jar:6.0.3]
	at org.junit.platform.launcher.core.DefaultLauncher.execute(DefaultLauncher.java:125) ~[junit-platform-launcher-6.0.3.jar:6.0.3]
	at org.junit.platform.launcher.core.DefaultLauncher.execute(DefaultLauncher.java:114) ~[junit-platform-launcher-6.0.3.jar:6.0.3]
	at org.junit.platform.launcher.core.DelegatingLauncher.execute(DelegatingLauncher.java:58) ~[junit-platform-launcher-6.0.3.jar:6.0.3]
	at org.junit.platform.launcher.core.InterceptingLauncher.lambda$execute$2(InterceptingLauncher.java:57) ~[junit-platform-launcher-6.0.3.jar:6.0.3]
	at org.junit.platform.launcher.core.ClasspathAlignmentCheckingLauncherInterceptor.intercept(ClasspathAlignmentCheckingLauncherInterceptor.java:25) ~[junit-platform-launcher-6.0.3.jar:6.0.3]
	at org.junit.platform.launcher.core.InterceptingLauncher.execute(InterceptingLauncher.java:56) ~[junit-platform-launcher-6.0.3.jar:6.0.3]
	at org.junit.platform.launcher.core.DelegatingLauncher.execute(DelegatingLauncher.java:58) ~[junit-platform-launcher-6.0.3.jar:6.0.3]
	at java.base/jdk.internal.reflect.DirectMethodHandleAccessor.invoke(DirectMethodHandleAccessor.java:103) ~[na:na]
	at java.base/java.lang.reflect.Method.invoke(Method.java:580) ~[na:na]
	at org.apache.maven.surefire.api.util.ReflectionUtils.invokeMethodWithArray(ReflectionUtils.java:125) ~[surefire-api-3.5.6.jar:3.5.6]
	at org.apache.maven.surefire.junitplatform.LauncherAdapter.executeWithCancellationToken(LauncherAdapter.java:68) ~[surefire-junit-platform-3.5.6.jar:3.5.6]
	at org.apache.maven.surefire.junitplatform.LauncherAdapter.execute(LauncherAdapter.java:54) ~[surefire-junit-platform-3.5.6.jar:3.5.6]
	at org.apache.maven.surefire.junitplatform.JUnitPlatformProvider.execute(JUnitPlatformProvider.java:203) ~[surefire-junit-platform-3.5.6.jar:3.5.6]
	at org.apache.maven.surefire.junitplatform.JUnitPlatformProvider.invokeAllTests(JUnitPlatformProvider.java:168) ~[surefire-junit-platform-3.5.6.jar:3.5.6]
	at org.apache.maven.surefire.junitplatform.JUnitPlatformProvider.invoke(JUnitPlatformProvider.java:136) ~[surefire-junit-platform-3.5.6.jar:3.5.6]
	at org.apache.maven.surefire.booter.ForkedBooter.runSuitesInProcess(ForkedBooter.java:385) ~[surefire-booter-3.5.6.jar:3.5.6]
	at org.apache.maven.surefire.booter.ForkedBooter.execute(ForkedBooter.java:162) ~[surefire-booter-3.5.6.jar:3.5.6]
	at org.apache.maven.surefire.booter.ForkedBooter.run(ForkedBooter.java:507) ~[surefire-booter-3.5.6.jar:3.5.6]
	at org.apache.maven.surefire.booter.ForkedBooter.main(ForkedBooter.java:495) ~[surefire-booter-3.5.6.jar:3.5.6]

2026-09-30T02:21:34.664+02:00  WARN 26908 --- [registration-backend] [           main] s.k.r.application.NotificationService    : Email for registration 90b8cf19-b223-48fe-a923-1945d36bfe1d was not accepted by the mail server
2026-09-30T02:21:34.664+02:00  WARN 26908 --- [registration-backend] [           main] s.k.r.application.NotificationService    : Email for registration 90b8cf19-b223-48fe-a923-1945d36bfe1d was not accepted by the mail server
2026-09-30T02:21:34.665+02:00  WARN 26908 --- [registration-backend] [           main] s.k.r.application.NotificationService    : Email for registration 90b8cf19-b223-48fe-a923-1945d36bfe1d was not accepted by the mail server
2026-09-30T02:21:34.665+02:00  WARN 26908 --- [registration-backend] [           main] s.k.r.application.NotificationService    : Email for registration 90b8cf19-b223-48fe-a923-1945d36bfe1d was not accepted by the mail server
2026-09-30T02:21:34.665+02:00  WARN 26908 --- [registration-backend] [           main] s.k.r.application.NotificationService    : Email for registration 90b8cf19-b223-48fe-a923-1945d36bfe1d was not accepted by the mail server
2026-09-30T02:21:34.665+02:00  WARN 26908 --- [registration-backend] [           main] s.k.r.application.NotificationService    : Email for registration 90b8cf19-b223-48fe-a923-1945d36bfe1d was not accepted by the mail server
2026-09-30T02:21:34.665+02:00 ERROR 26908 --- [registration-backend] [           main] s.k.r.application.NotificationService    : Giving up on email for registration 90b8cf19-b223-48fe-a923-1945d36bfe1d after 3 attempts
2026-09-30T02:21:34.666+02:00  WARN 26908 --- [registration-backend] [           main] s.k.r.application.NotificationService    : JSON copy of registration f99c5c2b-827b-4c26-a6df-263e0a8ae7f0 could not be read for the organizer email
[INFO] Tests run: 5, Failures: 0, Errors: 0, Skipped: 0, Time elapsed: 0.010 s -- in si.konferenca.registration.application.NotificationServiceTest
[INFO] Running si.konferenca.registration.application.RegistrationServiceTest
[INFO] Tests run: 5, Failures: 0, Errors: 0, Skipped: 0, Time elapsed: 0.007 s -- in si.konferenca.registration.application.RegistrationServiceTest
[INFO] Running si.konferenca.registration.config.EnvironmentAliasesTest
[INFO] Tests run: 3, Failures: 0, Errors: 0, Skipped: 0, Time elapsed: 0.006 s -- in si.konferenca.registration.config.EnvironmentAliasesTest
[INFO] Running si.konferenca.registration.config.FiltersTest
[INFO] Tests run: 5, Failures: 0, Errors: 0, Skipped: 0, Time elapsed: 0.091 s -- in si.konferenca.registration.config.FiltersTest
[INFO] Running si.konferenca.registration.config.StartupChecksTest
[INFO] Tests run: 8, Failures: 0, Errors: 0, Skipped: 0, Time elapsed: 0.009 s -- in si.konferenca.registration.config.StartupChecksTest
[INFO] Running si.konferenca.registration.domain.RegistrationTest
[INFO] Tests run: 4, Failures: 0, Errors: 0, Skipped: 0, Time elapsed: 0.008 s -- in si.konferenca.registration.domain.RegistrationTest
[INFO] Running si.konferenca.registration.domain.RegistrationValidatorTest
[INFO] Tests run: 22, Failures: 0, Errors: 0, Skipped: 0, Time elapsed: 0.028 s -- in si.konferenca.registration.domain.RegistrationValidatorTest
[INFO] Running si.konferenca.registration.infrastructure.FileJsonCopyStoreTest
[INFO] Tests run: 3, Failures: 0, Errors: 0, Skipped: 0, Time elapsed: 0.044 s -- in si.konferenca.registration.infrastructure.FileJsonCopyStoreTest
[INFO] Running si.konferenca.registration.infrastructure.OptionsFileLoaderTest
[INFO] Tests run: 25, Failures: 0, Errors: 0, Skipped: 0, Time elapsed: 0.145 s -- in si.konferenca.registration.infrastructure.OptionsFileLoaderTest
[INFO] Running si.konferenca.registration.infrastructure.PoiWorkbookWriterTest
[INFO] Tests run: 2, Failures: 0, Errors: 0, Skipped: 0, Time elapsed: 0.062 s -- in si.konferenca.registration.infrastructure.PoiWorkbookWriterTest
[INFO] Running si.konferenca.registration.infrastructure.RecaptchaVerifierTest
2026-09-30T02:21:35.100+02:00  WARN 26908 --- [registration-backend] [           main] s.k.r.infrastructure.RecaptchaVerifier   : reCAPTCHA verification failed: StreamReadException
2026-09-30T02:21:35.105+02:00  WARN 26908 --- [registration-backend] [           main] s.k.r.infrastructure.RecaptchaVerifier   : reCAPTCHA verification answered HTTP 500
2026-09-30T02:21:35.115+02:00  WARN 26908 --- [registration-backend] [           main] s.k.r.infrastructure.RecaptchaVerifier   : reCAPTCHA verification failed: ConnectException
[INFO] Tests run: 4, Failures: 0, Errors: 0, Skipped: 0, Time elapsed: 0.052 s -- in si.konferenca.registration.infrastructure.RecaptchaVerifierTest
[INFO] Running si.konferenca.registration.infrastructure.SmtpMailerTest
[INFO] Tests run: 3, Failures: 0, Errors: 0, Skipped: 0, Time elapsed: 0.035 s -- in si.konferenca.registration.infrastructure.SmtpMailerTest
[INFO] Running si.konferenca.registration.ArchitectureTest
2026-09-30T02:21:35.186+02:00  INFO 26908 --- [registration-backend] [           main] com.tngtech.archunit.core.PluginLoader   : Detected Java version 21.0.10
[INFO] Tests run: 8, Failures: 0, Errors: 0, Skipped: 0, Time elapsed: 2.433 s -- in si.konferenca.registration.ArchitectureTest
[INFO] 
[INFO] Results:
[INFO] 
[INFO] Tests run: 167, Failures: 0, Errors: 0, Skipped: 0
[INFO] 
[INFO] ------------------------------------------------------------------------
[INFO] BUILD SUCCESS
[INFO] ------------------------------------------------------------------------
[INFO] Total time:  01:22 min
[INFO] Finished at: 2026-09-30T02:21:39+02:00
[INFO] ------------------------------------------------------------------------
