[INFO] Scanning for projects...
[INFO] 
[INFO] -----------------< lab.conference:conference-backend >------------------
[INFO] Building conference-backend 1.0.0
[INFO]   from pom.xml
[INFO] --------------------------------[ jar ]---------------------------------
[INFO] 
[INFO] --- jacoco:0.8.13:prepare-agent (prepare-unit) @ conference-backend ---
[INFO] argLine set to -javaagent:/home/tjan-kazar/.m2/repository/org/jacoco/org.jacoco.agent/0.8.13/org.jacoco.agent-0.8.13-runtime.jar=destfile=/home/tjan-kazar/storage/Work/lab/agentic_lab/02_output/backend/target/jacoco.exec
[INFO] 
[INFO] --- resources:3.3.1:resources (default-resources) @ conference-backend ---
[INFO] Copying 1 resource from src/main/resources to target/classes
[INFO] Copying 0 resource from src/main/resources to target/classes
[INFO] 
[INFO] --- compiler:3.14.1:compile (default-compile) @ conference-backend ---
[INFO] Nothing to compile - all classes are up to date.
[INFO] 
[INFO] --- resources:3.3.1:testResources (default-testResources) @ conference-backend ---
[INFO] Copying 6 resources from src/test/resources to target/test-classes
[INFO] 
[INFO] --- compiler:3.14.1:testCompile (default-testCompile) @ conference-backend ---
[INFO] Nothing to compile - all classes are up to date.
[INFO] 
[INFO] --- surefire:3.5.6:test (default-test) @ conference-backend ---
[INFO] 
[INFO] --- jacoco:0.8.13:report (report-unit) @ conference-backend ---
[INFO] Loading execution data file /home/tjan-kazar/storage/Work/lab/agentic_lab/02_output/backend/target/jacoco.exec
[INFO] Analyzed bundle 'conference-backend' with 1 classes
[INFO] 
[INFO] --- jar:3.4.2:jar (default-jar) @ conference-backend ---
[INFO] Building jar: /home/tjan-kazar/storage/Work/lab/agentic_lab/02_output/backend/target/conference-backend-1.0.0.jar
[INFO] 
[INFO] --- spring-boot:3.5.16:repackage (repackage) @ conference-backend ---
[INFO] Replacing main artifact /home/tjan-kazar/storage/Work/lab/agentic_lab/02_output/backend/target/conference-backend-1.0.0.jar with repackaged archive, adding nested dependencies in BOOT-INF/.
[INFO] The original artifact has been renamed to /home/tjan-kazar/storage/Work/lab/agentic_lab/02_output/backend/target/conference-backend-1.0.0.jar.original
[INFO] 
[INFO] --- jacoco:0.8.13:prepare-agent-integration (prepare-integration) @ conference-backend ---
[INFO] argLine set to -javaagent:/home/tjan-kazar/.m2/repository/org/jacoco/org.jacoco.agent/0.8.13/org.jacoco.agent-0.8.13-runtime.jar=destfile=/home/tjan-kazar/storage/Work/lab/agentic_lab/02_output/backend/target/jacoco-it.exec
[INFO] 
[INFO] --- failsafe:3.5.6:integration-test (default) @ conference-backend ---
[INFO] Using auto detected provider org.apache.maven.surefire.junitplatform.JUnitPlatformProvider
[INFO] 
[INFO] -------------------------------------------------------
[INFO]  T E S T S
[INFO] -------------------------------------------------------
[INFO] Running lab.conference.acceptance.SmtpOutageAcceptanceTest
12:44:27.952 [main] INFO org.testcontainers.images.PullPolicy -- Image pull policy will be performed by: DefaultPullPolicy()
12:44:27.968 [main] INFO org.testcontainers.utility.ImageNameSubstitutor -- Image name substitution will be performed by: DefaultImageNameSubstitutor (composite of 'ConfigurationFileImageNameSubstitutor' and 'PrefixingImageNameSubstitutor')
12:44:27.992 [main] INFO org.testcontainers.DockerClientFactory -- Testcontainers version: 1.21.4
12:44:29.544 [main] INFO org.testcontainers.dockerclient.DockerClientProviderStrategy -- Found Docker environment with Docker accessed via Unix socket (/home/tjan-kazar/.docker/desktop/docker.sock)
12:44:29.547 [main] INFO org.testcontainers.DockerClientFactory -- Docker host IP address is localhost
12:44:29.579 [main] INFO org.testcontainers.DockerClientFactory -- Connected to docker: 
  Server Version: 29.3.1
  API Version: 1.54
  Operating System: Docker Desktop
  Total Memory: 31283 MB
  Labels: 
    com.docker.desktop.address=unix:///home/tjan-kazar/.docker/desktop/docker-cli.sock
12:44:29.930 [main] INFO tc.testcontainers/ryuk:0.12.0 -- Creating container for image: testcontainers/ryuk:0.12.0
12:44:30.398 [main] INFO tc.testcontainers/ryuk:0.12.0 -- Container testcontainers/ryuk:0.12.0 is starting: 2bdcf49f404b5880dc5ddde50d3db22287cb03ebc86ce3bedde44c90ea915c68
12:44:31.210 [main] INFO tc.testcontainers/ryuk:0.12.0 -- Container testcontainers/ryuk:0.12.0 started in PT1.28020948S
12:44:31.218 [main] INFO org.testcontainers.utility.RyukResourceReaper -- Ryuk started - will monitor and terminate Testcontainers containers on JVM exit
12:44:31.218 [main] INFO org.testcontainers.DockerClientFactory -- Checking the system...
12:44:31.220 [main] INFO org.testcontainers.DockerClientFactory -- ✔︎ Docker server version should be at least 1.6.0
12:44:31.248 [main] INFO tc.postgres@sha256:952067... -- Pulling docker image: postgres@sha256:95206741a5b214807675e14165369d05b93a9cf692223b616d07cca227e74b0b. Please be patient; this may take some time but only needs to be done once.
12:44:33.019 [docker-java-stream--1992409564] INFO tc.postgres@sha256:952067... -- Starting to pull image
12:44:33.171 [docker-java-stream--1992409564] INFO tc.postgres@sha256:952067... -- Pulling image layers:  0 pending,  0 downloaded,  0 extracted, (0 bytes/0 bytes)
12:44:41.940 [docker-java-stream--1992409564] INFO tc.postgres@sha256:952067... -- Pulling image layers: 15 pending,  1 downloaded,  0 extracted, (26 MB/? MB)
12:44:43.728 [docker-java-stream--1992409564] INFO tc.postgres@sha256:952067... -- Pulling image layers: 14 pending,  2 downloaded,  0 extracted, (30 MB/? MB)
12:44:46.028 [docker-java-stream--1992409564] INFO tc.postgres@sha256:952067... -- Pulling image layers: 13 pending,  3 downloaded,  0 extracted, (34 MB/? MB)
12:45:01.228 [docker-java-stream--1992409564] INFO tc.postgres@sha256:952067... -- Pulling image layers: 12 pending,  4 downloaded,  0 extracted, (68 MB/? MB)
12:45:02.964 [docker-java-stream--1992409564] INFO tc.postgres@sha256:952067... -- Pulling image layers: 12 pending,  4 downloaded,  1 extracted, (71 MB/? MB)
12:45:03.018 [docker-java-stream--1992409564] INFO tc.postgres@sha256:952067... -- Pulling image layers: 12 pending,  4 downloaded,  2 extracted, (71 MB/? MB)
12:45:03.335 [docker-java-stream--1992409564] INFO tc.postgres@sha256:952067... -- Pulling image layers: 12 pending,  4 downloaded,  3 extracted, (72 MB/? MB)
12:45:03.391 [docker-java-stream--1992409564] INFO tc.postgres@sha256:952067... -- Pulling image layers: 12 pending,  4 downloaded,  4 extracted, (72 MB/? MB)
12:45:03.932 [docker-java-stream--1992409564] INFO tc.postgres@sha256:952067... -- Pulling image layers: 12 pending,  4 downloaded,  5 extracted, (73 MB/? MB)
12:45:03.998 [docker-java-stream--1992409564] INFO tc.postgres@sha256:952067... -- Pulling image layers: 12 pending,  4 downloaded,  6 extracted, (74 MB/? MB)
12:45:04.158 [docker-java-stream--1992409564] INFO tc.postgres@sha256:952067... -- Pulling image layers: 12 pending,  4 downloaded,  7 extracted, (74 MB/? MB)
12:45:04.181 [docker-java-stream--1992409564] INFO tc.postgres@sha256:952067... -- Pulling image layers: 12 pending,  4 downloaded,  8 extracted, (74 MB/? MB)
12:45:43.121 [docker-java-stream--1992409564] INFO tc.postgres@sha256:952067... -- Pulling image layers: 11 pending,  5 downloaded,  8 extracted, (154 MB/? MB)
12:45:50.851 [docker-java-stream--1992409564] INFO tc.postgres@sha256:952067... -- Pulling image layers: 11 pending,  5 downloaded,  9 extracted, (154 MB/? MB)
12:45:50.906 [docker-java-stream--1992409564] INFO tc.postgres@sha256:952067... -- Pulling image layers: 11 pending,  5 downloaded, 10 extracted, (154 MB/? MB)
12:45:51.009 [docker-java-stream--1992409564] INFO tc.postgres@sha256:952067... -- Pulling image layers: 11 pending,  5 downloaded, 11 extracted, (154 MB/? MB)
12:45:51.085 [docker-java-stream--1992409564] INFO tc.postgres@sha256:952067... -- Pulling image layers: 11 pending,  5 downloaded, 12 extracted, (154 MB/? MB)
12:45:51.090 [docker-java-stream--1992409564] INFO tc.postgres@sha256:952067... -- Pulling image layers: 11 pending,  5 downloaded, 13 extracted, (154 MB/? MB)
12:45:51.098 [docker-java-stream--1992409564] INFO tc.postgres@sha256:952067... -- Pulling image layers: 11 pending,  5 downloaded, 14 extracted, (154 MB/? MB)
12:45:51.656 [docker-java-stream--1992409564] INFO tc.postgres@sha256:952067... -- Pull complete. 16 layers, pulled in 78s (downloaded 154 MB at 1 MB/s)
12:45:51.657 [main] INFO tc.postgres@sha256:952067... -- Image postgres@sha256:95206741a5b214807675e14165369d05b93a9cf692223b616d07cca227e74b0b pull took PT1M20.408716229S
12:45:51.807 [main] INFO tc.postgres@sha256:952067... -- Creating container for image: postgres@sha256:95206741a5b214807675e14165369d05b93a9cf692223b616d07cca227e74b0b
12:45:54.666 [main] INFO tc.postgres@sha256:952067... -- Container postgres@sha256:95206741a5b214807675e14165369d05b93a9cf692223b616d07cca227e74b0b is starting: e8e7d28f6d4a8620ab43e982b98d50f3a6982db6defaa1a5c9adcb55aac5b066
12:45:57.104 [main] INFO tc.postgres@sha256:952067... -- Container postgres@sha256:95206741a5b214807675e14165369d05b93a9cf692223b616d07cca227e74b0b started in PT5.297291686S
12:45:57.106 [main] INFO tc.postgres@sha256:952067... -- Container is started (JDBC URL: jdbc:postgresql://localhost:33183/postgres?loggerLevel=OFF)

  .   ____          _            __ _ _
 /\\ / ___'_ __ _ _(_)_ __  __ _ \ \ \ \
( ( )\___ | '_ | '_| | '_ \/ _` | \ \ \ \
 \\/  ___)| |_)| | | | | || (_| |  ) ) ) )
  '  |____| .__|_| |_|_| |_\__, | / / / /
 =========|_|==============|___/=/_/_/_/

 :: Spring Boot ::               (v3.5.16)

2026-09-30T12:45:59.289+02:00  INFO 1817604 --- [conference-backend] [           main] o.a.maven.surefire.booter.ForkedBooter   : Starting ForkedBooter v3.5.6 using Java 21.0.12 with PID 1817604 (started by tjan-kazar in /home/tjan-kazar/storage/Work/lab/agentic_lab/02_output/backend)
2026-09-30T12:45:59.291+02:00  INFO 1817604 --- [conference-backend] [           main] o.a.maven.surefire.booter.ForkedBooter   : No active profile set, falling back to 1 default profile: "default"
2026-09-30T12:46:01.754+02:00  INFO 1817604 --- [conference-backend] [           main] .s.d.r.c.RepositoryConfigurationDelegate : Bootstrapping Spring Data JPA repositories in DEFAULT mode.
2026-09-30T12:46:01.819+02:00  INFO 1817604 --- [conference-backend] [           main] .s.d.r.c.RepositoryConfigurationDelegate : Finished Spring Data repository scanning in 40 ms. Found 0 JPA repository interfaces.
2026-09-30T12:46:03.083+02:00  INFO 1817604 --- [conference-backend] [           main] o.s.b.w.embedded.tomcat.TomcatWebServer  : Tomcat initialized with port 0 (http)
2026-09-30T12:46:03.140+02:00  INFO 1817604 --- [conference-backend] [           main] o.apache.catalina.core.StandardService   : Starting service [Tomcat]
2026-09-30T12:46:03.141+02:00  INFO 1817604 --- [conference-backend] [           main] o.apache.catalina.core.StandardEngine    : Starting Servlet engine: [Apache Tomcat/10.1.60]
2026-09-30T12:46:03.277+02:00  INFO 1817604 --- [conference-backend] [           main] o.a.c.c.C.[Tomcat].[localhost].[/]       : Initializing Spring embedded WebApplicationContext
2026-09-30T12:46:03.279+02:00  INFO 1817604 --- [conference-backend] [           main] w.s.c.ServletWebServerApplicationContext : Root WebApplicationContext: initialization completed in 3902 ms
2026-09-30T12:46:04.027+02:00  INFO 1817604 --- [conference-backend] [           main] com.zaxxer.hikari.HikariDataSource       : HikariPool-1 - Starting...
2026-09-30T12:46:04.828+02:00  INFO 1817604 --- [conference-backend] [           main] com.zaxxer.hikari.pool.HikariPool        : HikariPool-1 - Added connection org.postgresql.jdbc.PgConnection@603785d0
2026-09-30T12:46:04.831+02:00  INFO 1817604 --- [conference-backend] [           main] com.zaxxer.hikari.HikariDataSource       : HikariPool-1 - Start completed.
2026-09-30T12:46:04.908+02:00  INFO 1817604 --- [conference-backend] [           main] org.flywaydb.core.FlywayExecutor         : Database: jdbc:postgresql://localhost:33183/conf_8fd5cc062754 (PostgreSQL 16.14)
2026-09-30T12:46:05.043+02:00  INFO 1817604 --- [conference-backend] [           main] o.f.c.i.s.JdbcTableSchemaHistory         : Schema history table "public"."flyway_schema_history" does not exist yet
2026-09-30T12:46:05.050+02:00  INFO 1817604 --- [conference-backend] [           main] o.f.core.internal.command.DbValidate     : Successfully validated 0 migrations (execution time 00:00.025s)
2026-09-30T12:46:05.051+02:00  WARN 1817604 --- [conference-backend] [           main] o.f.core.internal.command.DbValidate     : No migrations found. Are your locations set up correctly?
2026-09-30T12:46:05.091+02:00  INFO 1817604 --- [conference-backend] [           main] o.f.c.i.s.JdbcTableSchemaHistory         : Creating Schema History table "public"."flyway_schema_history" ...
2026-09-30T12:46:05.235+02:00  INFO 1817604 --- [conference-backend] [           main] o.f.core.internal.command.DbMigrate      : Current version of schema "public": << Empty Schema >>
2026-09-30T12:46:05.240+02:00  INFO 1817604 --- [conference-backend] [           main] o.f.core.internal.command.DbMigrate      : Schema "public" is up to date. No migration necessary.
2026-09-30T12:46:05.532+02:00  INFO 1817604 --- [conference-backend] [           main] o.hibernate.jpa.internal.util.LogHelper  : HHH000204: Processing PersistenceUnitInfo [name: default]
2026-09-30T12:46:05.682+02:00  INFO 1817604 --- [conference-backend] [           main] org.hibernate.Version                    : HHH000412: Hibernate ORM core version 6.6.53.Final
2026-09-30T12:46:05.775+02:00  INFO 1817604 --- [conference-backend] [           main] o.h.c.internal.RegionFactoryInitiator    : HHH000026: Second-level cache disabled
2026-09-30T12:46:06.597+02:00  INFO 1817604 --- [conference-backend] [           main] o.s.o.j.p.SpringPersistenceUnitInfo      : No LoadTimeWeaver setup: ignoring JPA class transformer
2026-09-30T12:46:06.867+02:00  INFO 1817604 --- [conference-backend] [           main] org.hibernate.orm.connections.pooling    : HHH10001005: Database info:
	Database JDBC URL [Connecting through datasource 'HikariDataSource (HikariPool-1)']
	Database driver: undefined/unknown
	Database version: 16.14
	Autocommit mode: undefined/unknown
	Isolation level: undefined/unknown
	Minimum pool size: undefined/unknown
	Maximum pool size: undefined/unknown
2026-09-30T12:46:07.802+02:00  INFO 1817604 --- [conference-backend] [           main] o.h.e.t.j.p.i.JtaPlatformInitiator       : HHH000489: No JTA platform available (set 'hibernate.transaction.jta.platform' to enable JTA platform integration)
2026-09-30T12:46:07.811+02:00  INFO 1817604 --- [conference-backend] [           main] j.LocalContainerEntityManagerFactoryBean : Initialized JPA EntityManagerFactory for persistence unit 'default'
2026-09-30T12:46:09.107+02:00  WARN 1817604 --- [conference-backend] [           main] .s.s.UserDetailsServiceAutoConfiguration : 

Using generated security password: <redacted by agent, F-03>

This generated password is for development use only. Your security configuration must be updated before running your application in production.

2026-09-30T12:46:09.125+02:00  INFO 1817604 --- [conference-backend] [           main] r$InitializeUserDetailsManagerConfigurer : Global AuthenticationManager configured with UserDetailsService bean with name inMemoryUserDetailsManager
2026-09-30T12:46:09.387+02:00  INFO 1817604 --- [conference-backend] [           main] o.s.b.a.e.web.EndpointLinksResolver      : Exposing 1 endpoint beneath base path '/actuator'
2026-09-30T12:46:10.769+02:00  INFO 1817604 --- [conference-backend] [           main] o.s.b.w.embedded.tomcat.TomcatWebServer  : Tomcat started on port 42195 (http) with context path '/'
2026-09-30T12:46:10.842+02:00  INFO 1817604 --- [conference-backend] [           main] o.a.maven.surefire.booter.ForkedBooter   : Started ForkedBooter in 12.769 seconds (process running for 105.084)
2026-09-30T12:46:13.914+02:00  INFO 1817604 --- [conference-backend] [o-auto-1-exec-1] o.a.c.c.C.[Tomcat].[localhost].[/]       : Initializing Spring DispatcherServlet 'dispatcherServlet'
2026-09-30T12:46:13.915+02:00  INFO 1817604 --- [conference-backend] [o-auto-1-exec-1] o.s.web.servlet.DispatcherServlet        : Initializing Servlet 'dispatcherServlet'
2026-09-30T12:46:13.920+02:00  INFO 1817604 --- [conference-backend] [o-auto-1-exec-1] o.s.web.servlet.DispatcherServlet        : Completed initialization in 5 ms
2026-09-30T12:46:15.527+02:00  INFO 1817604 --- [conference-backend] [           main] o.s.b.w.e.tomcat.GracefulShutdown        : Commencing graceful shutdown. Waiting for active requests to complete
2026-09-30T12:46:15.538+02:00  INFO 1817604 --- [conference-backend] [tomcat-shutdown] o.s.b.w.e.tomcat.GracefulShutdown        : Graceful shutdown complete
2026-09-30T12:46:15.576+02:00  INFO 1817604 --- [conference-backend] [           main] j.LocalContainerEntityManagerFactoryBean : Closing JPA EntityManagerFactory for persistence unit 'default'
2026-09-30T12:46:15.587+02:00  INFO 1817604 --- [conference-backend] [           main] com.zaxxer.hikari.HikariDataSource       : HikariPool-1 - Shutdown initiated...
2026-09-30T12:46:15.597+02:00  INFO 1817604 --- [conference-backend] [           main] com.zaxxer.hikari.HikariDataSource       : HikariPool-1 - Shutdown completed.
[ERROR] Tests run: 1, Failures: 1, Errors: 0, Skipped: 0, Time elapsed: 108.1 s <<< FAILURE! -- in lab.conference.acceptance.SmtpOutageAcceptanceTest
[ERROR] lab.conference.acceptance.SmtpOutageAcceptanceTest.ac_006_02_and_ac_007_02_mailsAreDeliveredAfterSmtpRecovers -- Time elapsed: 108.0 s <<< FAILURE!
org.opentest4j.AssertionFailedError: 
[accepted while SMTP is down: HTTP 401 ] 
expected: 201
 but was: 401
	at lab.conference.acceptance.SmtpOutageAcceptanceTest.ac_006_02_and_ac_007_02_mailsAreDeliveredAfterSmtpRecovers(SmtpOutageAcceptanceTest.java:29)
	at java.base/java.lang.reflect.Method.invoke(Method.java:580)
	at java.base/java.util.ArrayList.forEach(ArrayList.java:1596)
	at java.base/java.util.ArrayList.forEach(ArrayList.java:1596)

[INFO] Running lab.conference.acceptance.NotificationAcceptanceTest
2026-09-30T12:46:16.185+02:00  INFO 1817604 --- [conference-backend] [           main] tc.axllent/mailpit@sha256:4873e5...      : Creating container for image: axllent/mailpit@sha256:4873e5a441ed368f1e98a832f61257a033859f5e829542cd03fb772d2282ea4e
2026-09-30T12:46:20.771+02:00  INFO 1817604 --- [conference-backend] [           main] tc.axllent/mailpit@sha256:4873e5...      : Container axllent/mailpit@sha256:4873e5a441ed368f1e98a832f61257a033859f5e829542cd03fb772d2282ea4e is starting: c7ab5de30735b7b4b9434a0543fbe5f7ec6ab6cfc295d3ac9e5503223cda4fe7
2026-09-30T12:46:24.733+02:00  INFO 1817604 --- [conference-backend] [           main] o.t.c.wait.strategy.HttpWaitStrategy     : /friendly_mcnulty: Waiting for 60 seconds for URL: http://localhost:42377/livez (where port 42377 maps to container port 8025)
2026-09-30T12:46:24.959+02:00  INFO 1817604 --- [conference-backend] [           main] tc.axllent/mailpit@sha256:4873e5...      : Container axllent/mailpit@sha256:4873e5a441ed368f1e98a832f61257a033859f5e829542cd03fb772d2282ea4e started in PT8.774430811S

  .   ____          _            __ _ _
 /\\ / ___'_ __ _ _(_)_ __  __ _ \ \ \ \
( ( )\___ | '_ | '_| | '_ \/ _` | \ \ \ \
 \\/  ___)| |_)| | | | | || (_| |  ) ) ) )
  '  |____| .__|_| |_|_| |_\__, | / / / /
 =========|_|==============|___/=/_/_/_/

 :: Spring Boot ::               (v3.5.16)

2026-09-30T12:46:25.178+02:00  INFO 1817604 --- [conference-backend] [           main] o.a.maven.surefire.booter.ForkedBooter   : Starting ForkedBooter v3.5.6 using Java 21.0.12 with PID 1817604 (started by tjan-kazar in /home/tjan-kazar/storage/Work/lab/agentic_lab/02_output/backend)
2026-09-30T12:46:25.179+02:00  INFO 1817604 --- [conference-backend] [           main] o.a.maven.surefire.booter.ForkedBooter   : No active profile set, falling back to 1 default profile: "default"
2026-09-30T12:46:25.715+02:00  INFO 1817604 --- [conference-backend] [           main] .s.d.r.c.RepositoryConfigurationDelegate : Bootstrapping Spring Data JPA repositories in DEFAULT mode.
2026-09-30T12:46:25.722+02:00  INFO 1817604 --- [conference-backend] [           main] .s.d.r.c.RepositoryConfigurationDelegate : Finished Spring Data repository scanning in 4 ms. Found 0 JPA repository interfaces.
2026-09-30T12:46:25.847+02:00  INFO 1817604 --- [conference-backend] [           main] o.s.b.w.embedded.tomcat.TomcatWebServer  : Tomcat initialized with port 0 (http)
2026-09-30T12:46:25.848+02:00  INFO 1817604 --- [conference-backend] [           main] o.apache.catalina.core.StandardService   : Starting service [Tomcat]
2026-09-30T12:46:25.849+02:00  INFO 1817604 --- [conference-backend] [           main] o.apache.catalina.core.StandardEngine    : Starting Servlet engine: [Apache Tomcat/10.1.60]
2026-09-30T12:46:25.869+02:00  INFO 1817604 --- [conference-backend] [           main] o.a.c.c.C.[Tomcat].[localhost].[/]       : Initializing Spring embedded WebApplicationContext
2026-09-30T12:46:25.869+02:00  INFO 1817604 --- [conference-backend] [           main] w.s.c.ServletWebServerApplicationContext : Root WebApplicationContext: initialization completed in 687 ms
2026-09-30T12:46:25.996+02:00  INFO 1817604 --- [conference-backend] [           main] com.zaxxer.hikari.HikariDataSource       : HikariPool-2 - Starting...
2026-09-30T12:46:26.034+02:00  INFO 1817604 --- [conference-backend] [           main] com.zaxxer.hikari.pool.HikariPool        : HikariPool-2 - Added connection org.postgresql.jdbc.PgConnection@1afdc3f4
2026-09-30T12:46:26.035+02:00  INFO 1817604 --- [conference-backend] [           main] com.zaxxer.hikari.HikariDataSource       : HikariPool-2 - Start completed.
2026-09-30T12:46:26.040+02:00  INFO 1817604 --- [conference-backend] [           main] org.flywaydb.core.FlywayExecutor         : Database: jdbc:postgresql://localhost:33183/conf_7f37c2a5afaa (PostgreSQL 16.14)
2026-09-30T12:46:26.068+02:00  INFO 1817604 --- [conference-backend] [           main] o.f.c.i.s.JdbcTableSchemaHistory         : Schema history table "public"."flyway_schema_history" does not exist yet
2026-09-30T12:46:26.070+02:00  INFO 1817604 --- [conference-backend] [           main] o.f.core.internal.command.DbValidate     : Successfully validated 0 migrations (execution time 00:00.008s)
2026-09-30T12:46:26.070+02:00  WARN 1817604 --- [conference-backend] [           main] o.f.core.internal.command.DbValidate     : No migrations found. Are your locations set up correctly?
2026-09-30T12:46:26.090+02:00  INFO 1817604 --- [conference-backend] [           main] o.f.c.i.s.JdbcTableSchemaHistory         : Creating Schema History table "public"."flyway_schema_history" ...
2026-09-30T12:46:26.147+02:00  INFO 1817604 --- [conference-backend] [           main] o.f.core.internal.command.DbMigrate      : Current version of schema "public": << Empty Schema >>
2026-09-30T12:46:26.149+02:00  INFO 1817604 --- [conference-backend] [           main] o.f.core.internal.command.DbMigrate      : Schema "public" is up to date. No migration necessary.
2026-09-30T12:46:26.179+02:00  INFO 1817604 --- [conference-backend] [           main] o.hibernate.jpa.internal.util.LogHelper  : HHH000204: Processing PersistenceUnitInfo [name: default]
2026-09-30T12:46:26.181+02:00  INFO 1817604 --- [conference-backend] [           main] o.h.c.internal.RegionFactoryInitiator    : HHH000026: Second-level cache disabled
2026-09-30T12:46:26.196+02:00  INFO 1817604 --- [conference-backend] [           main] o.s.o.j.p.SpringPersistenceUnitInfo      : No LoadTimeWeaver setup: ignoring JPA class transformer
2026-09-30T12:46:26.207+02:00  INFO 1817604 --- [conference-backend] [           main] org.hibernate.orm.connections.pooling    : HHH10001005: Database info:
	Database JDBC URL [Connecting through datasource 'HikariDataSource (HikariPool-2)']
	Database driver: undefined/unknown
	Database version: 16.14
	Autocommit mode: undefined/unknown
	Isolation level: undefined/unknown
	Minimum pool size: undefined/unknown
	Maximum pool size: undefined/unknown
2026-09-30T12:46:26.237+02:00  INFO 1817604 --- [conference-backend] [           main] o.h.e.t.j.p.i.JtaPlatformInitiator       : HHH000489: No JTA platform available (set 'hibernate.transaction.jta.platform' to enable JTA platform integration)
2026-09-30T12:46:26.237+02:00  INFO 1817604 --- [conference-backend] [           main] j.LocalContainerEntityManagerFactoryBean : Initialized JPA EntityManagerFactory for persistence unit 'default'
2026-09-30T12:46:26.514+02:00  WARN 1817604 --- [conference-backend] [           main] .s.s.UserDetailsServiceAutoConfiguration : 

Using generated security password: <redacted by agent, F-03>

This generated password is for development use only. Your security configuration must be updated before running your application in production.

2026-09-30T12:46:26.516+02:00  INFO 1817604 --- [conference-backend] [           main] r$InitializeUserDetailsManagerConfigurer : Global AuthenticationManager configured with UserDetailsService bean with name inMemoryUserDetailsManager
2026-09-30T12:46:26.539+02:00  INFO 1817604 --- [conference-backend] [           main] o.s.b.a.e.web.EndpointLinksResolver      : Exposing 1 endpoint beneath base path '/actuator'
2026-09-30T12:46:26.609+02:00  INFO 1817604 --- [conference-backend] [           main] o.s.b.w.embedded.tomcat.TomcatWebServer  : Tomcat started on port 46465 (http) with context path '/'
2026-09-30T12:46:26.622+02:00  INFO 1817604 --- [conference-backend] [           main] o.a.maven.surefire.booter.ForkedBooter   : Started ForkedBooter in 1.489 seconds (process running for 120.864)
2026-09-30T12:46:26.632+02:00  INFO 1817604 --- [conference-backend] [o-auto-2-exec-1] o.a.c.c.C.[Tomcat].[localhost].[/]       : Initializing Spring DispatcherServlet 'dispatcherServlet'
2026-09-30T12:46:26.632+02:00  INFO 1817604 --- [conference-backend] [o-auto-2-exec-1] o.s.web.servlet.DispatcherServlet        : Initializing Servlet 'dispatcherServlet'
2026-09-30T12:46:26.633+02:00  INFO 1817604 --- [conference-backend] [o-auto-2-exec-1] o.s.web.servlet.DispatcherServlet        : Completed initialization in 1 ms
2026-09-30T12:46:26.750+02:00  INFO 1817604 --- [conference-backend] [           main] o.s.b.w.e.tomcat.GracefulShutdown        : Commencing graceful shutdown. Waiting for active requests to complete
2026-09-30T12:46:26.752+02:00  INFO 1817604 --- [conference-backend] [tomcat-shutdown] o.s.b.w.e.tomcat.GracefulShutdown        : Graceful shutdown complete
2026-09-30T12:46:26.759+02:00  INFO 1817604 --- [conference-backend] [           main] j.LocalContainerEntityManagerFactoryBean : Closing JPA EntityManagerFactory for persistence unit 'default'
2026-09-30T12:46:26.760+02:00  INFO 1817604 --- [conference-backend] [           main] com.zaxxer.hikari.HikariDataSource       : HikariPool-2 - Shutdown initiated...
2026-09-30T12:46:26.764+02:00  INFO 1817604 --- [conference-backend] [           main] com.zaxxer.hikari.HikariDataSource       : HikariPool-2 - Shutdown completed.
[ERROR] Tests run: 5, Failures: 4, Errors: 1, Skipped: 0, Time elapsed: 10.99 s <<< FAILURE! -- in lab.conference.acceptance.NotificationAcceptanceTest
[ERROR] lab.conference.acceptance.NotificationAcceptanceTest.ac_007_01_organizerReceivesSubmittedDataAndByteIdenticalJsonAttachment -- Time elapsed: 0.025 s <<< FAILURE!
org.opentest4j.AssertionFailedError: 

expected: 201
 but was: 401
	at lab.conference.acceptance.NotificationAcceptanceTest.ac_007_01_organizerReceivesSubmittedDataAndByteIdenticalJsonAttachment(NotificationAcceptanceTest.java:135)
	at java.base/java.lang.reflect.Method.invoke(Method.java:580)
	at java.base/java.util.ArrayList.forEach(ArrayList.java:1596)
	at java.base/java.util.ArrayList.forEach(ArrayList.java:1596)

[ERROR] lab.conference.acceptance.NotificationAcceptanceTest.ac_006_01_participantReceivesConfirmationWithIdNameAndActivities -- Time elapsed: 0.015 s <<< FAILURE!
org.opentest4j.AssertionFailedError: 

expected: 201
 but was: 401
	at lab.conference.acceptance.NotificationAcceptanceTest.ac_006_01_participantReceivesConfirmationWithIdNameAndActivities(NotificationAcceptanceTest.java:57)
	at java.base/java.lang.reflect.Method.invoke(Method.java:580)
	at java.base/java.util.ArrayList.forEach(ArrayList.java:1596)
	at java.base/java.util.ArrayList.forEach(ArrayList.java:1596)

[ERROR] lab.conference.acceptance.NotificationAcceptanceTest.ac_006_03_htmlAndHeaderLikeTextIsDeliveredAsPlainTextOnlyToIntendedRecipients -- Time elapsed: 0.019 s <<< FAILURE!
org.opentest4j.AssertionFailedError: 
[HTTP 401 ] 
expected: 201
 but was: 401
	at lab.conference.acceptance.NotificationAcceptanceTest.ac_006_03_htmlAndHeaderLikeTextIsDeliveredAsPlainTextOnlyToIntendedRecipients(NotificationAcceptanceTest.java:109)
	at java.base/java.lang.reflect.Method.invoke(Method.java:580)
	at java.base/java.util.ArrayList.forEach(ArrayList.java:1596)
	at java.base/java.util.ArrayList.forEach(ArrayList.java:1596)

[ERROR] lab.conference.acceptance.NotificationAcceptanceTest.ac_006_03_lineBreaksInSingleLineFieldsAreRejected -- Time elapsed: 0.037 s <<< ERROR!
java.lang.IllegalStateException: 
org.postgresql.util.PSQLException: ERROR: relation "registration" does not exist
  Position: 22
	at lab.conference.acceptance.support.Store.count(Store.java:119)
	at lab.conference.acceptance.support.Store.registrationCount(Store.java:45)
	at lab.conference.acceptance.support.Store.snapshot(Store.java:100)
	at lab.conference.acceptance.NotificationAcceptanceTest.ac_006_03_lineBreaksInSingleLineFieldsAreRejected(NotificationAcceptanceTest.java:90)
	at java.base/java.lang.reflect.Method.invoke(Method.java:580)
	at java.base/java.util.ArrayList.forEach(ArrayList.java:1596)
	at java.base/java.util.ArrayList.forEach(ArrayList.java:1596)
Caused by: org.postgresql.util.PSQLException: ERROR: relation "registration" does not exist
  Position: 22
	at org.postgresql.core.v3.QueryExecutorImpl.receiveErrorResponse(QueryExecutorImpl.java:2904)
	at org.postgresql.core.v3.QueryExecutorImpl.processResults(QueryExecutorImpl.java:2589)
	at org.postgresql.core.v3.QueryExecutorImpl.execute(QueryExecutorImpl.java:431)
	at org.postgresql.jdbc.PgStatement.executeInternal(PgStatement.java:534)
	at org.postgresql.jdbc.PgStatement.execute(PgStatement.java:437)
	at org.postgresql.jdbc.PgPreparedStatement.executeWithFlags(PgPreparedStatement.java:196)
	at org.postgresql.jdbc.PgPreparedStatement.executeQuery(PgPreparedStatement.java:139)
	at lab.conference.acceptance.support.Store.count(Store.java:114)
	... 6 more

[ERROR] lab.conference.acceptance.NotificationAcceptanceTest.ac_006_01_studentParticipantAlsoReceivesConfirmation -- Time elapsed: 0.017 s <<< FAILURE!
org.opentest4j.AssertionFailedError: 

expected: 201
 but was: 401
	at lab.conference.acceptance.NotificationAcceptanceTest.ac_006_01_studentParticipantAlsoReceivesConfirmation(NotificationAcceptanceTest.java:78)
	at java.base/java.lang.reflect.Method.invoke(Method.java:580)
	at java.base/java.util.ArrayList.forEach(ArrayList.java:1596)
	at java.base/java.util.ArrayList.forEach(ArrayList.java:1596)

[INFO] Running lab.conference.acceptance.ExternalRegistrationAcceptanceTest

  .   ____          _            __ _ _
 /\\ / ___'_ __ _ _(_)_ __  __ _ \ \ \ \
( ( )\___ | '_ | '_| | '_ \/ _` | \ \ \ \
 \\/  ___)| |_)| | | | | || (_| |  ) ) ) )
  '  |____| .__|_| |_|_| |_\__, | / / / /
 =========|_|==============|___/=/_/_/_/

 :: Spring Boot ::               (v3.5.16)

2026-09-30T12:46:27.045+02:00  INFO 1817604 --- [conference-backend] [           main] o.a.maven.surefire.booter.ForkedBooter   : Starting ForkedBooter v3.5.6 using Java 21.0.12 with PID 1817604 (started by tjan-kazar in /home/tjan-kazar/storage/Work/lab/agentic_lab/02_output/backend)
2026-09-30T12:46:27.045+02:00  INFO 1817604 --- [conference-backend] [           main] o.a.maven.surefire.booter.ForkedBooter   : No active profile set, falling back to 1 default profile: "default"
2026-09-30T12:46:27.395+02:00  INFO 1817604 --- [conference-backend] [           main] .s.d.r.c.RepositoryConfigurationDelegate : Bootstrapping Spring Data JPA repositories in DEFAULT mode.
2026-09-30T12:46:27.400+02:00  INFO 1817604 --- [conference-backend] [           main] .s.d.r.c.RepositoryConfigurationDelegate : Finished Spring Data repository scanning in 3 ms. Found 0 JPA repository interfaces.
2026-09-30T12:46:27.513+02:00  INFO 1817604 --- [conference-backend] [           main] o.s.b.w.embedded.tomcat.TomcatWebServer  : Tomcat initialized with port 0 (http)
2026-09-30T12:46:27.515+02:00  INFO 1817604 --- [conference-backend] [           main] o.apache.catalina.core.StandardService   : Starting service [Tomcat]
2026-09-30T12:46:27.515+02:00  INFO 1817604 --- [conference-backend] [           main] o.apache.catalina.core.StandardEngine    : Starting Servlet engine: [Apache Tomcat/10.1.60]
2026-09-30T12:46:27.533+02:00  INFO 1817604 --- [conference-backend] [           main] o.a.c.c.C.[Tomcat].[localhost].[/]       : Initializing Spring embedded WebApplicationContext
2026-09-30T12:46:27.533+02:00  INFO 1817604 --- [conference-backend] [           main] w.s.c.ServletWebServerApplicationContext : Root WebApplicationContext: initialization completed in 485 ms
2026-09-30T12:46:27.642+02:00  INFO 1817604 --- [conference-backend] [           main] com.zaxxer.hikari.HikariDataSource       : HikariPool-3 - Starting...
2026-09-30T12:46:27.674+02:00  INFO 1817604 --- [conference-backend] [           main] com.zaxxer.hikari.pool.HikariPool        : HikariPool-3 - Added connection org.postgresql.jdbc.PgConnection@439aa007
2026-09-30T12:46:27.675+02:00  INFO 1817604 --- [conference-backend] [           main] com.zaxxer.hikari.HikariDataSource       : HikariPool-3 - Start completed.
2026-09-30T12:46:27.678+02:00  INFO 1817604 --- [conference-backend] [           main] org.flywaydb.core.FlywayExecutor         : Database: jdbc:postgresql://localhost:33183/conf_513433cba0d2 (PostgreSQL 16.14)
2026-09-30T12:46:27.701+02:00  INFO 1817604 --- [conference-backend] [           main] o.f.c.i.s.JdbcTableSchemaHistory         : Schema history table "public"."flyway_schema_history" does not exist yet
2026-09-30T12:46:27.702+02:00  INFO 1817604 --- [conference-backend] [           main] o.f.core.internal.command.DbValidate     : Successfully validated 0 migrations (execution time 00:00.008s)
2026-09-30T12:46:27.703+02:00  WARN 1817604 --- [conference-backend] [           main] o.f.core.internal.command.DbValidate     : No migrations found. Are your locations set up correctly?
2026-09-30T12:46:27.720+02:00  INFO 1817604 --- [conference-backend] [           main] o.f.c.i.s.JdbcTableSchemaHistory         : Creating Schema History table "public"."flyway_schema_history" ...
2026-09-30T12:46:27.793+02:00  INFO 1817604 --- [conference-backend] [           main] o.f.core.internal.command.DbMigrate      : Current version of schema "public": << Empty Schema >>
2026-09-30T12:46:27.794+02:00  INFO 1817604 --- [conference-backend] [           main] o.f.core.internal.command.DbMigrate      : Schema "public" is up to date. No migration necessary.
2026-09-30T12:46:27.824+02:00  INFO 1817604 --- [conference-backend] [           main] o.hibernate.jpa.internal.util.LogHelper  : HHH000204: Processing PersistenceUnitInfo [name: default]
2026-09-30T12:46:27.826+02:00  INFO 1817604 --- [conference-backend] [           main] o.h.c.internal.RegionFactoryInitiator    : HHH000026: Second-level cache disabled
2026-09-30T12:46:27.840+02:00  INFO 1817604 --- [conference-backend] [           main] o.s.o.j.p.SpringPersistenceUnitInfo      : No LoadTimeWeaver setup: ignoring JPA class transformer
2026-09-30T12:46:27.854+02:00  INFO 1817604 --- [conference-backend] [           main] org.hibernate.orm.connections.pooling    : HHH10001005: Database info:
	Database JDBC URL [Connecting through datasource 'HikariDataSource (HikariPool-3)']
	Database driver: undefined/unknown
	Database version: 16.14
	Autocommit mode: undefined/unknown
	Isolation level: undefined/unknown
	Minimum pool size: undefined/unknown
	Maximum pool size: undefined/unknown
2026-09-30T12:46:27.890+02:00  INFO 1817604 --- [conference-backend] [           main] o.h.e.t.j.p.i.JtaPlatformInitiator       : HHH000489: No JTA platform available (set 'hibernate.transaction.jta.platform' to enable JTA platform integration)
2026-09-30T12:46:27.890+02:00  INFO 1817604 --- [conference-backend] [           main] j.LocalContainerEntityManagerFactoryBean : Initialized JPA EntityManagerFactory for persistence unit 'default'
2026-09-30T12:46:28.126+02:00  WARN 1817604 --- [conference-backend] [           main] .s.s.UserDetailsServiceAutoConfiguration : 

Using generated security password: <redacted by agent, F-03>

This generated password is for development use only. Your security configuration must be updated before running your application in production.

2026-09-30T12:46:28.128+02:00  INFO 1817604 --- [conference-backend] [           main] r$InitializeUserDetailsManagerConfigurer : Global AuthenticationManager configured with UserDetailsService bean with name inMemoryUserDetailsManager
2026-09-30T12:46:28.145+02:00  INFO 1817604 --- [conference-backend] [           main] o.s.b.a.e.web.EndpointLinksResolver      : Exposing 1 endpoint beneath base path '/actuator'
2026-09-30T12:46:28.217+02:00  INFO 1817604 --- [conference-backend] [           main] o.s.b.w.embedded.tomcat.TomcatWebServer  : Tomcat started on port 32903 (http) with context path '/'
2026-09-30T12:46:28.227+02:00  INFO 1817604 --- [conference-backend] [           main] o.a.maven.surefire.booter.ForkedBooter   : Started ForkedBooter in 1.23 seconds (process running for 122.469)
2026-09-30T12:46:28.427+02:00  INFO 1817604 --- [conference-backend] [o-auto-3-exec-1] o.a.c.c.C.[Tomcat].[localhost].[/]       : Initializing Spring DispatcherServlet 'dispatcherServlet'
2026-09-30T12:46:28.428+02:00  INFO 1817604 --- [conference-backend] [o-auto-3-exec-1] o.s.web.servlet.DispatcherServlet        : Initializing Servlet 'dispatcherServlet'
2026-09-30T12:46:28.429+02:00  INFO 1817604 --- [conference-backend] [o-auto-3-exec-1] o.s.web.servlet.DispatcherServlet        : Completed initialization in 1 ms
2026-09-30T12:46:29.797+02:00  INFO 1817604 --- [conference-backend] [           main] o.s.b.w.e.tomcat.GracefulShutdown        : Commencing graceful shutdown. Waiting for active requests to complete
2026-09-30T12:46:29.798+02:00  INFO 1817604 --- [conference-backend] [tomcat-shutdown] o.s.b.w.e.tomcat.GracefulShutdown        : Graceful shutdown complete
2026-09-30T12:46:29.802+02:00  INFO 1817604 --- [conference-backend] [           main] j.LocalContainerEntityManagerFactoryBean : Closing JPA EntityManagerFactory for persistence unit 'default'
2026-09-30T12:46:29.803+02:00  INFO 1817604 --- [conference-backend] [           main] com.zaxxer.hikari.HikariDataSource       : HikariPool-3 - Shutdown initiated...
2026-09-30T12:46:29.806+02:00  INFO 1817604 --- [conference-backend] [           main] com.zaxxer.hikari.HikariDataSource       : HikariPool-3 - Shutdown completed.
[ERROR] Tests run: 51, Failures: 5, Errors: 46, Skipped: 0, Time elapsed: 3.033 s <<< FAILURE! -- in lab.conference.acceptance.ExternalRegistrationAcceptanceTest
[ERROR] lab.conference.acceptance.ExternalRegistrationAcceptanceTest.ac_001_06_missingOrInvalidCaptchaIsRejected(String)[1] -- Time elapsed: 0.065 s <<< ERROR!
java.lang.IllegalStateException: 
org.postgresql.util.PSQLException: ERROR: relation "registration" does not exist
  Position: 22
	at lab.conference.acceptance.support.Store.count(Store.java:119)
	at lab.conference.acceptance.support.Store.registrationCount(Store.java:45)
	at lab.conference.acceptance.support.Store.snapshot(Store.java:100)
	at lab.conference.acceptance.ExternalRegistrationAcceptanceTest.ac_001_06_missingOrInvalidCaptchaIsRejected(ExternalRegistrationAcceptanceTest.java:206)
	at java.base/java.lang.reflect.Method.invoke(Method.java:580)
	at java.base/java.util.Optional.ifPresent(Optional.java:178)
	at java.base/java.util.stream.ForEachOps$ForEachOp$OfRef.accept(ForEachOps.java:184)
	at java.base/java.util.stream.ReferencePipeline$3$1.accept(ReferencePipeline.java:197)
	at java.base/java.util.stream.ForEachOps$ForEachOp$OfRef.accept(ForEachOps.java:184)
	at java.base/java.util.stream.ForEachOps$ForEachOp$OfRef.accept(ForEachOps.java:184)
	at java.base/java.util.stream.ReferencePipeline$3$1.accept(ReferencePipeline.java:197)
	at java.base/java.util.Spliterators$ArraySpliterator.forEachRemaining(Spliterators.java:1024)
	at java.base/java.util.stream.AbstractPipeline.copyInto(AbstractPipeline.java:509)
	at java.base/java.util.stream.AbstractPipeline.wrapAndCopyInto(AbstractPipeline.java:499)
	at java.base/java.util.stream.ForEachOps$ForEachOp.evaluateSequential(ForEachOps.java:151)
	at java.base/java.util.stream.ForEachOps$ForEachOp$OfRef.evaluateSequential(ForEachOps.java:174)
	at java.base/java.util.stream.AbstractPipeline.evaluate(AbstractPipeline.java:234)
	at java.base/java.util.stream.ReferencePipeline.forEach(ReferencePipeline.java:596)
	at java.base/java.util.stream.ReferencePipeline$7$1.accept(ReferencePipeline.java:276)
	at java.base/java.util.ArrayList$ArrayListSpliterator.forEachRemaining(ArrayList.java:1708)
	at java.base/java.util.stream.AbstractPipeline.copyInto(AbstractPipeline.java:509)
	at java.base/java.util.stream.AbstractPipeline.wrapAndCopyInto(AbstractPipeline.java:499)
	at java.base/java.util.stream.ForEachOps$ForEachOp.evaluateSequential(ForEachOps.java:151)
	at java.base/java.util.stream.ForEachOps$ForEachOp$OfRef.evaluateSequential(ForEachOps.java:174)
	at java.base/java.util.stream.AbstractPipeline.evaluate(AbstractPipeline.java:234)
	at java.base/java.util.stream.ReferencePipeline.forEach(ReferencePipeline.java:596)
	at java.base/java.util.stream.ReferencePipeline$7$1.accept(ReferencePipeline.java:276)
	at java.base/java.util.stream.ReferencePipeline$3$1.accept(ReferencePipeline.java:197)
	at java.base/java.util.stream.ReferencePipeline$3$1.accept(ReferencePipeline.java:197)
	at java.base/java.util.stream.ReferencePipeline$3$1.accept(ReferencePipeline.java:197)
	at java.base/java.util.ArrayList$ArrayListSpliterator.forEachRemaining(ArrayList.java:1708)
	at java.base/java.util.stream.AbstractPipeline.copyInto(AbstractPipeline.java:509)
	at java.base/java.util.stream.AbstractPipeline.wrapAndCopyInto(AbstractPipeline.java:499)
	at java.base/java.util.stream.ForEachOps$ForEachOp.evaluateSequential(ForEachOps.java:151)
	at java.base/java.util.stream.ForEachOps$ForEachOp$OfRef.evaluateSequential(ForEachOps.java:174)
	at java.base/java.util.stream.AbstractPipeline.evaluate(AbstractPipeline.java:234)
	at java.base/java.util.stream.ReferencePipeline.forEach(ReferencePipeline.java:596)
	at java.base/java.util.ArrayList.forEach(ArrayList.java:1596)
	at java.base/java.util.ArrayList.forEach(ArrayList.java:1596)
Caused by: org.postgresql.util.PSQLException: ERROR: relation "registration" does not exist
  Position: 22
	at org.postgresql.core.v3.QueryExecutorImpl.receiveErrorResponse(QueryExecutorImpl.java:2904)
	at org.postgresql.core.v3.QueryExecutorImpl.processResults(QueryExecutorImpl.java:2589)
	at org.postgresql.core.v3.QueryExecutorImpl.execute(QueryExecutorImpl.java:431)
	at org.postgresql.jdbc.PgStatement.executeInternal(PgStatement.java:534)
	at org.postgresql.jdbc.PgStatement.execute(PgStatement.java:437)
	at org.postgresql.jdbc.PgPreparedStatement.executeWithFlags(PgPreparedStatement.java:196)
	at org.postgresql.jdbc.PgPreparedStatement.executeQuery(PgPreparedStatement.java:139)
	at lab.conference.acceptance.support.Store.count(Store.java:114)
	... 38 more

[ERROR] lab.conference.acceptance.ExternalRegistrationAcceptanceTest.ac_001_06_missingOrInvalidCaptchaIsRejected(String)[2] -- Time elapsed: 0.025 s <<< ERROR!
java.lang.IllegalStateException: 
org.postgresql.util.PSQLException: ERROR: relation "registration" does not exist
  Position: 22
	at lab.conference.acceptance.support.Store.count(Store.java:119)
	at lab.conference.acceptance.support.Store.registrationCount(Store.java:45)
	at lab.conference.acceptance.support.Store.snapshot(Store.java:100)
	at lab.conference.acceptance.ExternalRegistrationAcceptanceTest.ac_001_06_missingOrInvalidCaptchaIsRejected(ExternalRegistrationAcceptanceTest.java:206)
	at java.base/java.lang.reflect.Method.invoke(Method.java:580)
	at java.base/java.util.Optional.ifPresent(Optional.java:178)
	at java.base/java.util.stream.ForEachOps$ForEachOp$OfRef.accept(ForEachOps.java:184)
	at java.base/java.util.stream.ReferencePipeline$3$1.accept(ReferencePipeline.java:197)
	at java.base/java.util.stream.ForEachOps$ForEachOp$OfRef.accept(ForEachOps.java:184)
	at java.base/java.util.stream.ForEachOps$ForEachOp$OfRef.accept(ForEachOps.java:184)
	at java.base/java.util.stream.ReferencePipeline$3$1.accept(ReferencePipeline.java:197)
	at java.base/java.util.Spliterators$ArraySpliterator.forEachRemaining(Spliterators.java:1024)
	at java.base/java.util.stream.AbstractPipeline.copyInto(AbstractPipeline.java:509)
	at java.base/java.util.stream.AbstractPipeline.wrapAndCopyInto(AbstractPipeline.java:499)
	at java.base/java.util.stream.ForEachOps$ForEachOp.evaluateSequential(ForEachOps.java:151)
	at java.base/java.util.stream.ForEachOps$ForEachOp$OfRef.evaluateSequential(ForEachOps.java:174)
	at java.base/java.util.stream.AbstractPipeline.evaluate(AbstractPipeline.java:234)
	at java.base/java.util.stream.ReferencePipeline.forEach(ReferencePipeline.java:596)
	at java.base/java.util.stream.ReferencePipeline$7$1.accept(ReferencePipeline.java:276)
	at java.base/java.util.ArrayList$ArrayListSpliterator.forEachRemaining(ArrayList.java:1708)
	at java.base/java.util.stream.AbstractPipeline.copyInto(AbstractPipeline.java:509)
	at java.base/java.util.stream.AbstractPipeline.wrapAndCopyInto(AbstractPipeline.java:499)
	at java.base/java.util.stream.ForEachOps$ForEachOp.evaluateSequential(ForEachOps.java:151)
	at java.base/java.util.stream.ForEachOps$ForEachOp$OfRef.evaluateSequential(ForEachOps.java:174)
	at java.base/java.util.stream.AbstractPipeline.evaluate(AbstractPipeline.java:234)
	at java.base/java.util.stream.ReferencePipeline.forEach(ReferencePipeline.java:596)
	at java.base/java.util.stream.ReferencePipeline$7$1.accept(ReferencePipeline.java:276)
	at java.base/java.util.stream.ReferencePipeline$3$1.accept(ReferencePipeline.java:197)
	at java.base/java.util.stream.ReferencePipeline$3$1.accept(ReferencePipeline.java:197)
	at java.base/java.util.stream.ReferencePipeline$3$1.accept(ReferencePipeline.java:197)
	at java.base/java.util.ArrayList$ArrayListSpliterator.forEachRemaining(ArrayList.java:1708)
	at java.base/java.util.stream.AbstractPipeline.copyInto(AbstractPipeline.java:509)
	at java.base/java.util.stream.AbstractPipeline.wrapAndCopyInto(AbstractPipeline.java:499)
	at java.base/java.util.stream.ForEachOps$ForEachOp.evaluateSequential(ForEachOps.java:151)
	at java.base/java.util.stream.ForEachOps$ForEachOp$OfRef.evaluateSequential(ForEachOps.java:174)
	at java.base/java.util.stream.AbstractPipeline.evaluate(AbstractPipeline.java:234)
	at java.base/java.util.stream.ReferencePipeline.forEach(ReferencePipeline.java:596)
	at java.base/java.util.ArrayList.forEach(ArrayList.java:1596)
	at java.base/java.util.ArrayList.forEach(ArrayList.java:1596)
Caused by: org.postgresql.util.PSQLException: ERROR: relation "registration" does not exist
  Position: 22
	at org.postgresql.core.v3.QueryExecutorImpl.receiveErrorResponse(QueryExecutorImpl.java:2904)
	at org.postgresql.core.v3.QueryExecutorImpl.processResults(QueryExecutorImpl.java:2589)
	at org.postgresql.core.v3.QueryExecutorImpl.execute(QueryExecutorImpl.java:431)
	at org.postgresql.jdbc.PgStatement.executeInternal(PgStatement.java:534)
	at org.postgresql.jdbc.PgStatement.execute(PgStatement.java:437)
	at org.postgresql.jdbc.PgPreparedStatement.executeWithFlags(PgPreparedStatement.java:196)
	at org.postgresql.jdbc.PgPreparedStatement.executeQuery(PgPreparedStatement.java:139)
	at lab.conference.acceptance.support.Store.count(Store.java:114)
	... 38 more

[ERROR] lab.conference.acceptance.ExternalRegistrationAcceptanceTest.ac_001_06_missingOrInvalidCaptchaIsRejected(String)[3] -- Time elapsed: 0.027 s <<< ERROR!
java.lang.IllegalStateException: 
org.postgresql.util.PSQLException: ERROR: relation "registration" does not exist
  Position: 22
	at lab.conference.acceptance.support.Store.count(Store.java:119)
	at lab.conference.acceptance.support.Store.registrationCount(Store.java:45)
	at lab.conference.acceptance.support.Store.snapshot(Store.java:100)
	at lab.conference.acceptance.ExternalRegistrationAcceptanceTest.ac_001_06_missingOrInvalidCaptchaIsRejected(ExternalRegistrationAcceptanceTest.java:206)
	at java.base/java.lang.reflect.Method.invoke(Method.java:580)
	at java.base/java.util.Optional.ifPresent(Optional.java:178)
	at java.base/java.util.stream.ForEachOps$ForEachOp$OfRef.accept(ForEachOps.java:184)
	at java.base/java.util.stream.ReferencePipeline$3$1.accept(ReferencePipeline.java:197)
	at java.base/java.util.stream.ForEachOps$ForEachOp$OfRef.accept(ForEachOps.java:184)
	at java.base/java.util.stream.ForEachOps$ForEachOp$OfRef.accept(ForEachOps.java:184)
	at java.base/java.util.stream.ReferencePipeline$3$1.accept(ReferencePipeline.java:197)
	at java.base/java.util.Spliterators$ArraySpliterator.forEachRemaining(Spliterators.java:1024)
	at java.base/java.util.stream.AbstractPipeline.copyInto(AbstractPipeline.java:509)
	at java.base/java.util.stream.AbstractPipeline.wrapAndCopyInto(AbstractPipeline.java:499)
	at java.base/java.util.stream.ForEachOps$ForEachOp.evaluateSequential(ForEachOps.java:151)
	at java.base/java.util.stream.ForEachOps$ForEachOp$OfRef.evaluateSequential(ForEachOps.java:174)
	at java.base/java.util.stream.AbstractPipeline.evaluate(AbstractPipeline.java:234)
	at java.base/java.util.stream.ReferencePipeline.forEach(ReferencePipeline.java:596)
	at java.base/java.util.stream.ReferencePipeline$7$1.accept(ReferencePipeline.java:276)
	at java.base/java.util.ArrayList$ArrayListSpliterator.forEachRemaining(ArrayList.java:1708)
	at java.base/java.util.stream.AbstractPipeline.copyInto(AbstractPipeline.java:509)
	at java.base/java.util.stream.AbstractPipeline.wrapAndCopyInto(AbstractPipeline.java:499)
	at java.base/java.util.stream.ForEachOps$ForEachOp.evaluateSequential(ForEachOps.java:151)
	at java.base/java.util.stream.ForEachOps$ForEachOp$OfRef.evaluateSequential(ForEachOps.java:174)
	at java.base/java.util.stream.AbstractPipeline.evaluate(AbstractPipeline.java:234)
	at java.base/java.util.stream.ReferencePipeline.forEach(ReferencePipeline.java:596)
	at java.base/java.util.stream.ReferencePipeline$7$1.accept(ReferencePipeline.java:276)
	at java.base/java.util.stream.ReferencePipeline$3$1.accept(ReferencePipeline.java:197)
	at java.base/java.util.stream.ReferencePipeline$3$1.accept(ReferencePipeline.java:197)
	at java.base/java.util.stream.ReferencePipeline$3$1.accept(ReferencePipeline.java:197)
	at java.base/java.util.ArrayList$ArrayListSpliterator.forEachRemaining(ArrayList.java:1708)
	at java.base/java.util.stream.AbstractPipeline.copyInto(AbstractPipeline.java:509)
	at java.base/java.util.stream.AbstractPipeline.wrapAndCopyInto(AbstractPipeline.java:499)
	at java.base/java.util.stream.ForEachOps$ForEachOp.evaluateSequential(ForEachOps.java:151)
	at java.base/java.util.stream.ForEachOps$ForEachOp$OfRef.evaluateSequential(ForEachOps.java:174)
	at java.base/java.util.stream.AbstractPipeline.evaluate(AbstractPipeline.java:234)
	at java.base/java.util.stream.ReferencePipeline.forEach(ReferencePipeline.java:596)
	at java.base/java.util.ArrayList.forEach(ArrayList.java:1596)
	at java.base/java.util.ArrayList.forEach(ArrayList.java:1596)
Caused by: org.postgresql.util.PSQLException: ERROR: relation "registration" does not exist
  Position: 22
	at org.postgresql.core.v3.QueryExecutorImpl.receiveErrorResponse(QueryExecutorImpl.java:2904)
	at org.postgresql.core.v3.QueryExecutorImpl.processResults(QueryExecutorImpl.java:2589)
	at org.postgresql.core.v3.QueryExecutorImpl.execute(QueryExecutorImpl.java:431)
	at org.postgresql.jdbc.PgStatement.executeInternal(PgStatement.java:534)
	at org.postgresql.jdbc.PgStatement.execute(PgStatement.java:437)
	at org.postgresql.jdbc.PgPreparedStatement.executeWithFlags(PgPreparedStatement.java:196)
	at org.postgresql.jdbc.PgPreparedStatement.executeQuery(PgPreparedStatement.java:139)
	at lab.conference.acceptance.support.Store.count(Store.java:114)
	... 38 more

[ERROR] lab.conference.acceptance.ExternalRegistrationAcceptanceTest.ac_001_06_missingOrInvalidCaptchaIsRejected(String)[4] -- Time elapsed: 0.025 s <<< ERROR!
java.lang.IllegalStateException: 
org.postgresql.util.PSQLException: ERROR: relation "registration" does not exist
  Position: 22
	at lab.conference.acceptance.support.Store.count(Store.java:119)
	at lab.conference.acceptance.support.Store.registrationCount(Store.java:45)
	at lab.conference.acceptance.support.Store.snapshot(Store.java:100)
	at lab.conference.acceptance.ExternalRegistrationAcceptanceTest.ac_001_06_missingOrInvalidCaptchaIsRejected(ExternalRegistrationAcceptanceTest.java:206)
	at java.base/java.lang.reflect.Method.invoke(Method.java:580)
	at java.base/java.util.Optional.ifPresent(Optional.java:178)
	at java.base/java.util.stream.ForEachOps$ForEachOp$OfRef.accept(ForEachOps.java:184)
	at java.base/java.util.stream.ReferencePipeline$3$1.accept(ReferencePipeline.java:197)
	at java.base/java.util.stream.ForEachOps$ForEachOp$OfRef.accept(ForEachOps.java:184)
	at java.base/java.util.stream.ForEachOps$ForEachOp$OfRef.accept(ForEachOps.java:184)
	at java.base/java.util.stream.ReferencePipeline$3$1.accept(ReferencePipeline.java:197)
	at java.base/java.util.Spliterators$ArraySpliterator.forEachRemaining(Spliterators.java:1024)
	at java.base/java.util.stream.AbstractPipeline.copyInto(AbstractPipeline.java:509)
	at java.base/java.util.stream.AbstractPipeline.wrapAndCopyInto(AbstractPipeline.java:499)
	at java.base/java.util.stream.ForEachOps$ForEachOp.evaluateSequential(ForEachOps.java:151)
	at java.base/java.util.stream.ForEachOps$ForEachOp$OfRef.evaluateSequential(ForEachOps.java:174)
	at java.base/java.util.stream.AbstractPipeline.evaluate(AbstractPipeline.java:234)
	at java.base/java.util.stream.ReferencePipeline.forEach(ReferencePipeline.java:596)
	at java.base/java.util.stream.ReferencePipeline$7$1.accept(ReferencePipeline.java:276)
	at java.base/java.util.ArrayList$ArrayListSpliterator.forEachRemaining(ArrayList.java:1708)
	at java.base/java.util.stream.AbstractPipeline.copyInto(AbstractPipeline.java:509)
	at java.base/java.util.stream.AbstractPipeline.wrapAndCopyInto(AbstractPipeline.java:499)
	at java.base/java.util.stream.ForEachOps$ForEachOp.evaluateSequential(ForEachOps.java:151)
	at java.base/java.util.stream.ForEachOps$ForEachOp$OfRef.evaluateSequential(ForEachOps.java:174)
	at java.base/java.util.stream.AbstractPipeline.evaluate(AbstractPipeline.java:234)
	at java.base/java.util.stream.ReferencePipeline.forEach(ReferencePipeline.java:596)
	at java.base/java.util.stream.ReferencePipeline$7$1.accept(ReferencePipeline.java:276)
	at java.base/java.util.stream.ReferencePipeline$3$1.accept(ReferencePipeline.java:197)
	at java.base/java.util.stream.ReferencePipeline$3$1.accept(ReferencePipeline.java:197)
	at java.base/java.util.stream.ReferencePipeline$3$1.accept(ReferencePipeline.java:197)
	at java.base/java.util.ArrayList$ArrayListSpliterator.forEachRemaining(ArrayList.java:1708)
	at java.base/java.util.stream.AbstractPipeline.copyInto(AbstractPipeline.java:509)
	at java.base/java.util.stream.AbstractPipeline.wrapAndCopyInto(AbstractPipeline.java:499)
	at java.base/java.util.stream.ForEachOps$ForEachOp.evaluateSequential(ForEachOps.java:151)
	at java.base/java.util.stream.ForEachOps$ForEachOp$OfRef.evaluateSequential(ForEachOps.java:174)
	at java.base/java.util.stream.AbstractPipeline.evaluate(AbstractPipeline.java:234)
	at java.base/java.util.stream.ReferencePipeline.forEach(ReferencePipeline.java:596)
	at java.base/java.util.ArrayList.forEach(ArrayList.java:1596)
	at java.base/java.util.ArrayList.forEach(ArrayList.java:1596)
Caused by: org.postgresql.util.PSQLException: ERROR: relation "registration" does not exist
  Position: 22
	at org.postgresql.core.v3.QueryExecutorImpl.receiveErrorResponse(QueryExecutorImpl.java:2904)
	at org.postgresql.core.v3.QueryExecutorImpl.processResults(QueryExecutorImpl.java:2589)
	at org.postgresql.core.v3.QueryExecutorImpl.execute(QueryExecutorImpl.java:431)
	at org.postgresql.jdbc.PgStatement.executeInternal(PgStatement.java:534)
	at org.postgresql.jdbc.PgStatement.execute(PgStatement.java:437)
	at org.postgresql.jdbc.PgPreparedStatement.executeWithFlags(PgPreparedStatement.java:196)
	at org.postgresql.jdbc.PgPreparedStatement.executeQuery(PgPreparedStatement.java:139)
	at lab.conference.acceptance.support.Store.count(Store.java:114)
	... 38 more

[ERROR] lab.conference.acceptance.ExternalRegistrationAcceptanceTest.ac_001_04_unicodeValuesAreTrimmedAndPreserved -- Time elapsed: 0.025 s <<< FAILURE!
org.opentest4j.AssertionFailedError: 
[HTTP 401 ] 
expected: 201
 but was: 401
	at lab.conference.acceptance.ExternalRegistrationAcceptanceTest.ac_001_04_unicodeValuesAreTrimmedAndPreserved(ExternalRegistrationAcceptanceTest.java:147)
	at java.base/java.lang.reflect.Method.invoke(Method.java:580)
	at java.base/java.util.ArrayList.forEach(ArrayList.java:1596)
	at java.base/java.util.ArrayList.forEach(ArrayList.java:1596)

[ERROR] lab.conference.acceptance.ExternalRegistrationAcceptanceTest.ac_001_08_oversizedRequestBodyIsRejected -- Time elapsed: 0.024 s <<< ERROR!
java.lang.IllegalStateException: 
org.postgresql.util.PSQLException: ERROR: relation "registration" does not exist
  Position: 22
	at lab.conference.acceptance.support.Store.count(Store.java:119)
	at lab.conference.acceptance.support.Store.registrationCount(Store.java:45)
	at lab.conference.acceptance.support.Store.snapshot(Store.java:100)
	at lab.conference.acceptance.ExternalRegistrationAcceptanceTest.ac_001_08_oversizedRequestBodyIsRejected(ExternalRegistrationAcceptanceTest.java:289)
	at java.base/java.lang.reflect.Method.invoke(Method.java:580)
	at java.base/java.util.ArrayList.forEach(ArrayList.java:1596)
	at java.base/java.util.ArrayList.forEach(ArrayList.java:1596)
Caused by: org.postgresql.util.PSQLException: ERROR: relation "registration" does not exist
  Position: 22
	at org.postgresql.core.v3.QueryExecutorImpl.receiveErrorResponse(QueryExecutorImpl.java:2904)
	at org.postgresql.core.v3.QueryExecutorImpl.processResults(QueryExecutorImpl.java:2589)
	at org.postgresql.core.v3.QueryExecutorImpl.execute(QueryExecutorImpl.java:431)
	at org.postgresql.jdbc.PgStatement.executeInternal(PgStatement.java:534)
	at org.postgresql.jdbc.PgStatement.execute(PgStatement.java:437)
	at org.postgresql.jdbc.PgPreparedStatement.executeWithFlags(PgPreparedStatement.java:196)
	at org.postgresql.jdbc.PgPreparedStatement.executeQuery(PgPreparedStatement.java:139)
	at lab.conference.acceptance.support.Store.count(Store.java:114)
	... 6 more

[ERROR] lab.conference.acceptance.ExternalRegistrationAcceptanceTest.ac_001_07_absentOrFalseConsentIsRejected -- Time elapsed: 0.029 s <<< ERROR!
java.lang.IllegalStateException: 
org.postgresql.util.PSQLException: ERROR: relation "registration" does not exist
  Position: 22
	at lab.conference.acceptance.support.Store.count(Store.java:119)
	at lab.conference.acceptance.support.Store.registrationCount(Store.java:45)
	at lab.conference.acceptance.support.Store.snapshot(Store.java:100)
	at lab.conference.acceptance.ExternalRegistrationAcceptanceTest.ac_001_07_absentOrFalseConsentIsRejected(ExternalRegistrationAcceptanceTest.java:224)
	at java.base/java.lang.reflect.Method.invoke(Method.java:580)
	at java.base/java.util.ArrayList.forEach(ArrayList.java:1596)
	at java.base/java.util.ArrayList.forEach(ArrayList.java:1596)
Caused by: org.postgresql.util.PSQLException: ERROR: relation "registration" does not exist
  Position: 22
	at org.postgresql.core.v3.QueryExecutorImpl.receiveErrorResponse(QueryExecutorImpl.java:2904)
	at org.postgresql.core.v3.QueryExecutorImpl.processResults(QueryExecutorImpl.java:2589)
	at org.postgresql.core.v3.QueryExecutorImpl.execute(QueryExecutorImpl.java:431)
	at org.postgresql.jdbc.PgStatement.executeInternal(PgStatement.java:534)
	at org.postgresql.jdbc.PgStatement.execute(PgStatement.java:437)
	at org.postgresql.jdbc.PgPreparedStatement.executeWithFlags(PgPreparedStatement.java:196)
	at org.postgresql.jdbc.PgPreparedStatement.executeQuery(PgPreparedStatement.java:139)
	at lab.conference.acceptance.support.Store.count(Store.java:114)
	... 6 more

[ERROR] lab.conference.acceptance.ExternalRegistrationAcceptanceTest.ac_001_01_submissionWithNoSelectionsIsAccepted -- Time elapsed: 0.015 s <<< FAILURE!
org.opentest4j.AssertionFailedError: 

expected: 201
 but was: 401
	at lab.conference.acceptance.ExternalRegistrationAcceptanceTest.ac_001_01_submissionWithNoSelectionsIsAccepted(ExternalRegistrationAcceptanceTest.java:77)
	at java.base/java.lang.reflect.Method.invoke(Method.java:580)
	at java.base/java.util.ArrayList.forEach(ArrayList.java:1596)
	at java.base/java.util.ArrayList.forEach(ArrayList.java:1596)

[ERROR] lab.conference.acceptance.ExternalRegistrationAcceptanceTest.ac_001_08_overLongFieldIsRejected(String, String)[1] -- Time elapsed: 0.029 s <<< ERROR!
java.lang.IllegalStateException: 
org.postgresql.util.PSQLException: ERROR: relation "registration" does not exist
  Position: 22
	at lab.conference.acceptance.support.Store.count(Store.java:119)
	at lab.conference.acceptance.support.Store.registrationCount(Store.java:45)
	at lab.conference.acceptance.support.Store.snapshot(Store.java:100)
	at lab.conference.acceptance.ExternalRegistrationAcceptanceTest.ac_001_08_overLongFieldIsRejected(ExternalRegistrationAcceptanceTest.java:276)
	at java.base/java.lang.reflect.Method.invoke(Method.java:580)
	at java.base/java.util.Optional.ifPresent(Optional.java:178)
	at java.base/java.util.stream.ForEachOps$ForEachOp$OfRef.accept(ForEachOps.java:184)
	at java.base/java.util.stream.ReferencePipeline$3$1.accept(ReferencePipeline.java:197)
	at java.base/java.util.stream.ForEachOps$ForEachOp$OfRef.accept(ForEachOps.java:184)
	at java.base/java.util.stream.ForEachOps$ForEachOp$OfRef.accept(ForEachOps.java:184)
	at java.base/java.util.stream.ReferencePipeline$3$1.accept(ReferencePipeline.java:197)
	at java.base/java.util.Spliterators$ArraySpliterator.forEachRemaining(Spliterators.java:1024)
	at java.base/java.util.stream.ReferencePipeline$Head.forEach(ReferencePipeline.java:762)
	at java.base/java.util.stream.ReferencePipeline$7$1.accept(ReferencePipeline.java:276)
	at java.base/java.util.stream.ReferencePipeline$3$1.accept(ReferencePipeline.java:197)
	at java.base/java.util.stream.ReferencePipeline$3$1.accept(ReferencePipeline.java:197)
	at java.base/java.util.stream.ReferencePipeline$3$1.accept(ReferencePipeline.java:197)
	at java.base/java.util.Spliterators$ArraySpliterator.forEachRemaining(Spliterators.java:1024)
	at java.base/java.util.stream.AbstractPipeline.copyInto(AbstractPipeline.java:509)
	at java.base/java.util.stream.AbstractPipeline.wrapAndCopyInto(AbstractPipeline.java:499)
	at java.base/java.util.stream.ForEachOps$ForEachOp.evaluateSequential(ForEachOps.java:151)
	at java.base/java.util.stream.ForEachOps$ForEachOp$OfRef.evaluateSequential(ForEachOps.java:174)
	at java.base/java.util.stream.AbstractPipeline.evaluate(AbstractPipeline.java:234)
	at java.base/java.util.stream.ReferencePipeline.forEach(ReferencePipeline.java:596)
	at java.base/java.util.stream.ReferencePipeline$7$1.accept(ReferencePipeline.java:276)
	at java.base/java.util.ArrayList$ArrayListSpliterator.forEachRemaining(ArrayList.java:1708)
	at java.base/java.util.stream.AbstractPipeline.copyInto(AbstractPipeline.java:509)
	at java.base/java.util.stream.AbstractPipeline.wrapAndCopyInto(AbstractPipeline.java:499)
	at java.base/java.util.stream.ForEachOps$ForEachOp.evaluateSequential(ForEachOps.java:151)
	at java.base/java.util.stream.ForEachOps$ForEachOp$OfRef.evaluateSequential(ForEachOps.java:174)
	at java.base/java.util.stream.AbstractPipeline.evaluate(AbstractPipeline.java:234)
	at java.base/java.util.stream.ReferencePipeline.forEach(ReferencePipeline.java:596)
	at java.base/java.util.stream.ReferencePipeline$7$1.accept(ReferencePipeline.java:276)
	at java.base/java.util.stream.ReferencePipeline$3$1.accept(ReferencePipeline.java:197)
	at java.base/java.util.stream.ReferencePipeline$3$1.accept(ReferencePipeline.java:197)
	at java.base/java.util.stream.ReferencePipeline$3$1.accept(ReferencePipeline.java:197)
	at java.base/java.util.ArrayList$ArrayListSpliterator.forEachRemaining(ArrayList.java:1708)
	at java.base/java.util.stream.AbstractPipeline.copyInto(AbstractPipeline.java:509)
	at java.base/java.util.stream.AbstractPipeline.wrapAndCopyInto(AbstractPipeline.java:499)
	at java.base/java.util.stream.ForEachOps$ForEachOp.evaluateSequential(ForEachOps.java:151)
	at java.base/java.util.stream.ForEachOps$ForEachOp$OfRef.evaluateSequential(ForEachOps.java:174)
	at java.base/java.util.stream.AbstractPipeline.evaluate(AbstractPipeline.java:234)
	at java.base/java.util.stream.ReferencePipeline.forEach(ReferencePipeline.java:596)
	at java.base/java.util.ArrayList.forEach(ArrayList.java:1596)
	at java.base/java.util.ArrayList.forEach(ArrayList.java:1596)
Caused by: org.postgresql.util.PSQLException: ERROR: relation "registration" does not exist
  Position: 22
	at org.postgresql.core.v3.QueryExecutorImpl.receiveErrorResponse(QueryExecutorImpl.java:2904)
	at org.postgresql.core.v3.QueryExecutorImpl.processResults(QueryExecutorImpl.java:2589)
	at org.postgresql.core.v3.QueryExecutorImpl.execute(QueryExecutorImpl.java:431)
	at org.postgresql.jdbc.PgStatement.executeInternal(PgStatement.java:534)
	at org.postgresql.jdbc.PgStatement.execute(PgStatement.java:437)
	at org.postgresql.jdbc.PgPreparedStatement.executeWithFlags(PgPreparedStatement.java:196)
	at org.postgresql.jdbc.PgPreparedStatement.executeQuery(PgPreparedStatement.java:139)
	at lab.conference.acceptance.support.Store.count(Store.java:114)
	... 44 more

[ERROR] lab.conference.acceptance.ExternalRegistrationAcceptanceTest.ac_001_08_overLongFieldIsRejected(String, String)[2] -- Time elapsed: 0.030 s <<< ERROR!
java.lang.IllegalStateException: 
org.postgresql.util.PSQLException: ERROR: relation "registration" does not exist
  Position: 22
	at lab.conference.acceptance.support.Store.count(Store.java:119)
	at lab.conference.acceptance.support.Store.registrationCount(Store.java:45)
	at lab.conference.acceptance.support.Store.snapshot(Store.java:100)
	at lab.conference.acceptance.ExternalRegistrationAcceptanceTest.ac_001_08_overLongFieldIsRejected(ExternalRegistrationAcceptanceTest.java:276)
	at java.base/java.lang.reflect.Method.invoke(Method.java:580)
	at java.base/java.util.Optional.ifPresent(Optional.java:178)
	at java.base/java.util.stream.ForEachOps$ForEachOp$OfRef.accept(ForEachOps.java:184)
	at java.base/java.util.stream.ReferencePipeline$3$1.accept(ReferencePipeline.java:197)
	at java.base/java.util.stream.ForEachOps$ForEachOp$OfRef.accept(ForEachOps.java:184)
	at java.base/java.util.stream.ForEachOps$ForEachOp$OfRef.accept(ForEachOps.java:184)
	at java.base/java.util.stream.ReferencePipeline$3$1.accept(ReferencePipeline.java:197)
	at java.base/java.util.Spliterators$ArraySpliterator.forEachRemaining(Spliterators.java:1024)
	at java.base/java.util.stream.ReferencePipeline$Head.forEach(ReferencePipeline.java:762)
	at java.base/java.util.stream.ReferencePipeline$7$1.accept(ReferencePipeline.java:276)
	at java.base/java.util.stream.ReferencePipeline$3$1.accept(ReferencePipeline.java:197)
	at java.base/java.util.stream.ReferencePipeline$3$1.accept(ReferencePipeline.java:197)
	at java.base/java.util.stream.ReferencePipeline$3$1.accept(ReferencePipeline.java:197)
	at java.base/java.util.Spliterators$ArraySpliterator.forEachRemaining(Spliterators.java:1024)
	at java.base/java.util.stream.AbstractPipeline.copyInto(AbstractPipeline.java:509)
	at java.base/java.util.stream.AbstractPipeline.wrapAndCopyInto(AbstractPipeline.java:499)
	at java.base/java.util.stream.ForEachOps$ForEachOp.evaluateSequential(ForEachOps.java:151)
	at java.base/java.util.stream.ForEachOps$ForEachOp$OfRef.evaluateSequential(ForEachOps.java:174)
	at java.base/java.util.stream.AbstractPipeline.evaluate(AbstractPipeline.java:234)
	at java.base/java.util.stream.ReferencePipeline.forEach(ReferencePipeline.java:596)
	at java.base/java.util.stream.ReferencePipeline$7$1.accept(ReferencePipeline.java:276)
	at java.base/java.util.ArrayList$ArrayListSpliterator.forEachRemaining(ArrayList.java:1708)
	at java.base/java.util.stream.AbstractPipeline.copyInto(AbstractPipeline.java:509)
	at java.base/java.util.stream.AbstractPipeline.wrapAndCopyInto(AbstractPipeline.java:499)
	at java.base/java.util.stream.ForEachOps$ForEachOp.evaluateSequential(ForEachOps.java:151)
	at java.base/java.util.stream.ForEachOps$ForEachOp$OfRef.evaluateSequential(ForEachOps.java:174)
	at java.base/java.util.stream.AbstractPipeline.evaluate(AbstractPipeline.java:234)
	at java.base/java.util.stream.ReferencePipeline.forEach(ReferencePipeline.java:596)
	at java.base/java.util.stream.ReferencePipeline$7$1.accept(ReferencePipeline.java:276)
	at java.base/java.util.stream.ReferencePipeline$3$1.accept(ReferencePipeline.java:197)
	at java.base/java.util.stream.ReferencePipeline$3$1.accept(ReferencePipeline.java:197)
	at java.base/java.util.stream.ReferencePipeline$3$1.accept(ReferencePipeline.java:197)
	at java.base/java.util.ArrayList$ArrayListSpliterator.forEachRemaining(ArrayList.java:1708)
	at java.base/java.util.stream.AbstractPipeline.copyInto(AbstractPipeline.java:509)
	at java.base/java.util.stream.AbstractPipeline.wrapAndCopyInto(AbstractPipeline.java:499)
	at java.base/java.util.stream.ForEachOps$ForEachOp.evaluateSequential(ForEachOps.java:151)
	at java.base/java.util.stream.ForEachOps$ForEachOp$OfRef.evaluateSequential(ForEachOps.java:174)
	at java.base/java.util.stream.AbstractPipeline.evaluate(AbstractPipeline.java:234)
	at java.base/java.util.stream.ReferencePipeline.forEach(ReferencePipeline.java:596)
	at java.base/java.util.ArrayList.forEach(ArrayList.java:1596)
	at java.base/java.util.ArrayList.forEach(ArrayList.java:1596)
Caused by: org.postgresql.util.PSQLException: ERROR: relation "registration" does not exist
  Position: 22
	at org.postgresql.core.v3.QueryExecutorImpl.receiveErrorResponse(QueryExecutorImpl.java:2904)
	at org.postgresql.core.v3.QueryExecutorImpl.processResults(QueryExecutorImpl.java:2589)
	at org.postgresql.core.v3.QueryExecutorImpl.execute(QueryExecutorImpl.java:431)
	at org.postgresql.jdbc.PgStatement.executeInternal(PgStatement.java:534)
	at org.postgresql.jdbc.PgStatement.execute(PgStatement.java:437)
	at org.postgresql.jdbc.PgPreparedStatement.executeWithFlags(PgPreparedStatement.java:196)
	at org.postgresql.jdbc.PgPreparedStatement.executeQuery(PgPreparedStatement.java:139)
	at lab.conference.acceptance.support.Store.count(Store.java:114)
	... 44 more

[ERROR] lab.conference.acceptance.ExternalRegistrationAcceptanceTest.ac_001_08_overLongFieldIsRejected(String, String)[3] -- Time elapsed: 0.030 s <<< ERROR!
java.lang.IllegalStateException: 
org.postgresql.util.PSQLException: ERROR: relation "registration" does not exist
  Position: 22
	at lab.conference.acceptance.support.Store.count(Store.java:119)
	at lab.conference.acceptance.support.Store.registrationCount(Store.java:45)
	at lab.conference.acceptance.support.Store.snapshot(Store.java:100)
	at lab.conference.acceptance.ExternalRegistrationAcceptanceTest.ac_001_08_overLongFieldIsRejected(ExternalRegistrationAcceptanceTest.java:276)
	at java.base/java.lang.reflect.Method.invoke(Method.java:580)
	at java.base/java.util.Optional.ifPresent(Optional.java:178)
	at java.base/java.util.stream.ForEachOps$ForEachOp$OfRef.accept(ForEachOps.java:184)
	at java.base/java.util.stream.ReferencePipeline$3$1.accept(ReferencePipeline.java:197)
	at java.base/java.util.stream.ForEachOps$ForEachOp$OfRef.accept(ForEachOps.java:184)
	at java.base/java.util.stream.ForEachOps$ForEachOp$OfRef.accept(ForEachOps.java:184)
	at java.base/java.util.stream.ReferencePipeline$3$1.accept(ReferencePipeline.java:197)
	at java.base/java.util.Spliterators$ArraySpliterator.forEachRemaining(Spliterators.java:1024)
	at java.base/java.util.stream.ReferencePipeline$Head.forEach(ReferencePipeline.java:762)
	at java.base/java.util.stream.ReferencePipeline$7$1.accept(ReferencePipeline.java:276)
	at java.base/java.util.stream.ReferencePipeline$3$1.accept(ReferencePipeline.java:197)
	at java.base/java.util.stream.ReferencePipeline$3$1.accept(ReferencePipeline.java:197)
	at java.base/java.util.stream.ReferencePipeline$3$1.accept(ReferencePipeline.java:197)
	at java.base/java.util.Spliterators$ArraySpliterator.forEachRemaining(Spliterators.java:1024)
	at java.base/java.util.stream.AbstractPipeline.copyInto(AbstractPipeline.java:509)
	at java.base/java.util.stream.AbstractPipeline.wrapAndCopyInto(AbstractPipeline.java:499)
	at java.base/java.util.stream.ForEachOps$ForEachOp.evaluateSequential(ForEachOps.java:151)
	at java.base/java.util.stream.ForEachOps$ForEachOp$OfRef.evaluateSequential(ForEachOps.java:174)
	at java.base/java.util.stream.AbstractPipeline.evaluate(AbstractPipeline.java:234)
	at java.base/java.util.stream.ReferencePipeline.forEach(ReferencePipeline.java:596)
	at java.base/java.util.stream.ReferencePipeline$7$1.accept(ReferencePipeline.java:276)
	at java.base/java.util.ArrayList$ArrayListSpliterator.forEachRemaining(ArrayList.java:1708)
	at java.base/java.util.stream.AbstractPipeline.copyInto(AbstractPipeline.java:509)
	at java.base/java.util.stream.AbstractPipeline.wrapAndCopyInto(AbstractPipeline.java:499)
	at java.base/java.util.stream.ForEachOps$ForEachOp.evaluateSequential(ForEachOps.java:151)
	at java.base/java.util.stream.ForEachOps$ForEachOp$OfRef.evaluateSequential(ForEachOps.java:174)
	at java.base/java.util.stream.AbstractPipeline.evaluate(AbstractPipeline.java:234)
	at java.base/java.util.stream.ReferencePipeline.forEach(ReferencePipeline.java:596)
	at java.base/java.util.stream.ReferencePipeline$7$1.accept(ReferencePipeline.java:276)
	at java.base/java.util.stream.ReferencePipeline$3$1.accept(ReferencePipeline.java:197)
	at java.base/java.util.stream.ReferencePipeline$3$1.accept(ReferencePipeline.java:197)
	at java.base/java.util.stream.ReferencePipeline$3$1.accept(ReferencePipeline.java:197)
	at java.base/java.util.ArrayList$ArrayListSpliterator.forEachRemaining(ArrayList.java:1708)
	at java.base/java.util.stream.AbstractPipeline.copyInto(AbstractPipeline.java:509)
	at java.base/java.util.stream.AbstractPipeline.wrapAndCopyInto(AbstractPipeline.java:499)
	at java.base/java.util.stream.ForEachOps$ForEachOp.evaluateSequential(ForEachOps.java:151)
	at java.base/java.util.stream.ForEachOps$ForEachOp$OfRef.evaluateSequential(ForEachOps.java:174)
	at java.base/java.util.stream.AbstractPipeline.evaluate(AbstractPipeline.java:234)
	at java.base/java.util.stream.ReferencePipeline.forEach(ReferencePipeline.java:596)
	at java.base/java.util.ArrayList.forEach(ArrayList.java:1596)
	at java.base/java.util.ArrayList.forEach(ArrayList.java:1596)
Caused by: org.postgresql.util.PSQLException: ERROR: relation "registration" does not exist
  Position: 22
	at org.postgresql.core.v3.QueryExecutorImpl.receiveErrorResponse(QueryExecutorImpl.java:2904)
	at org.postgresql.core.v3.QueryExecutorImpl.processResults(QueryExecutorImpl.java:2589)
	at org.postgresql.core.v3.QueryExecutorImpl.execute(QueryExecutorImpl.java:431)
	at org.postgresql.jdbc.PgStatement.executeInternal(PgStatement.java:534)
	at org.postgresql.jdbc.PgStatement.execute(PgStatement.java:437)
	at org.postgresql.jdbc.PgPreparedStatement.executeWithFlags(PgPreparedStatement.java:196)
	at org.postgresql.jdbc.PgPreparedStatement.executeQuery(PgPreparedStatement.java:139)
	at lab.conference.acceptance.support.Store.count(Store.java:114)
	... 44 more

[ERROR] lab.conference.acceptance.ExternalRegistrationAcceptanceTest.ac_001_08_overLongFieldIsRejected(String, String)[4] -- Time elapsed: 0.026 s <<< ERROR!
java.lang.IllegalStateException: 
org.postgresql.util.PSQLException: ERROR: relation "registration" does not exist
  Position: 22
	at lab.conference.acceptance.support.Store.count(Store.java:119)
	at lab.conference.acceptance.support.Store.registrationCount(Store.java:45)
	at lab.conference.acceptance.support.Store.snapshot(Store.java:100)
	at lab.conference.acceptance.ExternalRegistrationAcceptanceTest.ac_001_08_overLongFieldIsRejected(ExternalRegistrationAcceptanceTest.java:276)
	at java.base/java.lang.reflect.Method.invoke(Method.java:580)
	at java.base/java.util.Optional.ifPresent(Optional.java:178)
	at java.base/java.util.stream.ForEachOps$ForEachOp$OfRef.accept(ForEachOps.java:184)
	at java.base/java.util.stream.ReferencePipeline$3$1.accept(ReferencePipeline.java:197)
	at java.base/java.util.stream.ForEachOps$ForEachOp$OfRef.accept(ForEachOps.java:184)
	at java.base/java.util.stream.ForEachOps$ForEachOp$OfRef.accept(ForEachOps.java:184)
	at java.base/java.util.stream.ReferencePipeline$3$1.accept(ReferencePipeline.java:197)
	at java.base/java.util.Spliterators$ArraySpliterator.forEachRemaining(Spliterators.java:1024)
	at java.base/java.util.stream.ReferencePipeline$Head.forEach(ReferencePipeline.java:762)
	at java.base/java.util.stream.ReferencePipeline$7$1.accept(ReferencePipeline.java:276)
	at java.base/java.util.stream.ReferencePipeline$3$1.accept(ReferencePipeline.java:197)
	at java.base/java.util.stream.ReferencePipeline$3$1.accept(ReferencePipeline.java:197)
	at java.base/java.util.stream.ReferencePipeline$3$1.accept(ReferencePipeline.java:197)
	at java.base/java.util.Spliterators$ArraySpliterator.forEachRemaining(Spliterators.java:1024)
	at java.base/java.util.stream.AbstractPipeline.copyInto(AbstractPipeline.java:509)
	at java.base/java.util.stream.AbstractPipeline.wrapAndCopyInto(AbstractPipeline.java:499)
	at java.base/java.util.stream.ForEachOps$ForEachOp.evaluateSequential(ForEachOps.java:151)
	at java.base/java.util.stream.ForEachOps$ForEachOp$OfRef.evaluateSequential(ForEachOps.java:174)
	at java.base/java.util.stream.AbstractPipeline.evaluate(AbstractPipeline.java:234)
	at java.base/java.util.stream.ReferencePipeline.forEach(ReferencePipeline.java:596)
	at java.base/java.util.stream.ReferencePipeline$7$1.accept(ReferencePipeline.java:276)
	at java.base/java.util.ArrayList$ArrayListSpliterator.forEachRemaining(ArrayList.java:1708)
	at java.base/java.util.stream.AbstractPipeline.copyInto(AbstractPipeline.java:509)
	at java.base/java.util.stream.AbstractPipeline.wrapAndCopyInto(AbstractPipeline.java:499)
	at java.base/java.util.stream.ForEachOps$ForEachOp.evaluateSequential(ForEachOps.java:151)
	at java.base/java.util.stream.ForEachOps$ForEachOp$OfRef.evaluateSequential(ForEachOps.java:174)
	at java.base/java.util.stream.AbstractPipeline.evaluate(AbstractPipeline.java:234)
	at java.base/java.util.stream.ReferencePipeline.forEach(ReferencePipeline.java:596)
	at java.base/java.util.stream.ReferencePipeline$7$1.accept(ReferencePipeline.java:276)
	at java.base/java.util.stream.ReferencePipeline$3$1.accept(ReferencePipeline.java:197)
	at java.base/java.util.stream.ReferencePipeline$3$1.accept(ReferencePipeline.java:197)
	at java.base/java.util.stream.ReferencePipeline$3$1.accept(ReferencePipeline.java:197)
	at java.base/java.util.ArrayList$ArrayListSpliterator.forEachRemaining(ArrayList.java:1708)
	at java.base/java.util.stream.AbstractPipeline.copyInto(AbstractPipeline.java:509)
	at java.base/java.util.stream.AbstractPipeline.wrapAndCopyInto(AbstractPipeline.java:499)
	at java.base/java.util.stream.ForEachOps$ForEachOp.evaluateSequential(ForEachOps.java:151)
	at java.base/java.util.stream.ForEachOps$ForEachOp$OfRef.evaluateSequential(ForEachOps.java:174)
	at java.base/java.util.stream.AbstractPipeline.evaluate(AbstractPipeline.java:234)
	at java.base/java.util.stream.ReferencePipeline.forEach(ReferencePipeline.java:596)
	at java.base/java.util.ArrayList.forEach(ArrayList.java:1596)
	at java.base/java.util.ArrayList.forEach(ArrayList.java:1596)
Caused by: org.postgresql.util.PSQLException: ERROR: relation "registration" does not exist
  Position: 22
	at org.postgresql.core.v3.QueryExecutorImpl.receiveErrorResponse(QueryExecutorImpl.java:2904)
	at org.postgresql.core.v3.QueryExecutorImpl.processResults(QueryExecutorImpl.java:2589)
	at org.postgresql.core.v3.QueryExecutorImpl.execute(QueryExecutorImpl.java:431)
	at org.postgresql.jdbc.PgStatement.executeInternal(PgStatement.java:534)
	at org.postgresql.jdbc.PgStatement.execute(PgStatement.java:437)
	at org.postgresql.jdbc.PgPreparedStatement.executeWithFlags(PgPreparedStatement.java:196)
	at org.postgresql.jdbc.PgPreparedStatement.executeQuery(PgPreparedStatement.java:139)
	at lab.conference.acceptance.support.Store.count(Store.java:114)
	... 44 more

[ERROR] lab.conference.acceptance.ExternalRegistrationAcceptanceTest.ac_001_01_validExternalSubmissionIsAcceptedWithServerGeneratedId -- Time elapsed: 0.014 s <<< FAILURE!
org.opentest4j.AssertionFailedError: 
[HTTP 401 ] 
expected: 201
 but was: 401
	at lab.conference.acceptance.ExternalRegistrationAcceptanceTest.ac_001_01_validExternalSubmissionIsAcceptedWithServerGeneratedId(ExternalRegistrationAcceptanceTest.java:52)
	at java.base/java.lang.reflect.Method.invoke(Method.java:580)
	at java.base/java.util.ArrayList.forEach(ArrayList.java:1596)
	at java.base/java.util.ArrayList.forEach(ArrayList.java:1596)

[ERROR] lab.conference.acceptance.ExternalRegistrationAcceptanceTest.ac_001_08_fieldsAtMaximumLengthAreAccepted -- Time elapsed: 0.022 s <<< FAILURE!
org.opentest4j.AssertionFailedError: 

expected: 201
 but was: 401
	at lab.conference.acceptance.ExternalRegistrationAcceptanceTest.ac_001_08_fieldsAtMaximumLengthAreAccepted(ExternalRegistrationAcceptanceTest.java:251)
	at java.base/java.lang.reflect.Method.invoke(Method.java:580)
	at java.base/java.util.ArrayList.forEach(ArrayList.java:1596)
	at java.base/java.util.ArrayList.forEach(ArrayList.java:1596)

[ERROR] lab.conference.acceptance.ExternalRegistrationAcceptanceTest.ac_001_05_unknownInactiveWrongGroupOrDuplicateOptionIsRejected(String, Object)[1] -- Time elapsed: 0.027 s <<< ERROR!
java.lang.IllegalStateException: 
org.postgresql.util.PSQLException: ERROR: relation "registration" does not exist
  Position: 22
	at lab.conference.acceptance.support.Store.count(Store.java:119)
	at lab.conference.acceptance.support.Store.registrationCount(Store.java:45)
	at lab.conference.acceptance.support.Store.snapshot(Store.java:100)
	at lab.conference.acceptance.ExternalRegistrationAcceptanceTest.ac_001_05_unknownInactiveWrongGroupOrDuplicateOptionIsRejected(ExternalRegistrationAcceptanceTest.java:186)
	at java.base/java.lang.reflect.Method.invoke(Method.java:580)
	at java.base/java.util.Optional.ifPresent(Optional.java:178)
	at java.base/java.util.stream.ForEachOps$ForEachOp$OfRef.accept(ForEachOps.java:184)
	at java.base/java.util.stream.ReferencePipeline$3$1.accept(ReferencePipeline.java:197)
	at java.base/java.util.stream.ForEachOps$ForEachOp$OfRef.accept(ForEachOps.java:184)
	at java.base/java.util.stream.ForEachOps$ForEachOp$OfRef.accept(ForEachOps.java:184)
	at java.base/java.util.stream.ReferencePipeline$3$1.accept(ReferencePipeline.java:197)
	at java.base/java.util.Spliterators$ArraySpliterator.forEachRemaining(Spliterators.java:1024)
	at java.base/java.util.stream.ReferencePipeline$Head.forEach(ReferencePipeline.java:762)
	at java.base/java.util.stream.ReferencePipeline$7$1.accept(ReferencePipeline.java:276)
	at java.base/java.util.stream.ReferencePipeline$3$1.accept(ReferencePipeline.java:197)
	at java.base/java.util.stream.ReferencePipeline$3$1.accept(ReferencePipeline.java:197)
	at java.base/java.util.stream.ReferencePipeline$3$1.accept(ReferencePipeline.java:197)
	at java.base/java.util.Spliterators$ArraySpliterator.forEachRemaining(Spliterators.java:1024)
	at java.base/java.util.stream.AbstractPipeline.copyInto(AbstractPipeline.java:509)
	at java.base/java.util.stream.AbstractPipeline.wrapAndCopyInto(AbstractPipeline.java:499)
	at java.base/java.util.stream.ForEachOps$ForEachOp.evaluateSequential(ForEachOps.java:151)
	at java.base/java.util.stream.ForEachOps$ForEachOp$OfRef.evaluateSequential(ForEachOps.java:174)
	at java.base/java.util.stream.AbstractPipeline.evaluate(AbstractPipeline.java:234)
	at java.base/java.util.stream.ReferencePipeline.forEach(ReferencePipeline.java:596)
	at java.base/java.util.stream.ReferencePipeline$7$1.accept(ReferencePipeline.java:276)
	at java.base/java.util.ArrayList$ArrayListSpliterator.forEachRemaining(ArrayList.java:1708)
	at java.base/java.util.stream.AbstractPipeline.copyInto(AbstractPipeline.java:509)
	at java.base/java.util.stream.AbstractPipeline.wrapAndCopyInto(AbstractPipeline.java:499)
	at java.base/java.util.stream.ForEachOps$ForEachOp.evaluateSequential(ForEachOps.java:151)
	at java.base/java.util.stream.ForEachOps$ForEachOp$OfRef.evaluateSequential(ForEachOps.java:174)
	at java.base/java.util.stream.AbstractPipeline.evaluate(AbstractPipeline.java:234)
	at java.base/java.util.stream.ReferencePipeline.forEach(ReferencePipeline.java:596)
	at java.base/java.util.stream.ReferencePipeline$7$1.accept(ReferencePipeline.java:276)
	at java.base/java.util.stream.ReferencePipeline$3$1.accept(ReferencePipeline.java:197)
	at java.base/java.util.stream.ReferencePipeline$3$1.accept(ReferencePipeline.java:197)
	at java.base/java.util.stream.ReferencePipeline$3$1.accept(ReferencePipeline.java:197)
	at java.base/java.util.ArrayList$ArrayListSpliterator.forEachRemaining(ArrayList.java:1708)
	at java.base/java.util.stream.AbstractPipeline.copyInto(AbstractPipeline.java:509)
	at java.base/java.util.stream.AbstractPipeline.wrapAndCopyInto(AbstractPipeline.java:499)
	at java.base/java.util.stream.ForEachOps$ForEachOp.evaluateSequential(ForEachOps.java:151)
	at java.base/java.util.stream.ForEachOps$ForEachOp$OfRef.evaluateSequential(ForEachOps.java:174)
	at java.base/java.util.stream.AbstractPipeline.evaluate(AbstractPipeline.java:234)
	at java.base/java.util.stream.ReferencePipeline.forEach(ReferencePipeline.java:596)
	at java.base/java.util.ArrayList.forEach(ArrayList.java:1596)
	at java.base/java.util.ArrayList.forEach(ArrayList.java:1596)
Caused by: org.postgresql.util.PSQLException: ERROR: relation "registration" does not exist
  Position: 22
	at org.postgresql.core.v3.QueryExecutorImpl.receiveErrorResponse(QueryExecutorImpl.java:2904)
	at org.postgresql.core.v3.QueryExecutorImpl.processResults(QueryExecutorImpl.java:2589)
	at org.postgresql.core.v3.QueryExecutorImpl.execute(QueryExecutorImpl.java:431)
	at org.postgresql.jdbc.PgStatement.executeInternal(PgStatement.java:534)
	at org.postgresql.jdbc.PgStatement.execute(PgStatement.java:437)
	at org.postgresql.jdbc.PgPreparedStatement.executeWithFlags(PgPreparedStatement.java:196)
	at org.postgresql.jdbc.PgPreparedStatement.executeQuery(PgPreparedStatement.java:139)
	at lab.conference.acceptance.support.Store.count(Store.java:114)
	... 44 more

[ERROR] lab.conference.acceptance.ExternalRegistrationAcceptanceTest.ac_001_05_unknownInactiveWrongGroupOrDuplicateOptionIsRejected(String, Object)[2] -- Time elapsed: 0.026 s <<< ERROR!
java.lang.IllegalStateException: 
org.postgresql.util.PSQLException: ERROR: relation "registration" does not exist
  Position: 22
	at lab.conference.acceptance.support.Store.count(Store.java:119)
	at lab.conference.acceptance.support.Store.registrationCount(Store.java:45)
	at lab.conference.acceptance.support.Store.snapshot(Store.java:100)
	at lab.conference.acceptance.ExternalRegistrationAcceptanceTest.ac_001_05_unknownInactiveWrongGroupOrDuplicateOptionIsRejected(ExternalRegistrationAcceptanceTest.java:186)
	at java.base/java.lang.reflect.Method.invoke(Method.java:580)
	at java.base/java.util.Optional.ifPresent(Optional.java:178)
	at java.base/java.util.stream.ForEachOps$ForEachOp$OfRef.accept(ForEachOps.java:184)
	at java.base/java.util.stream.ReferencePipeline$3$1.accept(ReferencePipeline.java:197)
	at java.base/java.util.stream.ForEachOps$ForEachOp$OfRef.accept(ForEachOps.java:184)
	at java.base/java.util.stream.ForEachOps$ForEachOp$OfRef.accept(ForEachOps.java:184)
	at java.base/java.util.stream.ReferencePipeline$3$1.accept(ReferencePipeline.java:197)
	at java.base/java.util.Spliterators$ArraySpliterator.forEachRemaining(Spliterators.java:1024)
	at java.base/java.util.stream.ReferencePipeline$Head.forEach(ReferencePipeline.java:762)
	at java.base/java.util.stream.ReferencePipeline$7$1.accept(ReferencePipeline.java:276)
	at java.base/java.util.stream.ReferencePipeline$3$1.accept(ReferencePipeline.java:197)
	at java.base/java.util.stream.ReferencePipeline$3$1.accept(ReferencePipeline.java:197)
	at java.base/java.util.stream.ReferencePipeline$3$1.accept(ReferencePipeline.java:197)
	at java.base/java.util.Spliterators$ArraySpliterator.forEachRemaining(Spliterators.java:1024)
	at java.base/java.util.stream.AbstractPipeline.copyInto(AbstractPipeline.java:509)
	at java.base/java.util.stream.AbstractPipeline.wrapAndCopyInto(AbstractPipeline.java:499)
	at java.base/java.util.stream.ForEachOps$ForEachOp.evaluateSequential(ForEachOps.java:151)
	at java.base/java.util.stream.ForEachOps$ForEachOp$OfRef.evaluateSequential(ForEachOps.java:174)
	at java.base/java.util.stream.AbstractPipeline.evaluate(AbstractPipeline.java:234)
	at java.base/java.util.stream.ReferencePipeline.forEach(ReferencePipeline.java:596)
	at java.base/java.util.stream.ReferencePipeline$7$1.accept(ReferencePipeline.java:276)
	at java.base/java.util.ArrayList$ArrayListSpliterator.forEachRemaining(ArrayList.java:1708)
	at java.base/java.util.stream.AbstractPipeline.copyInto(AbstractPipeline.java:509)
	at java.base/java.util.stream.AbstractPipeline.wrapAndCopyInto(AbstractPipeline.java:499)
	at java.base/java.util.stream.ForEachOps$ForEachOp.evaluateSequential(ForEachOps.java:151)
	at java.base/java.util.stream.ForEachOps$ForEachOp$OfRef.evaluateSequential(ForEachOps.java:174)
	at java.base/java.util.stream.AbstractPipeline.evaluate(AbstractPipeline.java:234)
	at java.base/java.util.stream.ReferencePipeline.forEach(ReferencePipeline.java:596)
	at java.base/java.util.stream.ReferencePipeline$7$1.accept(ReferencePipeline.java:276)
	at java.base/java.util.stream.ReferencePipeline$3$1.accept(ReferencePipeline.java:197)
	at java.base/java.util.stream.ReferencePipeline$3$1.accept(ReferencePipeline.java:197)
	at java.base/java.util.stream.ReferencePipeline$3$1.accept(ReferencePipeline.java:197)
	at java.base/java.util.ArrayList$ArrayListSpliterator.forEachRemaining(ArrayList.java:1708)
	at java.base/java.util.stream.AbstractPipeline.copyInto(AbstractPipeline.java:509)
	at java.base/java.util.stream.AbstractPipeline.wrapAndCopyInto(AbstractPipeline.java:499)
	at java.base/java.util.stream.ForEachOps$ForEachOp.evaluateSequential(ForEachOps.java:151)
	at java.base/java.util.stream.ForEachOps$ForEachOp$OfRef.evaluateSequential(ForEachOps.java:174)
	at java.base/java.util.stream.AbstractPipeline.evaluate(AbstractPipeline.java:234)
	at java.base/java.util.stream.ReferencePipeline.forEach(ReferencePipeline.java:596)
	at java.base/java.util.ArrayList.forEach(ArrayList.java:1596)
	at java.base/java.util.ArrayList.forEach(ArrayList.java:1596)
Caused by: org.postgresql.util.PSQLException: ERROR: relation "registration" does not exist
  Position: 22
	at org.postgresql.core.v3.QueryExecutorImpl.receiveErrorResponse(QueryExecutorImpl.java:2904)
	at org.postgresql.core.v3.QueryExecutorImpl.processResults(QueryExecutorImpl.java:2589)
	at org.postgresql.core.v3.QueryExecutorImpl.execute(QueryExecutorImpl.java:431)
	at org.postgresql.jdbc.PgStatement.executeInternal(PgStatement.java:534)
	at org.postgresql.jdbc.PgStatement.execute(PgStatement.java:437)
	at org.postgresql.jdbc.PgPreparedStatement.executeWithFlags(PgPreparedStatement.java:196)
	at org.postgresql.jdbc.PgPreparedStatement.executeQuery(PgPreparedStatement.java:139)
	at lab.conference.acceptance.support.Store.count(Store.java:114)
	... 44 more

[ERROR] lab.conference.acceptance.ExternalRegistrationAcceptanceTest.ac_001_05_unknownInactiveWrongGroupOrDuplicateOptionIsRejected(String, Object)[3] -- Time elapsed: 0.026 s <<< ERROR!
java.lang.IllegalStateException: 
org.postgresql.util.PSQLException: ERROR: relation "registration" does not exist
  Position: 22
	at lab.conference.acceptance.support.Store.count(Store.java:119)
	at lab.conference.acceptance.support.Store.registrationCount(Store.java:45)
	at lab.conference.acceptance.support.Store.snapshot(Store.java:100)
	at lab.conference.acceptance.ExternalRegistrationAcceptanceTest.ac_001_05_unknownInactiveWrongGroupOrDuplicateOptionIsRejected(ExternalRegistrationAcceptanceTest.java:186)
	at java.base/java.lang.reflect.Method.invoke(Method.java:580)
	at java.base/java.util.Optional.ifPresent(Optional.java:178)
	at java.base/java.util.stream.ForEachOps$ForEachOp$OfRef.accept(ForEachOps.java:184)
	at java.base/java.util.stream.ReferencePipeline$3$1.accept(ReferencePipeline.java:197)
	at java.base/java.util.stream.ForEachOps$ForEachOp$OfRef.accept(ForEachOps.java:184)
	at java.base/java.util.stream.ForEachOps$ForEachOp$OfRef.accept(ForEachOps.java:184)
	at java.base/java.util.stream.ReferencePipeline$3$1.accept(ReferencePipeline.java:197)
	at java.base/java.util.Spliterators$ArraySpliterator.forEachRemaining(Spliterators.java:1024)
	at java.base/java.util.stream.ReferencePipeline$Head.forEach(ReferencePipeline.java:762)
	at java.base/java.util.stream.ReferencePipeline$7$1.accept(ReferencePipeline.java:276)
	at java.base/java.util.stream.ReferencePipeline$3$1.accept(ReferencePipeline.java:197)
	at java.base/java.util.stream.ReferencePipeline$3$1.accept(ReferencePipeline.java:197)
	at java.base/java.util.stream.ReferencePipeline$3$1.accept(ReferencePipeline.java:197)
	at java.base/java.util.Spliterators$ArraySpliterator.forEachRemaining(Spliterators.java:1024)
	at java.base/java.util.stream.AbstractPipeline.copyInto(AbstractPipeline.java:509)
	at java.base/java.util.stream.AbstractPipeline.wrapAndCopyInto(AbstractPipeline.java:499)
	at java.base/java.util.stream.ForEachOps$ForEachOp.evaluateSequential(ForEachOps.java:151)
	at java.base/java.util.stream.ForEachOps$ForEachOp$OfRef.evaluateSequential(ForEachOps.java:174)
	at java.base/java.util.stream.AbstractPipeline.evaluate(AbstractPipeline.java:234)
	at java.base/java.util.stream.ReferencePipeline.forEach(ReferencePipeline.java:596)
	at java.base/java.util.stream.ReferencePipeline$7$1.accept(ReferencePipeline.java:276)
	at java.base/java.util.ArrayList$ArrayListSpliterator.forEachRemaining(ArrayList.java:1708)
	at java.base/java.util.stream.AbstractPipeline.copyInto(AbstractPipeline.java:509)
	at java.base/java.util.stream.AbstractPipeline.wrapAndCopyInto(AbstractPipeline.java:499)
	at java.base/java.util.stream.ForEachOps$ForEachOp.evaluateSequential(ForEachOps.java:151)
	at java.base/java.util.stream.ForEachOps$ForEachOp$OfRef.evaluateSequential(ForEachOps.java:174)
	at java.base/java.util.stream.AbstractPipeline.evaluate(AbstractPipeline.java:234)
	at java.base/java.util.stream.ReferencePipeline.forEach(ReferencePipeline.java:596)
	at java.base/java.util.stream.ReferencePipeline$7$1.accept(ReferencePipeline.java:276)
	at java.base/java.util.stream.ReferencePipeline$3$1.accept(ReferencePipeline.java:197)
	at java.base/java.util.stream.ReferencePipeline$3$1.accept(ReferencePipeline.java:197)
	at java.base/java.util.stream.ReferencePipeline$3$1.accept(ReferencePipeline.java:197)
	at java.base/java.util.ArrayList$ArrayListSpliterator.forEachRemaining(ArrayList.java:1708)
	at java.base/java.util.stream.AbstractPipeline.copyInto(AbstractPipeline.java:509)
	at java.base/java.util.stream.AbstractPipeline.wrapAndCopyInto(AbstractPipeline.java:499)
	at java.base/java.util.stream.ForEachOps$ForEachOp.evaluateSequential(ForEachOps.java:151)
	at java.base/java.util.stream.ForEachOps$ForEachOp$OfRef.evaluateSequential(ForEachOps.java:174)
	at java.base/java.util.stream.AbstractPipeline.evaluate(AbstractPipeline.java:234)
	at java.base/java.util.stream.ReferencePipeline.forEach(ReferencePipeline.java:596)
	at java.base/java.util.ArrayList.forEach(ArrayList.java:1596)
	at java.base/java.util.ArrayList.forEach(ArrayList.java:1596)
Caused by: org.postgresql.util.PSQLException: ERROR: relation "registration" does not exist
  Position: 22
	at org.postgresql.core.v3.QueryExecutorImpl.receiveErrorResponse(QueryExecutorImpl.java:2904)
	at org.postgresql.core.v3.QueryExecutorImpl.processResults(QueryExecutorImpl.java:2589)
	at org.postgresql.core.v3.QueryExecutorImpl.execute(QueryExecutorImpl.java:431)
	at org.postgresql.jdbc.PgStatement.executeInternal(PgStatement.java:534)
	at org.postgresql.jdbc.PgStatement.execute(PgStatement.java:437)
	at org.postgresql.jdbc.PgPreparedStatement.executeWithFlags(PgPreparedStatement.java:196)
	at org.postgresql.jdbc.PgPreparedStatement.executeQuery(PgPreparedStatement.java:139)
	at lab.conference.acceptance.support.Store.count(Store.java:114)
	... 44 more

[ERROR] lab.conference.acceptance.ExternalRegistrationAcceptanceTest.ac_001_05_unknownInactiveWrongGroupOrDuplicateOptionIsRejected(String, Object)[4] -- Time elapsed: 0.030 s <<< ERROR!
java.lang.IllegalStateException: 
org.postgresql.util.PSQLException: ERROR: relation "registration" does not exist
  Position: 22
	at lab.conference.acceptance.support.Store.count(Store.java:119)
	at lab.conference.acceptance.support.Store.registrationCount(Store.java:45)
	at lab.conference.acceptance.support.Store.snapshot(Store.java:100)
	at lab.conference.acceptance.ExternalRegistrationAcceptanceTest.ac_001_05_unknownInactiveWrongGroupOrDuplicateOptionIsRejected(ExternalRegistrationAcceptanceTest.java:186)
	at java.base/java.lang.reflect.Method.invoke(Method.java:580)
	at java.base/java.util.Optional.ifPresent(Optional.java:178)
	at java.base/java.util.stream.ForEachOps$ForEachOp$OfRef.accept(ForEachOps.java:184)
	at java.base/java.util.stream.ReferencePipeline$3$1.accept(ReferencePipeline.java:197)
	at java.base/java.util.stream.ForEachOps$ForEachOp$OfRef.accept(ForEachOps.java:184)
	at java.base/java.util.stream.ForEachOps$ForEachOp$OfRef.accept(ForEachOps.java:184)
	at java.base/java.util.stream.ReferencePipeline$3$1.accept(ReferencePipeline.java:197)
	at java.base/java.util.Spliterators$ArraySpliterator.forEachRemaining(Spliterators.java:1024)
	at java.base/java.util.stream.ReferencePipeline$Head.forEach(ReferencePipeline.java:762)
	at java.base/java.util.stream.ReferencePipeline$7$1.accept(ReferencePipeline.java:276)
	at java.base/java.util.stream.ReferencePipeline$3$1.accept(ReferencePipeline.java:197)
	at java.base/java.util.stream.ReferencePipeline$3$1.accept(ReferencePipeline.java:197)
	at java.base/java.util.stream.ReferencePipeline$3$1.accept(ReferencePipeline.java:197)
	at java.base/java.util.Spliterators$ArraySpliterator.forEachRemaining(Spliterators.java:1024)
	at java.base/java.util.stream.AbstractPipeline.copyInto(AbstractPipeline.java:509)
	at java.base/java.util.stream.AbstractPipeline.wrapAndCopyInto(AbstractPipeline.java:499)
	at java.base/java.util.stream.ForEachOps$ForEachOp.evaluateSequential(ForEachOps.java:151)
	at java.base/java.util.stream.ForEachOps$ForEachOp$OfRef.evaluateSequential(ForEachOps.java:174)
	at java.base/java.util.stream.AbstractPipeline.evaluate(AbstractPipeline.java:234)
	at java.base/java.util.stream.ReferencePipeline.forEach(ReferencePipeline.java:596)
	at java.base/java.util.stream.ReferencePipeline$7$1.accept(ReferencePipeline.java:276)
	at java.base/java.util.ArrayList$ArrayListSpliterator.forEachRemaining(ArrayList.java:1708)
	at java.base/java.util.stream.AbstractPipeline.copyInto(AbstractPipeline.java:509)
	at java.base/java.util.stream.AbstractPipeline.wrapAndCopyInto(AbstractPipeline.java:499)
	at java.base/java.util.stream.ForEachOps$ForEachOp.evaluateSequential(ForEachOps.java:151)
	at java.base/java.util.stream.ForEachOps$ForEachOp$OfRef.evaluateSequential(ForEachOps.java:174)
	at java.base/java.util.stream.AbstractPipeline.evaluate(AbstractPipeline.java:234)
	at java.base/java.util.stream.ReferencePipeline.forEach(ReferencePipeline.java:596)
	at java.base/java.util.stream.ReferencePipeline$7$1.accept(ReferencePipeline.java:276)
	at java.base/java.util.stream.ReferencePipeline$3$1.accept(ReferencePipeline.java:197)
	at java.base/java.util.stream.ReferencePipeline$3$1.accept(ReferencePipeline.java:197)
	at java.base/java.util.stream.ReferencePipeline$3$1.accept(ReferencePipeline.java:197)
	at java.base/java.util.ArrayList$ArrayListSpliterator.forEachRemaining(ArrayList.java:1708)
	at java.base/java.util.stream.AbstractPipeline.copyInto(AbstractPipeline.java:509)
	at java.base/java.util.stream.AbstractPipeline.wrapAndCopyInto(AbstractPipeline.java:499)
	at java.base/java.util.stream.ForEachOps$ForEachOp.evaluateSequential(ForEachOps.java:151)
	at java.base/java.util.stream.ForEachOps$ForEachOp$OfRef.evaluateSequential(ForEachOps.java:174)
	at java.base/java.util.stream.AbstractPipeline.evaluate(AbstractPipeline.java:234)
	at java.base/java.util.stream.ReferencePipeline.forEach(ReferencePipeline.java:596)
	at java.base/java.util.ArrayList.forEach(ArrayList.java:1596)
	at java.base/java.util.ArrayList.forEach(ArrayList.java:1596)
Caused by: org.postgresql.util.PSQLException: ERROR: relation "registration" does not exist
  Position: 22
	at org.postgresql.core.v3.QueryExecutorImpl.receiveErrorResponse(QueryExecutorImpl.java:2904)
	at org.postgresql.core.v3.QueryExecutorImpl.processResults(QueryExecutorImpl.java:2589)
	at org.postgresql.core.v3.QueryExecutorImpl.execute(QueryExecutorImpl.java:431)
	at org.postgresql.jdbc.PgStatement.executeInternal(PgStatement.java:534)
	at org.postgresql.jdbc.PgStatement.execute(PgStatement.java:437)
	at org.postgresql.jdbc.PgPreparedStatement.executeWithFlags(PgPreparedStatement.java:196)
	at org.postgresql.jdbc.PgPreparedStatement.executeQuery(PgPreparedStatement.java:139)
	at lab.conference.acceptance.support.Store.count(Store.java:114)
	... 44 more

[ERROR] lab.conference.acceptance.ExternalRegistrationAcceptanceTest.ac_001_05_unknownInactiveWrongGroupOrDuplicateOptionIsRejected(String, Object)[5] -- Time elapsed: 0.028 s <<< ERROR!
java.lang.IllegalStateException: 
org.postgresql.util.PSQLException: ERROR: relation "registration" does not exist
  Position: 22
	at lab.conference.acceptance.support.Store.count(Store.java:119)
	at lab.conference.acceptance.support.Store.registrationCount(Store.java:45)
	at lab.conference.acceptance.support.Store.snapshot(Store.java:100)
	at lab.conference.acceptance.ExternalRegistrationAcceptanceTest.ac_001_05_unknownInactiveWrongGroupOrDuplicateOptionIsRejected(ExternalRegistrationAcceptanceTest.java:186)
	at java.base/java.lang.reflect.Method.invoke(Method.java:580)
	at java.base/java.util.Optional.ifPresent(Optional.java:178)
	at java.base/java.util.stream.ForEachOps$ForEachOp$OfRef.accept(ForEachOps.java:184)
	at java.base/java.util.stream.ReferencePipeline$3$1.accept(ReferencePipeline.java:197)
	at java.base/java.util.stream.ForEachOps$ForEachOp$OfRef.accept(ForEachOps.java:184)
	at java.base/java.util.stream.ForEachOps$ForEachOp$OfRef.accept(ForEachOps.java:184)
	at java.base/java.util.stream.ReferencePipeline$3$1.accept(ReferencePipeline.java:197)
	at java.base/java.util.Spliterators$ArraySpliterator.forEachRemaining(Spliterators.java:1024)
	at java.base/java.util.stream.ReferencePipeline$Head.forEach(ReferencePipeline.java:762)
	at java.base/java.util.stream.ReferencePipeline$7$1.accept(ReferencePipeline.java:276)
	at java.base/java.util.stream.ReferencePipeline$3$1.accept(ReferencePipeline.java:197)
	at java.base/java.util.stream.ReferencePipeline$3$1.accept(ReferencePipeline.java:197)
	at java.base/java.util.stream.ReferencePipeline$3$1.accept(ReferencePipeline.java:197)
	at java.base/java.util.Spliterators$ArraySpliterator.forEachRemaining(Spliterators.java:1024)
	at java.base/java.util.stream.AbstractPipeline.copyInto(AbstractPipeline.java:509)
	at java.base/java.util.stream.AbstractPipeline.wrapAndCopyInto(AbstractPipeline.java:499)
	at java.base/java.util.stream.ForEachOps$ForEachOp.evaluateSequential(ForEachOps.java:151)
	at java.base/java.util.stream.ForEachOps$ForEachOp$OfRef.evaluateSequential(ForEachOps.java:174)
	at java.base/java.util.stream.AbstractPipeline.evaluate(AbstractPipeline.java:234)
	at java.base/java.util.stream.ReferencePipeline.forEach(ReferencePipeline.java:596)
	at java.base/java.util.stream.ReferencePipeline$7$1.accept(ReferencePipeline.java:276)
	at java.base/java.util.ArrayList$ArrayListSpliterator.forEachRemaining(ArrayList.java:1708)
	at java.base/java.util.stream.AbstractPipeline.copyInto(AbstractPipeline.java:509)
	at java.base/java.util.stream.AbstractPipeline.wrapAndCopyInto(AbstractPipeline.java:499)
	at java.base/java.util.stream.ForEachOps$ForEachOp.evaluateSequential(ForEachOps.java:151)
	at java.base/java.util.stream.ForEachOps$ForEachOp$OfRef.evaluateSequential(ForEachOps.java:174)
	at java.base/java.util.stream.AbstractPipeline.evaluate(AbstractPipeline.java:234)
	at java.base/java.util.stream.ReferencePipeline.forEach(ReferencePipeline.java:596)
	at java.base/java.util.stream.ReferencePipeline$7$1.accept(ReferencePipeline.java:276)
	at java.base/java.util.stream.ReferencePipeline$3$1.accept(ReferencePipeline.java:197)
	at java.base/java.util.stream.ReferencePipeline$3$1.accept(ReferencePipeline.java:197)
	at java.base/java.util.stream.ReferencePipeline$3$1.accept(ReferencePipeline.java:197)
	at java.base/java.util.ArrayList$ArrayListSpliterator.forEachRemaining(ArrayList.java:1708)
	at java.base/java.util.stream.AbstractPipeline.copyInto(AbstractPipeline.java:509)
	at java.base/java.util.stream.AbstractPipeline.wrapAndCopyInto(AbstractPipeline.java:499)
	at java.base/java.util.stream.ForEachOps$ForEachOp.evaluateSequential(ForEachOps.java:151)
	at java.base/java.util.stream.ForEachOps$ForEachOp$OfRef.evaluateSequential(ForEachOps.java:174)
	at java.base/java.util.stream.AbstractPipeline.evaluate(AbstractPipeline.java:234)
	at java.base/java.util.stream.ReferencePipeline.forEach(ReferencePipeline.java:596)
	at java.base/java.util.ArrayList.forEach(ArrayList.java:1596)
	at java.base/java.util.ArrayList.forEach(ArrayList.java:1596)
Caused by: org.postgresql.util.PSQLException: ERROR: relation "registration" does not exist
  Position: 22
	at org.postgresql.core.v3.QueryExecutorImpl.receiveErrorResponse(QueryExecutorImpl.java:2904)
	at org.postgresql.core.v3.QueryExecutorImpl.processResults(QueryExecutorImpl.java:2589)
	at org.postgresql.core.v3.QueryExecutorImpl.execute(QueryExecutorImpl.java:431)
	at org.postgresql.jdbc.PgStatement.executeInternal(PgStatement.java:534)
	at org.postgresql.jdbc.PgStatement.execute(PgStatement.java:437)
	at org.postgresql.jdbc.PgPreparedStatement.executeWithFlags(PgPreparedStatement.java:196)
	at org.postgresql.jdbc.PgPreparedStatement.executeQuery(PgPreparedStatement.java:139)
	at lab.conference.acceptance.support.Store.count(Store.java:114)
	... 44 more

[ERROR] lab.conference.acceptance.ExternalRegistrationAcceptanceTest.ac_001_05_unknownInactiveWrongGroupOrDuplicateOptionIsRejected(String, Object)[6] -- Time elapsed: 0.024 s <<< ERROR!
java.lang.IllegalStateException: 
org.postgresql.util.PSQLException: ERROR: relation "registration" does not exist
  Position: 22
	at lab.conference.acceptance.support.Store.count(Store.java:119)
	at lab.conference.acceptance.support.Store.registrationCount(Store.java:45)
	at lab.conference.acceptance.support.Store.snapshot(Store.java:100)
	at lab.conference.acceptance.ExternalRegistrationAcceptanceTest.ac_001_05_unknownInactiveWrongGroupOrDuplicateOptionIsRejected(ExternalRegistrationAcceptanceTest.java:186)
	at java.base/java.lang.reflect.Method.invoke(Method.java:580)
	at java.base/java.util.Optional.ifPresent(Optional.java:178)
	at java.base/java.util.stream.ForEachOps$ForEachOp$OfRef.accept(ForEachOps.java:184)
	at java.base/java.util.stream.ReferencePipeline$3$1.accept(ReferencePipeline.java:197)
	at java.base/java.util.stream.ForEachOps$ForEachOp$OfRef.accept(ForEachOps.java:184)
	at java.base/java.util.stream.ForEachOps$ForEachOp$OfRef.accept(ForEachOps.java:184)
	at java.base/java.util.stream.ReferencePipeline$3$1.accept(ReferencePipeline.java:197)
	at java.base/java.util.Spliterators$ArraySpliterator.forEachRemaining(Spliterators.java:1024)
	at java.base/java.util.stream.ReferencePipeline$Head.forEach(ReferencePipeline.java:762)
	at java.base/java.util.stream.ReferencePipeline$7$1.accept(ReferencePipeline.java:276)
	at java.base/java.util.stream.ReferencePipeline$3$1.accept(ReferencePipeline.java:197)
	at java.base/java.util.stream.ReferencePipeline$3$1.accept(ReferencePipeline.java:197)
	at java.base/java.util.stream.ReferencePipeline$3$1.accept(ReferencePipeline.java:197)
	at java.base/java.util.Spliterators$ArraySpliterator.forEachRemaining(Spliterators.java:1024)
	at java.base/java.util.stream.AbstractPipeline.copyInto(AbstractPipeline.java:509)
	at java.base/java.util.stream.AbstractPipeline.wrapAndCopyInto(AbstractPipeline.java:499)
	at java.base/java.util.stream.ForEachOps$ForEachOp.evaluateSequential(ForEachOps.java:151)
	at java.base/java.util.stream.ForEachOps$ForEachOp$OfRef.evaluateSequential(ForEachOps.java:174)
	at java.base/java.util.stream.AbstractPipeline.evaluate(AbstractPipeline.java:234)
	at java.base/java.util.stream.ReferencePipeline.forEach(ReferencePipeline.java:596)
	at java.base/java.util.stream.ReferencePipeline$7$1.accept(ReferencePipeline.java:276)
	at java.base/java.util.ArrayList$ArrayListSpliterator.forEachRemaining(ArrayList.java:1708)
	at java.base/java.util.stream.AbstractPipeline.copyInto(AbstractPipeline.java:509)
	at java.base/java.util.stream.AbstractPipeline.wrapAndCopyInto(AbstractPipeline.java:499)
	at java.base/java.util.stream.ForEachOps$ForEachOp.evaluateSequential(ForEachOps.java:151)
	at java.base/java.util.stream.ForEachOps$ForEachOp$OfRef.evaluateSequential(ForEachOps.java:174)
	at java.base/java.util.stream.AbstractPipeline.evaluate(AbstractPipeline.java:234)
	at java.base/java.util.stream.ReferencePipeline.forEach(ReferencePipeline.java:596)
	at java.base/java.util.stream.ReferencePipeline$7$1.accept(ReferencePipeline.java:276)
	at java.base/java.util.stream.ReferencePipeline$3$1.accept(ReferencePipeline.java:197)
	at java.base/java.util.stream.ReferencePipeline$3$1.accept(ReferencePipeline.java:197)
	at java.base/java.util.stream.ReferencePipeline$3$1.accept(ReferencePipeline.java:197)
	at java.base/java.util.ArrayList$ArrayListSpliterator.forEachRemaining(ArrayList.java:1708)
	at java.base/java.util.stream.AbstractPipeline.copyInto(AbstractPipeline.java:509)
	at java.base/java.util.stream.AbstractPipeline.wrapAndCopyInto(AbstractPipeline.java:499)
	at java.base/java.util.stream.ForEachOps$ForEachOp.evaluateSequential(ForEachOps.java:151)
	at java.base/java.util.stream.ForEachOps$ForEachOp$OfRef.evaluateSequential(ForEachOps.java:174)
	at java.base/java.util.stream.AbstractPipeline.evaluate(AbstractPipeline.java:234)
	at java.base/java.util.stream.ReferencePipeline.forEach(ReferencePipeline.java:596)
	at java.base/java.util.ArrayList.forEach(ArrayList.java:1596)
	at java.base/java.util.ArrayList.forEach(ArrayList.java:1596)
Caused by: org.postgresql.util.PSQLException: ERROR: relation "registration" does not exist
  Position: 22
	at org.postgresql.core.v3.QueryExecutorImpl.receiveErrorResponse(QueryExecutorImpl.java:2904)
	at org.postgresql.core.v3.QueryExecutorImpl.processResults(QueryExecutorImpl.java:2589)
	at org.postgresql.core.v3.QueryExecutorImpl.execute(QueryExecutorImpl.java:431)
	at org.postgresql.jdbc.PgStatement.executeInternal(PgStatement.java:534)
	at org.postgresql.jdbc.PgStatement.execute(PgStatement.java:437)
	at org.postgresql.jdbc.PgPreparedStatement.executeWithFlags(PgPreparedStatement.java:196)
	at org.postgresql.jdbc.PgPreparedStatement.executeQuery(PgPreparedStatement.java:139)
	at lab.conference.acceptance.support.Store.count(Store.java:114)
	... 44 more

[ERROR] lab.conference.acceptance.ExternalRegistrationAcceptanceTest.ac_001_07_givenConsentIsAcceptedAndStored -- Time elapsed: 0.014 s <<< FAILURE!
org.opentest4j.AssertionFailedError: 

expected: 201
 but was: 401
	at lab.conference.acceptance.ExternalRegistrationAcceptanceTest.ac_001_07_givenConsentIsAcceptedAndStored(ExternalRegistrationAcceptanceTest.java:237)
	at java.base/java.lang.reflect.Method.invoke(Method.java:580)
	at java.base/java.util.ArrayList.forEach(ArrayList.java:1596)
	at java.base/java.util.ArrayList.forEach(ArrayList.java:1596)

[ERROR] lab.conference.acceptance.ExternalRegistrationAcceptanceTest.ac_001_03_invalidEmailIsRejected(String)[1] -- Time elapsed: 0.026 s <<< ERROR!
java.lang.IllegalStateException: 
org.postgresql.util.PSQLException: ERROR: relation "registration" does not exist
  Position: 22
	at lab.conference.acceptance.support.Store.count(Store.java:119)
	at lab.conference.acceptance.support.Store.registrationCount(Store.java:45)
	at lab.conference.acceptance.support.Store.snapshot(Store.java:100)
	at lab.conference.acceptance.ExternalRegistrationAcceptanceTest.ac_001_03_invalidEmailIsRejected(ExternalRegistrationAcceptanceTest.java:127)
	at java.base/java.lang.reflect.Method.invoke(Method.java:580)
	at java.base/java.util.Optional.ifPresent(Optional.java:178)
	at java.base/java.util.stream.ForEachOps$ForEachOp$OfRef.accept(ForEachOps.java:184)
	at java.base/java.util.stream.ReferencePipeline$3$1.accept(ReferencePipeline.java:197)
	at java.base/java.util.stream.ForEachOps$ForEachOp$OfRef.accept(ForEachOps.java:184)
	at java.base/java.util.stream.ForEachOps$ForEachOp$OfRef.accept(ForEachOps.java:184)
	at java.base/java.util.stream.ReferencePipeline$3$1.accept(ReferencePipeline.java:197)
	at java.base/java.util.Spliterators$ArraySpliterator.forEachRemaining(Spliterators.java:1024)
	at java.base/java.util.stream.AbstractPipeline.copyInto(AbstractPipeline.java:509)
	at java.base/java.util.stream.AbstractPipeline.wrapAndCopyInto(AbstractPipeline.java:499)
	at java.base/java.util.stream.ForEachOps$ForEachOp.evaluateSequential(ForEachOps.java:151)
	at java.base/java.util.stream.ForEachOps$ForEachOp$OfRef.evaluateSequential(ForEachOps.java:174)
	at java.base/java.util.stream.AbstractPipeline.evaluate(AbstractPipeline.java:234)
	at java.base/java.util.stream.ReferencePipeline.forEach(ReferencePipeline.java:596)
	at java.base/java.util.stream.ReferencePipeline$7$1.accept(ReferencePipeline.java:276)
	at java.base/java.util.ArrayList$ArrayListSpliterator.forEachRemaining(ArrayList.java:1708)
	at java.base/java.util.stream.AbstractPipeline.copyInto(AbstractPipeline.java:509)
	at java.base/java.util.stream.AbstractPipeline.wrapAndCopyInto(AbstractPipeline.java:499)
	at java.base/java.util.stream.ForEachOps$ForEachOp.evaluateSequential(ForEachOps.java:151)
	at java.base/java.util.stream.ForEachOps$ForEachOp$OfRef.evaluateSequential(ForEachOps.java:174)
	at java.base/java.util.stream.AbstractPipeline.evaluate(AbstractPipeline.java:234)
	at java.base/java.util.stream.ReferencePipeline.forEach(ReferencePipeline.java:596)
	at java.base/java.util.stream.ReferencePipeline$7$1.accept(ReferencePipeline.java:276)
	at java.base/java.util.stream.ReferencePipeline$3$1.accept(ReferencePipeline.java:197)
	at java.base/java.util.stream.ReferencePipeline$3$1.accept(ReferencePipeline.java:197)
	at java.base/java.util.stream.ReferencePipeline$3$1.accept(ReferencePipeline.java:197)
	at java.base/java.util.ArrayList$ArrayListSpliterator.forEachRemaining(ArrayList.java:1708)
	at java.base/java.util.stream.AbstractPipeline.copyInto(AbstractPipeline.java:509)
	at java.base/java.util.stream.AbstractPipeline.wrapAndCopyInto(AbstractPipeline.java:499)
	at java.base/java.util.stream.ForEachOps$ForEachOp.evaluateSequential(ForEachOps.java:151)
	at java.base/java.util.stream.ForEachOps$ForEachOp$OfRef.evaluateSequential(ForEachOps.java:174)
	at java.base/java.util.stream.AbstractPipeline.evaluate(AbstractPipeline.java:234)
	at java.base/java.util.stream.ReferencePipeline.forEach(ReferencePipeline.java:596)
	at java.base/java.util.ArrayList.forEach(ArrayList.java:1596)
	at java.base/java.util.ArrayList.forEach(ArrayList.java:1596)
Caused by: org.postgresql.util.PSQLException: ERROR: relation "registration" does not exist
  Position: 22
	at org.postgresql.core.v3.QueryExecutorImpl.receiveErrorResponse(QueryExecutorImpl.java:2904)
	at org.postgresql.core.v3.QueryExecutorImpl.processResults(QueryExecutorImpl.java:2589)
	at org.postgresql.core.v3.QueryExecutorImpl.execute(QueryExecutorImpl.java:431)
	at org.postgresql.jdbc.PgStatement.executeInternal(PgStatement.java:534)
	at org.postgresql.jdbc.PgStatement.execute(PgStatement.java:437)
	at org.postgresql.jdbc.PgPreparedStatement.executeWithFlags(PgPreparedStatement.java:196)
	at org.postgresql.jdbc.PgPreparedStatement.executeQuery(PgPreparedStatement.java:139)
	at lab.conference.acceptance.support.Store.count(Store.java:114)
	... 38 more

[ERROR] lab.conference.acceptance.ExternalRegistrationAcceptanceTest.ac_001_03_invalidEmailIsRejected(String)[2] -- Time elapsed: 0.028 s <<< ERROR!
java.lang.IllegalStateException: 
org.postgresql.util.PSQLException: ERROR: relation "registration" does not exist
  Position: 22
	at lab.conference.acceptance.support.Store.count(Store.java:119)
	at lab.conference.acceptance.support.Store.registrationCount(Store.java:45)
	at lab.conference.acceptance.support.Store.snapshot(Store.java:100)
	at lab.conference.acceptance.ExternalRegistrationAcceptanceTest.ac_001_03_invalidEmailIsRejected(ExternalRegistrationAcceptanceTest.java:127)
	at java.base/java.lang.reflect.Method.invoke(Method.java:580)
	at java.base/java.util.Optional.ifPresent(Optional.java:178)
	at java.base/java.util.stream.ForEachOps$ForEachOp$OfRef.accept(ForEachOps.java:184)
	at java.base/java.util.stream.ReferencePipeline$3$1.accept(ReferencePipeline.java:197)
	at java.base/java.util.stream.ForEachOps$ForEachOp$OfRef.accept(ForEachOps.java:184)
	at java.base/java.util.stream.ForEachOps$ForEachOp$OfRef.accept(ForEachOps.java:184)
	at java.base/java.util.stream.ReferencePipeline$3$1.accept(ReferencePipeline.java:197)
	at java.base/java.util.Spliterators$ArraySpliterator.forEachRemaining(Spliterators.java:1024)
	at java.base/java.util.stream.AbstractPipeline.copyInto(AbstractPipeline.java:509)
	at java.base/java.util.stream.AbstractPipeline.wrapAndCopyInto(AbstractPipeline.java:499)
	at java.base/java.util.stream.ForEachOps$ForEachOp.evaluateSequential(ForEachOps.java:151)
	at java.base/java.util.stream.ForEachOps$ForEachOp$OfRef.evaluateSequential(ForEachOps.java:174)
	at java.base/java.util.stream.AbstractPipeline.evaluate(AbstractPipeline.java:234)
	at java.base/java.util.stream.ReferencePipeline.forEach(ReferencePipeline.java:596)
	at java.base/java.util.stream.ReferencePipeline$7$1.accept(ReferencePipeline.java:276)
	at java.base/java.util.ArrayList$ArrayListSpliterator.forEachRemaining(ArrayList.java:1708)
	at java.base/java.util.stream.AbstractPipeline.copyInto(AbstractPipeline.java:509)
	at java.base/java.util.stream.AbstractPipeline.wrapAndCopyInto(AbstractPipeline.java:499)
	at java.base/java.util.stream.ForEachOps$ForEachOp.evaluateSequential(ForEachOps.java:151)
	at java.base/java.util.stream.ForEachOps$ForEachOp$OfRef.evaluateSequential(ForEachOps.java:174)
	at java.base/java.util.stream.AbstractPipeline.evaluate(AbstractPipeline.java:234)
	at java.base/java.util.stream.ReferencePipeline.forEach(ReferencePipeline.java:596)
	at java.base/java.util.stream.ReferencePipeline$7$1.accept(ReferencePipeline.java:276)
	at java.base/java.util.stream.ReferencePipeline$3$1.accept(ReferencePipeline.java:197)
	at java.base/java.util.stream.ReferencePipeline$3$1.accept(ReferencePipeline.java:197)
	at java.base/java.util.stream.ReferencePipeline$3$1.accept(ReferencePipeline.java:197)
	at java.base/java.util.ArrayList$ArrayListSpliterator.forEachRemaining(ArrayList.java:1708)
	at java.base/java.util.stream.AbstractPipeline.copyInto(AbstractPipeline.java:509)
	at java.base/java.util.stream.AbstractPipeline.wrapAndCopyInto(AbstractPipeline.java:499)
	at java.base/java.util.stream.ForEachOps$ForEachOp.evaluateSequential(ForEachOps.java:151)
	at java.base/java.util.stream.ForEachOps$ForEachOp$OfRef.evaluateSequential(ForEachOps.java:174)
	at java.base/java.util.stream.AbstractPipeline.evaluate(AbstractPipeline.java:234)
	at java.base/java.util.stream.ReferencePipeline.forEach(ReferencePipeline.java:596)
	at java.base/java.util.ArrayList.forEach(ArrayList.java:1596)
	at java.base/java.util.ArrayList.forEach(ArrayList.java:1596)
Caused by: org.postgresql.util.PSQLException: ERROR: relation "registration" does not exist
  Position: 22
	at org.postgresql.core.v3.QueryExecutorImpl.receiveErrorResponse(QueryExecutorImpl.java:2904)
	at org.postgresql.core.v3.QueryExecutorImpl.processResults(QueryExecutorImpl.java:2589)
	at org.postgresql.core.v3.QueryExecutorImpl.execute(QueryExecutorImpl.java:431)
	at org.postgresql.jdbc.PgStatement.executeInternal(PgStatement.java:534)
	at org.postgresql.jdbc.PgStatement.execute(PgStatement.java:437)
	at org.postgresql.jdbc.PgPreparedStatement.executeWithFlags(PgPreparedStatement.java:196)
	at org.postgresql.jdbc.PgPreparedStatement.executeQuery(PgPreparedStatement.java:139)
	at lab.conference.acceptance.support.Store.count(Store.java:114)
	... 38 more

[ERROR] lab.conference.acceptance.ExternalRegistrationAcceptanceTest.ac_001_03_invalidEmailIsRejected(String)[3] -- Time elapsed: 0.032 s <<< ERROR!
java.lang.IllegalStateException: 
org.postgresql.util.PSQLException: ERROR: relation "registration" does not exist
  Position: 22
	at lab.conference.acceptance.support.Store.count(Store.java:119)
	at lab.conference.acceptance.support.Store.registrationCount(Store.java:45)
	at lab.conference.acceptance.support.Store.snapshot(Store.java:100)
	at lab.conference.acceptance.ExternalRegistrationAcceptanceTest.ac_001_03_invalidEmailIsRejected(ExternalRegistrationAcceptanceTest.java:127)
	at java.base/java.lang.reflect.Method.invoke(Method.java:580)
	at java.base/java.util.Optional.ifPresent(Optional.java:178)
	at java.base/java.util.stream.ForEachOps$ForEachOp$OfRef.accept(ForEachOps.java:184)
	at java.base/java.util.stream.ReferencePipeline$3$1.accept(ReferencePipeline.java:197)
	at java.base/java.util.stream.ForEachOps$ForEachOp$OfRef.accept(ForEachOps.java:184)
	at java.base/java.util.stream.ForEachOps$ForEachOp$OfRef.accept(ForEachOps.java:184)
	at java.base/java.util.stream.ReferencePipeline$3$1.accept(ReferencePipeline.java:197)
	at java.base/java.util.Spliterators$ArraySpliterator.forEachRemaining(Spliterators.java:1024)
	at java.base/java.util.stream.AbstractPipeline.copyInto(AbstractPipeline.java:509)
	at java.base/java.util.stream.AbstractPipeline.wrapAndCopyInto(AbstractPipeline.java:499)
	at java.base/java.util.stream.ForEachOps$ForEachOp.evaluateSequential(ForEachOps.java:151)
	at java.base/java.util.stream.ForEachOps$ForEachOp$OfRef.evaluateSequential(ForEachOps.java:174)
	at java.base/java.util.stream.AbstractPipeline.evaluate(AbstractPipeline.java:234)
	at java.base/java.util.stream.ReferencePipeline.forEach(ReferencePipeline.java:596)
	at java.base/java.util.stream.ReferencePipeline$7$1.accept(ReferencePipeline.java:276)
	at java.base/java.util.ArrayList$ArrayListSpliterator.forEachRemaining(ArrayList.java:1708)
	at java.base/java.util.stream.AbstractPipeline.copyInto(AbstractPipeline.java:509)
	at java.base/java.util.stream.AbstractPipeline.wrapAndCopyInto(AbstractPipeline.java:499)
	at java.base/java.util.stream.ForEachOps$ForEachOp.evaluateSequential(ForEachOps.java:151)
	at java.base/java.util.stream.ForEachOps$ForEachOp$OfRef.evaluateSequential(ForEachOps.java:174)
	at java.base/java.util.stream.AbstractPipeline.evaluate(AbstractPipeline.java:234)
	at java.base/java.util.stream.ReferencePipeline.forEach(ReferencePipeline.java:596)
	at java.base/java.util.stream.ReferencePipeline$7$1.accept(ReferencePipeline.java:276)
	at java.base/java.util.stream.ReferencePipeline$3$1.accept(ReferencePipeline.java:197)
	at java.base/java.util.stream.ReferencePipeline$3$1.accept(ReferencePipeline.java:197)
	at java.base/java.util.stream.ReferencePipeline$3$1.accept(ReferencePipeline.java:197)
	at java.base/java.util.ArrayList$ArrayListSpliterator.forEachRemaining(ArrayList.java:1708)
	at java.base/java.util.stream.AbstractPipeline.copyInto(AbstractPipeline.java:509)
	at java.base/java.util.stream.AbstractPipeline.wrapAndCopyInto(AbstractPipeline.java:499)
	at java.base/java.util.stream.ForEachOps$ForEachOp.evaluateSequential(ForEachOps.java:151)
	at java.base/java.util.stream.ForEachOps$ForEachOp$OfRef.evaluateSequential(ForEachOps.java:174)
	at java.base/java.util.stream.AbstractPipeline.evaluate(AbstractPipeline.java:234)
	at java.base/java.util.stream.ReferencePipeline.forEach(ReferencePipeline.java:596)
	at java.base/java.util.ArrayList.forEach(ArrayList.java:1596)
	at java.base/java.util.ArrayList.forEach(ArrayList.java:1596)
Caused by: org.postgresql.util.PSQLException: ERROR: relation "registration" does not exist
  Position: 22
	at org.postgresql.core.v3.QueryExecutorImpl.receiveErrorResponse(QueryExecutorImpl.java:2904)
	at org.postgresql.core.v3.QueryExecutorImpl.processResults(QueryExecutorImpl.java:2589)
	at org.postgresql.core.v3.QueryExecutorImpl.execute(QueryExecutorImpl.java:431)
	at org.postgresql.jdbc.PgStatement.executeInternal(PgStatement.java:534)
	at org.postgresql.jdbc.PgStatement.execute(PgStatement.java:437)
	at org.postgresql.jdbc.PgPreparedStatement.executeWithFlags(PgPreparedStatement.java:196)
	at org.postgresql.jdbc.PgPreparedStatement.executeQuery(PgPreparedStatement.java:139)
	at lab.conference.acceptance.support.Store.count(Store.java:114)
	... 38 more

[ERROR] lab.conference.acceptance.ExternalRegistrationAcceptanceTest.ac_001_03_invalidEmailIsRejected(String)[4] -- Time elapsed: 0.033 s <<< ERROR!
java.lang.IllegalStateException: 
org.postgresql.util.PSQLException: ERROR: relation "registration" does not exist
  Position: 22
	at lab.conference.acceptance.support.Store.count(Store.java:119)
	at lab.conference.acceptance.support.Store.registrationCount(Store.java:45)
	at lab.conference.acceptance.support.Store.snapshot(Store.java:100)
	at lab.conference.acceptance.ExternalRegistrationAcceptanceTest.ac_001_03_invalidEmailIsRejected(ExternalRegistrationAcceptanceTest.java:127)
	at java.base/java.lang.reflect.Method.invoke(Method.java:580)
	at java.base/java.util.Optional.ifPresent(Optional.java:178)
	at java.base/java.util.stream.ForEachOps$ForEachOp$OfRef.accept(ForEachOps.java:184)
	at java.base/java.util.stream.ReferencePipeline$3$1.accept(ReferencePipeline.java:197)
	at java.base/java.util.stream.ForEachOps$ForEachOp$OfRef.accept(ForEachOps.java:184)
	at java.base/java.util.stream.ForEachOps$ForEachOp$OfRef.accept(ForEachOps.java:184)
	at java.base/java.util.stream.ReferencePipeline$3$1.accept(ReferencePipeline.java:197)
	at java.base/java.util.Spliterators$ArraySpliterator.forEachRemaining(Spliterators.java:1024)
	at java.base/java.util.stream.AbstractPipeline.copyInto(AbstractPipeline.java:509)
	at java.base/java.util.stream.AbstractPipeline.wrapAndCopyInto(AbstractPipeline.java:499)
	at java.base/java.util.stream.ForEachOps$ForEachOp.evaluateSequential(ForEachOps.java:151)
	at java.base/java.util.stream.ForEachOps$ForEachOp$OfRef.evaluateSequential(ForEachOps.java:174)
	at java.base/java.util.stream.AbstractPipeline.evaluate(AbstractPipeline.java:234)
	at java.base/java.util.stream.ReferencePipeline.forEach(ReferencePipeline.java:596)
	at java.base/java.util.stream.ReferencePipeline$7$1.accept(ReferencePipeline.java:276)
	at java.base/java.util.ArrayList$ArrayListSpliterator.forEachRemaining(ArrayList.java:1708)
	at java.base/java.util.stream.AbstractPipeline.copyInto(AbstractPipeline.java:509)
	at java.base/java.util.stream.AbstractPipeline.wrapAndCopyInto(AbstractPipeline.java:499)
	at java.base/java.util.stream.ForEachOps$ForEachOp.evaluateSequential(ForEachOps.java:151)
	at java.base/java.util.stream.ForEachOps$ForEachOp$OfRef.evaluateSequential(ForEachOps.java:174)
	at java.base/java.util.stream.AbstractPipeline.evaluate(AbstractPipeline.java:234)
	at java.base/java.util.stream.ReferencePipeline.forEach(ReferencePipeline.java:596)
	at java.base/java.util.stream.ReferencePipeline$7$1.accept(ReferencePipeline.java:276)
	at java.base/java.util.stream.ReferencePipeline$3$1.accept(ReferencePipeline.java:197)
	at java.base/java.util.stream.ReferencePipeline$3$1.accept(ReferencePipeline.java:197)
	at java.base/java.util.stream.ReferencePipeline$3$1.accept(ReferencePipeline.java:197)
	at java.base/java.util.ArrayList$ArrayListSpliterator.forEachRemaining(ArrayList.java:1708)
	at java.base/java.util.stream.AbstractPipeline.copyInto(AbstractPipeline.java:509)
	at java.base/java.util.stream.AbstractPipeline.wrapAndCopyInto(AbstractPipeline.java:499)
	at java.base/java.util.stream.ForEachOps$ForEachOp.evaluateSequential(ForEachOps.java:151)
	at java.base/java.util.stream.ForEachOps$ForEachOp$OfRef.evaluateSequential(ForEachOps.java:174)
	at java.base/java.util.stream.AbstractPipeline.evaluate(AbstractPipeline.java:234)
	at java.base/java.util.stream.ReferencePipeline.forEach(ReferencePipeline.java:596)
	at java.base/java.util.ArrayList.forEach(ArrayList.java:1596)
	at java.base/java.util.ArrayList.forEach(ArrayList.java:1596)
Caused by: org.postgresql.util.PSQLException: ERROR: relation "registration" does not exist
  Position: 22
	at org.postgresql.core.v3.QueryExecutorImpl.receiveErrorResponse(QueryExecutorImpl.java:2904)
	at org.postgresql.core.v3.QueryExecutorImpl.processResults(QueryExecutorImpl.java:2589)
	at org.postgresql.core.v3.QueryExecutorImpl.execute(QueryExecutorImpl.java:431)
	at org.postgresql.jdbc.PgStatement.executeInternal(PgStatement.java:534)
	at org.postgresql.jdbc.PgStatement.execute(PgStatement.java:437)
	at org.postgresql.jdbc.PgPreparedStatement.executeWithFlags(PgPreparedStatement.java:196)
	at org.postgresql.jdbc.PgPreparedStatement.executeQuery(PgPreparedStatement.java:139)
	at lab.conference.acceptance.support.Store.count(Store.java:114)
	... 38 more

[ERROR] lab.conference.acceptance.ExternalRegistrationAcceptanceTest.ac_001_03_invalidEmailIsRejected(String)[5] -- Time elapsed: 0.030 s <<< ERROR!
java.lang.IllegalStateException: 
org.postgresql.util.PSQLException: ERROR: relation "registration" does not exist
  Position: 22
	at lab.conference.acceptance.support.Store.count(Store.java:119)
	at lab.conference.acceptance.support.Store.registrationCount(Store.java:45)
	at lab.conference.acceptance.support.Store.snapshot(Store.java:100)
	at lab.conference.acceptance.ExternalRegistrationAcceptanceTest.ac_001_03_invalidEmailIsRejected(ExternalRegistrationAcceptanceTest.java:127)
	at java.base/java.lang.reflect.Method.invoke(Method.java:580)
	at java.base/java.util.Optional.ifPresent(Optional.java:178)
	at java.base/java.util.stream.ForEachOps$ForEachOp$OfRef.accept(ForEachOps.java:184)
	at java.base/java.util.stream.ReferencePipeline$3$1.accept(ReferencePipeline.java:197)
	at java.base/java.util.stream.ForEachOps$ForEachOp$OfRef.accept(ForEachOps.java:184)
	at java.base/java.util.stream.ForEachOps$ForEachOp$OfRef.accept(ForEachOps.java:184)
	at java.base/java.util.stream.ReferencePipeline$3$1.accept(ReferencePipeline.java:197)
	at java.base/java.util.Spliterators$ArraySpliterator.forEachRemaining(Spliterators.java:1024)
	at java.base/java.util.stream.AbstractPipeline.copyInto(AbstractPipeline.java:509)
	at java.base/java.util.stream.AbstractPipeline.wrapAndCopyInto(AbstractPipeline.java:499)
	at java.base/java.util.stream.ForEachOps$ForEachOp.evaluateSequential(ForEachOps.java:151)
	at java.base/java.util.stream.ForEachOps$ForEachOp$OfRef.evaluateSequential(ForEachOps.java:174)
	at java.base/java.util.stream.AbstractPipeline.evaluate(AbstractPipeline.java:234)
	at java.base/java.util.stream.ReferencePipeline.forEach(ReferencePipeline.java:596)
	at java.base/java.util.stream.ReferencePipeline$7$1.accept(ReferencePipeline.java:276)
	at java.base/java.util.ArrayList$ArrayListSpliterator.forEachRemaining(ArrayList.java:1708)
	at java.base/java.util.stream.AbstractPipeline.copyInto(AbstractPipeline.java:509)
	at java.base/java.util.stream.AbstractPipeline.wrapAndCopyInto(AbstractPipeline.java:499)
	at java.base/java.util.stream.ForEachOps$ForEachOp.evaluateSequential(ForEachOps.java:151)
	at java.base/java.util.stream.ForEachOps$ForEachOp$OfRef.evaluateSequential(ForEachOps.java:174)
	at java.base/java.util.stream.AbstractPipeline.evaluate(AbstractPipeline.java:234)
	at java.base/java.util.stream.ReferencePipeline.forEach(ReferencePipeline.java:596)
	at java.base/java.util.stream.ReferencePipeline$7$1.accept(ReferencePipeline.java:276)
	at java.base/java.util.stream.ReferencePipeline$3$1.accept(ReferencePipeline.java:197)
	at java.base/java.util.stream.ReferencePipeline$3$1.accept(ReferencePipeline.java:197)
	at java.base/java.util.stream.ReferencePipeline$3$1.accept(ReferencePipeline.java:197)
	at java.base/java.util.ArrayList$ArrayListSpliterator.forEachRemaining(ArrayList.java:1708)
	at java.base/java.util.stream.AbstractPipeline.copyInto(AbstractPipeline.java:509)
	at java.base/java.util.stream.AbstractPipeline.wrapAndCopyInto(AbstractPipeline.java:499)
	at java.base/java.util.stream.ForEachOps$ForEachOp.evaluateSequential(ForEachOps.java:151)
	at java.base/java.util.stream.ForEachOps$ForEachOp$OfRef.evaluateSequential(ForEachOps.java:174)
	at java.base/java.util.stream.AbstractPipeline.evaluate(AbstractPipeline.java:234)
	at java.base/java.util.stream.ReferencePipeline.forEach(ReferencePipeline.java:596)
	at java.base/java.util.ArrayList.forEach(ArrayList.java:1596)
	at java.base/java.util.ArrayList.forEach(ArrayList.java:1596)
Caused by: org.postgresql.util.PSQLException: ERROR: relation "registration" does not exist
  Position: 22
	at org.postgresql.core.v3.QueryExecutorImpl.receiveErrorResponse(QueryExecutorImpl.java:2904)
	at org.postgresql.core.v3.QueryExecutorImpl.processResults(QueryExecutorImpl.java:2589)
	at org.postgresql.core.v3.QueryExecutorImpl.execute(QueryExecutorImpl.java:431)
	at org.postgresql.jdbc.PgStatement.executeInternal(PgStatement.java:534)
	at org.postgresql.jdbc.PgStatement.execute(PgStatement.java:437)
	at org.postgresql.jdbc.PgPreparedStatement.executeWithFlags(PgPreparedStatement.java:196)
	at org.postgresql.jdbc.PgPreparedStatement.executeQuery(PgPreparedStatement.java:139)
	at lab.conference.acceptance.support.Store.count(Store.java:114)
	... 38 more

[ERROR] lab.conference.acceptance.ExternalRegistrationAcceptanceTest.ac_001_03_invalidEmailIsRejected(String)[6] -- Time elapsed: 0.024 s <<< ERROR!
java.lang.IllegalStateException: 
org.postgresql.util.PSQLException: ERROR: relation "registration" does not exist
  Position: 22
	at lab.conference.acceptance.support.Store.count(Store.java:119)
	at lab.conference.acceptance.support.Store.registrationCount(Store.java:45)
	at lab.conference.acceptance.support.Store.snapshot(Store.java:100)
	at lab.conference.acceptance.ExternalRegistrationAcceptanceTest.ac_001_03_invalidEmailIsRejected(ExternalRegistrationAcceptanceTest.java:127)
	at java.base/java.lang.reflect.Method.invoke(Method.java:580)
	at java.base/java.util.Optional.ifPresent(Optional.java:178)
	at java.base/java.util.stream.ForEachOps$ForEachOp$OfRef.accept(ForEachOps.java:184)
	at java.base/java.util.stream.ReferencePipeline$3$1.accept(ReferencePipeline.java:197)
	at java.base/java.util.stream.ForEachOps$ForEachOp$OfRef.accept(ForEachOps.java:184)
	at java.base/java.util.stream.ForEachOps$ForEachOp$OfRef.accept(ForEachOps.java:184)
	at java.base/java.util.stream.ReferencePipeline$3$1.accept(ReferencePipeline.java:197)
	at java.base/java.util.Spliterators$ArraySpliterator.forEachRemaining(Spliterators.java:1024)
	at java.base/java.util.stream.AbstractPipeline.copyInto(AbstractPipeline.java:509)
	at java.base/java.util.stream.AbstractPipeline.wrapAndCopyInto(AbstractPipeline.java:499)
	at java.base/java.util.stream.ForEachOps$ForEachOp.evaluateSequential(ForEachOps.java:151)
	at java.base/java.util.stream.ForEachOps$ForEachOp$OfRef.evaluateSequential(ForEachOps.java:174)
	at java.base/java.util.stream.AbstractPipeline.evaluate(AbstractPipeline.java:234)
	at java.base/java.util.stream.ReferencePipeline.forEach(ReferencePipeline.java:596)
	at java.base/java.util.stream.ReferencePipeline$7$1.accept(ReferencePipeline.java:276)
	at java.base/java.util.ArrayList$ArrayListSpliterator.forEachRemaining(ArrayList.java:1708)
	at java.base/java.util.stream.AbstractPipeline.copyInto(AbstractPipeline.java:509)
	at java.base/java.util.stream.AbstractPipeline.wrapAndCopyInto(AbstractPipeline.java:499)
	at java.base/java.util.stream.ForEachOps$ForEachOp.evaluateSequential(ForEachOps.java:151)
	at java.base/java.util.stream.ForEachOps$ForEachOp$OfRef.evaluateSequential(ForEachOps.java:174)
	at java.base/java.util.stream.AbstractPipeline.evaluate(AbstractPipeline.java:234)
	at java.base/java.util.stream.ReferencePipeline.forEach(ReferencePipeline.java:596)
	at java.base/java.util.stream.ReferencePipeline$7$1.accept(ReferencePipeline.java:276)
	at java.base/java.util.stream.ReferencePipeline$3$1.accept(ReferencePipeline.java:197)
	at java.base/java.util.stream.ReferencePipeline$3$1.accept(ReferencePipeline.java:197)
	at java.base/java.util.stream.ReferencePipeline$3$1.accept(ReferencePipeline.java:197)
	at java.base/java.util.ArrayList$ArrayListSpliterator.forEachRemaining(ArrayList.java:1708)
	at java.base/java.util.stream.AbstractPipeline.copyInto(AbstractPipeline.java:509)
	at java.base/java.util.stream.AbstractPipeline.wrapAndCopyInto(AbstractPipeline.java:499)
	at java.base/java.util.stream.ForEachOps$ForEachOp.evaluateSequential(ForEachOps.java:151)
	at java.base/java.util.stream.ForEachOps$ForEachOp$OfRef.evaluateSequential(ForEachOps.java:174)
	at java.base/java.util.stream.AbstractPipeline.evaluate(AbstractPipeline.java:234)
	at java.base/java.util.stream.ReferencePipeline.forEach(ReferencePipeline.java:596)
	at java.base/java.util.ArrayList.forEach(ArrayList.java:1596)
	at java.base/java.util.ArrayList.forEach(ArrayList.java:1596)
Caused by: org.postgresql.util.PSQLException: ERROR: relation "registration" does not exist
  Position: 22
	at org.postgresql.core.v3.QueryExecutorImpl.receiveErrorResponse(QueryExecutorImpl.java:2904)
	at org.postgresql.core.v3.QueryExecutorImpl.processResults(QueryExecutorImpl.java:2589)
	at org.postgresql.core.v3.QueryExecutorImpl.execute(QueryExecutorImpl.java:431)
	at org.postgresql.jdbc.PgStatement.executeInternal(PgStatement.java:534)
	at org.postgresql.jdbc.PgStatement.execute(PgStatement.java:437)
	at org.postgresql.jdbc.PgPreparedStatement.executeWithFlags(PgPreparedStatement.java:196)
	at org.postgresql.jdbc.PgPreparedStatement.executeQuery(PgPreparedStatement.java:139)
	at lab.conference.acceptance.support.Store.count(Store.java:114)
	... 38 more

[ERROR] lab.conference.acceptance.ExternalRegistrationAcceptanceTest.ac_001_03_invalidEmailIsRejected(String)[7] -- Time elapsed: 0.028 s <<< ERROR!
java.lang.IllegalStateException: 
org.postgresql.util.PSQLException: ERROR: relation "registration" does not exist
  Position: 22
	at lab.conference.acceptance.support.Store.count(Store.java:119)
	at lab.conference.acceptance.support.Store.registrationCount(Store.java:45)
	at lab.conference.acceptance.support.Store.snapshot(Store.java:100)
	at lab.conference.acceptance.ExternalRegistrationAcceptanceTest.ac_001_03_invalidEmailIsRejected(ExternalRegistrationAcceptanceTest.java:127)
	at java.base/java.lang.reflect.Method.invoke(Method.java:580)
	at java.base/java.util.Optional.ifPresent(Optional.java:178)
	at java.base/java.util.stream.ForEachOps$ForEachOp$OfRef.accept(ForEachOps.java:184)
	at java.base/java.util.stream.ReferencePipeline$3$1.accept(ReferencePipeline.java:197)
	at java.base/java.util.stream.ForEachOps$ForEachOp$OfRef.accept(ForEachOps.java:184)
	at java.base/java.util.stream.ForEachOps$ForEachOp$OfRef.accept(ForEachOps.java:184)
	at java.base/java.util.stream.ReferencePipeline$3$1.accept(ReferencePipeline.java:197)
	at java.base/java.util.Spliterators$ArraySpliterator.forEachRemaining(Spliterators.java:1024)
	at java.base/java.util.stream.AbstractPipeline.copyInto(AbstractPipeline.java:509)
	at java.base/java.util.stream.AbstractPipeline.wrapAndCopyInto(AbstractPipeline.java:499)
	at java.base/java.util.stream.ForEachOps$ForEachOp.evaluateSequential(ForEachOps.java:151)
	at java.base/java.util.stream.ForEachOps$ForEachOp$OfRef.evaluateSequential(ForEachOps.java:174)
	at java.base/java.util.stream.AbstractPipeline.evaluate(AbstractPipeline.java:234)
	at java.base/java.util.stream.ReferencePipeline.forEach(ReferencePipeline.java:596)
	at java.base/java.util.stream.ReferencePipeline$7$1.accept(ReferencePipeline.java:276)
	at java.base/java.util.ArrayList$ArrayListSpliterator.forEachRemaining(ArrayList.java:1708)
	at java.base/java.util.stream.AbstractPipeline.copyInto(AbstractPipeline.java:509)
	at java.base/java.util.stream.AbstractPipeline.wrapAndCopyInto(AbstractPipeline.java:499)
	at java.base/java.util.stream.ForEachOps$ForEachOp.evaluateSequential(ForEachOps.java:151)
	at java.base/java.util.stream.ForEachOps$ForEachOp$OfRef.evaluateSequential(ForEachOps.java:174)
	at java.base/java.util.stream.AbstractPipeline.evaluate(AbstractPipeline.java:234)
	at java.base/java.util.stream.ReferencePipeline.forEach(ReferencePipeline.java:596)
	at java.base/java.util.stream.ReferencePipeline$7$1.accept(ReferencePipeline.java:276)
	at java.base/java.util.stream.ReferencePipeline$3$1.accept(ReferencePipeline.java:197)
	at java.base/java.util.stream.ReferencePipeline$3$1.accept(ReferencePipeline.java:197)
	at java.base/java.util.stream.ReferencePipeline$3$1.accept(ReferencePipeline.java:197)
	at java.base/java.util.ArrayList$ArrayListSpliterator.forEachRemaining(ArrayList.java:1708)
	at java.base/java.util.stream.AbstractPipeline.copyInto(AbstractPipeline.java:509)
	at java.base/java.util.stream.AbstractPipeline.wrapAndCopyInto(AbstractPipeline.java:499)
	at java.base/java.util.stream.ForEachOps$ForEachOp.evaluateSequential(ForEachOps.java:151)
	at java.base/java.util.stream.ForEachOps$ForEachOp$OfRef.evaluateSequential(ForEachOps.java:174)
	at java.base/java.util.stream.AbstractPipeline.evaluate(AbstractPipeline.java:234)
	at java.base/java.util.stream.ReferencePipeline.forEach(ReferencePipeline.java:596)
	at java.base/java.util.ArrayList.forEach(ArrayList.java:1596)
	at java.base/java.util.ArrayList.forEach(ArrayList.java:1596)
Caused by: org.postgresql.util.PSQLException: ERROR: relation "registration" does not exist
  Position: 22
	at org.postgresql.core.v3.QueryExecutorImpl.receiveErrorResponse(QueryExecutorImpl.java:2904)
	at org.postgresql.core.v3.QueryExecutorImpl.processResults(QueryExecutorImpl.java:2589)
	at org.postgresql.core.v3.QueryExecutorImpl.execute(QueryExecutorImpl.java:431)
	at org.postgresql.jdbc.PgStatement.executeInternal(PgStatement.java:534)
	at org.postgresql.jdbc.PgStatement.execute(PgStatement.java:437)
	at org.postgresql.jdbc.PgPreparedStatement.executeWithFlags(PgPreparedStatement.java:196)
	at org.postgresql.jdbc.PgPreparedStatement.executeQuery(PgPreparedStatement.java:139)
	at lab.conference.acceptance.support.Store.count(Store.java:114)
	... 38 more

[ERROR] lab.conference.acceptance.ExternalRegistrationAcceptanceTest.ac_001_03_invalidEmailIsRejected(String)[8] -- Time elapsed: 0.046 s <<< ERROR!
java.lang.IllegalStateException: 
org.postgresql.util.PSQLException: ERROR: relation "registration" does not exist
  Position: 22
	at lab.conference.acceptance.support.Store.count(Store.java:119)
	at lab.conference.acceptance.support.Store.registrationCount(Store.java:45)
	at lab.conference.acceptance.support.Store.snapshot(Store.java:100)
	at lab.conference.acceptance.ExternalRegistrationAcceptanceTest.ac_001_03_invalidEmailIsRejected(ExternalRegistrationAcceptanceTest.java:127)
	at java.base/java.lang.reflect.Method.invoke(Method.java:580)
	at java.base/java.util.Optional.ifPresent(Optional.java:178)
	at java.base/java.util.stream.ForEachOps$ForEachOp$OfRef.accept(ForEachOps.java:184)
	at java.base/java.util.stream.ReferencePipeline$3$1.accept(ReferencePipeline.java:197)
	at java.base/java.util.stream.ForEachOps$ForEachOp$OfRef.accept(ForEachOps.java:184)
	at java.base/java.util.stream.ForEachOps$ForEachOp$OfRef.accept(ForEachOps.java:184)
	at java.base/java.util.stream.ReferencePipeline$3$1.accept(ReferencePipeline.java:197)
	at java.base/java.util.Spliterators$ArraySpliterator.forEachRemaining(Spliterators.java:1024)
	at java.base/java.util.stream.AbstractPipeline.copyInto(AbstractPipeline.java:509)
	at java.base/java.util.stream.AbstractPipeline.wrapAndCopyInto(AbstractPipeline.java:499)
	at java.base/java.util.stream.ForEachOps$ForEachOp.evaluateSequential(ForEachOps.java:151)
	at java.base/java.util.stream.ForEachOps$ForEachOp$OfRef.evaluateSequential(ForEachOps.java:174)
	at java.base/java.util.stream.AbstractPipeline.evaluate(AbstractPipeline.java:234)
	at java.base/java.util.stream.ReferencePipeline.forEach(ReferencePipeline.java:596)
	at java.base/java.util.stream.ReferencePipeline$7$1.accept(ReferencePipeline.java:276)
	at java.base/java.util.ArrayList$ArrayListSpliterator.forEachRemaining(ArrayList.java:1708)
	at java.base/java.util.stream.AbstractPipeline.copyInto(AbstractPipeline.java:509)
	at java.base/java.util.stream.AbstractPipeline.wrapAndCopyInto(AbstractPipeline.java:499)
	at java.base/java.util.stream.ForEachOps$ForEachOp.evaluateSequential(ForEachOps.java:151)
	at java.base/java.util.stream.ForEachOps$ForEachOp$OfRef.evaluateSequential(ForEachOps.java:174)
	at java.base/java.util.stream.AbstractPipeline.evaluate(AbstractPipeline.java:234)
	at java.base/java.util.stream.ReferencePipeline.forEach(ReferencePipeline.java:596)
	at java.base/java.util.stream.ReferencePipeline$7$1.accept(ReferencePipeline.java:276)
	at java.base/java.util.stream.ReferencePipeline$3$1.accept(ReferencePipeline.java:197)
	at java.base/java.util.stream.ReferencePipeline$3$1.accept(ReferencePipeline.java:197)
	at java.base/java.util.stream.ReferencePipeline$3$1.accept(ReferencePipeline.java:197)
	at java.base/java.util.ArrayList$ArrayListSpliterator.forEachRemaining(ArrayList.java:1708)
	at java.base/java.util.stream.AbstractPipeline.copyInto(AbstractPipeline.java:509)
	at java.base/java.util.stream.AbstractPipeline.wrapAndCopyInto(AbstractPipeline.java:499)
	at java.base/java.util.stream.ForEachOps$ForEachOp.evaluateSequential(ForEachOps.java:151)
	at java.base/java.util.stream.ForEachOps$ForEachOp$OfRef.evaluateSequential(ForEachOps.java:174)
	at java.base/java.util.stream.AbstractPipeline.evaluate(AbstractPipeline.java:234)
	at java.base/java.util.stream.ReferencePipeline.forEach(ReferencePipeline.java:596)
	at java.base/java.util.ArrayList.forEach(ArrayList.java:1596)
	at java.base/java.util.ArrayList.forEach(ArrayList.java:1596)
Caused by: org.postgresql.util.PSQLException: ERROR: relation "registration" does not exist
  Position: 22
	at org.postgresql.core.v3.QueryExecutorImpl.receiveErrorResponse(QueryExecutorImpl.java:2904)
	at org.postgresql.core.v3.QueryExecutorImpl.processResults(QueryExecutorImpl.java:2589)
	at org.postgresql.core.v3.QueryExecutorImpl.execute(QueryExecutorImpl.java:431)
	at org.postgresql.jdbc.PgStatement.executeInternal(PgStatement.java:534)
	at org.postgresql.jdbc.PgStatement.execute(PgStatement.java:437)
	at org.postgresql.jdbc.PgPreparedStatement.executeWithFlags(PgPreparedStatement.java:196)
	at org.postgresql.jdbc.PgPreparedStatement.executeQuery(PgPreparedStatement.java:139)
	at lab.conference.acceptance.support.Store.count(Store.java:114)
	... 38 more

[ERROR] lab.conference.acceptance.ExternalRegistrationAcceptanceTest.ac_001_03_invalidEmailIsRejected(String)[9] -- Time elapsed: 0.025 s <<< ERROR!
java.lang.IllegalStateException: 
org.postgresql.util.PSQLException: ERROR: relation "registration" does not exist
  Position: 22
	at lab.conference.acceptance.support.Store.count(Store.java:119)
	at lab.conference.acceptance.support.Store.registrationCount(Store.java:45)
	at lab.conference.acceptance.support.Store.snapshot(Store.java:100)
	at lab.conference.acceptance.ExternalRegistrationAcceptanceTest.ac_001_03_invalidEmailIsRejected(ExternalRegistrationAcceptanceTest.java:127)
	at java.base/java.lang.reflect.Method.invoke(Method.java:580)
	at java.base/java.util.Optional.ifPresent(Optional.java:178)
	at java.base/java.util.stream.ForEachOps$ForEachOp$OfRef.accept(ForEachOps.java:184)
	at java.base/java.util.stream.ReferencePipeline$3$1.accept(ReferencePipeline.java:197)
	at java.base/java.util.stream.ForEachOps$ForEachOp$OfRef.accept(ForEachOps.java:184)
	at java.base/java.util.stream.ForEachOps$ForEachOp$OfRef.accept(ForEachOps.java:184)
	at java.base/java.util.stream.ReferencePipeline$3$1.accept(ReferencePipeline.java:197)
	at java.base/java.util.Spliterators$ArraySpliterator.forEachRemaining(Spliterators.java:1024)
	at java.base/java.util.stream.AbstractPipeline.copyInto(AbstractPipeline.java:509)
	at java.base/java.util.stream.AbstractPipeline.wrapAndCopyInto(AbstractPipeline.java:499)
	at java.base/java.util.stream.ForEachOps$ForEachOp.evaluateSequential(ForEachOps.java:151)
	at java.base/java.util.stream.ForEachOps$ForEachOp$OfRef.evaluateSequential(ForEachOps.java:174)
	at java.base/java.util.stream.AbstractPipeline.evaluate(AbstractPipeline.java:234)
	at java.base/java.util.stream.ReferencePipeline.forEach(ReferencePipeline.java:596)
	at java.base/java.util.stream.ReferencePipeline$7$1.accept(ReferencePipeline.java:276)
	at java.base/java.util.ArrayList$ArrayListSpliterator.forEachRemaining(ArrayList.java:1708)
	at java.base/java.util.stream.AbstractPipeline.copyInto(AbstractPipeline.java:509)
	at java.base/java.util.stream.AbstractPipeline.wrapAndCopyInto(AbstractPipeline.java:499)
	at java.base/java.util.stream.ForEachOps$ForEachOp.evaluateSequential(ForEachOps.java:151)
	at java.base/java.util.stream.ForEachOps$ForEachOp$OfRef.evaluateSequential(ForEachOps.java:174)
	at java.base/java.util.stream.AbstractPipeline.evaluate(AbstractPipeline.java:234)
	at java.base/java.util.stream.ReferencePipeline.forEach(ReferencePipeline.java:596)
	at java.base/java.util.stream.ReferencePipeline$7$1.accept(ReferencePipeline.java:276)
	at java.base/java.util.stream.ReferencePipeline$3$1.accept(ReferencePipeline.java:197)
	at java.base/java.util.stream.ReferencePipeline$3$1.accept(ReferencePipeline.java:197)
	at java.base/java.util.stream.ReferencePipeline$3$1.accept(ReferencePipeline.java:197)
	at java.base/java.util.ArrayList$ArrayListSpliterator.forEachRemaining(ArrayList.java:1708)
	at java.base/java.util.stream.AbstractPipeline.copyInto(AbstractPipeline.java:509)
	at java.base/java.util.stream.AbstractPipeline.wrapAndCopyInto(AbstractPipeline.java:499)
	at java.base/java.util.stream.ForEachOps$ForEachOp.evaluateSequential(ForEachOps.java:151)
	at java.base/java.util.stream.ForEachOps$ForEachOp$OfRef.evaluateSequential(ForEachOps.java:174)
	at java.base/java.util.stream.AbstractPipeline.evaluate(AbstractPipeline.java:234)
	at java.base/java.util.stream.ReferencePipeline.forEach(ReferencePipeline.java:596)
	at java.base/java.util.ArrayList.forEach(ArrayList.java:1596)
	at java.base/java.util.ArrayList.forEach(ArrayList.java:1596)
Caused by: org.postgresql.util.PSQLException: ERROR: relation "registration" does not exist
  Position: 22
	at org.postgresql.core.v3.QueryExecutorImpl.receiveErrorResponse(QueryExecutorImpl.java:2904)
	at org.postgresql.core.v3.QueryExecutorImpl.processResults(QueryExecutorImpl.java:2589)
	at org.postgresql.core.v3.QueryExecutorImpl.execute(QueryExecutorImpl.java:431)
	at org.postgresql.jdbc.PgStatement.executeInternal(PgStatement.java:534)
	at org.postgresql.jdbc.PgStatement.execute(PgStatement.java:437)
	at org.postgresql.jdbc.PgPreparedStatement.executeWithFlags(PgPreparedStatement.java:196)
	at org.postgresql.jdbc.PgPreparedStatement.executeQuery(PgPreparedStatement.java:139)
	at lab.conference.acceptance.support.Store.count(Store.java:114)
	... 38 more

[ERROR] lab.conference.acceptance.ExternalRegistrationAcceptanceTest.ac_001_03_invalidEmailIsRejected(String)[10] -- Time elapsed: 0.028 s <<< ERROR!
java.lang.IllegalStateException: 
org.postgresql.util.PSQLException: ERROR: relation "registration" does not exist
  Position: 22
	at lab.conference.acceptance.support.Store.count(Store.java:119)
	at lab.conference.acceptance.support.Store.registrationCount(Store.java:45)
	at lab.conference.acceptance.support.Store.snapshot(Store.java:100)
	at lab.conference.acceptance.ExternalRegistrationAcceptanceTest.ac_001_03_invalidEmailIsRejected(ExternalRegistrationAcceptanceTest.java:127)
	at java.base/java.lang.reflect.Method.invoke(Method.java:580)
	at java.base/java.util.Optional.ifPresent(Optional.java:178)
	at java.base/java.util.stream.ForEachOps$ForEachOp$OfRef.accept(ForEachOps.java:184)
	at java.base/java.util.stream.ReferencePipeline$3$1.accept(ReferencePipeline.java:197)
	at java.base/java.util.stream.ForEachOps$ForEachOp$OfRef.accept(ForEachOps.java:184)
	at java.base/java.util.stream.ForEachOps$ForEachOp$OfRef.accept(ForEachOps.java:184)
	at java.base/java.util.stream.ReferencePipeline$3$1.accept(ReferencePipeline.java:197)
	at java.base/java.util.Spliterators$ArraySpliterator.forEachRemaining(Spliterators.java:1024)
	at java.base/java.util.stream.AbstractPipeline.copyInto(AbstractPipeline.java:509)
	at java.base/java.util.stream.AbstractPipeline.wrapAndCopyInto(AbstractPipeline.java:499)
	at java.base/java.util.stream.ForEachOps$ForEachOp.evaluateSequential(ForEachOps.java:151)
	at java.base/java.util.stream.ForEachOps$ForEachOp$OfRef.evaluateSequential(ForEachOps.java:174)
	at java.base/java.util.stream.AbstractPipeline.evaluate(AbstractPipeline.java:234)
	at java.base/java.util.stream.ReferencePipeline.forEach(ReferencePipeline.java:596)
	at java.base/java.util.stream.ReferencePipeline$7$1.accept(ReferencePipeline.java:276)
	at java.base/java.util.ArrayList$ArrayListSpliterator.forEachRemaining(ArrayList.java:1708)
	at java.base/java.util.stream.AbstractPipeline.copyInto(AbstractPipeline.java:509)
	at java.base/java.util.stream.AbstractPipeline.wrapAndCopyInto(AbstractPipeline.java:499)
	at java.base/java.util.stream.ForEachOps$ForEachOp.evaluateSequential(ForEachOps.java:151)
	at java.base/java.util.stream.ForEachOps$ForEachOp$OfRef.evaluateSequential(ForEachOps.java:174)
	at java.base/java.util.stream.AbstractPipeline.evaluate(AbstractPipeline.java:234)
	at java.base/java.util.stream.ReferencePipeline.forEach(ReferencePipeline.java:596)
	at java.base/java.util.stream.ReferencePipeline$7$1.accept(ReferencePipeline.java:276)
	at java.base/java.util.stream.ReferencePipeline$3$1.accept(ReferencePipeline.java:197)
	at java.base/java.util.stream.ReferencePipeline$3$1.accept(ReferencePipeline.java:197)
	at java.base/java.util.stream.ReferencePipeline$3$1.accept(ReferencePipeline.java:197)
	at java.base/java.util.ArrayList$ArrayListSpliterator.forEachRemaining(ArrayList.java:1708)
	at java.base/java.util.stream.AbstractPipeline.copyInto(AbstractPipeline.java:509)
	at java.base/java.util.stream.AbstractPipeline.wrapAndCopyInto(AbstractPipeline.java:499)
	at java.base/java.util.stream.ForEachOps$ForEachOp.evaluateSequential(ForEachOps.java:151)
	at java.base/java.util.stream.ForEachOps$ForEachOp$OfRef.evaluateSequential(ForEachOps.java:174)
	at java.base/java.util.stream.AbstractPipeline.evaluate(AbstractPipeline.java:234)
	at java.base/java.util.stream.ReferencePipeline.forEach(ReferencePipeline.java:596)
	at java.base/java.util.ArrayList.forEach(ArrayList.java:1596)
	at java.base/java.util.ArrayList.forEach(ArrayList.java:1596)
Caused by: org.postgresql.util.PSQLException: ERROR: relation "registration" does not exist
  Position: 22
	at org.postgresql.core.v3.QueryExecutorImpl.receiveErrorResponse(QueryExecutorImpl.java:2904)
	at org.postgresql.core.v3.QueryExecutorImpl.processResults(QueryExecutorImpl.java:2589)
	at org.postgresql.core.v3.QueryExecutorImpl.execute(QueryExecutorImpl.java:431)
	at org.postgresql.jdbc.PgStatement.executeInternal(PgStatement.java:534)
	at org.postgresql.jdbc.PgStatement.execute(PgStatement.java:437)
	at org.postgresql.jdbc.PgPreparedStatement.executeWithFlags(PgPreparedStatement.java:196)
	at org.postgresql.jdbc.PgPreparedStatement.executeQuery(PgPreparedStatement.java:139)
	at lab.conference.acceptance.support.Store.count(Store.java:114)
	... 38 more

[ERROR] lab.conference.acceptance.ExternalRegistrationAcceptanceTest.ac_001_02_missingOrBlankRequiredFieldIsRejected(String, String)[1] -- Time elapsed: 0.025 s <<< ERROR!
java.lang.IllegalStateException: 
org.postgresql.util.PSQLException: ERROR: relation "registration" does not exist
  Position: 22
	at lab.conference.acceptance.support.Store.count(Store.java:119)
	at lab.conference.acceptance.support.Store.registrationCount(Store.java:45)
	at lab.conference.acceptance.support.Store.snapshot(Store.java:100)
	at lab.conference.acceptance.ExternalRegistrationAcceptanceTest.ac_001_02_missingOrBlankRequiredFieldIsRejected(ExternalRegistrationAcceptanceTest.java:101)
	at java.base/java.lang.reflect.Method.invoke(Method.java:580)
	at java.base/java.util.Optional.ifPresent(Optional.java:178)
	at java.base/java.util.stream.ForEachOps$ForEachOp$OfRef.accept(ForEachOps.java:184)
	at java.base/java.util.stream.ReferencePipeline$3$1.accept(ReferencePipeline.java:197)
	at java.base/java.util.stream.ForEachOps$ForEachOp$OfRef.accept(ForEachOps.java:184)
	at java.base/java.util.stream.ForEachOps$ForEachOp$OfRef.accept(ForEachOps.java:184)
	at java.base/java.util.stream.ReferencePipeline$3$1.accept(ReferencePipeline.java:197)
	at java.base/java.util.stream.SpinedBuffer$1Splitr.forEachRemaining(SpinedBuffer.java:356)
	at java.base/java.util.stream.ReferencePipeline$Head.forEach(ReferencePipeline.java:762)
	at java.base/java.util.stream.ReferencePipeline$7$1.accept(ReferencePipeline.java:276)
	at java.base/java.util.stream.ReferencePipeline$3$1.accept(ReferencePipeline.java:197)
	at java.base/java.util.stream.ReferencePipeline$3$1.accept(ReferencePipeline.java:197)
	at java.base/java.util.stream.ReferencePipeline$3$1.accept(ReferencePipeline.java:197)
	at java.base/java.util.Spliterators$ArraySpliterator.forEachRemaining(Spliterators.java:1024)
	at java.base/java.util.stream.AbstractPipeline.copyInto(AbstractPipeline.java:509)
	at java.base/java.util.stream.AbstractPipeline.wrapAndCopyInto(AbstractPipeline.java:499)
	at java.base/java.util.stream.ForEachOps$ForEachOp.evaluateSequential(ForEachOps.java:151)
	at java.base/java.util.stream.ForEachOps$ForEachOp$OfRef.evaluateSequential(ForEachOps.java:174)
	at java.base/java.util.stream.AbstractPipeline.evaluate(AbstractPipeline.java:234)
	at java.base/java.util.stream.ReferencePipeline.forEach(ReferencePipeline.java:596)
	at java.base/java.util.stream.ReferencePipeline$7$1.accept(ReferencePipeline.java:276)
	at java.base/java.util.ArrayList$ArrayListSpliterator.forEachRemaining(ArrayList.java:1708)
	at java.base/java.util.stream.AbstractPipeline.copyInto(AbstractPipeline.java:509)
	at java.base/java.util.stream.AbstractPipeline.wrapAndCopyInto(AbstractPipeline.java:499)
	at java.base/java.util.stream.ForEachOps$ForEachOp.evaluateSequential(ForEachOps.java:151)
	at java.base/java.util.stream.ForEachOps$ForEachOp$OfRef.evaluateSequential(ForEachOps.java:174)
	at java.base/java.util.stream.AbstractPipeline.evaluate(AbstractPipeline.java:234)
	at java.base/java.util.stream.ReferencePipeline.forEach(ReferencePipeline.java:596)
	at java.base/java.util.stream.ReferencePipeline$7$1.accept(ReferencePipeline.java:276)
	at java.base/java.util.stream.ReferencePipeline$3$1.accept(ReferencePipeline.java:197)
	at java.base/java.util.stream.ReferencePipeline$3$1.accept(ReferencePipeline.java:197)
	at java.base/java.util.stream.ReferencePipeline$3$1.accept(ReferencePipeline.java:197)
	at java.base/java.util.ArrayList$ArrayListSpliterator.forEachRemaining(ArrayList.java:1708)
	at java.base/java.util.stream.AbstractPipeline.copyInto(AbstractPipeline.java:509)
	at java.base/java.util.stream.AbstractPipeline.wrapAndCopyInto(AbstractPipeline.java:499)
	at java.base/java.util.stream.ForEachOps$ForEachOp.evaluateSequential(ForEachOps.java:151)
	at java.base/java.util.stream.ForEachOps$ForEachOp$OfRef.evaluateSequential(ForEachOps.java:174)
	at java.base/java.util.stream.AbstractPipeline.evaluate(AbstractPipeline.java:234)
	at java.base/java.util.stream.ReferencePipeline.forEach(ReferencePipeline.java:596)
	at java.base/java.util.ArrayList.forEach(ArrayList.java:1596)
	at java.base/java.util.ArrayList.forEach(ArrayList.java:1596)
Caused by: org.postgresql.util.PSQLException: ERROR: relation "registration" does not exist
  Position: 22
	at org.postgresql.core.v3.QueryExecutorImpl.receiveErrorResponse(QueryExecutorImpl.java:2904)
	at org.postgresql.core.v3.QueryExecutorImpl.processResults(QueryExecutorImpl.java:2589)
	at org.postgresql.core.v3.QueryExecutorImpl.execute(QueryExecutorImpl.java:431)
	at org.postgresql.jdbc.PgStatement.executeInternal(PgStatement.java:534)
	at org.postgresql.jdbc.PgStatement.execute(PgStatement.java:437)
	at org.postgresql.jdbc.PgPreparedStatement.executeWithFlags(PgPreparedStatement.java:196)
	at org.postgresql.jdbc.PgPreparedStatement.executeQuery(PgPreparedStatement.java:139)
	at lab.conference.acceptance.support.Store.count(Store.java:114)
	... 44 more

[ERROR] lab.conference.acceptance.ExternalRegistrationAcceptanceTest.ac_001_02_missingOrBlankRequiredFieldIsRejected(String, String)[2] -- Time elapsed: 0.025 s <<< ERROR!
java.lang.IllegalStateException: 
org.postgresql.util.PSQLException: ERROR: relation "registration" does not exist
  Position: 22
	at lab.conference.acceptance.support.Store.count(Store.java:119)
	at lab.conference.acceptance.support.Store.registrationCount(Store.java:45)
	at lab.conference.acceptance.support.Store.snapshot(Store.java:100)
	at lab.conference.acceptance.ExternalRegistrationAcceptanceTest.ac_001_02_missingOrBlankRequiredFieldIsRejected(ExternalRegistrationAcceptanceTest.java:101)
	at java.base/java.lang.reflect.Method.invoke(Method.java:580)
	at java.base/java.util.Optional.ifPresent(Optional.java:178)
	at java.base/java.util.stream.ForEachOps$ForEachOp$OfRef.accept(ForEachOps.java:184)
	at java.base/java.util.stream.ReferencePipeline$3$1.accept(ReferencePipeline.java:197)
	at java.base/java.util.stream.ForEachOps$ForEachOp$OfRef.accept(ForEachOps.java:184)
	at java.base/java.util.stream.ForEachOps$ForEachOp$OfRef.accept(ForEachOps.java:184)
	at java.base/java.util.stream.ReferencePipeline$3$1.accept(ReferencePipeline.java:197)
	at java.base/java.util.stream.SpinedBuffer$1Splitr.forEachRemaining(SpinedBuffer.java:356)
	at java.base/java.util.stream.ReferencePipeline$Head.forEach(ReferencePipeline.java:762)
	at java.base/java.util.stream.ReferencePipeline$7$1.accept(ReferencePipeline.java:276)
	at java.base/java.util.stream.ReferencePipeline$3$1.accept(ReferencePipeline.java:197)
	at java.base/java.util.stream.ReferencePipeline$3$1.accept(ReferencePipeline.java:197)
	at java.base/java.util.stream.ReferencePipeline$3$1.accept(ReferencePipeline.java:197)
	at java.base/java.util.Spliterators$ArraySpliterator.forEachRemaining(Spliterators.java:1024)
	at java.base/java.util.stream.AbstractPipeline.copyInto(AbstractPipeline.java:509)
	at java.base/java.util.stream.AbstractPipeline.wrapAndCopyInto(AbstractPipeline.java:499)
	at java.base/java.util.stream.ForEachOps$ForEachOp.evaluateSequential(ForEachOps.java:151)
	at java.base/java.util.stream.ForEachOps$ForEachOp$OfRef.evaluateSequential(ForEachOps.java:174)
	at java.base/java.util.stream.AbstractPipeline.evaluate(AbstractPipeline.java:234)
	at java.base/java.util.stream.ReferencePipeline.forEach(ReferencePipeline.java:596)
	at java.base/java.util.stream.ReferencePipeline$7$1.accept(ReferencePipeline.java:276)
	at java.base/java.util.ArrayList$ArrayListSpliterator.forEachRemaining(ArrayList.java:1708)
	at java.base/java.util.stream.AbstractPipeline.copyInto(AbstractPipeline.java:509)
	at java.base/java.util.stream.AbstractPipeline.wrapAndCopyInto(AbstractPipeline.java:499)
	at java.base/java.util.stream.ForEachOps$ForEachOp.evaluateSequential(ForEachOps.java:151)
	at java.base/java.util.stream.ForEachOps$ForEachOp$OfRef.evaluateSequential(ForEachOps.java:174)
	at java.base/java.util.stream.AbstractPipeline.evaluate(AbstractPipeline.java:234)
	at java.base/java.util.stream.ReferencePipeline.forEach(ReferencePipeline.java:596)
	at java.base/java.util.stream.ReferencePipeline$7$1.accept(ReferencePipeline.java:276)
	at java.base/java.util.stream.ReferencePipeline$3$1.accept(ReferencePipeline.java:197)
	at java.base/java.util.stream.ReferencePipeline$3$1.accept(ReferencePipeline.java:197)
	at java.base/java.util.stream.ReferencePipeline$3$1.accept(ReferencePipeline.java:197)
	at java.base/java.util.ArrayList$ArrayListSpliterator.forEachRemaining(ArrayList.java:1708)
	at java.base/java.util.stream.AbstractPipeline.copyInto(AbstractPipeline.java:509)
	at java.base/java.util.stream.AbstractPipeline.wrapAndCopyInto(AbstractPipeline.java:499)
	at java.base/java.util.stream.ForEachOps$ForEachOp.evaluateSequential(ForEachOps.java:151)
	at java.base/java.util.stream.ForEachOps$ForEachOp$OfRef.evaluateSequential(ForEachOps.java:174)
	at java.base/java.util.stream.AbstractPipeline.evaluate(AbstractPipeline.java:234)
	at java.base/java.util.stream.ReferencePipeline.forEach(ReferencePipeline.java:596)
	at java.base/java.util.ArrayList.forEach(ArrayList.java:1596)
	at java.base/java.util.ArrayList.forEach(ArrayList.java:1596)
Caused by: org.postgresql.util.PSQLException: ERROR: relation "registration" does not exist
  Position: 22
	at org.postgresql.core.v3.QueryExecutorImpl.receiveErrorResponse(QueryExecutorImpl.java:2904)
	at org.postgresql.core.v3.QueryExecutorImpl.processResults(QueryExecutorImpl.java:2589)
	at org.postgresql.core.v3.QueryExecutorImpl.execute(QueryExecutorImpl.java:431)
	at org.postgresql.jdbc.PgStatement.executeInternal(PgStatement.java:534)
	at org.postgresql.jdbc.PgStatement.execute(PgStatement.java:437)
	at org.postgresql.jdbc.PgPreparedStatement.executeWithFlags(PgPreparedStatement.java:196)
	at org.postgresql.jdbc.PgPreparedStatement.executeQuery(PgPreparedStatement.java:139)
	at lab.conference.acceptance.support.Store.count(Store.java:114)
	... 44 more

[ERROR] lab.conference.acceptance.ExternalRegistrationAcceptanceTest.ac_001_02_missingOrBlankRequiredFieldIsRejected(String, String)[3] -- Time elapsed: 0.038 s <<< ERROR!
java.lang.IllegalStateException: 
org.postgresql.util.PSQLException: ERROR: relation "registration" does not exist
  Position: 22
	at lab.conference.acceptance.support.Store.count(Store.java:119)
	at lab.conference.acceptance.support.Store.registrationCount(Store.java:45)
	at lab.conference.acceptance.support.Store.snapshot(Store.java:100)
	at lab.conference.acceptance.ExternalRegistrationAcceptanceTest.ac_001_02_missingOrBlankRequiredFieldIsRejected(ExternalRegistrationAcceptanceTest.java:101)
	at java.base/java.lang.reflect.Method.invoke(Method.java:580)
	at java.base/java.util.Optional.ifPresent(Optional.java:178)
	at java.base/java.util.stream.ForEachOps$ForEachOp$OfRef.accept(ForEachOps.java:184)
	at java.base/java.util.stream.ReferencePipeline$3$1.accept(ReferencePipeline.java:197)
	at java.base/java.util.stream.ForEachOps$ForEachOp$OfRef.accept(ForEachOps.java:184)
	at java.base/java.util.stream.ForEachOps$ForEachOp$OfRef.accept(ForEachOps.java:184)
	at java.base/java.util.stream.ReferencePipeline$3$1.accept(ReferencePipeline.java:197)
	at java.base/java.util.stream.SpinedBuffer$1Splitr.forEachRemaining(SpinedBuffer.java:356)
	at java.base/java.util.stream.ReferencePipeline$Head.forEach(ReferencePipeline.java:762)
	at java.base/java.util.stream.ReferencePipeline$7$1.accept(ReferencePipeline.java:276)
	at java.base/java.util.stream.ReferencePipeline$3$1.accept(ReferencePipeline.java:197)
	at java.base/java.util.stream.ReferencePipeline$3$1.accept(ReferencePipeline.java:197)
	at java.base/java.util.stream.ReferencePipeline$3$1.accept(ReferencePipeline.java:197)
	at java.base/java.util.Spliterators$ArraySpliterator.forEachRemaining(Spliterators.java:1024)
	at java.base/java.util.stream.AbstractPipeline.copyInto(AbstractPipeline.java:509)
	at java.base/java.util.stream.AbstractPipeline.wrapAndCopyInto(AbstractPipeline.java:499)
	at java.base/java.util.stream.ForEachOps$ForEachOp.evaluateSequential(ForEachOps.java:151)
	at java.base/java.util.stream.ForEachOps$ForEachOp$OfRef.evaluateSequential(ForEachOps.java:174)
	at java.base/java.util.stream.AbstractPipeline.evaluate(AbstractPipeline.java:234)
	at java.base/java.util.stream.ReferencePipeline.forEach(ReferencePipeline.java:596)
	at java.base/java.util.stream.ReferencePipeline$7$1.accept(ReferencePipeline.java:276)
	at java.base/java.util.ArrayList$ArrayListSpliterator.forEachRemaining(ArrayList.java:1708)
	at java.base/java.util.stream.AbstractPipeline.copyInto(AbstractPipeline.java:509)
	at java.base/java.util.stream.AbstractPipeline.wrapAndCopyInto(AbstractPipeline.java:499)
	at java.base/java.util.stream.ForEachOps$ForEachOp.evaluateSequential(ForEachOps.java:151)
	at java.base/java.util.stream.ForEachOps$ForEachOp$OfRef.evaluateSequential(ForEachOps.java:174)
	at java.base/java.util.stream.AbstractPipeline.evaluate(AbstractPipeline.java:234)
	at java.base/java.util.stream.ReferencePipeline.forEach(ReferencePipeline.java:596)
	at java.base/java.util.stream.ReferencePipeline$7$1.accept(ReferencePipeline.java:276)
	at java.base/java.util.stream.ReferencePipeline$3$1.accept(ReferencePipeline.java:197)
	at java.base/java.util.stream.ReferencePipeline$3$1.accept(ReferencePipeline.java:197)
	at java.base/java.util.stream.ReferencePipeline$3$1.accept(ReferencePipeline.java:197)
	at java.base/java.util.ArrayList$ArrayListSpliterator.forEachRemaining(ArrayList.java:1708)
	at java.base/java.util.stream.AbstractPipeline.copyInto(AbstractPipeline.java:509)
	at java.base/java.util.stream.AbstractPipeline.wrapAndCopyInto(AbstractPipeline.java:499)
	at java.base/java.util.stream.ForEachOps$ForEachOp.evaluateSequential(ForEachOps.java:151)
	at java.base/java.util.stream.ForEachOps$ForEachOp$OfRef.evaluateSequential(ForEachOps.java:174)
	at java.base/java.util.stream.AbstractPipeline.evaluate(AbstractPipeline.java:234)
	at java.base/java.util.stream.ReferencePipeline.forEach(ReferencePipeline.java:596)
	at java.base/java.util.ArrayList.forEach(ArrayList.java:1596)
	at java.base/java.util.ArrayList.forEach(ArrayList.java:1596)
Caused by: org.postgresql.util.PSQLException: ERROR: relation "registration" does not exist
  Position: 22
	at org.postgresql.core.v3.QueryExecutorImpl.receiveErrorResponse(QueryExecutorImpl.java:2904)
	at org.postgresql.core.v3.QueryExecutorImpl.processResults(QueryExecutorImpl.java:2589)
	at org.postgresql.core.v3.QueryExecutorImpl.execute(QueryExecutorImpl.java:431)
	at org.postgresql.jdbc.PgStatement.executeInternal(PgStatement.java:534)
	at org.postgresql.jdbc.PgStatement.execute(PgStatement.java:437)
	at org.postgresql.jdbc.PgPreparedStatement.executeWithFlags(PgPreparedStatement.java:196)
	at org.postgresql.jdbc.PgPreparedStatement.executeQuery(PgPreparedStatement.java:139)
	at lab.conference.acceptance.support.Store.count(Store.java:114)
	... 44 more

[ERROR] lab.conference.acceptance.ExternalRegistrationAcceptanceTest.ac_001_02_missingOrBlankRequiredFieldIsRejected(String, String)[4] -- Time elapsed: 0.026 s <<< ERROR!
java.lang.IllegalStateException: 
org.postgresql.util.PSQLException: ERROR: relation "registration" does not exist
  Position: 22
	at lab.conference.acceptance.support.Store.count(Store.java:119)
	at lab.conference.acceptance.support.Store.registrationCount(Store.java:45)
	at lab.conference.acceptance.support.Store.snapshot(Store.java:100)
	at lab.conference.acceptance.ExternalRegistrationAcceptanceTest.ac_001_02_missingOrBlankRequiredFieldIsRejected(ExternalRegistrationAcceptanceTest.java:101)
	at java.base/java.lang.reflect.Method.invoke(Method.java:580)
	at java.base/java.util.Optional.ifPresent(Optional.java:178)
	at java.base/java.util.stream.ForEachOps$ForEachOp$OfRef.accept(ForEachOps.java:184)
	at java.base/java.util.stream.ReferencePipeline$3$1.accept(ReferencePipeline.java:197)
	at java.base/java.util.stream.ForEachOps$ForEachOp$OfRef.accept(ForEachOps.java:184)
	at java.base/java.util.stream.ForEachOps$ForEachOp$OfRef.accept(ForEachOps.java:184)
	at java.base/java.util.stream.ReferencePipeline$3$1.accept(ReferencePipeline.java:197)
	at java.base/java.util.stream.SpinedBuffer$1Splitr.forEachRemaining(SpinedBuffer.java:356)
	at java.base/java.util.stream.ReferencePipeline$Head.forEach(ReferencePipeline.java:762)
	at java.base/java.util.stream.ReferencePipeline$7$1.accept(ReferencePipeline.java:276)
	at java.base/java.util.stream.ReferencePipeline$3$1.accept(ReferencePipeline.java:197)
	at java.base/java.util.stream.ReferencePipeline$3$1.accept(ReferencePipeline.java:197)
	at java.base/java.util.stream.ReferencePipeline$3$1.accept(ReferencePipeline.java:197)
	at java.base/java.util.Spliterators$ArraySpliterator.forEachRemaining(Spliterators.java:1024)
	at java.base/java.util.stream.AbstractPipeline.copyInto(AbstractPipeline.java:509)
	at java.base/java.util.stream.AbstractPipeline.wrapAndCopyInto(AbstractPipeline.java:499)
	at java.base/java.util.stream.ForEachOps$ForEachOp.evaluateSequential(ForEachOps.java:151)
	at java.base/java.util.stream.ForEachOps$ForEachOp$OfRef.evaluateSequential(ForEachOps.java:174)
	at java.base/java.util.stream.AbstractPipeline.evaluate(AbstractPipeline.java:234)
	at java.base/java.util.stream.ReferencePipeline.forEach(ReferencePipeline.java:596)
	at java.base/java.util.stream.ReferencePipeline$7$1.accept(ReferencePipeline.java:276)
	at java.base/java.util.ArrayList$ArrayListSpliterator.forEachRemaining(ArrayList.java:1708)
	at java.base/java.util.stream.AbstractPipeline.copyInto(AbstractPipeline.java:509)
	at java.base/java.util.stream.AbstractPipeline.wrapAndCopyInto(AbstractPipeline.java:499)
	at java.base/java.util.stream.ForEachOps$ForEachOp.evaluateSequential(ForEachOps.java:151)
	at java.base/java.util.stream.ForEachOps$ForEachOp$OfRef.evaluateSequential(ForEachOps.java:174)
	at java.base/java.util.stream.AbstractPipeline.evaluate(AbstractPipeline.java:234)
	at java.base/java.util.stream.ReferencePipeline.forEach(ReferencePipeline.java:596)
	at java.base/java.util.stream.ReferencePipeline$7$1.accept(ReferencePipeline.java:276)
	at java.base/java.util.stream.ReferencePipeline$3$1.accept(ReferencePipeline.java:197)
	at java.base/java.util.stream.ReferencePipeline$3$1.accept(ReferencePipeline.java:197)
	at java.base/java.util.stream.ReferencePipeline$3$1.accept(ReferencePipeline.java:197)
	at java.base/java.util.ArrayList$ArrayListSpliterator.forEachRemaining(ArrayList.java:1708)
	at java.base/java.util.stream.AbstractPipeline.copyInto(AbstractPipeline.java:509)
	at java.base/java.util.stream.AbstractPipeline.wrapAndCopyInto(AbstractPipeline.java:499)
	at java.base/java.util.stream.ForEachOps$ForEachOp.evaluateSequential(ForEachOps.java:151)
	at java.base/java.util.stream.ForEachOps$ForEachOp$OfRef.evaluateSequential(ForEachOps.java:174)
	at java.base/java.util.stream.AbstractPipeline.evaluate(AbstractPipeline.java:234)
	at java.base/java.util.stream.ReferencePipeline.forEach(ReferencePipeline.java:596)
	at java.base/java.util.ArrayList.forEach(ArrayList.java:1596)
	at java.base/java.util.ArrayList.forEach(ArrayList.java:1596)
Caused by: org.postgresql.util.PSQLException: ERROR: relation "registration" does not exist
  Position: 22
	at org.postgresql.core.v3.QueryExecutorImpl.receiveErrorResponse(QueryExecutorImpl.java:2904)
	at org.postgresql.core.v3.QueryExecutorImpl.processResults(QueryExecutorImpl.java:2589)
	at org.postgresql.core.v3.QueryExecutorImpl.execute(QueryExecutorImpl.java:431)
	at org.postgresql.jdbc.PgStatement.executeInternal(PgStatement.java:534)
	at org.postgresql.jdbc.PgStatement.execute(PgStatement.java:437)
	at org.postgresql.jdbc.PgPreparedStatement.executeWithFlags(PgPreparedStatement.java:196)
	at org.postgresql.jdbc.PgPreparedStatement.executeQuery(PgPreparedStatement.java:139)
	at lab.conference.acceptance.support.Store.count(Store.java:114)
	... 44 more

[ERROR] lab.conference.acceptance.ExternalRegistrationAcceptanceTest.ac_001_02_missingOrBlankRequiredFieldIsRejected(String, String)[5] -- Time elapsed: 0.032 s <<< ERROR!
java.lang.IllegalStateException: 
org.postgresql.util.PSQLException: ERROR: relation "registration" does not exist
  Position: 22
	at lab.conference.acceptance.support.Store.count(Store.java:119)
	at lab.conference.acceptance.support.Store.registrationCount(Store.java:45)
	at lab.conference.acceptance.support.Store.snapshot(Store.java:100)
	at lab.conference.acceptance.ExternalRegistrationAcceptanceTest.ac_001_02_missingOrBlankRequiredFieldIsRejected(ExternalRegistrationAcceptanceTest.java:101)
	at java.base/java.lang.reflect.Method.invoke(Method.java:580)
	at java.base/java.util.Optional.ifPresent(Optional.java:178)
	at java.base/java.util.stream.ForEachOps$ForEachOp$OfRef.accept(ForEachOps.java:184)
	at java.base/java.util.stream.ReferencePipeline$3$1.accept(ReferencePipeline.java:197)
	at java.base/java.util.stream.ForEachOps$ForEachOp$OfRef.accept(ForEachOps.java:184)
	at java.base/java.util.stream.ForEachOps$ForEachOp$OfRef.accept(ForEachOps.java:184)
	at java.base/java.util.stream.ReferencePipeline$3$1.accept(ReferencePipeline.java:197)
	at java.base/java.util.stream.SpinedBuffer$1Splitr.forEachRemaining(SpinedBuffer.java:356)
	at java.base/java.util.stream.ReferencePipeline$Head.forEach(ReferencePipeline.java:762)
	at java.base/java.util.stream.ReferencePipeline$7$1.accept(ReferencePipeline.java:276)
	at java.base/java.util.stream.ReferencePipeline$3$1.accept(ReferencePipeline.java:197)
	at java.base/java.util.stream.ReferencePipeline$3$1.accept(ReferencePipeline.java:197)
	at java.base/java.util.stream.ReferencePipeline$3$1.accept(ReferencePipeline.java:197)
	at java.base/java.util.Spliterators$ArraySpliterator.forEachRemaining(Spliterators.java:1024)
	at java.base/java.util.stream.AbstractPipeline.copyInto(AbstractPipeline.java:509)
	at java.base/java.util.stream.AbstractPipeline.wrapAndCopyInto(AbstractPipeline.java:499)
	at java.base/java.util.stream.ForEachOps$ForEachOp.evaluateSequential(ForEachOps.java:151)
	at java.base/java.util.stream.ForEachOps$ForEachOp$OfRef.evaluateSequential(ForEachOps.java:174)
	at java.base/java.util.stream.AbstractPipeline.evaluate(AbstractPipeline.java:234)
	at java.base/java.util.stream.ReferencePipeline.forEach(ReferencePipeline.java:596)
	at java.base/java.util.stream.ReferencePipeline$7$1.accept(ReferencePipeline.java:276)
	at java.base/java.util.ArrayList$ArrayListSpliterator.forEachRemaining(ArrayList.java:1708)
	at java.base/java.util.stream.AbstractPipeline.copyInto(AbstractPipeline.java:509)
	at java.base/java.util.stream.AbstractPipeline.wrapAndCopyInto(AbstractPipeline.java:499)
	at java.base/java.util.stream.ForEachOps$ForEachOp.evaluateSequential(ForEachOps.java:151)
	at java.base/java.util.stream.ForEachOps$ForEachOp$OfRef.evaluateSequential(ForEachOps.java:174)
	at java.base/java.util.stream.AbstractPipeline.evaluate(AbstractPipeline.java:234)
	at java.base/java.util.stream.ReferencePipeline.forEach(ReferencePipeline.java:596)
	at java.base/java.util.stream.ReferencePipeline$7$1.accept(ReferencePipeline.java:276)
	at java.base/java.util.stream.ReferencePipeline$3$1.accept(ReferencePipeline.java:197)
	at java.base/java.util.stream.ReferencePipeline$3$1.accept(ReferencePipeline.java:197)
	at java.base/java.util.stream.ReferencePipeline$3$1.accept(ReferencePipeline.java:197)
	at java.base/java.util.ArrayList$ArrayListSpliterator.forEachRemaining(ArrayList.java:1708)
	at java.base/java.util.stream.AbstractPipeline.copyInto(AbstractPipeline.java:509)
	at java.base/java.util.stream.AbstractPipeline.wrapAndCopyInto(AbstractPipeline.java:499)
	at java.base/java.util.stream.ForEachOps$ForEachOp.evaluateSequential(ForEachOps.java:151)
	at java.base/java.util.stream.ForEachOps$ForEachOp$OfRef.evaluateSequential(ForEachOps.java:174)
	at java.base/java.util.stream.AbstractPipeline.evaluate(AbstractPipeline.java:234)
	at java.base/java.util.stream.ReferencePipeline.forEach(ReferencePipeline.java:596)
	at java.base/java.util.ArrayList.forEach(ArrayList.java:1596)
	at java.base/java.util.ArrayList.forEach(ArrayList.java:1596)
Caused by: org.postgresql.util.PSQLException: ERROR: relation "registration" does not exist
  Position: 22
	at org.postgresql.core.v3.QueryExecutorImpl.receiveErrorResponse(QueryExecutorImpl.java:2904)
	at org.postgresql.core.v3.QueryExecutorImpl.processResults(QueryExecutorImpl.java:2589)
	at org.postgresql.core.v3.QueryExecutorImpl.execute(QueryExecutorImpl.java:431)
	at org.postgresql.jdbc.PgStatement.executeInternal(PgStatement.java:534)
	at org.postgresql.jdbc.PgStatement.execute(PgStatement.java:437)
	at org.postgresql.jdbc.PgPreparedStatement.executeWithFlags(PgPreparedStatement.java:196)
	at org.postgresql.jdbc.PgPreparedStatement.executeQuery(PgPreparedStatement.java:139)
	at lab.conference.acceptance.support.Store.count(Store.java:114)
	... 44 more

[ERROR] lab.conference.acceptance.ExternalRegistrationAcceptanceTest.ac_001_02_missingOrBlankRequiredFieldIsRejected(String, String)[6] -- Time elapsed: 0.024 s <<< ERROR!
java.lang.IllegalStateException: 
org.postgresql.util.PSQLException: ERROR: relation "registration" does not exist
  Position: 22
	at lab.conference.acceptance.support.Store.count(Store.java:119)
	at lab.conference.acceptance.support.Store.registrationCount(Store.java:45)
	at lab.conference.acceptance.support.Store.snapshot(Store.java:100)
	at lab.conference.acceptance.ExternalRegistrationAcceptanceTest.ac_001_02_missingOrBlankRequiredFieldIsRejected(ExternalRegistrationAcceptanceTest.java:101)
	at java.base/java.lang.reflect.Method.invoke(Method.java:580)
	at java.base/java.util.Optional.ifPresent(Optional.java:178)
	at java.base/java.util.stream.ForEachOps$ForEachOp$OfRef.accept(ForEachOps.java:184)
	at java.base/java.util.stream.ReferencePipeline$3$1.accept(ReferencePipeline.java:197)
	at java.base/java.util.stream.ForEachOps$ForEachOp$OfRef.accept(ForEachOps.java:184)
	at java.base/java.util.stream.ForEachOps$ForEachOp$OfRef.accept(ForEachOps.java:184)
	at java.base/java.util.stream.ReferencePipeline$3$1.accept(ReferencePipeline.java:197)
	at java.base/java.util.stream.SpinedBuffer$1Splitr.forEachRemaining(SpinedBuffer.java:356)
	at java.base/java.util.stream.ReferencePipeline$Head.forEach(ReferencePipeline.java:762)
	at java.base/java.util.stream.ReferencePipeline$7$1.accept(ReferencePipeline.java:276)
	at java.base/java.util.stream.ReferencePipeline$3$1.accept(ReferencePipeline.java:197)
	at java.base/java.util.stream.ReferencePipeline$3$1.accept(ReferencePipeline.java:197)
	at java.base/java.util.stream.ReferencePipeline$3$1.accept(ReferencePipeline.java:197)
	at java.base/java.util.Spliterators$ArraySpliterator.forEachRemaining(Spliterators.java:1024)
	at java.base/java.util.stream.AbstractPipeline.copyInto(AbstractPipeline.java:509)
	at java.base/java.util.stream.AbstractPipeline.wrapAndCopyInto(AbstractPipeline.java:499)
	at java.base/java.util.stream.ForEachOps$ForEachOp.evaluateSequential(ForEachOps.java:151)
	at java.base/java.util.stream.ForEachOps$ForEachOp$OfRef.evaluateSequential(ForEachOps.java:174)
	at java.base/java.util.stream.AbstractPipeline.evaluate(AbstractPipeline.java:234)
	at java.base/java.util.stream.ReferencePipeline.forEach(ReferencePipeline.java:596)
	at java.base/java.util.stream.ReferencePipeline$7$1.accept(ReferencePipeline.java:276)
	at java.base/java.util.ArrayList$ArrayListSpliterator.forEachRemaining(ArrayList.java:1708)
	at java.base/java.util.stream.AbstractPipeline.copyInto(AbstractPipeline.java:509)
	at java.base/java.util.stream.AbstractPipeline.wrapAndCopyInto(AbstractPipeline.java:499)
	at java.base/java.util.stream.ForEachOps$ForEachOp.evaluateSequential(ForEachOps.java:151)
	at java.base/java.util.stream.ForEachOps$ForEachOp$OfRef.evaluateSequential(ForEachOps.java:174)
	at java.base/java.util.stream.AbstractPipeline.evaluate(AbstractPipeline.java:234)
	at java.base/java.util.stream.ReferencePipeline.forEach(ReferencePipeline.java:596)
	at java.base/java.util.stream.ReferencePipeline$7$1.accept(ReferencePipeline.java:276)
	at java.base/java.util.stream.ReferencePipeline$3$1.accept(ReferencePipeline.java:197)
	at java.base/java.util.stream.ReferencePipeline$3$1.accept(ReferencePipeline.java:197)
	at java.base/java.util.stream.ReferencePipeline$3$1.accept(ReferencePipeline.java:197)
	at java.base/java.util.ArrayList$ArrayListSpliterator.forEachRemaining(ArrayList.java:1708)
	at java.base/java.util.stream.AbstractPipeline.copyInto(AbstractPipeline.java:509)
	at java.base/java.util.stream.AbstractPipeline.wrapAndCopyInto(AbstractPipeline.java:499)
	at java.base/java.util.stream.ForEachOps$ForEachOp.evaluateSequential(ForEachOps.java:151)
	at java.base/java.util.stream.ForEachOps$ForEachOp$OfRef.evaluateSequential(ForEachOps.java:174)
	at java.base/java.util.stream.AbstractPipeline.evaluate(AbstractPipeline.java:234)
	at java.base/java.util.stream.ReferencePipeline.forEach(ReferencePipeline.java:596)
	at java.base/java.util.ArrayList.forEach(ArrayList.java:1596)
	at java.base/java.util.ArrayList.forEach(ArrayList.java:1596)
Caused by: org.postgresql.util.PSQLException: ERROR: relation "registration" does not exist
  Position: 22
	at org.postgresql.core.v3.QueryExecutorImpl.receiveErrorResponse(QueryExecutorImpl.java:2904)
	at org.postgresql.core.v3.QueryExecutorImpl.processResults(QueryExecutorImpl.java:2589)
	at org.postgresql.core.v3.QueryExecutorImpl.execute(QueryExecutorImpl.java:431)
	at org.postgresql.jdbc.PgStatement.executeInternal(PgStatement.java:534)
	at org.postgresql.jdbc.PgStatement.execute(PgStatement.java:437)
	at org.postgresql.jdbc.PgPreparedStatement.executeWithFlags(PgPreparedStatement.java:196)
	at org.postgresql.jdbc.PgPreparedStatement.executeQuery(PgPreparedStatement.java:139)
	at lab.conference.acceptance.support.Store.count(Store.java:114)
	... 44 more

[ERROR] lab.conference.acceptance.ExternalRegistrationAcceptanceTest.ac_001_02_missingOrBlankRequiredFieldIsRejected(String, String)[7] -- Time elapsed: 0.030 s <<< ERROR!
java.lang.IllegalStateException: 
org.postgresql.util.PSQLException: ERROR: relation "registration" does not exist
  Position: 22
	at lab.conference.acceptance.support.Store.count(Store.java:119)
	at lab.conference.acceptance.support.Store.registrationCount(Store.java:45)
	at lab.conference.acceptance.support.Store.snapshot(Store.java:100)
	at lab.conference.acceptance.ExternalRegistrationAcceptanceTest.ac_001_02_missingOrBlankRequiredFieldIsRejected(ExternalRegistrationAcceptanceTest.java:101)
	at java.base/java.lang.reflect.Method.invoke(Method.java:580)
	at java.base/java.util.Optional.ifPresent(Optional.java:178)
	at java.base/java.util.stream.ForEachOps$ForEachOp$OfRef.accept(ForEachOps.java:184)
	at java.base/java.util.stream.ReferencePipeline$3$1.accept(ReferencePipeline.java:197)
	at java.base/java.util.stream.ForEachOps$ForEachOp$OfRef.accept(ForEachOps.java:184)
	at java.base/java.util.stream.ForEachOps$ForEachOp$OfRef.accept(ForEachOps.java:184)
	at java.base/java.util.stream.ReferencePipeline$3$1.accept(ReferencePipeline.java:197)
	at java.base/java.util.stream.SpinedBuffer$1Splitr.forEachRemaining(SpinedBuffer.java:356)
	at java.base/java.util.stream.ReferencePipeline$Head.forEach(ReferencePipeline.java:762)
	at java.base/java.util.stream.ReferencePipeline$7$1.accept(ReferencePipeline.java:276)
	at java.base/java.util.stream.ReferencePipeline$3$1.accept(ReferencePipeline.java:197)
	at java.base/java.util.stream.ReferencePipeline$3$1.accept(ReferencePipeline.java:197)
	at java.base/java.util.stream.ReferencePipeline$3$1.accept(ReferencePipeline.java:197)
	at java.base/java.util.Spliterators$ArraySpliterator.forEachRemaining(Spliterators.java:1024)
	at java.base/java.util.stream.AbstractPipeline.copyInto(AbstractPipeline.java:509)
	at java.base/java.util.stream.AbstractPipeline.wrapAndCopyInto(AbstractPipeline.java:499)
	at java.base/java.util.stream.ForEachOps$ForEachOp.evaluateSequential(ForEachOps.java:151)
	at java.base/java.util.stream.ForEachOps$ForEachOp$OfRef.evaluateSequential(ForEachOps.java:174)
	at java.base/java.util.stream.AbstractPipeline.evaluate(AbstractPipeline.java:234)
	at java.base/java.util.stream.ReferencePipeline.forEach(ReferencePipeline.java:596)
	at java.base/java.util.stream.ReferencePipeline$7$1.accept(ReferencePipeline.java:276)
	at java.base/java.util.ArrayList$ArrayListSpliterator.forEachRemaining(ArrayList.java:1708)
	at java.base/java.util.stream.AbstractPipeline.copyInto(AbstractPipeline.java:509)
	at java.base/java.util.stream.AbstractPipeline.wrapAndCopyInto(AbstractPipeline.java:499)
	at java.base/java.util.stream.ForEachOps$ForEachOp.evaluateSequential(ForEachOps.java:151)
	at java.base/java.util.stream.ForEachOps$ForEachOp$OfRef.evaluateSequential(ForEachOps.java:174)
	at java.base/java.util.stream.AbstractPipeline.evaluate(AbstractPipeline.java:234)
	at java.base/java.util.stream.ReferencePipeline.forEach(ReferencePipeline.java:596)
	at java.base/java.util.stream.ReferencePipeline$7$1.accept(ReferencePipeline.java:276)
	at java.base/java.util.stream.ReferencePipeline$3$1.accept(ReferencePipeline.java:197)
	at java.base/java.util.stream.ReferencePipeline$3$1.accept(ReferencePipeline.java:197)
	at java.base/java.util.stream.ReferencePipeline$3$1.accept(ReferencePipeline.java:197)
	at java.base/java.util.ArrayList$ArrayListSpliterator.forEachRemaining(ArrayList.java:1708)
	at java.base/java.util.stream.AbstractPipeline.copyInto(AbstractPipeline.java:509)
	at java.base/java.util.stream.AbstractPipeline.wrapAndCopyInto(AbstractPipeline.java:499)
	at java.base/java.util.stream.ForEachOps$ForEachOp.evaluateSequential(ForEachOps.java:151)
	at java.base/java.util.stream.ForEachOps$ForEachOp$OfRef.evaluateSequential(ForEachOps.java:174)
	at java.base/java.util.stream.AbstractPipeline.evaluate(AbstractPipeline.java:234)
	at java.base/java.util.stream.ReferencePipeline.forEach(ReferencePipeline.java:596)
	at java.base/java.util.ArrayList.forEach(ArrayList.java:1596)
	at java.base/java.util.ArrayList.forEach(ArrayList.java:1596)
Caused by: org.postgresql.util.PSQLException: ERROR: relation "registration" does not exist
  Position: 22
	at org.postgresql.core.v3.QueryExecutorImpl.receiveErrorResponse(QueryExecutorImpl.java:2904)
	at org.postgresql.core.v3.QueryExecutorImpl.processResults(QueryExecutorImpl.java:2589)
	at org.postgresql.core.v3.QueryExecutorImpl.execute(QueryExecutorImpl.java:431)
	at org.postgresql.jdbc.PgStatement.executeInternal(PgStatement.java:534)
	at org.postgresql.jdbc.PgStatement.execute(PgStatement.java:437)
	at org.postgresql.jdbc.PgPreparedStatement.executeWithFlags(PgPreparedStatement.java:196)
	at org.postgresql.jdbc.PgPreparedStatement.executeQuery(PgPreparedStatement.java:139)
	at lab.conference.acceptance.support.Store.count(Store.java:114)
	... 44 more

[ERROR] lab.conference.acceptance.ExternalRegistrationAcceptanceTest.ac_001_02_missingOrBlankRequiredFieldIsRejected(String, String)[8] -- Time elapsed: 0.029 s <<< ERROR!
java.lang.IllegalStateException: 
org.postgresql.util.PSQLException: ERROR: relation "registration" does not exist
  Position: 22
	at lab.conference.acceptance.support.Store.count(Store.java:119)
	at lab.conference.acceptance.support.Store.registrationCount(Store.java:45)
	at lab.conference.acceptance.support.Store.snapshot(Store.java:100)
	at lab.conference.acceptance.ExternalRegistrationAcceptanceTest.ac_001_02_missingOrBlankRequiredFieldIsRejected(ExternalRegistrationAcceptanceTest.java:101)
	at java.base/java.lang.reflect.Method.invoke(Method.java:580)
	at java.base/java.util.Optional.ifPresent(Optional.java:178)
	at java.base/java.util.stream.ForEachOps$ForEachOp$OfRef.accept(ForEachOps.java:184)
	at java.base/java.util.stream.ReferencePipeline$3$1.accept(ReferencePipeline.java:197)
	at java.base/java.util.stream.ForEachOps$ForEachOp$OfRef.accept(ForEachOps.java:184)
	at java.base/java.util.stream.ForEachOps$ForEachOp$OfRef.accept(ForEachOps.java:184)
	at java.base/java.util.stream.ReferencePipeline$3$1.accept(ReferencePipeline.java:197)
	at java.base/java.util.stream.SpinedBuffer$1Splitr.forEachRemaining(SpinedBuffer.java:356)
	at java.base/java.util.stream.ReferencePipeline$Head.forEach(ReferencePipeline.java:762)
	at java.base/java.util.stream.ReferencePipeline$7$1.accept(ReferencePipeline.java:276)
	at java.base/java.util.stream.ReferencePipeline$3$1.accept(ReferencePipeline.java:197)
	at java.base/java.util.stream.ReferencePipeline$3$1.accept(ReferencePipeline.java:197)
	at java.base/java.util.stream.ReferencePipeline$3$1.accept(ReferencePipeline.java:197)
	at java.base/java.util.Spliterators$ArraySpliterator.forEachRemaining(Spliterators.java:1024)
	at java.base/java.util.stream.AbstractPipeline.copyInto(AbstractPipeline.java:509)
	at java.base/java.util.stream.AbstractPipeline.wrapAndCopyInto(AbstractPipeline.java:499)
	at java.base/java.util.stream.ForEachOps$ForEachOp.evaluateSequential(ForEachOps.java:151)
	at java.base/java.util.stream.ForEachOps$ForEachOp$OfRef.evaluateSequential(ForEachOps.java:174)
	at java.base/java.util.stream.AbstractPipeline.evaluate(AbstractPipeline.java:234)
	at java.base/java.util.stream.ReferencePipeline.forEach(ReferencePipeline.java:596)
	at java.base/java.util.stream.ReferencePipeline$7$1.accept(ReferencePipeline.java:276)
	at java.base/java.util.ArrayList$ArrayListSpliterator.forEachRemaining(ArrayList.java:1708)
	at java.base/java.util.stream.AbstractPipeline.copyInto(AbstractPipeline.java:509)
	at java.base/java.util.stream.AbstractPipeline.wrapAndCopyInto(AbstractPipeline.java:499)
	at java.base/java.util.stream.ForEachOps$ForEachOp.evaluateSequential(ForEachOps.java:151)
	at java.base/java.util.stream.ForEachOps$ForEachOp$OfRef.evaluateSequential(ForEachOps.java:174)
	at java.base/java.util.stream.AbstractPipeline.evaluate(AbstractPipeline.java:234)
	at java.base/java.util.stream.ReferencePipeline.forEach(ReferencePipeline.java:596)
	at java.base/java.util.stream.ReferencePipeline$7$1.accept(ReferencePipeline.java:276)
	at java.base/java.util.stream.ReferencePipeline$3$1.accept(ReferencePipeline.java:197)
	at java.base/java.util.stream.ReferencePipeline$3$1.accept(ReferencePipeline.java:197)
	at java.base/java.util.stream.ReferencePipeline$3$1.accept(ReferencePipeline.java:197)
	at java.base/java.util.ArrayList$ArrayListSpliterator.forEachRemaining(ArrayList.java:1708)
	at java.base/java.util.stream.AbstractPipeline.copyInto(AbstractPipeline.java:509)
	at java.base/java.util.stream.AbstractPipeline.wrapAndCopyInto(AbstractPipeline.java:499)
	at java.base/java.util.stream.ForEachOps$ForEachOp.evaluateSequential(ForEachOps.java:151)
	at java.base/java.util.stream.ForEachOps$ForEachOp$OfRef.evaluateSequential(ForEachOps.java:174)
	at java.base/java.util.stream.AbstractPipeline.evaluate(AbstractPipeline.java:234)
	at java.base/java.util.stream.ReferencePipeline.forEach(ReferencePipeline.java:596)
	at java.base/java.util.ArrayList.forEach(ArrayList.java:1596)
	at java.base/java.util.ArrayList.forEach(ArrayList.java:1596)
Caused by: org.postgresql.util.PSQLException: ERROR: relation "registration" does not exist
  Position: 22
	at org.postgresql.core.v3.QueryExecutorImpl.receiveErrorResponse(QueryExecutorImpl.java:2904)
	at org.postgresql.core.v3.QueryExecutorImpl.processResults(QueryExecutorImpl.java:2589)
	at org.postgresql.core.v3.QueryExecutorImpl.execute(QueryExecutorImpl.java:431)
	at org.postgresql.jdbc.PgStatement.executeInternal(PgStatement.java:534)
	at org.postgresql.jdbc.PgStatement.execute(PgStatement.java:437)
	at org.postgresql.jdbc.PgPreparedStatement.executeWithFlags(PgPreparedStatement.java:196)
	at org.postgresql.jdbc.PgPreparedStatement.executeQuery(PgPreparedStatement.java:139)
	at lab.conference.acceptance.support.Store.count(Store.java:114)
	... 44 more

[ERROR] lab.conference.acceptance.ExternalRegistrationAcceptanceTest.ac_001_02_missingOrBlankRequiredFieldIsRejected(String, String)[9] -- Time elapsed: 0.030 s <<< ERROR!
java.lang.IllegalStateException: 
org.postgresql.util.PSQLException: ERROR: relation "registration" does not exist
  Position: 22
	at lab.conference.acceptance.support.Store.count(Store.java:119)
	at lab.conference.acceptance.support.Store.registrationCount(Store.java:45)
	at lab.conference.acceptance.support.Store.snapshot(Store.java:100)
	at lab.conference.acceptance.ExternalRegistrationAcceptanceTest.ac_001_02_missingOrBlankRequiredFieldIsRejected(ExternalRegistrationAcceptanceTest.java:101)
	at java.base/java.lang.reflect.Method.invoke(Method.java:580)
	at java.base/java.util.Optional.ifPresent(Optional.java:178)
	at java.base/java.util.stream.ForEachOps$ForEachOp$OfRef.accept(ForEachOps.java:184)
	at java.base/java.util.stream.ReferencePipeline$3$1.accept(ReferencePipeline.java:197)
	at java.base/java.util.stream.ForEachOps$ForEachOp$OfRef.accept(ForEachOps.java:184)
	at java.base/java.util.stream.ForEachOps$ForEachOp$OfRef.accept(ForEachOps.java:184)
	at java.base/java.util.stream.ReferencePipeline$3$1.accept(ReferencePipeline.java:197)
	at java.base/java.util.stream.SpinedBuffer$1Splitr.forEachRemaining(SpinedBuffer.java:356)
	at java.base/java.util.stream.ReferencePipeline$Head.forEach(ReferencePipeline.java:762)
	at java.base/java.util.stream.ReferencePipeline$7$1.accept(ReferencePipeline.java:276)
	at java.base/java.util.stream.ReferencePipeline$3$1.accept(ReferencePipeline.java:197)
	at java.base/java.util.stream.ReferencePipeline$3$1.accept(ReferencePipeline.java:197)
	at java.base/java.util.stream.ReferencePipeline$3$1.accept(ReferencePipeline.java:197)
	at java.base/java.util.Spliterators$ArraySpliterator.forEachRemaining(Spliterators.java:1024)
	at java.base/java.util.stream.AbstractPipeline.copyInto(AbstractPipeline.java:509)
	at java.base/java.util.stream.AbstractPipeline.wrapAndCopyInto(AbstractPipeline.java:499)
	at java.base/java.util.stream.ForEachOps$ForEachOp.evaluateSequential(ForEachOps.java:151)
	at java.base/java.util.stream.ForEachOps$ForEachOp$OfRef.evaluateSequential(ForEachOps.java:174)
	at java.base/java.util.stream.AbstractPipeline.evaluate(AbstractPipeline.java:234)
	at java.base/java.util.stream.ReferencePipeline.forEach(ReferencePipeline.java:596)
	at java.base/java.util.stream.ReferencePipeline$7$1.accept(ReferencePipeline.java:276)
	at java.base/java.util.ArrayList$ArrayListSpliterator.forEachRemaining(ArrayList.java:1708)
	at java.base/java.util.stream.AbstractPipeline.copyInto(AbstractPipeline.java:509)
	at java.base/java.util.stream.AbstractPipeline.wrapAndCopyInto(AbstractPipeline.java:499)
	at java.base/java.util.stream.ForEachOps$ForEachOp.evaluateSequential(ForEachOps.java:151)
	at java.base/java.util.stream.ForEachOps$ForEachOp$OfRef.evaluateSequential(ForEachOps.java:174)
	at java.base/java.util.stream.AbstractPipeline.evaluate(AbstractPipeline.java:234)
	at java.base/java.util.stream.ReferencePipeline.forEach(ReferencePipeline.java:596)
	at java.base/java.util.stream.ReferencePipeline$7$1.accept(ReferencePipeline.java:276)
	at java.base/java.util.stream.ReferencePipeline$3$1.accept(ReferencePipeline.java:197)
	at java.base/java.util.stream.ReferencePipeline$3$1.accept(ReferencePipeline.java:197)
	at java.base/java.util.stream.ReferencePipeline$3$1.accept(ReferencePipeline.java:197)
	at java.base/java.util.ArrayList$ArrayListSpliterator.forEachRemaining(ArrayList.java:1708)
	at java.base/java.util.stream.AbstractPipeline.copyInto(AbstractPipeline.java:509)
	at java.base/java.util.stream.AbstractPipeline.wrapAndCopyInto(AbstractPipeline.java:499)
	at java.base/java.util.stream.ForEachOps$ForEachOp.evaluateSequential(ForEachOps.java:151)
	at java.base/java.util.stream.ForEachOps$ForEachOp$OfRef.evaluateSequential(ForEachOps.java:174)
	at java.base/java.util.stream.AbstractPipeline.evaluate(AbstractPipeline.java:234)
	at java.base/java.util.stream.ReferencePipeline.forEach(ReferencePipeline.java:596)
	at java.base/java.util.ArrayList.forEach(ArrayList.java:1596)
	at java.base/java.util.ArrayList.forEach(ArrayList.java:1596)
Caused by: org.postgresql.util.PSQLException: ERROR: relation "registration" does not exist
  Position: 22
	at org.postgresql.core.v3.QueryExecutorImpl.receiveErrorResponse(QueryExecutorImpl.java:2904)
	at org.postgresql.core.v3.QueryExecutorImpl.processResults(QueryExecutorImpl.java:2589)
	at org.postgresql.core.v3.QueryExecutorImpl.execute(QueryExecutorImpl.java:431)
	at org.postgresql.jdbc.PgStatement.executeInternal(PgStatement.java:534)
	at org.postgresql.jdbc.PgStatement.execute(PgStatement.java:437)
	at org.postgresql.jdbc.PgPreparedStatement.executeWithFlags(PgPreparedStatement.java:196)
	at org.postgresql.jdbc.PgPreparedStatement.executeQuery(PgPreparedStatement.java:139)
	at lab.conference.acceptance.support.Store.count(Store.java:114)
	... 44 more

[ERROR] lab.conference.acceptance.ExternalRegistrationAcceptanceTest.ac_001_02_missingOrBlankRequiredFieldIsRejected(String, String)[10] -- Time elapsed: 0.039 s <<< ERROR!
java.lang.IllegalStateException: 
org.postgresql.util.PSQLException: ERROR: relation "registration" does not exist
  Position: 22
	at lab.conference.acceptance.support.Store.count(Store.java:119)
	at lab.conference.acceptance.support.Store.registrationCount(Store.java:45)
	at lab.conference.acceptance.support.Store.snapshot(Store.java:100)
	at lab.conference.acceptance.ExternalRegistrationAcceptanceTest.ac_001_02_missingOrBlankRequiredFieldIsRejected(ExternalRegistrationAcceptanceTest.java:101)
	at java.base/java.lang.reflect.Method.invoke(Method.java:580)
	at java.base/java.util.Optional.ifPresent(Optional.java:178)
	at java.base/java.util.stream.ForEachOps$ForEachOp$OfRef.accept(ForEachOps.java:184)
	at java.base/java.util.stream.ReferencePipeline$3$1.accept(ReferencePipeline.java:197)
	at java.base/java.util.stream.ForEachOps$ForEachOp$OfRef.accept(ForEachOps.java:184)
	at java.base/java.util.stream.ForEachOps$ForEachOp$OfRef.accept(ForEachOps.java:184)
	at java.base/java.util.stream.ReferencePipeline$3$1.accept(ReferencePipeline.java:197)
	at java.base/java.util.stream.SpinedBuffer$1Splitr.forEachRemaining(SpinedBuffer.java:356)
	at java.base/java.util.stream.ReferencePipeline$Head.forEach(ReferencePipeline.java:762)
	at java.base/java.util.stream.ReferencePipeline$7$1.accept(ReferencePipeline.java:276)
	at java.base/java.util.stream.ReferencePipeline$3$1.accept(ReferencePipeline.java:197)
	at java.base/java.util.stream.ReferencePipeline$3$1.accept(ReferencePipeline.java:197)
	at java.base/java.util.stream.ReferencePipeline$3$1.accept(ReferencePipeline.java:197)
	at java.base/java.util.Spliterators$ArraySpliterator.forEachRemaining(Spliterators.java:1024)
	at java.base/java.util.stream.AbstractPipeline.copyInto(AbstractPipeline.java:509)
	at java.base/java.util.stream.AbstractPipeline.wrapAndCopyInto(AbstractPipeline.java:499)
	at java.base/java.util.stream.ForEachOps$ForEachOp.evaluateSequential(ForEachOps.java:151)
	at java.base/java.util.stream.ForEachOps$ForEachOp$OfRef.evaluateSequential(ForEachOps.java:174)
	at java.base/java.util.stream.AbstractPipeline.evaluate(AbstractPipeline.java:234)
	at java.base/java.util.stream.ReferencePipeline.forEach(ReferencePipeline.java:596)
	at java.base/java.util.stream.ReferencePipeline$7$1.accept(ReferencePipeline.java:276)
	at java.base/java.util.ArrayList$ArrayListSpliterator.forEachRemaining(ArrayList.java:1708)
	at java.base/java.util.stream.AbstractPipeline.copyInto(AbstractPipeline.java:509)
	at java.base/java.util.stream.AbstractPipeline.wrapAndCopyInto(AbstractPipeline.java:499)
	at java.base/java.util.stream.ForEachOps$ForEachOp.evaluateSequential(ForEachOps.java:151)
	at java.base/java.util.stream.ForEachOps$ForEachOp$OfRef.evaluateSequential(ForEachOps.java:174)
	at java.base/java.util.stream.AbstractPipeline.evaluate(AbstractPipeline.java:234)
	at java.base/java.util.stream.ReferencePipeline.forEach(ReferencePipeline.java:596)
	at java.base/java.util.stream.ReferencePipeline$7$1.accept(ReferencePipeline.java:276)
	at java.base/java.util.stream.ReferencePipeline$3$1.accept(ReferencePipeline.java:197)
	at java.base/java.util.stream.ReferencePipeline$3$1.accept(ReferencePipeline.java:197)
	at java.base/java.util.stream.ReferencePipeline$3$1.accept(ReferencePipeline.java:197)
	at java.base/java.util.ArrayList$ArrayListSpliterator.forEachRemaining(ArrayList.java:1708)
	at java.base/java.util.stream.AbstractPipeline.copyInto(AbstractPipeline.java:509)
	at java.base/java.util.stream.AbstractPipeline.wrapAndCopyInto(AbstractPipeline.java:499)
	at java.base/java.util.stream.ForEachOps$ForEachOp.evaluateSequential(ForEachOps.java:151)
	at java.base/java.util.stream.ForEachOps$ForEachOp$OfRef.evaluateSequential(ForEachOps.java:174)
	at java.base/java.util.stream.AbstractPipeline.evaluate(AbstractPipeline.java:234)
	at java.base/java.util.stream.ReferencePipeline.forEach(ReferencePipeline.java:596)
	at java.base/java.util.ArrayList.forEach(ArrayList.java:1596)
	at java.base/java.util.ArrayList.forEach(ArrayList.java:1596)
Caused by: org.postgresql.util.PSQLException: ERROR: relation "registration" does not exist
  Position: 22
	at org.postgresql.core.v3.QueryExecutorImpl.receiveErrorResponse(QueryExecutorImpl.java:2904)
	at org.postgresql.core.v3.QueryExecutorImpl.processResults(QueryExecutorImpl.java:2589)
	at org.postgresql.core.v3.QueryExecutorImpl.execute(QueryExecutorImpl.java:431)
	at org.postgresql.jdbc.PgStatement.executeInternal(PgStatement.java:534)
	at org.postgresql.jdbc.PgStatement.execute(PgStatement.java:437)
	at org.postgresql.jdbc.PgPreparedStatement.executeWithFlags(PgPreparedStatement.java:196)
	at org.postgresql.jdbc.PgPreparedStatement.executeQuery(PgPreparedStatement.java:139)
	at lab.conference.acceptance.support.Store.count(Store.java:114)
	... 44 more

[ERROR] lab.conference.acceptance.ExternalRegistrationAcceptanceTest.ac_001_02_missingOrBlankRequiredFieldIsRejected(String, String)[11] -- Time elapsed: 0.028 s <<< ERROR!
java.lang.IllegalStateException: 
org.postgresql.util.PSQLException: ERROR: relation "registration" does not exist
  Position: 22
	at lab.conference.acceptance.support.Store.count(Store.java:119)
	at lab.conference.acceptance.support.Store.registrationCount(Store.java:45)
	at lab.conference.acceptance.support.Store.snapshot(Store.java:100)
	at lab.conference.acceptance.ExternalRegistrationAcceptanceTest.ac_001_02_missingOrBlankRequiredFieldIsRejected(ExternalRegistrationAcceptanceTest.java:101)
	at java.base/java.lang.reflect.Method.invoke(Method.java:580)
	at java.base/java.util.Optional.ifPresent(Optional.java:178)
	at java.base/java.util.stream.ForEachOps$ForEachOp$OfRef.accept(ForEachOps.java:184)
	at java.base/java.util.stream.ReferencePipeline$3$1.accept(ReferencePipeline.java:197)
	at java.base/java.util.stream.ForEachOps$ForEachOp$OfRef.accept(ForEachOps.java:184)
	at java.base/java.util.stream.ForEachOps$ForEachOp$OfRef.accept(ForEachOps.java:184)
	at java.base/java.util.stream.ReferencePipeline$3$1.accept(ReferencePipeline.java:197)
	at java.base/java.util.stream.SpinedBuffer$1Splitr.forEachRemaining(SpinedBuffer.java:356)
	at java.base/java.util.stream.ReferencePipeline$Head.forEach(ReferencePipeline.java:762)
	at java.base/java.util.stream.ReferencePipeline$7$1.accept(ReferencePipeline.java:276)
	at java.base/java.util.stream.ReferencePipeline$3$1.accept(ReferencePipeline.java:197)
	at java.base/java.util.stream.ReferencePipeline$3$1.accept(ReferencePipeline.java:197)
	at java.base/java.util.stream.ReferencePipeline$3$1.accept(ReferencePipeline.java:197)
	at java.base/java.util.Spliterators$ArraySpliterator.forEachRemaining(Spliterators.java:1024)
	at java.base/java.util.stream.AbstractPipeline.copyInto(AbstractPipeline.java:509)
	at java.base/java.util.stream.AbstractPipeline.wrapAndCopyInto(AbstractPipeline.java:499)
	at java.base/java.util.stream.ForEachOps$ForEachOp.evaluateSequential(ForEachOps.java:151)
	at java.base/java.util.stream.ForEachOps$ForEachOp$OfRef.evaluateSequential(ForEachOps.java:174)
	at java.base/java.util.stream.AbstractPipeline.evaluate(AbstractPipeline.java:234)
	at java.base/java.util.stream.ReferencePipeline.forEach(ReferencePipeline.java:596)
	at java.base/java.util.stream.ReferencePipeline$7$1.accept(ReferencePipeline.java:276)
	at java.base/java.util.ArrayList$ArrayListSpliterator.forEachRemaining(ArrayList.java:1708)
	at java.base/java.util.stream.AbstractPipeline.copyInto(AbstractPipeline.java:509)
	at java.base/java.util.stream.AbstractPipeline.wrapAndCopyInto(AbstractPipeline.java:499)
	at java.base/java.util.stream.ForEachOps$ForEachOp.evaluateSequential(ForEachOps.java:151)
	at java.base/java.util.stream.ForEachOps$ForEachOp$OfRef.evaluateSequential(ForEachOps.java:174)
	at java.base/java.util.stream.AbstractPipeline.evaluate(AbstractPipeline.java:234)
	at java.base/java.util.stream.ReferencePipeline.forEach(ReferencePipeline.java:596)
	at java.base/java.util.stream.ReferencePipeline$7$1.accept(ReferencePipeline.java:276)
	at java.base/java.util.stream.ReferencePipeline$3$1.accept(ReferencePipeline.java:197)
	at java.base/java.util.stream.ReferencePipeline$3$1.accept(ReferencePipeline.java:197)
	at java.base/java.util.stream.ReferencePipeline$3$1.accept(ReferencePipeline.java:197)
	at java.base/java.util.ArrayList$ArrayListSpliterator.forEachRemaining(ArrayList.java:1708)
	at java.base/java.util.stream.AbstractPipeline.copyInto(AbstractPipeline.java:509)
	at java.base/java.util.stream.AbstractPipeline.wrapAndCopyInto(AbstractPipeline.java:499)
	at java.base/java.util.stream.ForEachOps$ForEachOp.evaluateSequential(ForEachOps.java:151)
	at java.base/java.util.stream.ForEachOps$ForEachOp$OfRef.evaluateSequential(ForEachOps.java:174)
	at java.base/java.util.stream.AbstractPipeline.evaluate(AbstractPipeline.java:234)
	at java.base/java.util.stream.ReferencePipeline.forEach(ReferencePipeline.java:596)
	at java.base/java.util.ArrayList.forEach(ArrayList.java:1596)
	at java.base/java.util.ArrayList.forEach(ArrayList.java:1596)
Caused by: org.postgresql.util.PSQLException: ERROR: relation "registration" does not exist
  Position: 22
	at org.postgresql.core.v3.QueryExecutorImpl.receiveErrorResponse(QueryExecutorImpl.java:2904)
	at org.postgresql.core.v3.QueryExecutorImpl.processResults(QueryExecutorImpl.java:2589)
	at org.postgresql.core.v3.QueryExecutorImpl.execute(QueryExecutorImpl.java:431)
	at org.postgresql.jdbc.PgStatement.executeInternal(PgStatement.java:534)
	at org.postgresql.jdbc.PgStatement.execute(PgStatement.java:437)
	at org.postgresql.jdbc.PgPreparedStatement.executeWithFlags(PgPreparedStatement.java:196)
	at org.postgresql.jdbc.PgPreparedStatement.executeQuery(PgPreparedStatement.java:139)
	at lab.conference.acceptance.support.Store.count(Store.java:114)
	... 44 more

[ERROR] lab.conference.acceptance.ExternalRegistrationAcceptanceTest.ac_001_02_missingOrBlankRequiredFieldIsRejected(String, String)[12] -- Time elapsed: 0.026 s <<< ERROR!
java.lang.IllegalStateException: 
org.postgresql.util.PSQLException: ERROR: relation "registration" does not exist
  Position: 22
	at lab.conference.acceptance.support.Store.count(Store.java:119)
	at lab.conference.acceptance.support.Store.registrationCount(Store.java:45)
	at lab.conference.acceptance.support.Store.snapshot(Store.java:100)
	at lab.conference.acceptance.ExternalRegistrationAcceptanceTest.ac_001_02_missingOrBlankRequiredFieldIsRejected(ExternalRegistrationAcceptanceTest.java:101)
	at java.base/java.lang.reflect.Method.invoke(Method.java:580)
	at java.base/java.util.Optional.ifPresent(Optional.java:178)
	at java.base/java.util.stream.ForEachOps$ForEachOp$OfRef.accept(ForEachOps.java:184)
	at java.base/java.util.stream.ReferencePipeline$3$1.accept(ReferencePipeline.java:197)
	at java.base/java.util.stream.ForEachOps$ForEachOp$OfRef.accept(ForEachOps.java:184)
	at java.base/java.util.stream.ForEachOps$ForEachOp$OfRef.accept(ForEachOps.java:184)
	at java.base/java.util.stream.ReferencePipeline$3$1.accept(ReferencePipeline.java:197)
	at java.base/java.util.stream.SpinedBuffer$1Splitr.forEachRemaining(SpinedBuffer.java:356)
	at java.base/java.util.stream.ReferencePipeline$Head.forEach(ReferencePipeline.java:762)
	at java.base/java.util.stream.ReferencePipeline$7$1.accept(ReferencePipeline.java:276)
	at java.base/java.util.stream.ReferencePipeline$3$1.accept(ReferencePipeline.java:197)
	at java.base/java.util.stream.ReferencePipeline$3$1.accept(ReferencePipeline.java:197)
	at java.base/java.util.stream.ReferencePipeline$3$1.accept(ReferencePipeline.java:197)
	at java.base/java.util.Spliterators$ArraySpliterator.forEachRemaining(Spliterators.java:1024)
	at java.base/java.util.stream.AbstractPipeline.copyInto(AbstractPipeline.java:509)
	at java.base/java.util.stream.AbstractPipeline.wrapAndCopyInto(AbstractPipeline.java:499)
	at java.base/java.util.stream.ForEachOps$ForEachOp.evaluateSequential(ForEachOps.java:151)
	at java.base/java.util.stream.ForEachOps$ForEachOp$OfRef.evaluateSequential(ForEachOps.java:174)
	at java.base/java.util.stream.AbstractPipeline.evaluate(AbstractPipeline.java:234)
	at java.base/java.util.stream.ReferencePipeline.forEach(ReferencePipeline.java:596)
	at java.base/java.util.stream.ReferencePipeline$7$1.accept(ReferencePipeline.java:276)
	at java.base/java.util.ArrayList$ArrayListSpliterator.forEachRemaining(ArrayList.java:1708)
	at java.base/java.util.stream.AbstractPipeline.copyInto(AbstractPipeline.java:509)
	at java.base/java.util.stream.AbstractPipeline.wrapAndCopyInto(AbstractPipeline.java:499)
	at java.base/java.util.stream.ForEachOps$ForEachOp.evaluateSequential(ForEachOps.java:151)
	at java.base/java.util.stream.ForEachOps$ForEachOp$OfRef.evaluateSequential(ForEachOps.java:174)
	at java.base/java.util.stream.AbstractPipeline.evaluate(AbstractPipeline.java:234)
	at java.base/java.util.stream.ReferencePipeline.forEach(ReferencePipeline.java:596)
	at java.base/java.util.stream.ReferencePipeline$7$1.accept(ReferencePipeline.java:276)
	at java.base/java.util.stream.ReferencePipeline$3$1.accept(ReferencePipeline.java:197)
	at java.base/java.util.stream.ReferencePipeline$3$1.accept(ReferencePipeline.java:197)
	at java.base/java.util.stream.ReferencePipeline$3$1.accept(ReferencePipeline.java:197)
	at java.base/java.util.ArrayList$ArrayListSpliterator.forEachRemaining(ArrayList.java:1708)
	at java.base/java.util.stream.AbstractPipeline.copyInto(AbstractPipeline.java:509)
	at java.base/java.util.stream.AbstractPipeline.wrapAndCopyInto(AbstractPipeline.java:499)
	at java.base/java.util.stream.ForEachOps$ForEachOp.evaluateSequential(ForEachOps.java:151)
	at java.base/java.util.stream.ForEachOps$ForEachOp$OfRef.evaluateSequential(ForEachOps.java:174)
	at java.base/java.util.stream.AbstractPipeline.evaluate(AbstractPipeline.java:234)
	at java.base/java.util.stream.ReferencePipeline.forEach(ReferencePipeline.java:596)
	at java.base/java.util.ArrayList.forEach(ArrayList.java:1596)
	at java.base/java.util.ArrayList.forEach(ArrayList.java:1596)
Caused by: org.postgresql.util.PSQLException: ERROR: relation "registration" does not exist
  Position: 22
	at org.postgresql.core.v3.QueryExecutorImpl.receiveErrorResponse(QueryExecutorImpl.java:2904)
	at org.postgresql.core.v3.QueryExecutorImpl.processResults(QueryExecutorImpl.java:2589)
	at org.postgresql.core.v3.QueryExecutorImpl.execute(QueryExecutorImpl.java:431)
	at org.postgresql.jdbc.PgStatement.executeInternal(PgStatement.java:534)
	at org.postgresql.jdbc.PgStatement.execute(PgStatement.java:437)
	at org.postgresql.jdbc.PgPreparedStatement.executeWithFlags(PgPreparedStatement.java:196)
	at org.postgresql.jdbc.PgPreparedStatement.executeQuery(PgPreparedStatement.java:139)
	at lab.conference.acceptance.support.Store.count(Store.java:114)
	... 44 more

[ERROR] lab.conference.acceptance.ExternalRegistrationAcceptanceTest.ac_001_02_missingOrBlankRequiredFieldIsRejected(String, String)[13] -- Time elapsed: 0.026 s <<< ERROR!
java.lang.IllegalStateException: 
org.postgresql.util.PSQLException: ERROR: relation "registration" does not exist
  Position: 22
	at lab.conference.acceptance.support.Store.count(Store.java:119)
	at lab.conference.acceptance.support.Store.registrationCount(Store.java:45)
	at lab.conference.acceptance.support.Store.snapshot(Store.java:100)
	at lab.conference.acceptance.ExternalRegistrationAcceptanceTest.ac_001_02_missingOrBlankRequiredFieldIsRejected(ExternalRegistrationAcceptanceTest.java:101)
	at java.base/java.lang.reflect.Method.invoke(Method.java:580)
	at java.base/java.util.Optional.ifPresent(Optional.java:178)
	at java.base/java.util.stream.ForEachOps$ForEachOp$OfRef.accept(ForEachOps.java:184)
	at java.base/java.util.stream.ReferencePipeline$3$1.accept(ReferencePipeline.java:197)
	at java.base/java.util.stream.ForEachOps$ForEachOp$OfRef.accept(ForEachOps.java:184)
	at java.base/java.util.stream.ForEachOps$ForEachOp$OfRef.accept(ForEachOps.java:184)
	at java.base/java.util.stream.ReferencePipeline$3$1.accept(ReferencePipeline.java:197)
	at java.base/java.util.stream.SpinedBuffer$1Splitr.forEachRemaining(SpinedBuffer.java:356)
	at java.base/java.util.stream.ReferencePipeline$Head.forEach(ReferencePipeline.java:762)
	at java.base/java.util.stream.ReferencePipeline$7$1.accept(ReferencePipeline.java:276)
	at java.base/java.util.stream.ReferencePipeline$3$1.accept(ReferencePipeline.java:197)
	at java.base/java.util.stream.ReferencePipeline$3$1.accept(ReferencePipeline.java:197)
	at java.base/java.util.stream.ReferencePipeline$3$1.accept(ReferencePipeline.java:197)
	at java.base/java.util.Spliterators$ArraySpliterator.forEachRemaining(Spliterators.java:1024)
	at java.base/java.util.stream.AbstractPipeline.copyInto(AbstractPipeline.java:509)
	at java.base/java.util.stream.AbstractPipeline.wrapAndCopyInto(AbstractPipeline.java:499)
	at java.base/java.util.stream.ForEachOps$ForEachOp.evaluateSequential(ForEachOps.java:151)
	at java.base/java.util.stream.ForEachOps$ForEachOp$OfRef.evaluateSequential(ForEachOps.java:174)
	at java.base/java.util.stream.AbstractPipeline.evaluate(AbstractPipeline.java:234)
	at java.base/java.util.stream.ReferencePipeline.forEach(ReferencePipeline.java:596)
	at java.base/java.util.stream.ReferencePipeline$7$1.accept(ReferencePipeline.java:276)
	at java.base/java.util.ArrayList$ArrayListSpliterator.forEachRemaining(ArrayList.java:1708)
	at java.base/java.util.stream.AbstractPipeline.copyInto(AbstractPipeline.java:509)
	at java.base/java.util.stream.AbstractPipeline.wrapAndCopyInto(AbstractPipeline.java:499)
	at java.base/java.util.stream.ForEachOps$ForEachOp.evaluateSequential(ForEachOps.java:151)
	at java.base/java.util.stream.ForEachOps$ForEachOp$OfRef.evaluateSequential(ForEachOps.java:174)
	at java.base/java.util.stream.AbstractPipeline.evaluate(AbstractPipeline.java:234)
	at java.base/java.util.stream.ReferencePipeline.forEach(ReferencePipeline.java:596)
	at java.base/java.util.stream.ReferencePipeline$7$1.accept(ReferencePipeline.java:276)
	at java.base/java.util.stream.ReferencePipeline$3$1.accept(ReferencePipeline.java:197)
	at java.base/java.util.stream.ReferencePipeline$3$1.accept(ReferencePipeline.java:197)
	at java.base/java.util.stream.ReferencePipeline$3$1.accept(ReferencePipeline.java:197)
	at java.base/java.util.ArrayList$ArrayListSpliterator.forEachRemaining(ArrayList.java:1708)
	at java.base/java.util.stream.AbstractPipeline.copyInto(AbstractPipeline.java:509)
	at java.base/java.util.stream.AbstractPipeline.wrapAndCopyInto(AbstractPipeline.java:499)
	at java.base/java.util.stream.ForEachOps$ForEachOp.evaluateSequential(ForEachOps.java:151)
	at java.base/java.util.stream.ForEachOps$ForEachOp$OfRef.evaluateSequential(ForEachOps.java:174)
	at java.base/java.util.stream.AbstractPipeline.evaluate(AbstractPipeline.java:234)
	at java.base/java.util.stream.ReferencePipeline.forEach(ReferencePipeline.java:596)
	at java.base/java.util.ArrayList.forEach(ArrayList.java:1596)
	at java.base/java.util.ArrayList.forEach(ArrayList.java:1596)
Caused by: org.postgresql.util.PSQLException: ERROR: relation "registration" does not exist
  Position: 22
	at org.postgresql.core.v3.QueryExecutorImpl.receiveErrorResponse(QueryExecutorImpl.java:2904)
	at org.postgresql.core.v3.QueryExecutorImpl.processResults(QueryExecutorImpl.java:2589)
	at org.postgresql.core.v3.QueryExecutorImpl.execute(QueryExecutorImpl.java:431)
	at org.postgresql.jdbc.PgStatement.executeInternal(PgStatement.java:534)
	at org.postgresql.jdbc.PgStatement.execute(PgStatement.java:437)
	at org.postgresql.jdbc.PgPreparedStatement.executeWithFlags(PgPreparedStatement.java:196)
	at org.postgresql.jdbc.PgPreparedStatement.executeQuery(PgPreparedStatement.java:139)
	at lab.conference.acceptance.support.Store.count(Store.java:114)
	... 44 more

[ERROR] lab.conference.acceptance.ExternalRegistrationAcceptanceTest.ac_001_02_missingOrBlankRequiredFieldIsRejected(String, String)[14] -- Time elapsed: 0.023 s <<< ERROR!
java.lang.IllegalStateException: 
org.postgresql.util.PSQLException: ERROR: relation "registration" does not exist
  Position: 22
	at lab.conference.acceptance.support.Store.count(Store.java:119)
	at lab.conference.acceptance.support.Store.registrationCount(Store.java:45)
	at lab.conference.acceptance.support.Store.snapshot(Store.java:100)
	at lab.conference.acceptance.ExternalRegistrationAcceptanceTest.ac_001_02_missingOrBlankRequiredFieldIsRejected(ExternalRegistrationAcceptanceTest.java:101)
	at java.base/java.lang.reflect.Method.invoke(Method.java:580)
	at java.base/java.util.Optional.ifPresent(Optional.java:178)
	at java.base/java.util.stream.ForEachOps$ForEachOp$OfRef.accept(ForEachOps.java:184)
	at java.base/java.util.stream.ReferencePipeline$3$1.accept(ReferencePipeline.java:197)
	at java.base/java.util.stream.ForEachOps$ForEachOp$OfRef.accept(ForEachOps.java:184)
	at java.base/java.util.stream.ForEachOps$ForEachOp$OfRef.accept(ForEachOps.java:184)
	at java.base/java.util.stream.ReferencePipeline$3$1.accept(ReferencePipeline.java:197)
	at java.base/java.util.stream.SpinedBuffer$1Splitr.forEachRemaining(SpinedBuffer.java:356)
	at java.base/java.util.stream.ReferencePipeline$Head.forEach(ReferencePipeline.java:762)
	at java.base/java.util.stream.ReferencePipeline$7$1.accept(ReferencePipeline.java:276)
	at java.base/java.util.stream.ReferencePipeline$3$1.accept(ReferencePipeline.java:197)
	at java.base/java.util.stream.ReferencePipeline$3$1.accept(ReferencePipeline.java:197)
	at java.base/java.util.stream.ReferencePipeline$3$1.accept(ReferencePipeline.java:197)
	at java.base/java.util.Spliterators$ArraySpliterator.forEachRemaining(Spliterators.java:1024)
	at java.base/java.util.stream.AbstractPipeline.copyInto(AbstractPipeline.java:509)
	at java.base/java.util.stream.AbstractPipeline.wrapAndCopyInto(AbstractPipeline.java:499)
	at java.base/java.util.stream.ForEachOps$ForEachOp.evaluateSequential(ForEachOps.java:151)
	at java.base/java.util.stream.ForEachOps$ForEachOp$OfRef.evaluateSequential(ForEachOps.java:174)
	at java.base/java.util.stream.AbstractPipeline.evaluate(AbstractPipeline.java:234)
	at java.base/java.util.stream.ReferencePipeline.forEach(ReferencePipeline.java:596)
	at java.base/java.util.stream.ReferencePipeline$7$1.accept(ReferencePipeline.java:276)
	at java.base/java.util.ArrayList$ArrayListSpliterator.forEachRemaining(ArrayList.java:1708)
	at java.base/java.util.stream.AbstractPipeline.copyInto(AbstractPipeline.java:509)
	at java.base/java.util.stream.AbstractPipeline.wrapAndCopyInto(AbstractPipeline.java:499)
	at java.base/java.util.stream.ForEachOps$ForEachOp.evaluateSequential(ForEachOps.java:151)
	at java.base/java.util.stream.ForEachOps$ForEachOp$OfRef.evaluateSequential(ForEachOps.java:174)
	at java.base/java.util.stream.AbstractPipeline.evaluate(AbstractPipeline.java:234)
	at java.base/java.util.stream.ReferencePipeline.forEach(ReferencePipeline.java:596)
	at java.base/java.util.stream.ReferencePipeline$7$1.accept(ReferencePipeline.java:276)
	at java.base/java.util.stream.ReferencePipeline$3$1.accept(ReferencePipeline.java:197)
	at java.base/java.util.stream.ReferencePipeline$3$1.accept(ReferencePipeline.java:197)
	at java.base/java.util.stream.ReferencePipeline$3$1.accept(ReferencePipeline.java:197)
	at java.base/java.util.ArrayList$ArrayListSpliterator.forEachRemaining(ArrayList.java:1708)
	at java.base/java.util.stream.AbstractPipeline.copyInto(AbstractPipeline.java:509)
	at java.base/java.util.stream.AbstractPipeline.wrapAndCopyInto(AbstractPipeline.java:499)
	at java.base/java.util.stream.ForEachOps$ForEachOp.evaluateSequential(ForEachOps.java:151)
	at java.base/java.util.stream.ForEachOps$ForEachOp$OfRef.evaluateSequential(ForEachOps.java:174)
	at java.base/java.util.stream.AbstractPipeline.evaluate(AbstractPipeline.java:234)
	at java.base/java.util.stream.ReferencePipeline.forEach(ReferencePipeline.java:596)
	at java.base/java.util.ArrayList.forEach(ArrayList.java:1596)
	at java.base/java.util.ArrayList.forEach(ArrayList.java:1596)
Caused by: org.postgresql.util.PSQLException: ERROR: relation "registration" does not exist
  Position: 22
	at org.postgresql.core.v3.QueryExecutorImpl.receiveErrorResponse(QueryExecutorImpl.java:2904)
	at org.postgresql.core.v3.QueryExecutorImpl.processResults(QueryExecutorImpl.java:2589)
	at org.postgresql.core.v3.QueryExecutorImpl.execute(QueryExecutorImpl.java:431)
	at org.postgresql.jdbc.PgStatement.executeInternal(PgStatement.java:534)
	at org.postgresql.jdbc.PgStatement.execute(PgStatement.java:437)
	at org.postgresql.jdbc.PgPreparedStatement.executeWithFlags(PgPreparedStatement.java:196)
	at org.postgresql.jdbc.PgPreparedStatement.executeQuery(PgPreparedStatement.java:139)
	at lab.conference.acceptance.support.Store.count(Store.java:114)
	... 44 more

[ERROR] lab.conference.acceptance.ExternalRegistrationAcceptanceTest.ac_001_02_missingOrBlankRequiredFieldIsRejected(String, String)[15] -- Time elapsed: 0.023 s <<< ERROR!
java.lang.IllegalStateException: 
org.postgresql.util.PSQLException: ERROR: relation "registration" does not exist
  Position: 22
	at lab.conference.acceptance.support.Store.count(Store.java:119)
	at lab.conference.acceptance.support.Store.registrationCount(Store.java:45)
	at lab.conference.acceptance.support.Store.snapshot(Store.java:100)
	at lab.conference.acceptance.ExternalRegistrationAcceptanceTest.ac_001_02_missingOrBlankRequiredFieldIsRejected(ExternalRegistrationAcceptanceTest.java:101)
	at java.base/java.lang.reflect.Method.invoke(Method.java:580)
	at java.base/java.util.Optional.ifPresent(Optional.java:178)
	at java.base/java.util.stream.ForEachOps$ForEachOp$OfRef.accept(ForEachOps.java:184)
	at java.base/java.util.stream.ReferencePipeline$3$1.accept(ReferencePipeline.java:197)
	at java.base/java.util.stream.ForEachOps$ForEachOp$OfRef.accept(ForEachOps.java:184)
	at java.base/java.util.stream.ForEachOps$ForEachOp$OfRef.accept(ForEachOps.java:184)
	at java.base/java.util.stream.ReferencePipeline$3$1.accept(ReferencePipeline.java:197)
	at java.base/java.util.stream.SpinedBuffer$1Splitr.forEachRemaining(SpinedBuffer.java:356)
	at java.base/java.util.stream.ReferencePipeline$Head.forEach(ReferencePipeline.java:762)
	at java.base/java.util.stream.ReferencePipeline$7$1.accept(ReferencePipeline.java:276)
	at java.base/java.util.stream.ReferencePipeline$3$1.accept(ReferencePipeline.java:197)
	at java.base/java.util.stream.ReferencePipeline$3$1.accept(ReferencePipeline.java:197)
	at java.base/java.util.stream.ReferencePipeline$3$1.accept(ReferencePipeline.java:197)
	at java.base/java.util.Spliterators$ArraySpliterator.forEachRemaining(Spliterators.java:1024)
	at java.base/java.util.stream.AbstractPipeline.copyInto(AbstractPipeline.java:509)
	at java.base/java.util.stream.AbstractPipeline.wrapAndCopyInto(AbstractPipeline.java:499)
	at java.base/java.util.stream.ForEachOps$ForEachOp.evaluateSequential(ForEachOps.java:151)
	at java.base/java.util.stream.ForEachOps$ForEachOp$OfRef.evaluateSequential(ForEachOps.java:174)
	at java.base/java.util.stream.AbstractPipeline.evaluate(AbstractPipeline.java:234)
	at java.base/java.util.stream.ReferencePipeline.forEach(ReferencePipeline.java:596)
	at java.base/java.util.stream.ReferencePipeline$7$1.accept(ReferencePipeline.java:276)
	at java.base/java.util.ArrayList$ArrayListSpliterator.forEachRemaining(ArrayList.java:1708)
	at java.base/java.util.stream.AbstractPipeline.copyInto(AbstractPipeline.java:509)
	at java.base/java.util.stream.AbstractPipeline.wrapAndCopyInto(AbstractPipeline.java:499)
	at java.base/java.util.stream.ForEachOps$ForEachOp.evaluateSequential(ForEachOps.java:151)
	at java.base/java.util.stream.ForEachOps$ForEachOp$OfRef.evaluateSequential(ForEachOps.java:174)
	at java.base/java.util.stream.AbstractPipeline.evaluate(AbstractPipeline.java:234)
	at java.base/java.util.stream.ReferencePipeline.forEach(ReferencePipeline.java:596)
	at java.base/java.util.stream.ReferencePipeline$7$1.accept(ReferencePipeline.java:276)
	at java.base/java.util.stream.ReferencePipeline$3$1.accept(ReferencePipeline.java:197)
	at java.base/java.util.stream.ReferencePipeline$3$1.accept(ReferencePipeline.java:197)
	at java.base/java.util.stream.ReferencePipeline$3$1.accept(ReferencePipeline.java:197)
	at java.base/java.util.ArrayList$ArrayListSpliterator.forEachRemaining(ArrayList.java:1708)
	at java.base/java.util.stream.AbstractPipeline.copyInto(AbstractPipeline.java:509)
	at java.base/java.util.stream.AbstractPipeline.wrapAndCopyInto(AbstractPipeline.java:499)
	at java.base/java.util.stream.ForEachOps$ForEachOp.evaluateSequential(ForEachOps.java:151)
	at java.base/java.util.stream.ForEachOps$ForEachOp$OfRef.evaluateSequential(ForEachOps.java:174)
	at java.base/java.util.stream.AbstractPipeline.evaluate(AbstractPipeline.java:234)
	at java.base/java.util.stream.ReferencePipeline.forEach(ReferencePipeline.java:596)
	at java.base/java.util.ArrayList.forEach(ArrayList.java:1596)
	at java.base/java.util.ArrayList.forEach(ArrayList.java:1596)
Caused by: org.postgresql.util.PSQLException: ERROR: relation "registration" does not exist
  Position: 22
	at org.postgresql.core.v3.QueryExecutorImpl.receiveErrorResponse(QueryExecutorImpl.java:2904)
	at org.postgresql.core.v3.QueryExecutorImpl.processResults(QueryExecutorImpl.java:2589)
	at org.postgresql.core.v3.QueryExecutorImpl.execute(QueryExecutorImpl.java:431)
	at org.postgresql.jdbc.PgStatement.executeInternal(PgStatement.java:534)
	at org.postgresql.jdbc.PgStatement.execute(PgStatement.java:437)
	at org.postgresql.jdbc.PgPreparedStatement.executeWithFlags(PgPreparedStatement.java:196)
	at org.postgresql.jdbc.PgPreparedStatement.executeQuery(PgPreparedStatement.java:139)
	at lab.conference.acceptance.support.Store.count(Store.java:114)
	... 44 more

[ERROR] lab.conference.acceptance.ExternalRegistrationAcceptanceTest.ac_001_02_missingOrBlankRequiredFieldIsRejected(String, String)[16] -- Time elapsed: 0.025 s <<< ERROR!
java.lang.IllegalStateException: 
org.postgresql.util.PSQLException: ERROR: relation "registration" does not exist
  Position: 22
	at lab.conference.acceptance.support.Store.count(Store.java:119)
	at lab.conference.acceptance.support.Store.registrationCount(Store.java:45)
	at lab.conference.acceptance.support.Store.snapshot(Store.java:100)
	at lab.conference.acceptance.ExternalRegistrationAcceptanceTest.ac_001_02_missingOrBlankRequiredFieldIsRejected(ExternalRegistrationAcceptanceTest.java:101)
	at java.base/java.lang.reflect.Method.invoke(Method.java:580)
	at java.base/java.util.Optional.ifPresent(Optional.java:178)
	at java.base/java.util.stream.ForEachOps$ForEachOp$OfRef.accept(ForEachOps.java:184)
	at java.base/java.util.stream.ReferencePipeline$3$1.accept(ReferencePipeline.java:197)
	at java.base/java.util.stream.ForEachOps$ForEachOp$OfRef.accept(ForEachOps.java:184)
	at java.base/java.util.stream.ForEachOps$ForEachOp$OfRef.accept(ForEachOps.java:184)
	at java.base/java.util.stream.ReferencePipeline$3$1.accept(ReferencePipeline.java:197)
	at java.base/java.util.stream.SpinedBuffer$1Splitr.forEachRemaining(SpinedBuffer.java:356)
	at java.base/java.util.stream.ReferencePipeline$Head.forEach(ReferencePipeline.java:762)
	at java.base/java.util.stream.ReferencePipeline$7$1.accept(ReferencePipeline.java:276)
	at java.base/java.util.stream.ReferencePipeline$3$1.accept(ReferencePipeline.java:197)
	at java.base/java.util.stream.ReferencePipeline$3$1.accept(ReferencePipeline.java:197)
	at java.base/java.util.stream.ReferencePipeline$3$1.accept(ReferencePipeline.java:197)
	at java.base/java.util.Spliterators$ArraySpliterator.forEachRemaining(Spliterators.java:1024)
	at java.base/java.util.stream.AbstractPipeline.copyInto(AbstractPipeline.java:509)
	at java.base/java.util.stream.AbstractPipeline.wrapAndCopyInto(AbstractPipeline.java:499)
	at java.base/java.util.stream.ForEachOps$ForEachOp.evaluateSequential(ForEachOps.java:151)
	at java.base/java.util.stream.ForEachOps$ForEachOp$OfRef.evaluateSequential(ForEachOps.java:174)
	at java.base/java.util.stream.AbstractPipeline.evaluate(AbstractPipeline.java:234)
	at java.base/java.util.stream.ReferencePipeline.forEach(ReferencePipeline.java:596)
	at java.base/java.util.stream.ReferencePipeline$7$1.accept(ReferencePipeline.java:276)
	at java.base/java.util.ArrayList$ArrayListSpliterator.forEachRemaining(ArrayList.java:1708)
	at java.base/java.util.stream.AbstractPipeline.copyInto(AbstractPipeline.java:509)
	at java.base/java.util.stream.AbstractPipeline.wrapAndCopyInto(AbstractPipeline.java:499)
	at java.base/java.util.stream.ForEachOps$ForEachOp.evaluateSequential(ForEachOps.java:151)
	at java.base/java.util.stream.ForEachOps$ForEachOp$OfRef.evaluateSequential(ForEachOps.java:174)
	at java.base/java.util.stream.AbstractPipeline.evaluate(AbstractPipeline.java:234)
	at java.base/java.util.stream.ReferencePipeline.forEach(ReferencePipeline.java:596)
	at java.base/java.util.stream.ReferencePipeline$7$1.accept(ReferencePipeline.java:276)
	at java.base/java.util.stream.ReferencePipeline$3$1.accept(ReferencePipeline.java:197)
	at java.base/java.util.stream.ReferencePipeline$3$1.accept(ReferencePipeline.java:197)
	at java.base/java.util.stream.ReferencePipeline$3$1.accept(ReferencePipeline.java:197)
	at java.base/java.util.ArrayList$ArrayListSpliterator.forEachRemaining(ArrayList.java:1708)
	at java.base/java.util.stream.AbstractPipeline.copyInto(AbstractPipeline.java:509)
	at java.base/java.util.stream.AbstractPipeline.wrapAndCopyInto(AbstractPipeline.java:499)
	at java.base/java.util.stream.ForEachOps$ForEachOp.evaluateSequential(ForEachOps.java:151)
	at java.base/java.util.stream.ForEachOps$ForEachOp$OfRef.evaluateSequential(ForEachOps.java:174)
	at java.base/java.util.stream.AbstractPipeline.evaluate(AbstractPipeline.java:234)
	at java.base/java.util.stream.ReferencePipeline.forEach(ReferencePipeline.java:596)
	at java.base/java.util.ArrayList.forEach(ArrayList.java:1596)
	at java.base/java.util.ArrayList.forEach(ArrayList.java:1596)
Caused by: org.postgresql.util.PSQLException: ERROR: relation "registration" does not exist
  Position: 22
	at org.postgresql.core.v3.QueryExecutorImpl.receiveErrorResponse(QueryExecutorImpl.java:2904)
	at org.postgresql.core.v3.QueryExecutorImpl.processResults(QueryExecutorImpl.java:2589)
	at org.postgresql.core.v3.QueryExecutorImpl.execute(QueryExecutorImpl.java:431)
	at org.postgresql.jdbc.PgStatement.executeInternal(PgStatement.java:534)
	at org.postgresql.jdbc.PgStatement.execute(PgStatement.java:437)
	at org.postgresql.jdbc.PgPreparedStatement.executeWithFlags(PgPreparedStatement.java:196)
	at org.postgresql.jdbc.PgPreparedStatement.executeQuery(PgPreparedStatement.java:139)
	at lab.conference.acceptance.support.Store.count(Store.java:114)
	... 44 more

[ERROR] lab.conference.acceptance.ExternalRegistrationAcceptanceTest.ac_001_02_missingOrBlankRequiredFieldIsRejected(String, String)[17] -- Time elapsed: 0.024 s <<< ERROR!
java.lang.IllegalStateException: 
org.postgresql.util.PSQLException: ERROR: relation "registration" does not exist
  Position: 22
	at lab.conference.acceptance.support.Store.count(Store.java:119)
	at lab.conference.acceptance.support.Store.registrationCount(Store.java:45)
	at lab.conference.acceptance.support.Store.snapshot(Store.java:100)
	at lab.conference.acceptance.ExternalRegistrationAcceptanceTest.ac_001_02_missingOrBlankRequiredFieldIsRejected(ExternalRegistrationAcceptanceTest.java:101)
	at java.base/java.lang.reflect.Method.invoke(Method.java:580)
	at java.base/java.util.Optional.ifPresent(Optional.java:178)
	at java.base/java.util.stream.ForEachOps$ForEachOp$OfRef.accept(ForEachOps.java:184)
	at java.base/java.util.stream.ReferencePipeline$3$1.accept(ReferencePipeline.java:197)
	at java.base/java.util.stream.ForEachOps$ForEachOp$OfRef.accept(ForEachOps.java:184)
	at java.base/java.util.stream.ForEachOps$ForEachOp$OfRef.accept(ForEachOps.java:184)
	at java.base/java.util.stream.ReferencePipeline$3$1.accept(ReferencePipeline.java:197)
	at java.base/java.util.stream.SpinedBuffer$1Splitr.forEachRemaining(SpinedBuffer.java:364)
	at java.base/java.util.stream.ReferencePipeline$Head.forEach(ReferencePipeline.java:762)
	at java.base/java.util.stream.ReferencePipeline$7$1.accept(ReferencePipeline.java:276)
	at java.base/java.util.stream.ReferencePipeline$3$1.accept(ReferencePipeline.java:197)
	at java.base/java.util.stream.ReferencePipeline$3$1.accept(ReferencePipeline.java:197)
	at java.base/java.util.stream.ReferencePipeline$3$1.accept(ReferencePipeline.java:197)
	at java.base/java.util.Spliterators$ArraySpliterator.forEachRemaining(Spliterators.java:1024)
	at java.base/java.util.stream.AbstractPipeline.copyInto(AbstractPipeline.java:509)
	at java.base/java.util.stream.AbstractPipeline.wrapAndCopyInto(AbstractPipeline.java:499)
	at java.base/java.util.stream.ForEachOps$ForEachOp.evaluateSequential(ForEachOps.java:151)
	at java.base/java.util.stream.ForEachOps$ForEachOp$OfRef.evaluateSequential(ForEachOps.java:174)
	at java.base/java.util.stream.AbstractPipeline.evaluate(AbstractPipeline.java:234)
	at java.base/java.util.stream.ReferencePipeline.forEach(ReferencePipeline.java:596)
	at java.base/java.util.stream.ReferencePipeline$7$1.accept(ReferencePipeline.java:276)
	at java.base/java.util.ArrayList$ArrayListSpliterator.forEachRemaining(ArrayList.java:1708)
	at java.base/java.util.stream.AbstractPipeline.copyInto(AbstractPipeline.java:509)
	at java.base/java.util.stream.AbstractPipeline.wrapAndCopyInto(AbstractPipeline.java:499)
	at java.base/java.util.stream.ForEachOps$ForEachOp.evaluateSequential(ForEachOps.java:151)
	at java.base/java.util.stream.ForEachOps$ForEachOp$OfRef.evaluateSequential(ForEachOps.java:174)
	at java.base/java.util.stream.AbstractPipeline.evaluate(AbstractPipeline.java:234)
	at java.base/java.util.stream.ReferencePipeline.forEach(ReferencePipeline.java:596)
	at java.base/java.util.stream.ReferencePipeline$7$1.accept(ReferencePipeline.java:276)
	at java.base/java.util.stream.ReferencePipeline$3$1.accept(ReferencePipeline.java:197)
	at java.base/java.util.stream.ReferencePipeline$3$1.accept(ReferencePipeline.java:197)
	at java.base/java.util.stream.ReferencePipeline$3$1.accept(ReferencePipeline.java:197)
	at java.base/java.util.ArrayList$ArrayListSpliterator.forEachRemaining(ArrayList.java:1708)
	at java.base/java.util.stream.AbstractPipeline.copyInto(AbstractPipeline.java:509)
	at java.base/java.util.stream.AbstractPipeline.wrapAndCopyInto(AbstractPipeline.java:499)
	at java.base/java.util.stream.ForEachOps$ForEachOp.evaluateSequential(ForEachOps.java:151)
	at java.base/java.util.stream.ForEachOps$ForEachOp$OfRef.evaluateSequential(ForEachOps.java:174)
	at java.base/java.util.stream.AbstractPipeline.evaluate(AbstractPipeline.java:234)
	at java.base/java.util.stream.ReferencePipeline.forEach(ReferencePipeline.java:596)
	at java.base/java.util.ArrayList.forEach(ArrayList.java:1596)
	at java.base/java.util.ArrayList.forEach(ArrayList.java:1596)
Caused by: org.postgresql.util.PSQLException: ERROR: relation "registration" does not exist
  Position: 22
	at org.postgresql.core.v3.QueryExecutorImpl.receiveErrorResponse(QueryExecutorImpl.java:2904)
	at org.postgresql.core.v3.QueryExecutorImpl.processResults(QueryExecutorImpl.java:2589)
	at org.postgresql.core.v3.QueryExecutorImpl.execute(QueryExecutorImpl.java:431)
	at org.postgresql.jdbc.PgStatement.executeInternal(PgStatement.java:534)
	at org.postgresql.jdbc.PgStatement.execute(PgStatement.java:437)
	at org.postgresql.jdbc.PgPreparedStatement.executeWithFlags(PgPreparedStatement.java:196)
	at org.postgresql.jdbc.PgPreparedStatement.executeQuery(PgPreparedStatement.java:139)
	at lab.conference.acceptance.support.Store.count(Store.java:114)
	... 44 more

[ERROR] lab.conference.acceptance.ExternalRegistrationAcceptanceTest.ac_001_02_missingOrBlankRequiredFieldIsRejected(String, String)[18] -- Time elapsed: 0.022 s <<< ERROR!
java.lang.IllegalStateException: 
org.postgresql.util.PSQLException: ERROR: relation "registration" does not exist
  Position: 22
	at lab.conference.acceptance.support.Store.count(Store.java:119)
	at lab.conference.acceptance.support.Store.registrationCount(Store.java:45)
	at lab.conference.acceptance.support.Store.snapshot(Store.java:100)
	at lab.conference.acceptance.ExternalRegistrationAcceptanceTest.ac_001_02_missingOrBlankRequiredFieldIsRejected(ExternalRegistrationAcceptanceTest.java:101)
	at java.base/java.lang.reflect.Method.invoke(Method.java:580)
	at java.base/java.util.Optional.ifPresent(Optional.java:178)
	at java.base/java.util.stream.ForEachOps$ForEachOp$OfRef.accept(ForEachOps.java:184)
	at java.base/java.util.stream.ReferencePipeline$3$1.accept(ReferencePipeline.java:197)
	at java.base/java.util.stream.ForEachOps$ForEachOp$OfRef.accept(ForEachOps.java:184)
	at java.base/java.util.stream.ForEachOps$ForEachOp$OfRef.accept(ForEachOps.java:184)
	at java.base/java.util.stream.ReferencePipeline$3$1.accept(ReferencePipeline.java:197)
	at java.base/java.util.stream.SpinedBuffer$1Splitr.forEachRemaining(SpinedBuffer.java:364)
	at java.base/java.util.stream.ReferencePipeline$Head.forEach(ReferencePipeline.java:762)
	at java.base/java.util.stream.ReferencePipeline$7$1.accept(ReferencePipeline.java:276)
	at java.base/java.util.stream.ReferencePipeline$3$1.accept(ReferencePipeline.java:197)
	at java.base/java.util.stream.ReferencePipeline$3$1.accept(ReferencePipeline.java:197)
	at java.base/java.util.stream.ReferencePipeline$3$1.accept(ReferencePipeline.java:197)
	at java.base/java.util.Spliterators$ArraySpliterator.forEachRemaining(Spliterators.java:1024)
	at java.base/java.util.stream.AbstractPipeline.copyInto(AbstractPipeline.java:509)
	at java.base/java.util.stream.AbstractPipeline.wrapAndCopyInto(AbstractPipeline.java:499)
	at java.base/java.util.stream.ForEachOps$ForEachOp.evaluateSequential(ForEachOps.java:151)
	at java.base/java.util.stream.ForEachOps$ForEachOp$OfRef.evaluateSequential(ForEachOps.java:174)
	at java.base/java.util.stream.AbstractPipeline.evaluate(AbstractPipeline.java:234)
	at java.base/java.util.stream.ReferencePipeline.forEach(ReferencePipeline.java:596)
	at java.base/java.util.stream.ReferencePipeline$7$1.accept(ReferencePipeline.java:276)
	at java.base/java.util.ArrayList$ArrayListSpliterator.forEachRemaining(ArrayList.java:1708)
	at java.base/java.util.stream.AbstractPipeline.copyInto(AbstractPipeline.java:509)
	at java.base/java.util.stream.AbstractPipeline.wrapAndCopyInto(AbstractPipeline.java:499)
	at java.base/java.util.stream.ForEachOps$ForEachOp.evaluateSequential(ForEachOps.java:151)
	at java.base/java.util.stream.ForEachOps$ForEachOp$OfRef.evaluateSequential(ForEachOps.java:174)
	at java.base/java.util.stream.AbstractPipeline.evaluate(AbstractPipeline.java:234)
	at java.base/java.util.stream.ReferencePipeline.forEach(ReferencePipeline.java:596)
	at java.base/java.util.stream.ReferencePipeline$7$1.accept(ReferencePipeline.java:276)
	at java.base/java.util.stream.ReferencePipeline$3$1.accept(ReferencePipeline.java:197)
	at java.base/java.util.stream.ReferencePipeline$3$1.accept(ReferencePipeline.java:197)
	at java.base/java.util.stream.ReferencePipeline$3$1.accept(ReferencePipeline.java:197)
	at java.base/java.util.ArrayList$ArrayListSpliterator.forEachRemaining(ArrayList.java:1708)
	at java.base/java.util.stream.AbstractPipeline.copyInto(AbstractPipeline.java:509)
	at java.base/java.util.stream.AbstractPipeline.wrapAndCopyInto(AbstractPipeline.java:499)
	at java.base/java.util.stream.ForEachOps$ForEachOp.evaluateSequential(ForEachOps.java:151)
	at java.base/java.util.stream.ForEachOps$ForEachOp$OfRef.evaluateSequential(ForEachOps.java:174)
	at java.base/java.util.stream.AbstractPipeline.evaluate(AbstractPipeline.java:234)
	at java.base/java.util.stream.ReferencePipeline.forEach(ReferencePipeline.java:596)
	at java.base/java.util.ArrayList.forEach(ArrayList.java:1596)
	at java.base/java.util.ArrayList.forEach(ArrayList.java:1596)
Caused by: org.postgresql.util.PSQLException: ERROR: relation "registration" does not exist
  Position: 22
	at org.postgresql.core.v3.QueryExecutorImpl.receiveErrorResponse(QueryExecutorImpl.java:2904)
	at org.postgresql.core.v3.QueryExecutorImpl.processResults(QueryExecutorImpl.java:2589)
	at org.postgresql.core.v3.QueryExecutorImpl.execute(QueryExecutorImpl.java:431)
	at org.postgresql.jdbc.PgStatement.executeInternal(PgStatement.java:534)
	at org.postgresql.jdbc.PgStatement.execute(PgStatement.java:437)
	at org.postgresql.jdbc.PgPreparedStatement.executeWithFlags(PgPreparedStatement.java:196)
	at org.postgresql.jdbc.PgPreparedStatement.executeQuery(PgPreparedStatement.java:139)
	at lab.conference.acceptance.support.Store.count(Store.java:114)
	... 44 more

[ERROR] lab.conference.acceptance.ExternalRegistrationAcceptanceTest.ac_001_02_missingOrBlankRequiredFieldIsRejected(String, String)[19] -- Time elapsed: 0.023 s <<< ERROR!
java.lang.IllegalStateException: 
org.postgresql.util.PSQLException: ERROR: relation "registration" does not exist
  Position: 22
	at lab.conference.acceptance.support.Store.count(Store.java:119)
	at lab.conference.acceptance.support.Store.registrationCount(Store.java:45)
	at lab.conference.acceptance.support.Store.snapshot(Store.java:100)
	at lab.conference.acceptance.ExternalRegistrationAcceptanceTest.ac_001_02_missingOrBlankRequiredFieldIsRejected(ExternalRegistrationAcceptanceTest.java:101)
	at java.base/java.lang.reflect.Method.invoke(Method.java:580)
	at java.base/java.util.Optional.ifPresent(Optional.java:178)
	at java.base/java.util.stream.ForEachOps$ForEachOp$OfRef.accept(ForEachOps.java:184)
	at java.base/java.util.stream.ReferencePipeline$3$1.accept(ReferencePipeline.java:197)
	at java.base/java.util.stream.ForEachOps$ForEachOp$OfRef.accept(ForEachOps.java:184)
	at java.base/java.util.stream.ForEachOps$ForEachOp$OfRef.accept(ForEachOps.java:184)
	at java.base/java.util.stream.ReferencePipeline$3$1.accept(ReferencePipeline.java:197)
	at java.base/java.util.stream.SpinedBuffer$1Splitr.forEachRemaining(SpinedBuffer.java:364)
	at java.base/java.util.stream.ReferencePipeline$Head.forEach(ReferencePipeline.java:762)
	at java.base/java.util.stream.ReferencePipeline$7$1.accept(ReferencePipeline.java:276)
	at java.base/java.util.stream.ReferencePipeline$3$1.accept(ReferencePipeline.java:197)
	at java.base/java.util.stream.ReferencePipeline$3$1.accept(ReferencePipeline.java:197)
	at java.base/java.util.stream.ReferencePipeline$3$1.accept(ReferencePipeline.java:197)
	at java.base/java.util.Spliterators$ArraySpliterator.forEachRemaining(Spliterators.java:1024)
	at java.base/java.util.stream.AbstractPipeline.copyInto(AbstractPipeline.java:509)
	at java.base/java.util.stream.AbstractPipeline.wrapAndCopyInto(AbstractPipeline.java:499)
	at java.base/java.util.stream.ForEachOps$ForEachOp.evaluateSequential(ForEachOps.java:151)
	at java.base/java.util.stream.ForEachOps$ForEachOp$OfRef.evaluateSequential(ForEachOps.java:174)
	at java.base/java.util.stream.AbstractPipeline.evaluate(AbstractPipeline.java:234)
	at java.base/java.util.stream.ReferencePipeline.forEach(ReferencePipeline.java:596)
	at java.base/java.util.stream.ReferencePipeline$7$1.accept(ReferencePipeline.java:276)
	at java.base/java.util.ArrayList$ArrayListSpliterator.forEachRemaining(ArrayList.java:1708)
	at java.base/java.util.stream.AbstractPipeline.copyInto(AbstractPipeline.java:509)
	at java.base/java.util.stream.AbstractPipeline.wrapAndCopyInto(AbstractPipeline.java:499)
	at java.base/java.util.stream.ForEachOps$ForEachOp.evaluateSequential(ForEachOps.java:151)
	at java.base/java.util.stream.ForEachOps$ForEachOp$OfRef.evaluateSequential(ForEachOps.java:174)
	at java.base/java.util.stream.AbstractPipeline.evaluate(AbstractPipeline.java:234)
	at java.base/java.util.stream.ReferencePipeline.forEach(ReferencePipeline.java:596)
	at java.base/java.util.stream.ReferencePipeline$7$1.accept(ReferencePipeline.java:276)
	at java.base/java.util.stream.ReferencePipeline$3$1.accept(ReferencePipeline.java:197)
	at java.base/java.util.stream.ReferencePipeline$3$1.accept(ReferencePipeline.java:197)
	at java.base/java.util.stream.ReferencePipeline$3$1.accept(ReferencePipeline.java:197)
	at java.base/java.util.ArrayList$ArrayListSpliterator.forEachRemaining(ArrayList.java:1708)
	at java.base/java.util.stream.AbstractPipeline.copyInto(AbstractPipeline.java:509)
	at java.base/java.util.stream.AbstractPipeline.wrapAndCopyInto(AbstractPipeline.java:499)
	at java.base/java.util.stream.ForEachOps$ForEachOp.evaluateSequential(ForEachOps.java:151)
	at java.base/java.util.stream.ForEachOps$ForEachOp$OfRef.evaluateSequential(ForEachOps.java:174)
	at java.base/java.util.stream.AbstractPipeline.evaluate(AbstractPipeline.java:234)
	at java.base/java.util.stream.ReferencePipeline.forEach(ReferencePipeline.java:596)
	at java.base/java.util.ArrayList.forEach(ArrayList.java:1596)
	at java.base/java.util.ArrayList.forEach(ArrayList.java:1596)
Caused by: org.postgresql.util.PSQLException: ERROR: relation "registration" does not exist
  Position: 22
	at org.postgresql.core.v3.QueryExecutorImpl.receiveErrorResponse(QueryExecutorImpl.java:2904)
	at org.postgresql.core.v3.QueryExecutorImpl.processResults(QueryExecutorImpl.java:2589)
	at org.postgresql.core.v3.QueryExecutorImpl.execute(QueryExecutorImpl.java:431)
	at org.postgresql.jdbc.PgStatement.executeInternal(PgStatement.java:534)
	at org.postgresql.jdbc.PgStatement.execute(PgStatement.java:437)
	at org.postgresql.jdbc.PgPreparedStatement.executeWithFlags(PgPreparedStatement.java:196)
	at org.postgresql.jdbc.PgPreparedStatement.executeQuery(PgPreparedStatement.java:139)
	at lab.conference.acceptance.support.Store.count(Store.java:114)
	... 44 more

[ERROR] lab.conference.acceptance.ExternalRegistrationAcceptanceTest.ac_001_02_missingOrBlankRequiredFieldIsRejected(String, String)[20] -- Time elapsed: 0.027 s <<< ERROR!
java.lang.IllegalStateException: 
org.postgresql.util.PSQLException: ERROR: relation "registration" does not exist
  Position: 22
	at lab.conference.acceptance.support.Store.count(Store.java:119)
	at lab.conference.acceptance.support.Store.registrationCount(Store.java:45)
	at lab.conference.acceptance.support.Store.snapshot(Store.java:100)
	at lab.conference.acceptance.ExternalRegistrationAcceptanceTest.ac_001_02_missingOrBlankRequiredFieldIsRejected(ExternalRegistrationAcceptanceTest.java:101)
	at java.base/java.lang.reflect.Method.invoke(Method.java:580)
	at java.base/java.util.Optional.ifPresent(Optional.java:178)
	at java.base/java.util.stream.ForEachOps$ForEachOp$OfRef.accept(ForEachOps.java:184)
	at java.base/java.util.stream.ReferencePipeline$3$1.accept(ReferencePipeline.java:197)
	at java.base/java.util.stream.ForEachOps$ForEachOp$OfRef.accept(ForEachOps.java:184)
	at java.base/java.util.stream.ForEachOps$ForEachOp$OfRef.accept(ForEachOps.java:184)
	at java.base/java.util.stream.ReferencePipeline$3$1.accept(ReferencePipeline.java:197)
	at java.base/java.util.stream.SpinedBuffer$1Splitr.forEachRemaining(SpinedBuffer.java:364)
	at java.base/java.util.stream.ReferencePipeline$Head.forEach(ReferencePipeline.java:762)
	at java.base/java.util.stream.ReferencePipeline$7$1.accept(ReferencePipeline.java:276)
	at java.base/java.util.stream.ReferencePipeline$3$1.accept(ReferencePipeline.java:197)
	at java.base/java.util.stream.ReferencePipeline$3$1.accept(ReferencePipeline.java:197)
	at java.base/java.util.stream.ReferencePipeline$3$1.accept(ReferencePipeline.java:197)
	at java.base/java.util.Spliterators$ArraySpliterator.forEachRemaining(Spliterators.java:1024)
	at java.base/java.util.stream.AbstractPipeline.copyInto(AbstractPipeline.java:509)
	at java.base/java.util.stream.AbstractPipeline.wrapAndCopyInto(AbstractPipeline.java:499)
	at java.base/java.util.stream.ForEachOps$ForEachOp.evaluateSequential(ForEachOps.java:151)
	at java.base/java.util.stream.ForEachOps$ForEachOp$OfRef.evaluateSequential(ForEachOps.java:174)
	at java.base/java.util.stream.AbstractPipeline.evaluate(AbstractPipeline.java:234)
	at java.base/java.util.stream.ReferencePipeline.forEach(ReferencePipeline.java:596)
	at java.base/java.util.stream.ReferencePipeline$7$1.accept(ReferencePipeline.java:276)
	at java.base/java.util.ArrayList$ArrayListSpliterator.forEachRemaining(ArrayList.java:1708)
	at java.base/java.util.stream.AbstractPipeline.copyInto(AbstractPipeline.java:509)
	at java.base/java.util.stream.AbstractPipeline.wrapAndCopyInto(AbstractPipeline.java:499)
	at java.base/java.util.stream.ForEachOps$ForEachOp.evaluateSequential(ForEachOps.java:151)
	at java.base/java.util.stream.ForEachOps$ForEachOp$OfRef.evaluateSequential(ForEachOps.java:174)
	at java.base/java.util.stream.AbstractPipeline.evaluate(AbstractPipeline.java:234)
	at java.base/java.util.stream.ReferencePipeline.forEach(ReferencePipeline.java:596)
	at java.base/java.util.stream.ReferencePipeline$7$1.accept(ReferencePipeline.java:276)
	at java.base/java.util.stream.ReferencePipeline$3$1.accept(ReferencePipeline.java:197)
	at java.base/java.util.stream.ReferencePipeline$3$1.accept(ReferencePipeline.java:197)
	at java.base/java.util.stream.ReferencePipeline$3$1.accept(ReferencePipeline.java:197)
	at java.base/java.util.ArrayList$ArrayListSpliterator.forEachRemaining(ArrayList.java:1708)
	at java.base/java.util.stream.AbstractPipeline.copyInto(AbstractPipeline.java:509)
	at java.base/java.util.stream.AbstractPipeline.wrapAndCopyInto(AbstractPipeline.java:499)
	at java.base/java.util.stream.ForEachOps$ForEachOp.evaluateSequential(ForEachOps.java:151)
	at java.base/java.util.stream.ForEachOps$ForEachOp$OfRef.evaluateSequential(ForEachOps.java:174)
	at java.base/java.util.stream.AbstractPipeline.evaluate(AbstractPipeline.java:234)
	at java.base/java.util.stream.ReferencePipeline.forEach(ReferencePipeline.java:596)
	at java.base/java.util.ArrayList.forEach(ArrayList.java:1596)
	at java.base/java.util.ArrayList.forEach(ArrayList.java:1596)
Caused by: org.postgresql.util.PSQLException: ERROR: relation "registration" does not exist
  Position: 22
	at org.postgresql.core.v3.QueryExecutorImpl.receiveErrorResponse(QueryExecutorImpl.java:2904)
	at org.postgresql.core.v3.QueryExecutorImpl.processResults(QueryExecutorImpl.java:2589)
	at org.postgresql.core.v3.QueryExecutorImpl.execute(QueryExecutorImpl.java:431)
	at org.postgresql.jdbc.PgStatement.executeInternal(PgStatement.java:534)
	at org.postgresql.jdbc.PgStatement.execute(PgStatement.java:437)
	at org.postgresql.jdbc.PgPreparedStatement.executeWithFlags(PgPreparedStatement.java:196)
	at org.postgresql.jdbc.PgPreparedStatement.executeQuery(PgPreparedStatement.java:139)
	at lab.conference.acceptance.support.Store.count(Store.java:114)
	... 44 more

[INFO] Running lab.conference.acceptance.DurableStorageAcceptanceTest

  .   ____          _            __ _ _
 /\\ / ___'_ __ _ _(_)_ __  __ _ \ \ \ \
( ( )\___ | '_ | '_| | '_ \/ _` | \ \ \ \
 \\/  ___)| |_)| | | | | || (_| |  ) ) ) )
  '  |____| .__|_| |_|_| |_\__, | / / / /
 =========|_|==============|___/=/_/_/_/

 :: Spring Boot ::               (v3.5.16)

2026-09-30T12:46:30.041+02:00  INFO 1817604 --- [conference-backend] [           main] o.a.maven.surefire.booter.ForkedBooter   : Starting ForkedBooter v3.5.6 using Java 21.0.12 with PID 1817604 (started by tjan-kazar in /home/tjan-kazar/storage/Work/lab/agentic_lab/02_output/backend)
2026-09-30T12:46:30.041+02:00  INFO 1817604 --- [conference-backend] [           main] o.a.maven.surefire.booter.ForkedBooter   : No active profile set, falling back to 1 default profile: "default"
2026-09-30T12:46:30.314+02:00  INFO 1817604 --- [conference-backend] [           main] .s.d.r.c.RepositoryConfigurationDelegate : Bootstrapping Spring Data JPA repositories in DEFAULT mode.
2026-09-30T12:46:30.319+02:00  INFO 1817604 --- [conference-backend] [           main] .s.d.r.c.RepositoryConfigurationDelegate : Finished Spring Data repository scanning in 3 ms. Found 0 JPA repository interfaces.
2026-09-30T12:46:30.403+02:00  INFO 1817604 --- [conference-backend] [           main] o.s.b.w.embedded.tomcat.TomcatWebServer  : Tomcat initialized with port 0 (http)
2026-09-30T12:46:30.405+02:00  INFO 1817604 --- [conference-backend] [           main] o.apache.catalina.core.StandardService   : Starting service [Tomcat]
2026-09-30T12:46:30.405+02:00  INFO 1817604 --- [conference-backend] [           main] o.apache.catalina.core.StandardEngine    : Starting Servlet engine: [Apache Tomcat/10.1.60]
2026-09-30T12:46:30.420+02:00  INFO 1817604 --- [conference-backend] [           main] o.a.c.c.C.[Tomcat].[localhost].[/]       : Initializing Spring embedded WebApplicationContext
2026-09-30T12:46:30.420+02:00  INFO 1817604 --- [conference-backend] [           main] w.s.c.ServletWebServerApplicationContext : Root WebApplicationContext: initialization completed in 375 ms
2026-09-30T12:46:30.516+02:00  INFO 1817604 --- [conference-backend] [           main] com.zaxxer.hikari.HikariDataSource       : HikariPool-4 - Starting...
2026-09-30T12:46:30.547+02:00  INFO 1817604 --- [conference-backend] [           main] com.zaxxer.hikari.pool.HikariPool        : HikariPool-4 - Added connection org.postgresql.jdbc.PgConnection@2c7d744
2026-09-30T12:46:30.548+02:00  INFO 1817604 --- [conference-backend] [           main] com.zaxxer.hikari.HikariDataSource       : HikariPool-4 - Start completed.
2026-09-30T12:46:30.551+02:00  INFO 1817604 --- [conference-backend] [           main] org.flywaydb.core.FlywayExecutor         : Database: jdbc:postgresql://localhost:33183/conf_2de53388260f (PostgreSQL 16.14)
2026-09-30T12:46:30.573+02:00  INFO 1817604 --- [conference-backend] [           main] o.f.c.i.s.JdbcTableSchemaHistory         : Schema history table "public"."flyway_schema_history" does not exist yet
2026-09-30T12:46:30.574+02:00  INFO 1817604 --- [conference-backend] [           main] o.f.core.internal.command.DbValidate     : Successfully validated 0 migrations (execution time 00:00.005s)
2026-09-30T12:46:30.574+02:00  WARN 1817604 --- [conference-backend] [           main] o.f.core.internal.command.DbValidate     : No migrations found. Are your locations set up correctly?
2026-09-30T12:46:30.593+02:00  INFO 1817604 --- [conference-backend] [           main] o.f.c.i.s.JdbcTableSchemaHistory         : Creating Schema History table "public"."flyway_schema_history" ...
2026-09-30T12:46:30.645+02:00  INFO 1817604 --- [conference-backend] [           main] o.f.core.internal.command.DbMigrate      : Current version of schema "public": << Empty Schema >>
2026-09-30T12:46:30.646+02:00  INFO 1817604 --- [conference-backend] [           main] o.f.core.internal.command.DbMigrate      : Schema "public" is up to date. No migration necessary.
2026-09-30T12:46:30.667+02:00  INFO 1817604 --- [conference-backend] [           main] o.hibernate.jpa.internal.util.LogHelper  : HHH000204: Processing PersistenceUnitInfo [name: default]
2026-09-30T12:46:30.670+02:00  INFO 1817604 --- [conference-backend] [           main] o.h.c.internal.RegionFactoryInitiator    : HHH000026: Second-level cache disabled
2026-09-30T12:46:30.680+02:00  INFO 1817604 --- [conference-backend] [           main] o.s.o.j.p.SpringPersistenceUnitInfo      : No LoadTimeWeaver setup: ignoring JPA class transformer
2026-09-30T12:46:30.690+02:00  INFO 1817604 --- [conference-backend] [           main] org.hibernate.orm.connections.pooling    : HHH10001005: Database info:
	Database JDBC URL [Connecting through datasource 'HikariDataSource (HikariPool-4)']
	Database driver: undefined/unknown
	Database version: 16.14
	Autocommit mode: undefined/unknown
	Isolation level: undefined/unknown
	Minimum pool size: undefined/unknown
	Maximum pool size: undefined/unknown
2026-09-30T12:46:30.711+02:00  INFO 1817604 --- [conference-backend] [           main] o.h.e.t.j.p.i.JtaPlatformInitiator       : HHH000489: No JTA platform available (set 'hibernate.transaction.jta.platform' to enable JTA platform integration)
2026-09-30T12:46:30.711+02:00  INFO 1817604 --- [conference-backend] [           main] j.LocalContainerEntityManagerFactoryBean : Initialized JPA EntityManagerFactory for persistence unit 'default'
2026-09-30T12:46:30.902+02:00  WARN 1817604 --- [conference-backend] [           main] .s.s.UserDetailsServiceAutoConfiguration : 

Using generated security password: <redacted by agent, F-03>

This generated password is for development use only. Your security configuration must be updated before running your application in production.

2026-09-30T12:46:30.903+02:00  INFO 1817604 --- [conference-backend] [           main] r$InitializeUserDetailsManagerConfigurer : Global AuthenticationManager configured with UserDetailsService bean with name inMemoryUserDetailsManager
2026-09-30T12:46:30.919+02:00  INFO 1817604 --- [conference-backend] [           main] o.s.b.a.e.web.EndpointLinksResolver      : Exposing 1 endpoint beneath base path '/actuator'
2026-09-30T12:46:30.958+02:00  INFO 1817604 --- [conference-backend] [           main] o.s.b.w.embedded.tomcat.TomcatWebServer  : Tomcat started on port 38493 (http) with context path '/'
2026-09-30T12:46:30.966+02:00  INFO 1817604 --- [conference-backend] [           main] o.a.maven.surefire.booter.ForkedBooter   : Started ForkedBooter in 0.971 seconds (process running for 125.208)
2026-09-30T12:46:30.973+02:00  INFO 1817604 --- [conference-backend] [o-auto-4-exec-1] o.a.c.c.C.[Tomcat].[localhost].[/]       : Initializing Spring DispatcherServlet 'dispatcherServlet'
2026-09-30T12:46:30.974+02:00  INFO 1817604 --- [conference-backend] [o-auto-4-exec-1] o.s.web.servlet.DispatcherServlet        : Initializing Servlet 'dispatcherServlet'
2026-09-30T12:46:30.975+02:00  INFO 1817604 --- [conference-backend] [o-auto-4-exec-1] o.s.web.servlet.DispatcherServlet        : Completed initialization in 1 ms
2026-09-30T12:46:30.989+02:00  INFO 1817604 --- [conference-backend] [           main] o.s.b.w.e.tomcat.GracefulShutdown        : Commencing graceful shutdown. Waiting for active requests to complete
2026-09-30T12:46:30.990+02:00  INFO 1817604 --- [conference-backend] [tomcat-shutdown] o.s.b.w.e.tomcat.GracefulShutdown        : Graceful shutdown complete
2026-09-30T12:46:30.993+02:00  INFO 1817604 --- [conference-backend] [           main] j.LocalContainerEntityManagerFactoryBean : Closing JPA EntityManagerFactory for persistence unit 'default'
2026-09-30T12:46:30.994+02:00  INFO 1817604 --- [conference-backend] [           main] com.zaxxer.hikari.HikariDataSource       : HikariPool-4 - Shutdown initiated...
2026-09-30T12:46:30.996+02:00  INFO 1817604 --- [conference-backend] [           main] com.zaxxer.hikari.HikariDataSource       : HikariPool-4 - Shutdown completed.

  .   ____          _            __ _ _
 /\\ / ___'_ __ _ _(_)_ __  __ _ \ \ \ \
( ( )\___ | '_ | '_| | '_ \/ _` | \ \ \ \
 \\/  ___)| |_)| | | | | || (_| |  ) ) ) )
  '  |____| .__|_| |_|_| |_\__, | / / / /
 =========|_|==============|___/=/_/_/_/

 :: Spring Boot ::               (v3.5.16)

2026-09-30T12:46:32.066+02:00  INFO 1817604 --- [conference-backend] [           main] o.a.maven.surefire.booter.ForkedBooter   : Starting ForkedBooter v3.5.6 using Java 21.0.12 with PID 1817604 (started by tjan-kazar in /home/tjan-kazar/storage/Work/lab/agentic_lab/02_output/backend)
2026-09-30T12:46:32.066+02:00  INFO 1817604 --- [conference-backend] [           main] o.a.maven.surefire.booter.ForkedBooter   : No active profile set, falling back to 1 default profile: "default"
2026-09-30T12:46:32.336+02:00  INFO 1817604 --- [conference-backend] [           main] .s.d.r.c.RepositoryConfigurationDelegate : Bootstrapping Spring Data JPA repositories in DEFAULT mode.
2026-09-30T12:46:32.341+02:00  INFO 1817604 --- [conference-backend] [           main] .s.d.r.c.RepositoryConfigurationDelegate : Finished Spring Data repository scanning in 3 ms. Found 0 JPA repository interfaces.
2026-09-30T12:46:32.423+02:00  INFO 1817604 --- [conference-backend] [           main] o.s.b.w.embedded.tomcat.TomcatWebServer  : Tomcat initialized with port 0 (http)
2026-09-30T12:46:32.424+02:00  INFO 1817604 --- [conference-backend] [           main] o.apache.catalina.core.StandardService   : Starting service [Tomcat]
2026-09-30T12:46:32.425+02:00  INFO 1817604 --- [conference-backend] [           main] o.apache.catalina.core.StandardEngine    : Starting Servlet engine: [Apache Tomcat/10.1.60]
2026-09-30T12:46:32.440+02:00  INFO 1817604 --- [conference-backend] [           main] o.a.c.c.C.[Tomcat].[localhost].[/]       : Initializing Spring embedded WebApplicationContext
2026-09-30T12:46:32.440+02:00  INFO 1817604 --- [conference-backend] [           main] w.s.c.ServletWebServerApplicationContext : Root WebApplicationContext: initialization completed in 372 ms
2026-09-30T12:46:32.535+02:00  INFO 1817604 --- [conference-backend] [           main] com.zaxxer.hikari.HikariDataSource       : HikariPool-5 - Starting...
2026-09-30T12:46:32.570+02:00  INFO 1817604 --- [conference-backend] [           main] com.zaxxer.hikari.pool.HikariPool        : HikariPool-5 - Added connection org.postgresql.jdbc.PgConnection@68c2c180
2026-09-30T12:46:32.571+02:00  INFO 1817604 --- [conference-backend] [           main] com.zaxxer.hikari.HikariDataSource       : HikariPool-5 - Start completed.
2026-09-30T12:46:32.573+02:00  INFO 1817604 --- [conference-backend] [           main] org.flywaydb.core.FlywayExecutor         : Database: jdbc:postgresql://localhost:33183/conf_33cc3926d322 (PostgreSQL 16.14)
2026-09-30T12:46:32.600+02:00  INFO 1817604 --- [conference-backend] [           main] o.f.c.i.s.JdbcTableSchemaHistory         : Schema history table "public"."flyway_schema_history" does not exist yet
2026-09-30T12:46:32.602+02:00  INFO 1817604 --- [conference-backend] [           main] o.f.core.internal.command.DbValidate     : Successfully validated 0 migrations (execution time 00:00.007s)
2026-09-30T12:46:32.602+02:00  WARN 1817604 --- [conference-backend] [           main] o.f.core.internal.command.DbValidate     : No migrations found. Are your locations set up correctly?
2026-09-30T12:46:32.623+02:00  INFO 1817604 --- [conference-backend] [           main] o.f.c.i.s.JdbcTableSchemaHistory         : Creating Schema History table "public"."flyway_schema_history" ...
2026-09-30T12:46:32.685+02:00  INFO 1817604 --- [conference-backend] [           main] o.f.core.internal.command.DbMigrate      : Current version of schema "public": << Empty Schema >>
2026-09-30T12:46:32.686+02:00  INFO 1817604 --- [conference-backend] [           main] o.f.core.internal.command.DbMigrate      : Schema "public" is up to date. No migration necessary.
2026-09-30T12:46:32.712+02:00  INFO 1817604 --- [conference-backend] [           main] o.hibernate.jpa.internal.util.LogHelper  : HHH000204: Processing PersistenceUnitInfo [name: default]
2026-09-30T12:46:32.714+02:00  INFO 1817604 --- [conference-backend] [           main] o.h.c.internal.RegionFactoryInitiator    : HHH000026: Second-level cache disabled
2026-09-30T12:46:32.723+02:00  INFO 1817604 --- [conference-backend] [           main] o.s.o.j.p.SpringPersistenceUnitInfo      : No LoadTimeWeaver setup: ignoring JPA class transformer
2026-09-30T12:46:32.735+02:00  INFO 1817604 --- [conference-backend] [           main] org.hibernate.orm.connections.pooling    : HHH10001005: Database info:
	Database JDBC URL [Connecting through datasource 'HikariDataSource (HikariPool-5)']
	Database driver: undefined/unknown
	Database version: 16.14
	Autocommit mode: undefined/unknown
	Isolation level: undefined/unknown
	Minimum pool size: undefined/unknown
	Maximum pool size: undefined/unknown
2026-09-30T12:46:32.754+02:00  INFO 1817604 --- [conference-backend] [           main] o.h.e.t.j.p.i.JtaPlatformInitiator       : HHH000489: No JTA platform available (set 'hibernate.transaction.jta.platform' to enable JTA platform integration)
2026-09-30T12:46:32.755+02:00  INFO 1817604 --- [conference-backend] [           main] j.LocalContainerEntityManagerFactoryBean : Initialized JPA EntityManagerFactory for persistence unit 'default'
2026-09-30T12:46:32.937+02:00  WARN 1817604 --- [conference-backend] [           main] .s.s.UserDetailsServiceAutoConfiguration : 

Using generated security password: <redacted by agent, F-03>

This generated password is for development use only. Your security configuration must be updated before running your application in production.

2026-09-30T12:46:32.938+02:00  INFO 1817604 --- [conference-backend] [           main] r$InitializeUserDetailsManagerConfigurer : Global AuthenticationManager configured with UserDetailsService bean with name inMemoryUserDetailsManager
2026-09-30T12:46:32.954+02:00  INFO 1817604 --- [conference-backend] [           main] o.s.b.a.e.web.EndpointLinksResolver      : Exposing 1 endpoint beneath base path '/actuator'
2026-09-30T12:46:33.001+02:00  INFO 1817604 --- [conference-backend] [           main] o.s.b.w.embedded.tomcat.TomcatWebServer  : Tomcat started on port 40059 (http) with context path '/'
2026-09-30T12:46:33.010+02:00  INFO 1817604 --- [conference-backend] [           main] o.a.maven.surefire.booter.ForkedBooter   : Started ForkedBooter in 0.973 seconds (process running for 127.252)
2026-09-30T12:46:33.028+02:00  INFO 1817604 --- [conference-backend] [           main] o.s.b.w.e.tomcat.GracefulShutdown        : Commencing graceful shutdown. Waiting for active requests to complete
2026-09-30T12:46:33.050+02:00  INFO 1817604 --- [conference-backend] [tomcat-shutdown] o.s.b.w.e.tomcat.GracefulShutdown        : Graceful shutdown complete
2026-09-30T12:46:33.055+02:00  INFO 1817604 --- [conference-backend] [           main] j.LocalContainerEntityManagerFactoryBean : Closing JPA EntityManagerFactory for persistence unit 'default'
2026-09-30T12:46:33.056+02:00  INFO 1817604 --- [conference-backend] [           main] com.zaxxer.hikari.HikariDataSource       : HikariPool-5 - Shutdown initiated...
2026-09-30T12:46:33.107+02:00  INFO 1817604 --- [conference-backend] [           main] com.zaxxer.hikari.HikariDataSource       : HikariPool-5 - Shutdown completed.
2026-09-30T12:46:33.114+02:00  INFO 1817604 --- [conference-backend] [           main] tc.postgres@sha256:952067...             : Creating container for image: postgres@sha256:95206741a5b214807675e14165369d05b93a9cf692223b616d07cca227e74b0b
2026-09-30T12:46:36.583+02:00  INFO 1817604 --- [conference-backend] [           main] tc.postgres@sha256:952067...             : Container postgres@sha256:95206741a5b214807675e14165369d05b93a9cf692223b616d07cca227e74b0b is starting: 89b793efbde3e8c9f57af9840a8790422a3b9769c9c2b38265c6b3e93466fbc3
2026-09-30T12:46:39.940+02:00  INFO 1817604 --- [conference-backend] [           main] tc.postgres@sha256:952067...             : Container postgres@sha256:95206741a5b214807675e14165369d05b93a9cf692223b616d07cca227e74b0b started in PT6.826264094S
2026-09-30T12:46:39.941+02:00  INFO 1817604 --- [conference-backend] [           main] tc.postgres@sha256:952067...             : Container is started (JDBC URL: jdbc:postgresql://localhost:36899/postgres?loggerLevel=OFF)

  .   ____          _            __ _ _
 /\\ / ___'_ __ _ _(_)_ __  __ _ \ \ \ \
( ( )\___ | '_ | '_| | '_ \/ _` | \ \ \ \
 \\/  ___)| |_)| | | | | || (_| |  ) ) ) )
  '  |____| .__|_| |_|_| |_\__, | / / / /
 =========|_|==============|___/=/_/_/_/

 :: Spring Boot ::               (v3.5.16)

2026-09-30T12:46:40.137+02:00  INFO 1817604 --- [conference-backend] [           main] o.a.maven.surefire.booter.ForkedBooter   : Starting ForkedBooter v3.5.6 using Java 21.0.12 with PID 1817604 (started by tjan-kazar in /home/tjan-kazar/storage/Work/lab/agentic_lab/02_output/backend)
2026-09-30T12:46:40.137+02:00  INFO 1817604 --- [conference-backend] [           main] o.a.maven.surefire.booter.ForkedBooter   : No active profile set, falling back to 1 default profile: "default"
2026-09-30T12:46:40.336+02:00  INFO 1817604 --- [conference-backend] [           main] .s.d.r.c.RepositoryConfigurationDelegate : Bootstrapping Spring Data JPA repositories in DEFAULT mode.
2026-09-30T12:46:40.340+02:00  INFO 1817604 --- [conference-backend] [           main] .s.d.r.c.RepositoryConfigurationDelegate : Finished Spring Data repository scanning in 1 ms. Found 0 JPA repository interfaces.
2026-09-30T12:46:40.409+02:00  INFO 1817604 --- [conference-backend] [           main] o.s.b.w.embedded.tomcat.TomcatWebServer  : Tomcat initialized with port 0 (http)
2026-09-30T12:46:40.411+02:00  INFO 1817604 --- [conference-backend] [           main] o.apache.catalina.core.StandardService   : Starting service [Tomcat]
2026-09-30T12:46:40.411+02:00  INFO 1817604 --- [conference-backend] [           main] o.apache.catalina.core.StandardEngine    : Starting Servlet engine: [Apache Tomcat/10.1.60]
2026-09-30T12:46:40.423+02:00  INFO 1817604 --- [conference-backend] [           main] o.a.c.c.C.[Tomcat].[localhost].[/]       : Initializing Spring embedded WebApplicationContext
2026-09-30T12:46:40.423+02:00  INFO 1817604 --- [conference-backend] [           main] w.s.c.ServletWebServerApplicationContext : Root WebApplicationContext: initialization completed in 284 ms
2026-09-30T12:46:40.497+02:00  INFO 1817604 --- [conference-backend] [           main] com.zaxxer.hikari.HikariDataSource       : HikariPool-6 - Starting...
2026-09-30T12:46:40.522+02:00  INFO 1817604 --- [conference-backend] [           main] com.zaxxer.hikari.pool.HikariPool        : HikariPool-6 - Added connection org.postgresql.jdbc.PgConnection@12723878
2026-09-30T12:46:40.523+02:00  INFO 1817604 --- [conference-backend] [           main] com.zaxxer.hikari.HikariDataSource       : HikariPool-6 - Start completed.
2026-09-30T12:46:40.526+02:00  INFO 1817604 --- [conference-backend] [           main] org.flywaydb.core.FlywayExecutor         : Database: jdbc:postgresql://localhost:36899/conf_594056ea0e9e (PostgreSQL 16.14)
2026-09-30T12:46:40.543+02:00  INFO 1817604 --- [conference-backend] [           main] o.f.c.i.s.JdbcTableSchemaHistory         : Schema history table "public"."flyway_schema_history" does not exist yet
2026-09-30T12:46:40.545+02:00  INFO 1817604 --- [conference-backend] [           main] o.f.core.internal.command.DbValidate     : Successfully validated 0 migrations (execution time 00:00.005s)
2026-09-30T12:46:40.545+02:00  WARN 1817604 --- [conference-backend] [           main] o.f.core.internal.command.DbValidate     : No migrations found. Are your locations set up correctly?
2026-09-30T12:46:40.561+02:00  INFO 1817604 --- [conference-backend] [           main] o.f.c.i.s.JdbcTableSchemaHistory         : Creating Schema History table "public"."flyway_schema_history" ...
2026-09-30T12:46:40.621+02:00  INFO 1817604 --- [conference-backend] [           main] o.f.core.internal.command.DbMigrate      : Current version of schema "public": << Empty Schema >>
2026-09-30T12:46:40.622+02:00  INFO 1817604 --- [conference-backend] [           main] o.f.core.internal.command.DbMigrate      : Schema "public" is up to date. No migration necessary.
2026-09-30T12:46:40.641+02:00  INFO 1817604 --- [conference-backend] [           main] o.hibernate.jpa.internal.util.LogHelper  : HHH000204: Processing PersistenceUnitInfo [name: default]
2026-09-30T12:46:40.644+02:00  INFO 1817604 --- [conference-backend] [           main] o.h.c.internal.RegionFactoryInitiator    : HHH000026: Second-level cache disabled
2026-09-30T12:46:40.659+02:00  INFO 1817604 --- [conference-backend] [           main] o.s.o.j.p.SpringPersistenceUnitInfo      : No LoadTimeWeaver setup: ignoring JPA class transformer
2026-09-30T12:46:40.669+02:00  INFO 1817604 --- [conference-backend] [           main] org.hibernate.orm.connections.pooling    : HHH10001005: Database info:
	Database JDBC URL [Connecting through datasource 'HikariDataSource (HikariPool-6)']
	Database driver: undefined/unknown
	Database version: 16.14
	Autocommit mode: undefined/unknown
	Isolation level: undefined/unknown
	Minimum pool size: undefined/unknown
	Maximum pool size: undefined/unknown
2026-09-30T12:46:40.689+02:00  INFO 1817604 --- [conference-backend] [           main] o.h.e.t.j.p.i.JtaPlatformInitiator       : HHH000489: No JTA platform available (set 'hibernate.transaction.jta.platform' to enable JTA platform integration)
2026-09-30T12:46:40.689+02:00  INFO 1817604 --- [conference-backend] [           main] j.LocalContainerEntityManagerFactoryBean : Initialized JPA EntityManagerFactory for persistence unit 'default'
2026-09-30T12:46:40.855+02:00  WARN 1817604 --- [conference-backend] [           main] .s.s.UserDetailsServiceAutoConfiguration : 

Using generated security password: <redacted by agent, F-03>

This generated password is for development use only. Your security configuration must be updated before running your application in production.

2026-09-30T12:46:40.856+02:00  INFO 1817604 --- [conference-backend] [           main] r$InitializeUserDetailsManagerConfigurer : Global AuthenticationManager configured with UserDetailsService bean with name inMemoryUserDetailsManager
2026-09-30T12:46:40.869+02:00  INFO 1817604 --- [conference-backend] [           main] o.s.b.a.e.web.EndpointLinksResolver      : Exposing 1 endpoint beneath base path '/actuator'
2026-09-30T12:46:40.911+02:00  INFO 1817604 --- [conference-backend] [           main] o.s.b.w.embedded.tomcat.TomcatWebServer  : Tomcat started on port 33785 (http) with context path '/'
2026-09-30T12:46:40.921+02:00  INFO 1817604 --- [conference-backend] [           main] o.a.maven.surefire.booter.ForkedBooter   : Started ForkedBooter in 0.807 seconds (process running for 135.162)
2026-09-30T12:46:40.928+02:00  INFO 1817604 --- [conference-backend] [o-auto-6-exec-1] o.a.c.c.C.[Tomcat].[localhost].[/]       : Initializing Spring DispatcherServlet 'dispatcherServlet'
2026-09-30T12:46:40.928+02:00  INFO 1817604 --- [conference-backend] [o-auto-6-exec-1] o.s.web.servlet.DispatcherServlet        : Initializing Servlet 'dispatcherServlet'
2026-09-30T12:46:40.929+02:00  INFO 1817604 --- [conference-backend] [o-auto-6-exec-1] o.s.web.servlet.DispatcherServlet        : Completed initialization in 1 ms

  .   ____          _            __ _ _
 /\\ / ___'_ __ _ _(_)_ __  __ _ \ \ \ \
( ( )\___ | '_ | '_| | '_ \/ _` | \ \ \ \
 \\/  ___)| |_)| | | | | || (_| |  ) ) ) )
  '  |____| .__|_| |_|_| |_\__, | / / / /
 =========|_|==============|___/=/_/_/_/

 :: Spring Boot ::               (v3.5.16)

2026-09-30T12:46:42.063+02:00  INFO 1817604 --- [conference-backend] [           main] o.a.maven.surefire.booter.ForkedBooter   : Starting ForkedBooter v3.5.6 using Java 21.0.12 with PID 1817604 (started by tjan-kazar in /home/tjan-kazar/storage/Work/lab/agentic_lab/02_output/backend)
2026-09-30T12:46:42.063+02:00  INFO 1817604 --- [conference-backend] [           main] o.a.maven.surefire.booter.ForkedBooter   : No active profile set, falling back to 1 default profile: "default"
2026-09-30T12:46:42.296+02:00  INFO 1817604 --- [conference-backend] [           main] .s.d.r.c.RepositoryConfigurationDelegate : Bootstrapping Spring Data JPA repositories in DEFAULT mode.
2026-09-30T12:46:42.300+02:00  INFO 1817604 --- [conference-backend] [           main] .s.d.r.c.RepositoryConfigurationDelegate : Finished Spring Data repository scanning in 2 ms. Found 0 JPA repository interfaces.
2026-09-30T12:46:42.358+02:00  INFO 1817604 --- [conference-backend] [           main] o.s.b.w.embedded.tomcat.TomcatWebServer  : Tomcat initialized with port 0 (http)
2026-09-30T12:46:42.359+02:00  INFO 1817604 --- [conference-backend] [           main] o.apache.catalina.core.StandardService   : Starting service [Tomcat]
2026-09-30T12:46:42.360+02:00  INFO 1817604 --- [conference-backend] [           main] o.apache.catalina.core.StandardEngine    : Starting Servlet engine: [Apache Tomcat/10.1.60]
2026-09-30T12:46:42.370+02:00  INFO 1817604 --- [conference-backend] [           main] o.a.c.c.C.[Tomcat-1].[localhost].[/]     : Initializing Spring embedded WebApplicationContext
2026-09-30T12:46:42.370+02:00  INFO 1817604 --- [conference-backend] [           main] w.s.c.ServletWebServerApplicationContext : Root WebApplicationContext: initialization completed in 305 ms
2026-09-30T12:46:42.436+02:00  INFO 1817604 --- [conference-backend] [           main] com.zaxxer.hikari.HikariDataSource       : HikariPool-7 - Starting...
2026-09-30T12:46:42.461+02:00  INFO 1817604 --- [conference-backend] [           main] com.zaxxer.hikari.pool.HikariPool        : HikariPool-7 - Added connection org.postgresql.jdbc.PgConnection@34185c5a
2026-09-30T12:46:42.461+02:00  INFO 1817604 --- [conference-backend] [           main] com.zaxxer.hikari.HikariDataSource       : HikariPool-7 - Start completed.
2026-09-30T12:46:42.464+02:00  INFO 1817604 --- [conference-backend] [           main] org.flywaydb.core.FlywayExecutor         : Database: jdbc:postgresql://localhost:33183/conf_67ae5313c151 (PostgreSQL 16.14)
2026-09-30T12:46:42.485+02:00  INFO 1817604 --- [conference-backend] [           main] o.f.c.i.s.JdbcTableSchemaHistory         : Schema history table "public"."flyway_schema_history" does not exist yet
2026-09-30T12:46:42.487+02:00  INFO 1817604 --- [conference-backend] [           main] o.f.core.internal.command.DbValidate     : Successfully validated 0 migrations (execution time 00:00.006s)
2026-09-30T12:46:42.487+02:00  WARN 1817604 --- [conference-backend] [           main] o.f.core.internal.command.DbValidate     : No migrations found. Are your locations set up correctly?
2026-09-30T12:46:42.502+02:00  INFO 1817604 --- [conference-backend] [           main] o.f.c.i.s.JdbcTableSchemaHistory         : Creating Schema History table "public"."flyway_schema_history" ...
2026-09-30T12:46:42.549+02:00  INFO 1817604 --- [conference-backend] [           main] o.f.core.internal.command.DbMigrate      : Current version of schema "public": << Empty Schema >>
2026-09-30T12:46:42.550+02:00  INFO 1817604 --- [conference-backend] [           main] o.f.core.internal.command.DbMigrate      : Schema "public" is up to date. No migration necessary.
2026-09-30T12:46:42.569+02:00  INFO 1817604 --- [conference-backend] [           main] o.hibernate.jpa.internal.util.LogHelper  : HHH000204: Processing PersistenceUnitInfo [name: default]
2026-09-30T12:46:42.571+02:00  INFO 1817604 --- [conference-backend] [           main] o.h.c.internal.RegionFactoryInitiator    : HHH000026: Second-level cache disabled
2026-09-30T12:46:42.579+02:00  INFO 1817604 --- [conference-backend] [           main] o.s.o.j.p.SpringPersistenceUnitInfo      : No LoadTimeWeaver setup: ignoring JPA class transformer
2026-09-30T12:46:42.586+02:00  INFO 1817604 --- [conference-backend] [           main] org.hibernate.orm.connections.pooling    : HHH10001005: Database info:
	Database JDBC URL [Connecting through datasource 'HikariDataSource (HikariPool-7)']
	Database driver: undefined/unknown
	Database version: 16.14
	Autocommit mode: undefined/unknown
	Isolation level: undefined/unknown
	Minimum pool size: undefined/unknown
	Maximum pool size: undefined/unknown
2026-09-30T12:46:42.602+02:00  INFO 1817604 --- [conference-backend] [           main] o.h.e.t.j.p.i.JtaPlatformInitiator       : HHH000489: No JTA platform available (set 'hibernate.transaction.jta.platform' to enable JTA platform integration)
2026-09-30T12:46:42.602+02:00  INFO 1817604 --- [conference-backend] [           main] j.LocalContainerEntityManagerFactoryBean : Initialized JPA EntityManagerFactory for persistence unit 'default'
2026-09-30T12:46:42.735+02:00  WARN 1817604 --- [conference-backend] [           main] .s.s.UserDetailsServiceAutoConfiguration : 

Using generated security password: <redacted by agent, F-03>

This generated password is for development use only. Your security configuration must be updated before running your application in production.

2026-09-30T12:46:42.736+02:00  INFO 1817604 --- [conference-backend] [           main] r$InitializeUserDetailsManagerConfigurer : Global AuthenticationManager configured with UserDetailsService bean with name inMemoryUserDetailsManager
2026-09-30T12:46:42.748+02:00  INFO 1817604 --- [conference-backend] [           main] o.s.b.a.e.web.EndpointLinksResolver      : Exposing 1 endpoint beneath base path '/actuator'
2026-09-30T12:46:42.788+02:00  INFO 1817604 --- [conference-backend] [           main] o.s.b.w.embedded.tomcat.TomcatWebServer  : Tomcat started on port 38745 (http) with context path '/'
2026-09-30T12:46:42.796+02:00  INFO 1817604 --- [conference-backend] [           main] o.a.maven.surefire.booter.ForkedBooter   : Started ForkedBooter in 0.761 seconds (process running for 137.038)
2026-09-30T12:46:42.818+02:00  INFO 1817604 --- [conference-backend] [           main] o.s.b.w.e.tomcat.GracefulShutdown        : Commencing graceful shutdown. Waiting for active requests to complete
2026-09-30T12:46:42.820+02:00  INFO 1817604 --- [conference-backend] [tomcat-shutdown] o.s.b.w.e.tomcat.GracefulShutdown        : Graceful shutdown complete
2026-09-30T12:46:42.823+02:00  INFO 1817604 --- [conference-backend] [           main] j.LocalContainerEntityManagerFactoryBean : Closing JPA EntityManagerFactory for persistence unit 'default'
2026-09-30T12:46:42.823+02:00  INFO 1817604 --- [conference-backend] [           main] com.zaxxer.hikari.HikariDataSource       : HikariPool-7 - Shutdown initiated...
2026-09-30T12:46:42.855+02:00  INFO 1817604 --- [conference-backend] [           main] com.zaxxer.hikari.HikariDataSource       : HikariPool-7 - Shutdown completed.
[ERROR] Tests run: 4, Failures: 3, Errors: 1, Skipped: 0, Time elapsed: 13.05 s <<< FAILURE! -- in lab.conference.acceptance.DurableStorageAcceptanceTest
[ERROR] lab.conference.acceptance.DurableStorageAcceptanceTest.ac_005_01_acceptedRegistrationHasMatchingDatabaseRowAndJsonFile -- Time elapsed: 1.186 s <<< FAILURE!
org.opentest4j.AssertionFailedError: 
[HTTP 401 ] 
expected: 201
 but was: 401
	at lab.conference.acceptance.DurableStorageAcceptanceTest.ac_005_01_acceptedRegistrationHasMatchingDatabaseRowAndJsonFile(DurableStorageAcceptanceTest.java:37)
	at java.base/java.lang.reflect.Method.invoke(Method.java:580)
	at java.base/java.util.ArrayList.forEach(ArrayList.java:1596)
	at java.base/java.util.ArrayList.forEach(ArrayList.java:1596)

[ERROR] lab.conference.acceptance.DurableStorageAcceptanceTest.ac_005_04_orphanJsonWithoutDatabaseRowIsQuarantinedAndNotAccepted -- Time elapsed: 2.109 s <<< FAILURE!
java.lang.AssertionError: 
[JSON store created at startup] 
Expecting path:
  /tmp/registrations-9371028541661821771/registrations
to exist (symbolic links were followed).
	at lab.conference.acceptance.DurableStorageAcceptanceTest.ac_005_04_orphanJsonWithoutDatabaseRowIsQuarantinedAndNotAccepted(DurableStorageAcceptanceTest.java:105)
	at java.base/java.lang.reflect.Method.invoke(Method.java:580)
	at java.base/java.util.ArrayList.forEach(ArrayList.java:1596)
	at java.base/java.util.ArrayList.forEach(ArrayList.java:1596)

[ERROR] lab.conference.acceptance.DurableStorageAcceptanceTest.ac_005_05_acceptedRegistrationsSurviveBackendAndDatabaseRestart -- Time elapsed: 8.701 s <<< FAILURE!
org.opentest4j.AssertionFailedError: 

expected: 201
 but was: 401
	at lab.conference.acceptance.DurableStorageAcceptanceTest.ac_005_05_acceptedRegistrationsSurviveBackendAndDatabaseRestart(DurableStorageAcceptanceTest.java:148)
	at java.base/java.lang.reflect.Method.invoke(Method.java:580)
	at java.base/java.util.ArrayList.forEach(ArrayList.java:1596)
	at java.base/java.util.ArrayList.forEach(ArrayList.java:1596)

[ERROR] lab.conference.acceptance.DurableStorageAcceptanceTest.ac_005_02_unwritableJsonStoreRejectsWithoutStoringAnything -- Time elapsed: 1.046 s <<< ERROR!
java.lang.IllegalStateException: 
org.postgresql.util.PSQLException: ERROR: relation "registration" does not exist
  Position: 22
	at lab.conference.acceptance.support.Store.count(Store.java:119)
	at lab.conference.acceptance.support.Store.registrationCount(Store.java:45)
	at lab.conference.acceptance.support.Store.snapshot(Store.java:100)
	at lab.conference.acceptance.DurableStorageAcceptanceTest.ac_005_02_unwritableJsonStoreRejectsWithoutStoringAnything(DurableStorageAcceptanceTest.java:75)
	at java.base/java.lang.reflect.Method.invoke(Method.java:580)
	at java.base/java.util.ArrayList.forEach(ArrayList.java:1596)
	at java.base/java.util.ArrayList.forEach(ArrayList.java:1596)
Caused by: org.postgresql.util.PSQLException: ERROR: relation "registration" does not exist
  Position: 22
	at org.postgresql.core.v3.QueryExecutorImpl.receiveErrorResponse(QueryExecutorImpl.java:2904)
	at org.postgresql.core.v3.QueryExecutorImpl.processResults(QueryExecutorImpl.java:2589)
	at org.postgresql.core.v3.QueryExecutorImpl.execute(QueryExecutorImpl.java:431)
	at org.postgresql.jdbc.PgStatement.executeInternal(PgStatement.java:534)
	at org.postgresql.jdbc.PgStatement.execute(PgStatement.java:437)
	at org.postgresql.jdbc.PgPreparedStatement.executeWithFlags(PgPreparedStatement.java:196)
	at org.postgresql.jdbc.PgPreparedStatement.executeQuery(PgPreparedStatement.java:139)
	at lab.conference.acceptance.support.Store.count(Store.java:114)
	... 6 more

[INFO] Running lab.conference.acceptance.StudentRegistrationAcceptanceTest

  .   ____          _            __ _ _
 /\\ / ___'_ __ _ _(_)_ __  __ _ \ \ \ \
( ( )\___ | '_ | '_| | '_ \/ _` | \ \ \ \
 \\/  ___)| |_)| | | | | || (_| |  ) ) ) )
  '  |____| .__|_| |_|_| |_\__, | / / / /
 =========|_|==============|___/=/_/_/_/

 :: Spring Boot ::               (v3.5.16)

2026-09-30T12:46:43.058+02:00  INFO 1817604 --- [conference-backend] [           main] o.a.maven.surefire.booter.ForkedBooter   : Starting ForkedBooter v3.5.6 using Java 21.0.12 with PID 1817604 (started by tjan-kazar in /home/tjan-kazar/storage/Work/lab/agentic_lab/02_output/backend)
2026-09-30T12:46:43.058+02:00  INFO 1817604 --- [conference-backend] [           main] o.a.maven.surefire.booter.ForkedBooter   : No active profile set, falling back to 1 default profile: "default"
2026-09-30T12:46:43.257+02:00  INFO 1817604 --- [conference-backend] [           main] .s.d.r.c.RepositoryConfigurationDelegate : Bootstrapping Spring Data JPA repositories in DEFAULT mode.
2026-09-30T12:46:43.260+02:00  INFO 1817604 --- [conference-backend] [           main] .s.d.r.c.RepositoryConfigurationDelegate : Finished Spring Data repository scanning in 1 ms. Found 0 JPA repository interfaces.
2026-09-30T12:46:43.336+02:00  INFO 1817604 --- [conference-backend] [           main] o.s.b.w.embedded.tomcat.TomcatWebServer  : Tomcat initialized with port 0 (http)
2026-09-30T12:46:43.337+02:00  INFO 1817604 --- [conference-backend] [           main] o.apache.catalina.core.StandardService   : Starting service [Tomcat]
2026-09-30T12:46:43.337+02:00  INFO 1817604 --- [conference-backend] [           main] o.apache.catalina.core.StandardEngine    : Starting Servlet engine: [Apache Tomcat/10.1.60]
2026-09-30T12:46:43.352+02:00  INFO 1817604 --- [conference-backend] [           main] o.a.c.c.C.[Tomcat-1].[localhost].[/]     : Initializing Spring embedded WebApplicationContext
2026-09-30T12:46:43.352+02:00  INFO 1817604 --- [conference-backend] [           main] w.s.c.ServletWebServerApplicationContext : Root WebApplicationContext: initialization completed in 293 ms
2026-09-30T12:46:43.410+02:00  INFO 1817604 --- [conference-backend] [           main] com.zaxxer.hikari.HikariDataSource       : HikariPool-8 - Starting...
2026-09-30T12:46:43.435+02:00  INFO 1817604 --- [conference-backend] [           main] com.zaxxer.hikari.pool.HikariPool        : HikariPool-8 - Added connection org.postgresql.jdbc.PgConnection@46c029ca
2026-09-30T12:46:43.435+02:00  INFO 1817604 --- [conference-backend] [           main] com.zaxxer.hikari.HikariDataSource       : HikariPool-8 - Start completed.
2026-09-30T12:46:43.437+02:00  INFO 1817604 --- [conference-backend] [           main] org.flywaydb.core.FlywayExecutor         : Database: jdbc:postgresql://localhost:33183/conf_ee580fd6985e (PostgreSQL 16.14)
2026-09-30T12:46:43.455+02:00  INFO 1817604 --- [conference-backend] [           main] o.f.c.i.s.JdbcTableSchemaHistory         : Schema history table "public"."flyway_schema_history" does not exist yet
2026-09-30T12:46:43.457+02:00  INFO 1817604 --- [conference-backend] [           main] o.f.core.internal.command.DbValidate     : Successfully validated 0 migrations (execution time 00:00.005s)
2026-09-30T12:46:43.457+02:00  WARN 1817604 --- [conference-backend] [           main] o.f.core.internal.command.DbValidate     : No migrations found. Are your locations set up correctly?
2026-09-30T12:46:43.472+02:00  INFO 1817604 --- [conference-backend] [           main] o.f.c.i.s.JdbcTableSchemaHistory         : Creating Schema History table "public"."flyway_schema_history" ...
2026-09-30T12:46:43.512+02:00  INFO 1817604 --- [conference-backend] [           main] o.f.core.internal.command.DbMigrate      : Current version of schema "public": << Empty Schema >>
2026-09-30T12:46:43.513+02:00  INFO 1817604 --- [conference-backend] [           main] o.f.core.internal.command.DbMigrate      : Schema "public" is up to date. No migration necessary.
2026-09-30T12:46:43.530+02:00  INFO 1817604 --- [conference-backend] [           main] o.hibernate.jpa.internal.util.LogHelper  : HHH000204: Processing PersistenceUnitInfo [name: default]
2026-09-30T12:46:43.532+02:00  INFO 1817604 --- [conference-backend] [           main] o.h.c.internal.RegionFactoryInitiator    : HHH000026: Second-level cache disabled
2026-09-30T12:46:43.539+02:00  INFO 1817604 --- [conference-backend] [           main] o.s.o.j.p.SpringPersistenceUnitInfo      : No LoadTimeWeaver setup: ignoring JPA class transformer
2026-09-30T12:46:43.548+02:00  INFO 1817604 --- [conference-backend] [           main] org.hibernate.orm.connections.pooling    : HHH10001005: Database info:
	Database JDBC URL [Connecting through datasource 'HikariDataSource (HikariPool-8)']
	Database driver: undefined/unknown
	Database version: 16.14
	Autocommit mode: undefined/unknown
	Isolation level: undefined/unknown
	Minimum pool size: undefined/unknown
	Maximum pool size: undefined/unknown
2026-09-30T12:46:43.567+02:00  INFO 1817604 --- [conference-backend] [           main] o.h.e.t.j.p.i.JtaPlatformInitiator       : HHH000489: No JTA platform available (set 'hibernate.transaction.jta.platform' to enable JTA platform integration)
2026-09-30T12:46:43.568+02:00  INFO 1817604 --- [conference-backend] [           main] j.LocalContainerEntityManagerFactoryBean : Initialized JPA EntityManagerFactory for persistence unit 'default'
2026-09-30T12:46:43.703+02:00  WARN 1817604 --- [conference-backend] [           main] .s.s.UserDetailsServiceAutoConfiguration : 

Using generated security password: <redacted by agent, F-03>

This generated password is for development use only. Your security configuration must be updated before running your application in production.

2026-09-30T12:46:43.704+02:00  INFO 1817604 --- [conference-backend] [           main] r$InitializeUserDetailsManagerConfigurer : Global AuthenticationManager configured with UserDetailsService bean with name inMemoryUserDetailsManager
2026-09-30T12:46:43.715+02:00  INFO 1817604 --- [conference-backend] [           main] o.s.b.a.e.web.EndpointLinksResolver      : Exposing 1 endpoint beneath base path '/actuator'
2026-09-30T12:46:43.752+02:00  INFO 1817604 --- [conference-backend] [           main] o.s.b.w.embedded.tomcat.TomcatWebServer  : Tomcat started on port 34155 (http) with context path '/'
2026-09-30T12:46:43.759+02:00  INFO 1817604 --- [conference-backend] [           main] o.a.maven.surefire.booter.ForkedBooter   : Started ForkedBooter in 0.724 seconds (process running for 138.0)
2026-09-30T12:46:43.859+02:00  INFO 1817604 --- [conference-backend] [o-auto-8-exec-1] o.a.c.c.C.[Tomcat-1].[localhost].[/]     : Initializing Spring DispatcherServlet 'dispatcherServlet'
2026-09-30T12:46:43.859+02:00  INFO 1817604 --- [conference-backend] [o-auto-8-exec-1] o.s.web.servlet.DispatcherServlet        : Initializing Servlet 'dispatcherServlet'
2026-09-30T12:46:43.860+02:00  INFO 1817604 --- [conference-backend] [o-auto-8-exec-1] o.s.web.servlet.DispatcherServlet        : Completed initialization in 1 ms
2026-09-30T12:46:44.641+02:00  INFO 1817604 --- [conference-backend] [           main] o.s.b.w.e.tomcat.GracefulShutdown        : Commencing graceful shutdown. Waiting for active requests to complete
2026-09-30T12:46:44.644+02:00  INFO 1817604 --- [conference-backend] [tomcat-shutdown] o.s.b.w.e.tomcat.GracefulShutdown        : Graceful shutdown complete
2026-09-30T12:46:44.653+02:00  INFO 1817604 --- [conference-backend] [           main] j.LocalContainerEntityManagerFactoryBean : Closing JPA EntityManagerFactory for persistence unit 'default'
2026-09-30T12:46:44.655+02:00  INFO 1817604 --- [conference-backend] [           main] com.zaxxer.hikari.HikariDataSource       : HikariPool-8 - Shutdown initiated...
2026-09-30T12:46:44.662+02:00  INFO 1817604 --- [conference-backend] [           main] com.zaxxer.hikari.HikariDataSource       : HikariPool-8 - Shutdown completed.
[ERROR] Tests run: 29, Failures: 3, Errors: 26, Skipped: 0, Time elapsed: 1.814 s <<< FAILURE! -- in lab.conference.acceptance.StudentRegistrationAcceptanceTest
[ERROR] lab.conference.acceptance.StudentRegistrationAcceptanceTest.ac_002_03_invalidEmailIsRejected(String)[1] -- Time elapsed: 0.020 s <<< ERROR!
java.lang.IllegalStateException: 
org.postgresql.util.PSQLException: ERROR: relation "registration" does not exist
  Position: 22
	at lab.conference.acceptance.support.Store.count(Store.java:119)
	at lab.conference.acceptance.support.Store.registrationCount(Store.java:45)
	at lab.conference.acceptance.support.Store.snapshot(Store.java:100)
	at lab.conference.acceptance.StudentRegistrationAcceptanceTest.ac_002_03_invalidEmailIsRejected(StudentRegistrationAcceptanceTest.java:101)
	at java.base/java.lang.reflect.Method.invoke(Method.java:580)
	at java.base/java.util.Optional.ifPresent(Optional.java:178)
	at java.base/java.util.stream.ForEachOps$ForEachOp$OfRef.accept(ForEachOps.java:184)
	at java.base/java.util.stream.ReferencePipeline$3$1.accept(ReferencePipeline.java:197)
	at java.base/java.util.stream.ForEachOps$ForEachOp$OfRef.accept(ForEachOps.java:184)
	at java.base/java.util.stream.ForEachOps$ForEachOp$OfRef.accept(ForEachOps.java:184)
	at java.base/java.util.stream.ReferencePipeline$3$1.accept(ReferencePipeline.java:197)
	at java.base/java.util.Spliterators$ArraySpliterator.forEachRemaining(Spliterators.java:1024)
	at java.base/java.util.stream.AbstractPipeline.copyInto(AbstractPipeline.java:509)
	at java.base/java.util.stream.AbstractPipeline.wrapAndCopyInto(AbstractPipeline.java:499)
	at java.base/java.util.stream.ForEachOps$ForEachOp.evaluateSequential(ForEachOps.java:151)
	at java.base/java.util.stream.ForEachOps$ForEachOp$OfRef.evaluateSequential(ForEachOps.java:174)
	at java.base/java.util.stream.AbstractPipeline.evaluate(AbstractPipeline.java:234)
	at java.base/java.util.stream.ReferencePipeline.forEach(ReferencePipeline.java:596)
	at java.base/java.util.stream.ReferencePipeline$7$1.accept(ReferencePipeline.java:276)
	at java.base/java.util.ArrayList$ArrayListSpliterator.forEachRemaining(ArrayList.java:1708)
	at java.base/java.util.stream.AbstractPipeline.copyInto(AbstractPipeline.java:509)
	at java.base/java.util.stream.AbstractPipeline.wrapAndCopyInto(AbstractPipeline.java:499)
	at java.base/java.util.stream.ForEachOps$ForEachOp.evaluateSequential(ForEachOps.java:151)
	at java.base/java.util.stream.ForEachOps$ForEachOp$OfRef.evaluateSequential(ForEachOps.java:174)
	at java.base/java.util.stream.AbstractPipeline.evaluate(AbstractPipeline.java:234)
	at java.base/java.util.stream.ReferencePipeline.forEach(ReferencePipeline.java:596)
	at java.base/java.util.stream.ReferencePipeline$7$1.accept(ReferencePipeline.java:276)
	at java.base/java.util.stream.ReferencePipeline$3$1.accept(ReferencePipeline.java:197)
	at java.base/java.util.stream.ReferencePipeline$3$1.accept(ReferencePipeline.java:197)
	at java.base/java.util.stream.ReferencePipeline$3$1.accept(ReferencePipeline.java:197)
	at java.base/java.util.ArrayList$ArrayListSpliterator.forEachRemaining(ArrayList.java:1708)
	at java.base/java.util.stream.AbstractPipeline.copyInto(AbstractPipeline.java:509)
	at java.base/java.util.stream.AbstractPipeline.wrapAndCopyInto(AbstractPipeline.java:499)
	at java.base/java.util.stream.ForEachOps$ForEachOp.evaluateSequential(ForEachOps.java:151)
	at java.base/java.util.stream.ForEachOps$ForEachOp$OfRef.evaluateSequential(ForEachOps.java:174)
	at java.base/java.util.stream.AbstractPipeline.evaluate(AbstractPipeline.java:234)
	at java.base/java.util.stream.ReferencePipeline.forEach(ReferencePipeline.java:596)
	at java.base/java.util.ArrayList.forEach(ArrayList.java:1596)
	at java.base/java.util.ArrayList.forEach(ArrayList.java:1596)
Caused by: org.postgresql.util.PSQLException: ERROR: relation "registration" does not exist
  Position: 22
	at org.postgresql.core.v3.QueryExecutorImpl.receiveErrorResponse(QueryExecutorImpl.java:2904)
	at org.postgresql.core.v3.QueryExecutorImpl.processResults(QueryExecutorImpl.java:2589)
	at org.postgresql.core.v3.QueryExecutorImpl.execute(QueryExecutorImpl.java:431)
	at org.postgresql.jdbc.PgStatement.executeInternal(PgStatement.java:534)
	at org.postgresql.jdbc.PgStatement.execute(PgStatement.java:437)
	at org.postgresql.jdbc.PgPreparedStatement.executeWithFlags(PgPreparedStatement.java:196)
	at org.postgresql.jdbc.PgPreparedStatement.executeQuery(PgPreparedStatement.java:139)
	at lab.conference.acceptance.support.Store.count(Store.java:114)
	... 38 more

[ERROR] lab.conference.acceptance.StudentRegistrationAcceptanceTest.ac_002_03_invalidEmailIsRejected(String)[2] -- Time elapsed: 0.023 s <<< ERROR!
java.lang.IllegalStateException: 
org.postgresql.util.PSQLException: ERROR: relation "registration" does not exist
  Position: 22
	at lab.conference.acceptance.support.Store.count(Store.java:119)
	at lab.conference.acceptance.support.Store.registrationCount(Store.java:45)
	at lab.conference.acceptance.support.Store.snapshot(Store.java:100)
	at lab.conference.acceptance.StudentRegistrationAcceptanceTest.ac_002_03_invalidEmailIsRejected(StudentRegistrationAcceptanceTest.java:101)
	at java.base/java.lang.reflect.Method.invoke(Method.java:580)
	at java.base/java.util.Optional.ifPresent(Optional.java:178)
	at java.base/java.util.stream.ForEachOps$ForEachOp$OfRef.accept(ForEachOps.java:184)
	at java.base/java.util.stream.ReferencePipeline$3$1.accept(ReferencePipeline.java:197)
	at java.base/java.util.stream.ForEachOps$ForEachOp$OfRef.accept(ForEachOps.java:184)
	at java.base/java.util.stream.ForEachOps$ForEachOp$OfRef.accept(ForEachOps.java:184)
	at java.base/java.util.stream.ReferencePipeline$3$1.accept(ReferencePipeline.java:197)
	at java.base/java.util.Spliterators$ArraySpliterator.forEachRemaining(Spliterators.java:1024)
	at java.base/java.util.stream.AbstractPipeline.copyInto(AbstractPipeline.java:509)
	at java.base/java.util.stream.AbstractPipeline.wrapAndCopyInto(AbstractPipeline.java:499)
	at java.base/java.util.stream.ForEachOps$ForEachOp.evaluateSequential(ForEachOps.java:151)
	at java.base/java.util.stream.ForEachOps$ForEachOp$OfRef.evaluateSequential(ForEachOps.java:174)
	at java.base/java.util.stream.AbstractPipeline.evaluate(AbstractPipeline.java:234)
	at java.base/java.util.stream.ReferencePipeline.forEach(ReferencePipeline.java:596)
	at java.base/java.util.stream.ReferencePipeline$7$1.accept(ReferencePipeline.java:276)
	at java.base/java.util.ArrayList$ArrayListSpliterator.forEachRemaining(ArrayList.java:1708)
	at java.base/java.util.stream.AbstractPipeline.copyInto(AbstractPipeline.java:509)
	at java.base/java.util.stream.AbstractPipeline.wrapAndCopyInto(AbstractPipeline.java:499)
	at java.base/java.util.stream.ForEachOps$ForEachOp.evaluateSequential(ForEachOps.java:151)
	at java.base/java.util.stream.ForEachOps$ForEachOp$OfRef.evaluateSequential(ForEachOps.java:174)
	at java.base/java.util.stream.AbstractPipeline.evaluate(AbstractPipeline.java:234)
	at java.base/java.util.stream.ReferencePipeline.forEach(ReferencePipeline.java:596)
	at java.base/java.util.stream.ReferencePipeline$7$1.accept(ReferencePipeline.java:276)
	at java.base/java.util.stream.ReferencePipeline$3$1.accept(ReferencePipeline.java:197)
	at java.base/java.util.stream.ReferencePipeline$3$1.accept(ReferencePipeline.java:197)
	at java.base/java.util.stream.ReferencePipeline$3$1.accept(ReferencePipeline.java:197)
	at java.base/java.util.ArrayList$ArrayListSpliterator.forEachRemaining(ArrayList.java:1708)
	at java.base/java.util.stream.AbstractPipeline.copyInto(AbstractPipeline.java:509)
	at java.base/java.util.stream.AbstractPipeline.wrapAndCopyInto(AbstractPipeline.java:499)
	at java.base/java.util.stream.ForEachOps$ForEachOp.evaluateSequential(ForEachOps.java:151)
	at java.base/java.util.stream.ForEachOps$ForEachOp$OfRef.evaluateSequential(ForEachOps.java:174)
	at java.base/java.util.stream.AbstractPipeline.evaluate(AbstractPipeline.java:234)
	at java.base/java.util.stream.ReferencePipeline.forEach(ReferencePipeline.java:596)
	at java.base/java.util.ArrayList.forEach(ArrayList.java:1596)
	at java.base/java.util.ArrayList.forEach(ArrayList.java:1596)
Caused by: org.postgresql.util.PSQLException: ERROR: relation "registration" does not exist
  Position: 22
	at org.postgresql.core.v3.QueryExecutorImpl.receiveErrorResponse(QueryExecutorImpl.java:2904)
	at org.postgresql.core.v3.QueryExecutorImpl.processResults(QueryExecutorImpl.java:2589)
	at org.postgresql.core.v3.QueryExecutorImpl.execute(QueryExecutorImpl.java:431)
	at org.postgresql.jdbc.PgStatement.executeInternal(PgStatement.java:534)
	at org.postgresql.jdbc.PgStatement.execute(PgStatement.java:437)
	at org.postgresql.jdbc.PgPreparedStatement.executeWithFlags(PgPreparedStatement.java:196)
	at org.postgresql.jdbc.PgPreparedStatement.executeQuery(PgPreparedStatement.java:139)
	at lab.conference.acceptance.support.Store.count(Store.java:114)
	... 38 more

[ERROR] lab.conference.acceptance.StudentRegistrationAcceptanceTest.ac_002_03_invalidEmailIsRejected(String)[3] -- Time elapsed: 0.021 s <<< ERROR!
java.lang.IllegalStateException: 
org.postgresql.util.PSQLException: ERROR: relation "registration" does not exist
  Position: 22
	at lab.conference.acceptance.support.Store.count(Store.java:119)
	at lab.conference.acceptance.support.Store.registrationCount(Store.java:45)
	at lab.conference.acceptance.support.Store.snapshot(Store.java:100)
	at lab.conference.acceptance.StudentRegistrationAcceptanceTest.ac_002_03_invalidEmailIsRejected(StudentRegistrationAcceptanceTest.java:101)
	at java.base/java.lang.reflect.Method.invoke(Method.java:580)
	at java.base/java.util.Optional.ifPresent(Optional.java:178)
	at java.base/java.util.stream.ForEachOps$ForEachOp$OfRef.accept(ForEachOps.java:184)
	at java.base/java.util.stream.ReferencePipeline$3$1.accept(ReferencePipeline.java:197)
	at java.base/java.util.stream.ForEachOps$ForEachOp$OfRef.accept(ForEachOps.java:184)
	at java.base/java.util.stream.ForEachOps$ForEachOp$OfRef.accept(ForEachOps.java:184)
	at java.base/java.util.stream.ReferencePipeline$3$1.accept(ReferencePipeline.java:197)
	at java.base/java.util.Spliterators$ArraySpliterator.forEachRemaining(Spliterators.java:1024)
	at java.base/java.util.stream.AbstractPipeline.copyInto(AbstractPipeline.java:509)
	at java.base/java.util.stream.AbstractPipeline.wrapAndCopyInto(AbstractPipeline.java:499)
	at java.base/java.util.stream.ForEachOps$ForEachOp.evaluateSequential(ForEachOps.java:151)
	at java.base/java.util.stream.ForEachOps$ForEachOp$OfRef.evaluateSequential(ForEachOps.java:174)
	at java.base/java.util.stream.AbstractPipeline.evaluate(AbstractPipeline.java:234)
	at java.base/java.util.stream.ReferencePipeline.forEach(ReferencePipeline.java:596)
	at java.base/java.util.stream.ReferencePipeline$7$1.accept(ReferencePipeline.java:276)
	at java.base/java.util.ArrayList$ArrayListSpliterator.forEachRemaining(ArrayList.java:1708)
	at java.base/java.util.stream.AbstractPipeline.copyInto(AbstractPipeline.java:509)
	at java.base/java.util.stream.AbstractPipeline.wrapAndCopyInto(AbstractPipeline.java:499)
	at java.base/java.util.stream.ForEachOps$ForEachOp.evaluateSequential(ForEachOps.java:151)
	at java.base/java.util.stream.ForEachOps$ForEachOp$OfRef.evaluateSequential(ForEachOps.java:174)
	at java.base/java.util.stream.AbstractPipeline.evaluate(AbstractPipeline.java:234)
	at java.base/java.util.stream.ReferencePipeline.forEach(ReferencePipeline.java:596)
	at java.base/java.util.stream.ReferencePipeline$7$1.accept(ReferencePipeline.java:276)
	at java.base/java.util.stream.ReferencePipeline$3$1.accept(ReferencePipeline.java:197)
	at java.base/java.util.stream.ReferencePipeline$3$1.accept(ReferencePipeline.java:197)
	at java.base/java.util.stream.ReferencePipeline$3$1.accept(ReferencePipeline.java:197)
	at java.base/java.util.ArrayList$ArrayListSpliterator.forEachRemaining(ArrayList.java:1708)
	at java.base/java.util.stream.AbstractPipeline.copyInto(AbstractPipeline.java:509)
	at java.base/java.util.stream.AbstractPipeline.wrapAndCopyInto(AbstractPipeline.java:499)
	at java.base/java.util.stream.ForEachOps$ForEachOp.evaluateSequential(ForEachOps.java:151)
	at java.base/java.util.stream.ForEachOps$ForEachOp$OfRef.evaluateSequential(ForEachOps.java:174)
	at java.base/java.util.stream.AbstractPipeline.evaluate(AbstractPipeline.java:234)
	at java.base/java.util.stream.ReferencePipeline.forEach(ReferencePipeline.java:596)
	at java.base/java.util.ArrayList.forEach(ArrayList.java:1596)
	at java.base/java.util.ArrayList.forEach(ArrayList.java:1596)
Caused by: org.postgresql.util.PSQLException: ERROR: relation "registration" does not exist
  Position: 22
	at org.postgresql.core.v3.QueryExecutorImpl.receiveErrorResponse(QueryExecutorImpl.java:2904)
	at org.postgresql.core.v3.QueryExecutorImpl.processResults(QueryExecutorImpl.java:2589)
	at org.postgresql.core.v3.QueryExecutorImpl.execute(QueryExecutorImpl.java:431)
	at org.postgresql.jdbc.PgStatement.executeInternal(PgStatement.java:534)
	at org.postgresql.jdbc.PgStatement.execute(PgStatement.java:437)
	at org.postgresql.jdbc.PgPreparedStatement.executeWithFlags(PgPreparedStatement.java:196)
	at org.postgresql.jdbc.PgPreparedStatement.executeQuery(PgPreparedStatement.java:139)
	at lab.conference.acceptance.support.Store.count(Store.java:114)
	... 38 more

[ERROR] lab.conference.acceptance.StudentRegistrationAcceptanceTest.ac_002_03_invalidEmailIsRejected(String)[4] -- Time elapsed: 0.022 s <<< ERROR!
java.lang.IllegalStateException: 
org.postgresql.util.PSQLException: ERROR: relation "registration" does not exist
  Position: 22
	at lab.conference.acceptance.support.Store.count(Store.java:119)
	at lab.conference.acceptance.support.Store.registrationCount(Store.java:45)
	at lab.conference.acceptance.support.Store.snapshot(Store.java:100)
	at lab.conference.acceptance.StudentRegistrationAcceptanceTest.ac_002_03_invalidEmailIsRejected(StudentRegistrationAcceptanceTest.java:101)
	at java.base/java.lang.reflect.Method.invoke(Method.java:580)
	at java.base/java.util.Optional.ifPresent(Optional.java:178)
	at java.base/java.util.stream.ForEachOps$ForEachOp$OfRef.accept(ForEachOps.java:184)
	at java.base/java.util.stream.ReferencePipeline$3$1.accept(ReferencePipeline.java:197)
	at java.base/java.util.stream.ForEachOps$ForEachOp$OfRef.accept(ForEachOps.java:184)
	at java.base/java.util.stream.ForEachOps$ForEachOp$OfRef.accept(ForEachOps.java:184)
	at java.base/java.util.stream.ReferencePipeline$3$1.accept(ReferencePipeline.java:197)
	at java.base/java.util.Spliterators$ArraySpliterator.forEachRemaining(Spliterators.java:1024)
	at java.base/java.util.stream.AbstractPipeline.copyInto(AbstractPipeline.java:509)
	at java.base/java.util.stream.AbstractPipeline.wrapAndCopyInto(AbstractPipeline.java:499)
	at java.base/java.util.stream.ForEachOps$ForEachOp.evaluateSequential(ForEachOps.java:151)
	at java.base/java.util.stream.ForEachOps$ForEachOp$OfRef.evaluateSequential(ForEachOps.java:174)
	at java.base/java.util.stream.AbstractPipeline.evaluate(AbstractPipeline.java:234)
	at java.base/java.util.stream.ReferencePipeline.forEach(ReferencePipeline.java:596)
	at java.base/java.util.stream.ReferencePipeline$7$1.accept(ReferencePipeline.java:276)
	at java.base/java.util.ArrayList$ArrayListSpliterator.forEachRemaining(ArrayList.java:1708)
	at java.base/java.util.stream.AbstractPipeline.copyInto(AbstractPipeline.java:509)
	at java.base/java.util.stream.AbstractPipeline.wrapAndCopyInto(AbstractPipeline.java:499)
	at java.base/java.util.stream.ForEachOps$ForEachOp.evaluateSequential(ForEachOps.java:151)
	at java.base/java.util.stream.ForEachOps$ForEachOp$OfRef.evaluateSequential(ForEachOps.java:174)
	at java.base/java.util.stream.AbstractPipeline.evaluate(AbstractPipeline.java:234)
	at java.base/java.util.stream.ReferencePipeline.forEach(ReferencePipeline.java:596)
	at java.base/java.util.stream.ReferencePipeline$7$1.accept(ReferencePipeline.java:276)
	at java.base/java.util.stream.ReferencePipeline$3$1.accept(ReferencePipeline.java:197)
	at java.base/java.util.stream.ReferencePipeline$3$1.accept(ReferencePipeline.java:197)
	at java.base/java.util.stream.ReferencePipeline$3$1.accept(ReferencePipeline.java:197)
	at java.base/java.util.ArrayList$ArrayListSpliterator.forEachRemaining(ArrayList.java:1708)
	at java.base/java.util.stream.AbstractPipeline.copyInto(AbstractPipeline.java:509)
	at java.base/java.util.stream.AbstractPipeline.wrapAndCopyInto(AbstractPipeline.java:499)
	at java.base/java.util.stream.ForEachOps$ForEachOp.evaluateSequential(ForEachOps.java:151)
	at java.base/java.util.stream.ForEachOps$ForEachOp$OfRef.evaluateSequential(ForEachOps.java:174)
	at java.base/java.util.stream.AbstractPipeline.evaluate(AbstractPipeline.java:234)
	at java.base/java.util.stream.ReferencePipeline.forEach(ReferencePipeline.java:596)
	at java.base/java.util.ArrayList.forEach(ArrayList.java:1596)
	at java.base/java.util.ArrayList.forEach(ArrayList.java:1596)
Caused by: org.postgresql.util.PSQLException: ERROR: relation "registration" does not exist
  Position: 22
	at org.postgresql.core.v3.QueryExecutorImpl.receiveErrorResponse(QueryExecutorImpl.java:2904)
	at org.postgresql.core.v3.QueryExecutorImpl.processResults(QueryExecutorImpl.java:2589)
	at org.postgresql.core.v3.QueryExecutorImpl.execute(QueryExecutorImpl.java:431)
	at org.postgresql.jdbc.PgStatement.executeInternal(PgStatement.java:534)
	at org.postgresql.jdbc.PgStatement.execute(PgStatement.java:437)
	at org.postgresql.jdbc.PgPreparedStatement.executeWithFlags(PgPreparedStatement.java:196)
	at org.postgresql.jdbc.PgPreparedStatement.executeQuery(PgPreparedStatement.java:139)
	at lab.conference.acceptance.support.Store.count(Store.java:114)
	... 38 more

[ERROR] lab.conference.acceptance.StudentRegistrationAcceptanceTest.ac_002_05_anyActiveOptionFromEveryGroupIsAcceptedForStudents -- Time elapsed: 0.015 s <<< FAILURE!
org.opentest4j.AssertionFailedError: 

expected: 201
 but was: 401
	at lab.conference.acceptance.StudentRegistrationAcceptanceTest.ac_002_05_anyActiveOptionFromEveryGroupIsAcceptedForStudents(StudentRegistrationAcceptanceTest.java:162)
	at java.base/java.lang.reflect.Method.invoke(Method.java:580)
	at java.base/java.util.ArrayList.forEach(ArrayList.java:1596)
	at java.base/java.util.ArrayList.forEach(ArrayList.java:1596)

[ERROR] lab.conference.acceptance.StudentRegistrationAcceptanceTest.ac_002_01_validStudentSubmissionIsAcceptedWithStudyDetails -- Time elapsed: 0.009 s <<< FAILURE!
org.opentest4j.AssertionFailedError: 
[HTTP 401 ] 
expected: 201
 but was: 401
	at lab.conference.acceptance.StudentRegistrationAcceptanceTest.ac_002_01_validStudentSubmissionIsAcceptedWithStudyDetails(StudentRegistrationAcceptanceTest.java:48)
	at java.base/java.lang.reflect.Method.invoke(Method.java:580)
	at java.base/java.util.ArrayList.forEach(ArrayList.java:1596)
	at java.base/java.util.ArrayList.forEach(ArrayList.java:1596)

[ERROR] lab.conference.acceptance.StudentRegistrationAcceptanceTest.ac_002_04_unicodeValuesAreTrimmedAndPreserved -- Time elapsed: 0.009 s <<< FAILURE!
org.opentest4j.AssertionFailedError: 
[HTTP 401 ] 
expected: 201
 but was: 401
	at lab.conference.acceptance.StudentRegistrationAcceptanceTest.ac_002_04_unicodeValuesAreTrimmedAndPreserved(StudentRegistrationAcceptanceTest.java:120)
	at java.base/java.lang.reflect.Method.invoke(Method.java:580)
	at java.base/java.util.ArrayList.forEach(ArrayList.java:1596)
	at java.base/java.util.ArrayList.forEach(ArrayList.java:1596)

[ERROR] lab.conference.acceptance.StudentRegistrationAcceptanceTest.ac_002_06_missingOrInvalidCaptchaIsRejected(String)[1] -- Time elapsed: 0.029 s <<< ERROR!
java.lang.IllegalStateException: 
org.postgresql.util.PSQLException: ERROR: relation "registration" does not exist
  Position: 22
	at lab.conference.acceptance.support.Store.count(Store.java:119)
	at lab.conference.acceptance.support.Store.registrationCount(Store.java:45)
	at lab.conference.acceptance.support.Store.snapshot(Store.java:100)
	at lab.conference.acceptance.StudentRegistrationAcceptanceTest.ac_002_06_missingOrInvalidCaptchaIsRejected(StudentRegistrationAcceptanceTest.java:174)
	at java.base/java.lang.reflect.Method.invoke(Method.java:580)
	at java.base/java.util.Optional.ifPresent(Optional.java:178)
	at java.base/java.util.stream.ForEachOps$ForEachOp$OfRef.accept(ForEachOps.java:184)
	at java.base/java.util.stream.ReferencePipeline$3$1.accept(ReferencePipeline.java:197)
	at java.base/java.util.stream.ForEachOps$ForEachOp$OfRef.accept(ForEachOps.java:184)
	at java.base/java.util.stream.ForEachOps$ForEachOp$OfRef.accept(ForEachOps.java:184)
	at java.base/java.util.stream.ReferencePipeline$3$1.accept(ReferencePipeline.java:197)
	at java.base/java.util.Spliterators$ArraySpliterator.forEachRemaining(Spliterators.java:1024)
	at java.base/java.util.stream.AbstractPipeline.copyInto(AbstractPipeline.java:509)
	at java.base/java.util.stream.AbstractPipeline.wrapAndCopyInto(AbstractPipeline.java:499)
	at java.base/java.util.stream.ForEachOps$ForEachOp.evaluateSequential(ForEachOps.java:151)
	at java.base/java.util.stream.ForEachOps$ForEachOp$OfRef.evaluateSequential(ForEachOps.java:174)
	at java.base/java.util.stream.AbstractPipeline.evaluate(AbstractPipeline.java:234)
	at java.base/java.util.stream.ReferencePipeline.forEach(ReferencePipeline.java:596)
	at java.base/java.util.stream.ReferencePipeline$7$1.accept(ReferencePipeline.java:276)
	at java.base/java.util.ArrayList$ArrayListSpliterator.forEachRemaining(ArrayList.java:1708)
	at java.base/java.util.stream.AbstractPipeline.copyInto(AbstractPipeline.java:509)
	at java.base/java.util.stream.AbstractPipeline.wrapAndCopyInto(AbstractPipeline.java:499)
	at java.base/java.util.stream.ForEachOps$ForEachOp.evaluateSequential(ForEachOps.java:151)
	at java.base/java.util.stream.ForEachOps$ForEachOp$OfRef.evaluateSequential(ForEachOps.java:174)
	at java.base/java.util.stream.AbstractPipeline.evaluate(AbstractPipeline.java:234)
	at java.base/java.util.stream.ReferencePipeline.forEach(ReferencePipeline.java:596)
	at java.base/java.util.stream.ReferencePipeline$7$1.accept(ReferencePipeline.java:276)
	at java.base/java.util.stream.ReferencePipeline$3$1.accept(ReferencePipeline.java:197)
	at java.base/java.util.stream.ReferencePipeline$3$1.accept(ReferencePipeline.java:197)
	at java.base/java.util.stream.ReferencePipeline$3$1.accept(ReferencePipeline.java:197)
	at java.base/java.util.ArrayList$ArrayListSpliterator.forEachRemaining(ArrayList.java:1708)
	at java.base/java.util.stream.AbstractPipeline.copyInto(AbstractPipeline.java:509)
	at java.base/java.util.stream.AbstractPipeline.wrapAndCopyInto(AbstractPipeline.java:499)
	at java.base/java.util.stream.ForEachOps$ForEachOp.evaluateSequential(ForEachOps.java:151)
	at java.base/java.util.stream.ForEachOps$ForEachOp$OfRef.evaluateSequential(ForEachOps.java:174)
	at java.base/java.util.stream.AbstractPipeline.evaluate(AbstractPipeline.java:234)
	at java.base/java.util.stream.ReferencePipeline.forEach(ReferencePipeline.java:596)
	at java.base/java.util.ArrayList.forEach(ArrayList.java:1596)
	at java.base/java.util.ArrayList.forEach(ArrayList.java:1596)
Caused by: org.postgresql.util.PSQLException: ERROR: relation "registration" does not exist
  Position: 22
	at org.postgresql.core.v3.QueryExecutorImpl.receiveErrorResponse(QueryExecutorImpl.java:2904)
	at org.postgresql.core.v3.QueryExecutorImpl.processResults(QueryExecutorImpl.java:2589)
	at org.postgresql.core.v3.QueryExecutorImpl.execute(QueryExecutorImpl.java:431)
	at org.postgresql.jdbc.PgStatement.executeInternal(PgStatement.java:534)
	at org.postgresql.jdbc.PgStatement.execute(PgStatement.java:437)
	at org.postgresql.jdbc.PgPreparedStatement.executeWithFlags(PgPreparedStatement.java:196)
	at org.postgresql.jdbc.PgPreparedStatement.executeQuery(PgPreparedStatement.java:139)
	at lab.conference.acceptance.support.Store.count(Store.java:114)
	... 38 more

[ERROR] lab.conference.acceptance.StudentRegistrationAcceptanceTest.ac_002_06_missingOrInvalidCaptchaIsRejected(String)[2] -- Time elapsed: 0.021 s <<< ERROR!
java.lang.IllegalStateException: 
org.postgresql.util.PSQLException: ERROR: relation "registration" does not exist
  Position: 22
	at lab.conference.acceptance.support.Store.count(Store.java:119)
	at lab.conference.acceptance.support.Store.registrationCount(Store.java:45)
	at lab.conference.acceptance.support.Store.snapshot(Store.java:100)
	at lab.conference.acceptance.StudentRegistrationAcceptanceTest.ac_002_06_missingOrInvalidCaptchaIsRejected(StudentRegistrationAcceptanceTest.java:174)
	at java.base/java.lang.reflect.Method.invoke(Method.java:580)
	at java.base/java.util.Optional.ifPresent(Optional.java:178)
	at java.base/java.util.stream.ForEachOps$ForEachOp$OfRef.accept(ForEachOps.java:184)
	at java.base/java.util.stream.ReferencePipeline$3$1.accept(ReferencePipeline.java:197)
	at java.base/java.util.stream.ForEachOps$ForEachOp$OfRef.accept(ForEachOps.java:184)
	at java.base/java.util.stream.ForEachOps$ForEachOp$OfRef.accept(ForEachOps.java:184)
	at java.base/java.util.stream.ReferencePipeline$3$1.accept(ReferencePipeline.java:197)
	at java.base/java.util.Spliterators$ArraySpliterator.forEachRemaining(Spliterators.java:1024)
	at java.base/java.util.stream.AbstractPipeline.copyInto(AbstractPipeline.java:509)
	at java.base/java.util.stream.AbstractPipeline.wrapAndCopyInto(AbstractPipeline.java:499)
	at java.base/java.util.stream.ForEachOps$ForEachOp.evaluateSequential(ForEachOps.java:151)
	at java.base/java.util.stream.ForEachOps$ForEachOp$OfRef.evaluateSequential(ForEachOps.java:174)
	at java.base/java.util.stream.AbstractPipeline.evaluate(AbstractPipeline.java:234)
	at java.base/java.util.stream.ReferencePipeline.forEach(ReferencePipeline.java:596)
	at java.base/java.util.stream.ReferencePipeline$7$1.accept(ReferencePipeline.java:276)
	at java.base/java.util.ArrayList$ArrayListSpliterator.forEachRemaining(ArrayList.java:1708)
	at java.base/java.util.stream.AbstractPipeline.copyInto(AbstractPipeline.java:509)
	at java.base/java.util.stream.AbstractPipeline.wrapAndCopyInto(AbstractPipeline.java:499)
	at java.base/java.util.stream.ForEachOps$ForEachOp.evaluateSequential(ForEachOps.java:151)
	at java.base/java.util.stream.ForEachOps$ForEachOp$OfRef.evaluateSequential(ForEachOps.java:174)
	at java.base/java.util.stream.AbstractPipeline.evaluate(AbstractPipeline.java:234)
	at java.base/java.util.stream.ReferencePipeline.forEach(ReferencePipeline.java:596)
	at java.base/java.util.stream.ReferencePipeline$7$1.accept(ReferencePipeline.java:276)
	at java.base/java.util.stream.ReferencePipeline$3$1.accept(ReferencePipeline.java:197)
	at java.base/java.util.stream.ReferencePipeline$3$1.accept(ReferencePipeline.java:197)
	at java.base/java.util.stream.ReferencePipeline$3$1.accept(ReferencePipeline.java:197)
	at java.base/java.util.ArrayList$ArrayListSpliterator.forEachRemaining(ArrayList.java:1708)
	at java.base/java.util.stream.AbstractPipeline.copyInto(AbstractPipeline.java:509)
	at java.base/java.util.stream.AbstractPipeline.wrapAndCopyInto(AbstractPipeline.java:499)
	at java.base/java.util.stream.ForEachOps$ForEachOp.evaluateSequential(ForEachOps.java:151)
	at java.base/java.util.stream.ForEachOps$ForEachOp$OfRef.evaluateSequential(ForEachOps.java:174)
	at java.base/java.util.stream.AbstractPipeline.evaluate(AbstractPipeline.java:234)
	at java.base/java.util.stream.ReferencePipeline.forEach(ReferencePipeline.java:596)
	at java.base/java.util.ArrayList.forEach(ArrayList.java:1596)
	at java.base/java.util.ArrayList.forEach(ArrayList.java:1596)
Caused by: org.postgresql.util.PSQLException: ERROR: relation "registration" does not exist
  Position: 22
	at org.postgresql.core.v3.QueryExecutorImpl.receiveErrorResponse(QueryExecutorImpl.java:2904)
	at org.postgresql.core.v3.QueryExecutorImpl.processResults(QueryExecutorImpl.java:2589)
	at org.postgresql.core.v3.QueryExecutorImpl.execute(QueryExecutorImpl.java:431)
	at org.postgresql.jdbc.PgStatement.executeInternal(PgStatement.java:534)
	at org.postgresql.jdbc.PgStatement.execute(PgStatement.java:437)
	at org.postgresql.jdbc.PgPreparedStatement.executeWithFlags(PgPreparedStatement.java:196)
	at org.postgresql.jdbc.PgPreparedStatement.executeQuery(PgPreparedStatement.java:139)
	at lab.conference.acceptance.support.Store.count(Store.java:114)
	... 38 more

[ERROR] lab.conference.acceptance.StudentRegistrationAcceptanceTest.ac_002_07_consentIsEnforcedAndStored -- Time elapsed: 0.025 s <<< ERROR!
java.lang.IllegalStateException: 
org.postgresql.util.PSQLException: ERROR: relation "registration" does not exist
  Position: 22
	at lab.conference.acceptance.support.Store.count(Store.java:119)
	at lab.conference.acceptance.support.Store.registrationCount(Store.java:45)
	at lab.conference.acceptance.support.Store.snapshot(Store.java:100)
	at lab.conference.acceptance.StudentRegistrationAcceptanceTest.ac_002_07_consentIsEnforcedAndStored(StudentRegistrationAcceptanceTest.java:187)
	at java.base/java.lang.reflect.Method.invoke(Method.java:580)
	at java.base/java.util.ArrayList.forEach(ArrayList.java:1596)
	at java.base/java.util.ArrayList.forEach(ArrayList.java:1596)
Caused by: org.postgresql.util.PSQLException: ERROR: relation "registration" does not exist
  Position: 22
	at org.postgresql.core.v3.QueryExecutorImpl.receiveErrorResponse(QueryExecutorImpl.java:2904)
	at org.postgresql.core.v3.QueryExecutorImpl.processResults(QueryExecutorImpl.java:2589)
	at org.postgresql.core.v3.QueryExecutorImpl.execute(QueryExecutorImpl.java:431)
	at org.postgresql.jdbc.PgStatement.executeInternal(PgStatement.java:534)
	at org.postgresql.jdbc.PgStatement.execute(PgStatement.java:437)
	at org.postgresql.jdbc.PgPreparedStatement.executeWithFlags(PgPreparedStatement.java:196)
	at org.postgresql.jdbc.PgPreparedStatement.executeQuery(PgPreparedStatement.java:139)
	at lab.conference.acceptance.support.Store.count(Store.java:114)
	... 6 more

[ERROR] lab.conference.acceptance.StudentRegistrationAcceptanceTest.ac_002_05_invalidOptionsAreRejected -- Time elapsed: 0.022 s <<< ERROR!
java.lang.IllegalStateException: 
org.postgresql.util.PSQLException: ERROR: relation "registration" does not exist
  Position: 22
	at lab.conference.acceptance.support.Store.count(Store.java:119)
	at lab.conference.acceptance.support.Store.registrationCount(Store.java:45)
	at lab.conference.acceptance.support.Store.snapshot(Store.java:100)
	at lab.conference.acceptance.StudentRegistrationAcceptanceTest.ac_002_05_invalidOptionsAreRejected(StudentRegistrationAcceptanceTest.java:143)
	at java.base/java.lang.reflect.Method.invoke(Method.java:580)
	at java.base/java.util.ArrayList.forEach(ArrayList.java:1596)
	at java.base/java.util.ArrayList.forEach(ArrayList.java:1596)
Caused by: org.postgresql.util.PSQLException: ERROR: relation "registration" does not exist
  Position: 22
	at org.postgresql.core.v3.QueryExecutorImpl.receiveErrorResponse(QueryExecutorImpl.java:2904)
	at org.postgresql.core.v3.QueryExecutorImpl.processResults(QueryExecutorImpl.java:2589)
	at org.postgresql.core.v3.QueryExecutorImpl.execute(QueryExecutorImpl.java:431)
	at org.postgresql.jdbc.PgStatement.executeInternal(PgStatement.java:534)
	at org.postgresql.jdbc.PgStatement.execute(PgStatement.java:437)
	at org.postgresql.jdbc.PgPreparedStatement.executeWithFlags(PgPreparedStatement.java:196)
	at org.postgresql.jdbc.PgPreparedStatement.executeQuery(PgPreparedStatement.java:139)
	at lab.conference.acceptance.support.Store.count(Store.java:114)
	... 6 more

[ERROR] lab.conference.acceptance.StudentRegistrationAcceptanceTest.ac_002_02_missingOrBlankRequiredFieldIsRejected(String, String)[1] -- Time elapsed: 0.024 s <<< ERROR!
java.lang.IllegalStateException: 
org.postgresql.util.PSQLException: ERROR: relation "registration" does not exist
  Position: 22
	at lab.conference.acceptance.support.Store.count(Store.java:119)
	at lab.conference.acceptance.support.Store.registrationCount(Store.java:45)
	at lab.conference.acceptance.support.Store.snapshot(Store.java:100)
	at lab.conference.acceptance.StudentRegistrationAcceptanceTest.ac_002_02_missingOrBlankRequiredFieldIsRejected(StudentRegistrationAcceptanceTest.java:87)
	at java.base/java.lang.reflect.Method.invoke(Method.java:580)
	at java.base/java.util.Optional.ifPresent(Optional.java:178)
	at java.base/java.util.stream.ForEachOps$ForEachOp$OfRef.accept(ForEachOps.java:184)
	at java.base/java.util.stream.ReferencePipeline$3$1.accept(ReferencePipeline.java:197)
	at java.base/java.util.stream.ForEachOps$ForEachOp$OfRef.accept(ForEachOps.java:184)
	at java.base/java.util.stream.ForEachOps$ForEachOp$OfRef.accept(ForEachOps.java:184)
	at java.base/java.util.stream.ReferencePipeline$3$1.accept(ReferencePipeline.java:197)
	at java.base/java.util.stream.SpinedBuffer$1Splitr.forEachRemaining(SpinedBuffer.java:356)
	at java.base/java.util.stream.ReferencePipeline$Head.forEach(ReferencePipeline.java:762)
	at java.base/java.util.stream.ReferencePipeline$7$1.accept(ReferencePipeline.java:276)
	at java.base/java.util.stream.ReferencePipeline$3$1.accept(ReferencePipeline.java:197)
	at java.base/java.util.stream.ReferencePipeline$3$1.accept(ReferencePipeline.java:197)
	at java.base/java.util.stream.ReferencePipeline$3$1.accept(ReferencePipeline.java:197)
	at java.base/java.util.Spliterators$ArraySpliterator.forEachRemaining(Spliterators.java:1024)
	at java.base/java.util.stream.AbstractPipeline.copyInto(AbstractPipeline.java:509)
	at java.base/java.util.stream.AbstractPipeline.wrapAndCopyInto(AbstractPipeline.java:499)
	at java.base/java.util.stream.ForEachOps$ForEachOp.evaluateSequential(ForEachOps.java:151)
	at java.base/java.util.stream.ForEachOps$ForEachOp$OfRef.evaluateSequential(ForEachOps.java:174)
	at java.base/java.util.stream.AbstractPipeline.evaluate(AbstractPipeline.java:234)
	at java.base/java.util.stream.ReferencePipeline.forEach(ReferencePipeline.java:596)
	at java.base/java.util.stream.ReferencePipeline$7$1.accept(ReferencePipeline.java:276)
	at java.base/java.util.ArrayList$ArrayListSpliterator.forEachRemaining(ArrayList.java:1708)
	at java.base/java.util.stream.AbstractPipeline.copyInto(AbstractPipeline.java:509)
	at java.base/java.util.stream.AbstractPipeline.wrapAndCopyInto(AbstractPipeline.java:499)
	at java.base/java.util.stream.ForEachOps$ForEachOp.evaluateSequential(ForEachOps.java:151)
	at java.base/java.util.stream.ForEachOps$ForEachOp$OfRef.evaluateSequential(ForEachOps.java:174)
	at java.base/java.util.stream.AbstractPipeline.evaluate(AbstractPipeline.java:234)
	at java.base/java.util.stream.ReferencePipeline.forEach(ReferencePipeline.java:596)
	at java.base/java.util.stream.ReferencePipeline$7$1.accept(ReferencePipeline.java:276)
	at java.base/java.util.stream.ReferencePipeline$3$1.accept(ReferencePipeline.java:197)
	at java.base/java.util.stream.ReferencePipeline$3$1.accept(ReferencePipeline.java:197)
	at java.base/java.util.stream.ReferencePipeline$3$1.accept(ReferencePipeline.java:197)
	at java.base/java.util.ArrayList$ArrayListSpliterator.forEachRemaining(ArrayList.java:1708)
	at java.base/java.util.stream.AbstractPipeline.copyInto(AbstractPipeline.java:509)
	at java.base/java.util.stream.AbstractPipeline.wrapAndCopyInto(AbstractPipeline.java:499)
	at java.base/java.util.stream.ForEachOps$ForEachOp.evaluateSequential(ForEachOps.java:151)
	at java.base/java.util.stream.ForEachOps$ForEachOp$OfRef.evaluateSequential(ForEachOps.java:174)
	at java.base/java.util.stream.AbstractPipeline.evaluate(AbstractPipeline.java:234)
	at java.base/java.util.stream.ReferencePipeline.forEach(ReferencePipeline.java:596)
	at java.base/java.util.ArrayList.forEach(ArrayList.java:1596)
	at java.base/java.util.ArrayList.forEach(ArrayList.java:1596)
Caused by: org.postgresql.util.PSQLException: ERROR: relation "registration" does not exist
  Position: 22
	at org.postgresql.core.v3.QueryExecutorImpl.receiveErrorResponse(QueryExecutorImpl.java:2904)
	at org.postgresql.core.v3.QueryExecutorImpl.processResults(QueryExecutorImpl.java:2589)
	at org.postgresql.core.v3.QueryExecutorImpl.execute(QueryExecutorImpl.java:431)
	at org.postgresql.jdbc.PgStatement.executeInternal(PgStatement.java:534)
	at org.postgresql.jdbc.PgStatement.execute(PgStatement.java:437)
	at org.postgresql.jdbc.PgPreparedStatement.executeWithFlags(PgPreparedStatement.java:196)
	at org.postgresql.jdbc.PgPreparedStatement.executeQuery(PgPreparedStatement.java:139)
	at lab.conference.acceptance.support.Store.count(Store.java:114)
	... 44 more

[ERROR] lab.conference.acceptance.StudentRegistrationAcceptanceTest.ac_002_02_missingOrBlankRequiredFieldIsRejected(String, String)[2] -- Time elapsed: 0.022 s <<< ERROR!
java.lang.IllegalStateException: 
org.postgresql.util.PSQLException: ERROR: relation "registration" does not exist
  Position: 22
	at lab.conference.acceptance.support.Store.count(Store.java:119)
	at lab.conference.acceptance.support.Store.registrationCount(Store.java:45)
	at lab.conference.acceptance.support.Store.snapshot(Store.java:100)
	at lab.conference.acceptance.StudentRegistrationAcceptanceTest.ac_002_02_missingOrBlankRequiredFieldIsRejected(StudentRegistrationAcceptanceTest.java:87)
	at java.base/java.lang.reflect.Method.invoke(Method.java:580)
	at java.base/java.util.Optional.ifPresent(Optional.java:178)
	at java.base/java.util.stream.ForEachOps$ForEachOp$OfRef.accept(ForEachOps.java:184)
	at java.base/java.util.stream.ReferencePipeline$3$1.accept(ReferencePipeline.java:197)
	at java.base/java.util.stream.ForEachOps$ForEachOp$OfRef.accept(ForEachOps.java:184)
	at java.base/java.util.stream.ForEachOps$ForEachOp$OfRef.accept(ForEachOps.java:184)
	at java.base/java.util.stream.ReferencePipeline$3$1.accept(ReferencePipeline.java:197)
	at java.base/java.util.stream.SpinedBuffer$1Splitr.forEachRemaining(SpinedBuffer.java:356)
	at java.base/java.util.stream.ReferencePipeline$Head.forEach(ReferencePipeline.java:762)
	at java.base/java.util.stream.ReferencePipeline$7$1.accept(ReferencePipeline.java:276)
	at java.base/java.util.stream.ReferencePipeline$3$1.accept(ReferencePipeline.java:197)
	at java.base/java.util.stream.ReferencePipeline$3$1.accept(ReferencePipeline.java:197)
	at java.base/java.util.stream.ReferencePipeline$3$1.accept(ReferencePipeline.java:197)
	at java.base/java.util.Spliterators$ArraySpliterator.forEachRemaining(Spliterators.java:1024)
	at java.base/java.util.stream.AbstractPipeline.copyInto(AbstractPipeline.java:509)
	at java.base/java.util.stream.AbstractPipeline.wrapAndCopyInto(AbstractPipeline.java:499)
	at java.base/java.util.stream.ForEachOps$ForEachOp.evaluateSequential(ForEachOps.java:151)
	at java.base/java.util.stream.ForEachOps$ForEachOp$OfRef.evaluateSequential(ForEachOps.java:174)
	at java.base/java.util.stream.AbstractPipeline.evaluate(AbstractPipeline.java:234)
	at java.base/java.util.stream.ReferencePipeline.forEach(ReferencePipeline.java:596)
	at java.base/java.util.stream.ReferencePipeline$7$1.accept(ReferencePipeline.java:276)
	at java.base/java.util.ArrayList$ArrayListSpliterator.forEachRemaining(ArrayList.java:1708)
	at java.base/java.util.stream.AbstractPipeline.copyInto(AbstractPipeline.java:509)
	at java.base/java.util.stream.AbstractPipeline.wrapAndCopyInto(AbstractPipeline.java:499)
	at java.base/java.util.stream.ForEachOps$ForEachOp.evaluateSequential(ForEachOps.java:151)
	at java.base/java.util.stream.ForEachOps$ForEachOp$OfRef.evaluateSequential(ForEachOps.java:174)
	at java.base/java.util.stream.AbstractPipeline.evaluate(AbstractPipeline.java:234)
	at java.base/java.util.stream.ReferencePipeline.forEach(ReferencePipeline.java:596)
	at java.base/java.util.stream.ReferencePipeline$7$1.accept(ReferencePipeline.java:276)
	at java.base/java.util.stream.ReferencePipeline$3$1.accept(ReferencePipeline.java:197)
	at java.base/java.util.stream.ReferencePipeline$3$1.accept(ReferencePipeline.java:197)
	at java.base/java.util.stream.ReferencePipeline$3$1.accept(ReferencePipeline.java:197)
	at java.base/java.util.ArrayList$ArrayListSpliterator.forEachRemaining(ArrayList.java:1708)
	at java.base/java.util.stream.AbstractPipeline.copyInto(AbstractPipeline.java:509)
	at java.base/java.util.stream.AbstractPipeline.wrapAndCopyInto(AbstractPipeline.java:499)
	at java.base/java.util.stream.ForEachOps$ForEachOp.evaluateSequential(ForEachOps.java:151)
	at java.base/java.util.stream.ForEachOps$ForEachOp$OfRef.evaluateSequential(ForEachOps.java:174)
	at java.base/java.util.stream.AbstractPipeline.evaluate(AbstractPipeline.java:234)
	at java.base/java.util.stream.ReferencePipeline.forEach(ReferencePipeline.java:596)
	at java.base/java.util.ArrayList.forEach(ArrayList.java:1596)
	at java.base/java.util.ArrayList.forEach(ArrayList.java:1596)
Caused by: org.postgresql.util.PSQLException: ERROR: relation "registration" does not exist
  Position: 22
	at org.postgresql.core.v3.QueryExecutorImpl.receiveErrorResponse(QueryExecutorImpl.java:2904)
	at org.postgresql.core.v3.QueryExecutorImpl.processResults(QueryExecutorImpl.java:2589)
	at org.postgresql.core.v3.QueryExecutorImpl.execute(QueryExecutorImpl.java:431)
	at org.postgresql.jdbc.PgStatement.executeInternal(PgStatement.java:534)
	at org.postgresql.jdbc.PgStatement.execute(PgStatement.java:437)
	at org.postgresql.jdbc.PgPreparedStatement.executeWithFlags(PgPreparedStatement.java:196)
	at org.postgresql.jdbc.PgPreparedStatement.executeQuery(PgPreparedStatement.java:139)
	at lab.conference.acceptance.support.Store.count(Store.java:114)
	... 44 more

[ERROR] lab.conference.acceptance.StudentRegistrationAcceptanceTest.ac_002_02_missingOrBlankRequiredFieldIsRejected(String, String)[3] -- Time elapsed: 0.020 s <<< ERROR!
java.lang.IllegalStateException: 
org.postgresql.util.PSQLException: ERROR: relation "registration" does not exist
  Position: 22
	at lab.conference.acceptance.support.Store.count(Store.java:119)
	at lab.conference.acceptance.support.Store.registrationCount(Store.java:45)
	at lab.conference.acceptance.support.Store.snapshot(Store.java:100)
	at lab.conference.acceptance.StudentRegistrationAcceptanceTest.ac_002_02_missingOrBlankRequiredFieldIsRejected(StudentRegistrationAcceptanceTest.java:87)
	at java.base/java.lang.reflect.Method.invoke(Method.java:580)
	at java.base/java.util.Optional.ifPresent(Optional.java:178)
	at java.base/java.util.stream.ForEachOps$ForEachOp$OfRef.accept(ForEachOps.java:184)
	at java.base/java.util.stream.ReferencePipeline$3$1.accept(ReferencePipeline.java:197)
	at java.base/java.util.stream.ForEachOps$ForEachOp$OfRef.accept(ForEachOps.java:184)
	at java.base/java.util.stream.ForEachOps$ForEachOp$OfRef.accept(ForEachOps.java:184)
	at java.base/java.util.stream.ReferencePipeline$3$1.accept(ReferencePipeline.java:197)
	at java.base/java.util.stream.SpinedBuffer$1Splitr.forEachRemaining(SpinedBuffer.java:356)
	at java.base/java.util.stream.ReferencePipeline$Head.forEach(ReferencePipeline.java:762)
	at java.base/java.util.stream.ReferencePipeline$7$1.accept(ReferencePipeline.java:276)
	at java.base/java.util.stream.ReferencePipeline$3$1.accept(ReferencePipeline.java:197)
	at java.base/java.util.stream.ReferencePipeline$3$1.accept(ReferencePipeline.java:197)
	at java.base/java.util.stream.ReferencePipeline$3$1.accept(ReferencePipeline.java:197)
	at java.base/java.util.Spliterators$ArraySpliterator.forEachRemaining(Spliterators.java:1024)
	at java.base/java.util.stream.AbstractPipeline.copyInto(AbstractPipeline.java:509)
	at java.base/java.util.stream.AbstractPipeline.wrapAndCopyInto(AbstractPipeline.java:499)
	at java.base/java.util.stream.ForEachOps$ForEachOp.evaluateSequential(ForEachOps.java:151)
	at java.base/java.util.stream.ForEachOps$ForEachOp$OfRef.evaluateSequential(ForEachOps.java:174)
	at java.base/java.util.stream.AbstractPipeline.evaluate(AbstractPipeline.java:234)
	at java.base/java.util.stream.ReferencePipeline.forEach(ReferencePipeline.java:596)
	at java.base/java.util.stream.ReferencePipeline$7$1.accept(ReferencePipeline.java:276)
	at java.base/java.util.ArrayList$ArrayListSpliterator.forEachRemaining(ArrayList.java:1708)
	at java.base/java.util.stream.AbstractPipeline.copyInto(AbstractPipeline.java:509)
	at java.base/java.util.stream.AbstractPipeline.wrapAndCopyInto(AbstractPipeline.java:499)
	at java.base/java.util.stream.ForEachOps$ForEachOp.evaluateSequential(ForEachOps.java:151)
	at java.base/java.util.stream.ForEachOps$ForEachOp$OfRef.evaluateSequential(ForEachOps.java:174)
	at java.base/java.util.stream.AbstractPipeline.evaluate(AbstractPipeline.java:234)
	at java.base/java.util.stream.ReferencePipeline.forEach(ReferencePipeline.java:596)
	at java.base/java.util.stream.ReferencePipeline$7$1.accept(ReferencePipeline.java:276)
	at java.base/java.util.stream.ReferencePipeline$3$1.accept(ReferencePipeline.java:197)
	at java.base/java.util.stream.ReferencePipeline$3$1.accept(ReferencePipeline.java:197)
	at java.base/java.util.stream.ReferencePipeline$3$1.accept(ReferencePipeline.java:197)
	at java.base/java.util.ArrayList$ArrayListSpliterator.forEachRemaining(ArrayList.java:1708)
	at java.base/java.util.stream.AbstractPipeline.copyInto(AbstractPipeline.java:509)
	at java.base/java.util.stream.AbstractPipeline.wrapAndCopyInto(AbstractPipeline.java:499)
	at java.base/java.util.stream.ForEachOps$ForEachOp.evaluateSequential(ForEachOps.java:151)
	at java.base/java.util.stream.ForEachOps$ForEachOp$OfRef.evaluateSequential(ForEachOps.java:174)
	at java.base/java.util.stream.AbstractPipeline.evaluate(AbstractPipeline.java:234)
	at java.base/java.util.stream.ReferencePipeline.forEach(ReferencePipeline.java:596)
	at java.base/java.util.ArrayList.forEach(ArrayList.java:1596)
	at java.base/java.util.ArrayList.forEach(ArrayList.java:1596)
Caused by: org.postgresql.util.PSQLException: ERROR: relation "registration" does not exist
  Position: 22
	at org.postgresql.core.v3.QueryExecutorImpl.receiveErrorResponse(QueryExecutorImpl.java:2904)
	at org.postgresql.core.v3.QueryExecutorImpl.processResults(QueryExecutorImpl.java:2589)
	at org.postgresql.core.v3.QueryExecutorImpl.execute(QueryExecutorImpl.java:431)
	at org.postgresql.jdbc.PgStatement.executeInternal(PgStatement.java:534)
	at org.postgresql.jdbc.PgStatement.execute(PgStatement.java:437)
	at org.postgresql.jdbc.PgPreparedStatement.executeWithFlags(PgPreparedStatement.java:196)
	at org.postgresql.jdbc.PgPreparedStatement.executeQuery(PgPreparedStatement.java:139)
	at lab.conference.acceptance.support.Store.count(Store.java:114)
	... 44 more

[ERROR] lab.conference.acceptance.StudentRegistrationAcceptanceTest.ac_002_02_missingOrBlankRequiredFieldIsRejected(String, String)[4] -- Time elapsed: 0.018 s <<< ERROR!
java.lang.IllegalStateException: 
org.postgresql.util.PSQLException: ERROR: relation "registration" does not exist
  Position: 22
	at lab.conference.acceptance.support.Store.count(Store.java:119)
	at lab.conference.acceptance.support.Store.registrationCount(Store.java:45)
	at lab.conference.acceptance.support.Store.snapshot(Store.java:100)
	at lab.conference.acceptance.StudentRegistrationAcceptanceTest.ac_002_02_missingOrBlankRequiredFieldIsRejected(StudentRegistrationAcceptanceTest.java:87)
	at java.base/java.lang.reflect.Method.invoke(Method.java:580)
	at java.base/java.util.Optional.ifPresent(Optional.java:178)
	at java.base/java.util.stream.ForEachOps$ForEachOp$OfRef.accept(ForEachOps.java:184)
	at java.base/java.util.stream.ReferencePipeline$3$1.accept(ReferencePipeline.java:197)
	at java.base/java.util.stream.ForEachOps$ForEachOp$OfRef.accept(ForEachOps.java:184)
	at java.base/java.util.stream.ForEachOps$ForEachOp$OfRef.accept(ForEachOps.java:184)
	at java.base/java.util.stream.ReferencePipeline$3$1.accept(ReferencePipeline.java:197)
	at java.base/java.util.stream.SpinedBuffer$1Splitr.forEachRemaining(SpinedBuffer.java:356)
	at java.base/java.util.stream.ReferencePipeline$Head.forEach(ReferencePipeline.java:762)
	at java.base/java.util.stream.ReferencePipeline$7$1.accept(ReferencePipeline.java:276)
	at java.base/java.util.stream.ReferencePipeline$3$1.accept(ReferencePipeline.java:197)
	at java.base/java.util.stream.ReferencePipeline$3$1.accept(ReferencePipeline.java:197)
	at java.base/java.util.stream.ReferencePipeline$3$1.accept(ReferencePipeline.java:197)
	at java.base/java.util.Spliterators$ArraySpliterator.forEachRemaining(Spliterators.java:1024)
	at java.base/java.util.stream.AbstractPipeline.copyInto(AbstractPipeline.java:509)
	at java.base/java.util.stream.AbstractPipeline.wrapAndCopyInto(AbstractPipeline.java:499)
	at java.base/java.util.stream.ForEachOps$ForEachOp.evaluateSequential(ForEachOps.java:151)
	at java.base/java.util.stream.ForEachOps$ForEachOp$OfRef.evaluateSequential(ForEachOps.java:174)
	at java.base/java.util.stream.AbstractPipeline.evaluate(AbstractPipeline.java:234)
	at java.base/java.util.stream.ReferencePipeline.forEach(ReferencePipeline.java:596)
	at java.base/java.util.stream.ReferencePipeline$7$1.accept(ReferencePipeline.java:276)
	at java.base/java.util.ArrayList$ArrayListSpliterator.forEachRemaining(ArrayList.java:1708)
	at java.base/java.util.stream.AbstractPipeline.copyInto(AbstractPipeline.java:509)
	at java.base/java.util.stream.AbstractPipeline.wrapAndCopyInto(AbstractPipeline.java:499)
	at java.base/java.util.stream.ForEachOps$ForEachOp.evaluateSequential(ForEachOps.java:151)
	at java.base/java.util.stream.ForEachOps$ForEachOp$OfRef.evaluateSequential(ForEachOps.java:174)
	at java.base/java.util.stream.AbstractPipeline.evaluate(AbstractPipeline.java:234)
	at java.base/java.util.stream.ReferencePipeline.forEach(ReferencePipeline.java:596)
	at java.base/java.util.stream.ReferencePipeline$7$1.accept(ReferencePipeline.java:276)
	at java.base/java.util.stream.ReferencePipeline$3$1.accept(ReferencePipeline.java:197)
	at java.base/java.util.stream.ReferencePipeline$3$1.accept(ReferencePipeline.java:197)
	at java.base/java.util.stream.ReferencePipeline$3$1.accept(ReferencePipeline.java:197)
	at java.base/java.util.ArrayList$ArrayListSpliterator.forEachRemaining(ArrayList.java:1708)
	at java.base/java.util.stream.AbstractPipeline.copyInto(AbstractPipeline.java:509)
	at java.base/java.util.stream.AbstractPipeline.wrapAndCopyInto(AbstractPipeline.java:499)
	at java.base/java.util.stream.ForEachOps$ForEachOp.evaluateSequential(ForEachOps.java:151)
	at java.base/java.util.stream.ForEachOps$ForEachOp$OfRef.evaluateSequential(ForEachOps.java:174)
	at java.base/java.util.stream.AbstractPipeline.evaluate(AbstractPipeline.java:234)
	at java.base/java.util.stream.ReferencePipeline.forEach(ReferencePipeline.java:596)
	at java.base/java.util.ArrayList.forEach(ArrayList.java:1596)
	at java.base/java.util.ArrayList.forEach(ArrayList.java:1596)
Caused by: org.postgresql.util.PSQLException: ERROR: relation "registration" does not exist
  Position: 22
	at org.postgresql.core.v3.QueryExecutorImpl.receiveErrorResponse(QueryExecutorImpl.java:2904)
	at org.postgresql.core.v3.QueryExecutorImpl.processResults(QueryExecutorImpl.java:2589)
	at org.postgresql.core.v3.QueryExecutorImpl.execute(QueryExecutorImpl.java:431)
	at org.postgresql.jdbc.PgStatement.executeInternal(PgStatement.java:534)
	at org.postgresql.jdbc.PgStatement.execute(PgStatement.java:437)
	at org.postgresql.jdbc.PgPreparedStatement.executeWithFlags(PgPreparedStatement.java:196)
	at org.postgresql.jdbc.PgPreparedStatement.executeQuery(PgPreparedStatement.java:139)
	at lab.conference.acceptance.support.Store.count(Store.java:114)
	... 44 more

[ERROR] lab.conference.acceptance.StudentRegistrationAcceptanceTest.ac_002_02_missingOrBlankRequiredFieldIsRejected(String, String)[5] -- Time elapsed: 0.022 s <<< ERROR!
java.lang.IllegalStateException: 
org.postgresql.util.PSQLException: ERROR: relation "registration" does not exist
  Position: 22
	at lab.conference.acceptance.support.Store.count(Store.java:119)
	at lab.conference.acceptance.support.Store.registrationCount(Store.java:45)
	at lab.conference.acceptance.support.Store.snapshot(Store.java:100)
	at lab.conference.acceptance.StudentRegistrationAcceptanceTest.ac_002_02_missingOrBlankRequiredFieldIsRejected(StudentRegistrationAcceptanceTest.java:87)
	at java.base/java.lang.reflect.Method.invoke(Method.java:580)
	at java.base/java.util.Optional.ifPresent(Optional.java:178)
	at java.base/java.util.stream.ForEachOps$ForEachOp$OfRef.accept(ForEachOps.java:184)
	at java.base/java.util.stream.ReferencePipeline$3$1.accept(ReferencePipeline.java:197)
	at java.base/java.util.stream.ForEachOps$ForEachOp$OfRef.accept(ForEachOps.java:184)
	at java.base/java.util.stream.ForEachOps$ForEachOp$OfRef.accept(ForEachOps.java:184)
	at java.base/java.util.stream.ReferencePipeline$3$1.accept(ReferencePipeline.java:197)
	at java.base/java.util.stream.SpinedBuffer$1Splitr.forEachRemaining(SpinedBuffer.java:356)
	at java.base/java.util.stream.ReferencePipeline$Head.forEach(ReferencePipeline.java:762)
	at java.base/java.util.stream.ReferencePipeline$7$1.accept(ReferencePipeline.java:276)
	at java.base/java.util.stream.ReferencePipeline$3$1.accept(ReferencePipeline.java:197)
	at java.base/java.util.stream.ReferencePipeline$3$1.accept(ReferencePipeline.java:197)
	at java.base/java.util.stream.ReferencePipeline$3$1.accept(ReferencePipeline.java:197)
	at java.base/java.util.Spliterators$ArraySpliterator.forEachRemaining(Spliterators.java:1024)
	at java.base/java.util.stream.AbstractPipeline.copyInto(AbstractPipeline.java:509)
	at java.base/java.util.stream.AbstractPipeline.wrapAndCopyInto(AbstractPipeline.java:499)
	at java.base/java.util.stream.ForEachOps$ForEachOp.evaluateSequential(ForEachOps.java:151)
	at java.base/java.util.stream.ForEachOps$ForEachOp$OfRef.evaluateSequential(ForEachOps.java:174)
	at java.base/java.util.stream.AbstractPipeline.evaluate(AbstractPipeline.java:234)
	at java.base/java.util.stream.ReferencePipeline.forEach(ReferencePipeline.java:596)
	at java.base/java.util.stream.ReferencePipeline$7$1.accept(ReferencePipeline.java:276)
	at java.base/java.util.ArrayList$ArrayListSpliterator.forEachRemaining(ArrayList.java:1708)
	at java.base/java.util.stream.AbstractPipeline.copyInto(AbstractPipeline.java:509)
	at java.base/java.util.stream.AbstractPipeline.wrapAndCopyInto(AbstractPipeline.java:499)
	at java.base/java.util.stream.ForEachOps$ForEachOp.evaluateSequential(ForEachOps.java:151)
	at java.base/java.util.stream.ForEachOps$ForEachOp$OfRef.evaluateSequential(ForEachOps.java:174)
	at java.base/java.util.stream.AbstractPipeline.evaluate(AbstractPipeline.java:234)
	at java.base/java.util.stream.ReferencePipeline.forEach(ReferencePipeline.java:596)
	at java.base/java.util.stream.ReferencePipeline$7$1.accept(ReferencePipeline.java:276)
	at java.base/java.util.stream.ReferencePipeline$3$1.accept(ReferencePipeline.java:197)
	at java.base/java.util.stream.ReferencePipeline$3$1.accept(ReferencePipeline.java:197)
	at java.base/java.util.stream.ReferencePipeline$3$1.accept(ReferencePipeline.java:197)
	at java.base/java.util.ArrayList$ArrayListSpliterator.forEachRemaining(ArrayList.java:1708)
	at java.base/java.util.stream.AbstractPipeline.copyInto(AbstractPipeline.java:509)
	at java.base/java.util.stream.AbstractPipeline.wrapAndCopyInto(AbstractPipeline.java:499)
	at java.base/java.util.stream.ForEachOps$ForEachOp.evaluateSequential(ForEachOps.java:151)
	at java.base/java.util.stream.ForEachOps$ForEachOp$OfRef.evaluateSequential(ForEachOps.java:174)
	at java.base/java.util.stream.AbstractPipeline.evaluate(AbstractPipeline.java:234)
	at java.base/java.util.stream.ReferencePipeline.forEach(ReferencePipeline.java:596)
	at java.base/java.util.ArrayList.forEach(ArrayList.java:1596)
	at java.base/java.util.ArrayList.forEach(ArrayList.java:1596)
Caused by: org.postgresql.util.PSQLException: ERROR: relation "registration" does not exist
  Position: 22
	at org.postgresql.core.v3.QueryExecutorImpl.receiveErrorResponse(QueryExecutorImpl.java:2904)
	at org.postgresql.core.v3.QueryExecutorImpl.processResults(QueryExecutorImpl.java:2589)
	at org.postgresql.core.v3.QueryExecutorImpl.execute(QueryExecutorImpl.java:431)
	at org.postgresql.jdbc.PgStatement.executeInternal(PgStatement.java:534)
	at org.postgresql.jdbc.PgStatement.execute(PgStatement.java:437)
	at org.postgresql.jdbc.PgPreparedStatement.executeWithFlags(PgPreparedStatement.java:196)
	at org.postgresql.jdbc.PgPreparedStatement.executeQuery(PgPreparedStatement.java:139)
	at lab.conference.acceptance.support.Store.count(Store.java:114)
	... 44 more

[ERROR] lab.conference.acceptance.StudentRegistrationAcceptanceTest.ac_002_02_missingOrBlankRequiredFieldIsRejected(String, String)[6] -- Time elapsed: 0.020 s <<< ERROR!
java.lang.IllegalStateException: 
org.postgresql.util.PSQLException: ERROR: relation "registration" does not exist
  Position: 22
	at lab.conference.acceptance.support.Store.count(Store.java:119)
	at lab.conference.acceptance.support.Store.registrationCount(Store.java:45)
	at lab.conference.acceptance.support.Store.snapshot(Store.java:100)
	at lab.conference.acceptance.StudentRegistrationAcceptanceTest.ac_002_02_missingOrBlankRequiredFieldIsRejected(StudentRegistrationAcceptanceTest.java:87)
	at java.base/java.lang.reflect.Method.invoke(Method.java:580)
	at java.base/java.util.Optional.ifPresent(Optional.java:178)
	at java.base/java.util.stream.ForEachOps$ForEachOp$OfRef.accept(ForEachOps.java:184)
	at java.base/java.util.stream.ReferencePipeline$3$1.accept(ReferencePipeline.java:197)
	at java.base/java.util.stream.ForEachOps$ForEachOp$OfRef.accept(ForEachOps.java:184)
	at java.base/java.util.stream.ForEachOps$ForEachOp$OfRef.accept(ForEachOps.java:184)
	at java.base/java.util.stream.ReferencePipeline$3$1.accept(ReferencePipeline.java:197)
	at java.base/java.util.stream.SpinedBuffer$1Splitr.forEachRemaining(SpinedBuffer.java:356)
	at java.base/java.util.stream.ReferencePipeline$Head.forEach(ReferencePipeline.java:762)
	at java.base/java.util.stream.ReferencePipeline$7$1.accept(ReferencePipeline.java:276)
	at java.base/java.util.stream.ReferencePipeline$3$1.accept(ReferencePipeline.java:197)
	at java.base/java.util.stream.ReferencePipeline$3$1.accept(ReferencePipeline.java:197)
	at java.base/java.util.stream.ReferencePipeline$3$1.accept(ReferencePipeline.java:197)
	at java.base/java.util.Spliterators$ArraySpliterator.forEachRemaining(Spliterators.java:1024)
	at java.base/java.util.stream.AbstractPipeline.copyInto(AbstractPipeline.java:509)
	at java.base/java.util.stream.AbstractPipeline.wrapAndCopyInto(AbstractPipeline.java:499)
	at java.base/java.util.stream.ForEachOps$ForEachOp.evaluateSequential(ForEachOps.java:151)
	at java.base/java.util.stream.ForEachOps$ForEachOp$OfRef.evaluateSequential(ForEachOps.java:174)
	at java.base/java.util.stream.AbstractPipeline.evaluate(AbstractPipeline.java:234)
	at java.base/java.util.stream.ReferencePipeline.forEach(ReferencePipeline.java:596)
	at java.base/java.util.stream.ReferencePipeline$7$1.accept(ReferencePipeline.java:276)
	at java.base/java.util.ArrayList$ArrayListSpliterator.forEachRemaining(ArrayList.java:1708)
	at java.base/java.util.stream.AbstractPipeline.copyInto(AbstractPipeline.java:509)
	at java.base/java.util.stream.AbstractPipeline.wrapAndCopyInto(AbstractPipeline.java:499)
	at java.base/java.util.stream.ForEachOps$ForEachOp.evaluateSequential(ForEachOps.java:151)
	at java.base/java.util.stream.ForEachOps$ForEachOp$OfRef.evaluateSequential(ForEachOps.java:174)
	at java.base/java.util.stream.AbstractPipeline.evaluate(AbstractPipeline.java:234)
	at java.base/java.util.stream.ReferencePipeline.forEach(ReferencePipeline.java:596)
	at java.base/java.util.stream.ReferencePipeline$7$1.accept(ReferencePipeline.java:276)
	at java.base/java.util.stream.ReferencePipeline$3$1.accept(ReferencePipeline.java:197)
	at java.base/java.util.stream.ReferencePipeline$3$1.accept(ReferencePipeline.java:197)
	at java.base/java.util.stream.ReferencePipeline$3$1.accept(ReferencePipeline.java:197)
	at java.base/java.util.ArrayList$ArrayListSpliterator.forEachRemaining(ArrayList.java:1708)
	at java.base/java.util.stream.AbstractPipeline.copyInto(AbstractPipeline.java:509)
	at java.base/java.util.stream.AbstractPipeline.wrapAndCopyInto(AbstractPipeline.java:499)
	at java.base/java.util.stream.ForEachOps$ForEachOp.evaluateSequential(ForEachOps.java:151)
	at java.base/java.util.stream.ForEachOps$ForEachOp$OfRef.evaluateSequential(ForEachOps.java:174)
	at java.base/java.util.stream.AbstractPipeline.evaluate(AbstractPipeline.java:234)
	at java.base/java.util.stream.ReferencePipeline.forEach(ReferencePipeline.java:596)
	at java.base/java.util.ArrayList.forEach(ArrayList.java:1596)
	at java.base/java.util.ArrayList.forEach(ArrayList.java:1596)
Caused by: org.postgresql.util.PSQLException: ERROR: relation "registration" does not exist
  Position: 22
	at org.postgresql.core.v3.QueryExecutorImpl.receiveErrorResponse(QueryExecutorImpl.java:2904)
	at org.postgresql.core.v3.QueryExecutorImpl.processResults(QueryExecutorImpl.java:2589)
	at org.postgresql.core.v3.QueryExecutorImpl.execute(QueryExecutorImpl.java:431)
	at org.postgresql.jdbc.PgStatement.executeInternal(PgStatement.java:534)
	at org.postgresql.jdbc.PgStatement.execute(PgStatement.java:437)
	at org.postgresql.jdbc.PgPreparedStatement.executeWithFlags(PgPreparedStatement.java:196)
	at org.postgresql.jdbc.PgPreparedStatement.executeQuery(PgPreparedStatement.java:139)
	at lab.conference.acceptance.support.Store.count(Store.java:114)
	... 44 more

[ERROR] lab.conference.acceptance.StudentRegistrationAcceptanceTest.ac_002_02_missingOrBlankRequiredFieldIsRejected(String, String)[7] -- Time elapsed: 0.020 s <<< ERROR!
java.lang.IllegalStateException: 
org.postgresql.util.PSQLException: ERROR: relation "registration" does not exist
  Position: 22
	at lab.conference.acceptance.support.Store.count(Store.java:119)
	at lab.conference.acceptance.support.Store.registrationCount(Store.java:45)
	at lab.conference.acceptance.support.Store.snapshot(Store.java:100)
	at lab.conference.acceptance.StudentRegistrationAcceptanceTest.ac_002_02_missingOrBlankRequiredFieldIsRejected(StudentRegistrationAcceptanceTest.java:87)
	at java.base/java.lang.reflect.Method.invoke(Method.java:580)
	at java.base/java.util.Optional.ifPresent(Optional.java:178)
	at java.base/java.util.stream.ForEachOps$ForEachOp$OfRef.accept(ForEachOps.java:184)
	at java.base/java.util.stream.ReferencePipeline$3$1.accept(ReferencePipeline.java:197)
	at java.base/java.util.stream.ForEachOps$ForEachOp$OfRef.accept(ForEachOps.java:184)
	at java.base/java.util.stream.ForEachOps$ForEachOp$OfRef.accept(ForEachOps.java:184)
	at java.base/java.util.stream.ReferencePipeline$3$1.accept(ReferencePipeline.java:197)
	at java.base/java.util.stream.SpinedBuffer$1Splitr.forEachRemaining(SpinedBuffer.java:356)
	at java.base/java.util.stream.ReferencePipeline$Head.forEach(ReferencePipeline.java:762)
	at java.base/java.util.stream.ReferencePipeline$7$1.accept(ReferencePipeline.java:276)
	at java.base/java.util.stream.ReferencePipeline$3$1.accept(ReferencePipeline.java:197)
	at java.base/java.util.stream.ReferencePipeline$3$1.accept(ReferencePipeline.java:197)
	at java.base/java.util.stream.ReferencePipeline$3$1.accept(ReferencePipeline.java:197)
	at java.base/java.util.Spliterators$ArraySpliterator.forEachRemaining(Spliterators.java:1024)
	at java.base/java.util.stream.AbstractPipeline.copyInto(AbstractPipeline.java:509)
	at java.base/java.util.stream.AbstractPipeline.wrapAndCopyInto(AbstractPipeline.java:499)
	at java.base/java.util.stream.ForEachOps$ForEachOp.evaluateSequential(ForEachOps.java:151)
	at java.base/java.util.stream.ForEachOps$ForEachOp$OfRef.evaluateSequential(ForEachOps.java:174)
	at java.base/java.util.stream.AbstractPipeline.evaluate(AbstractPipeline.java:234)
	at java.base/java.util.stream.ReferencePipeline.forEach(ReferencePipeline.java:596)
	at java.base/java.util.stream.ReferencePipeline$7$1.accept(ReferencePipeline.java:276)
	at java.base/java.util.ArrayList$ArrayListSpliterator.forEachRemaining(ArrayList.java:1708)
	at java.base/java.util.stream.AbstractPipeline.copyInto(AbstractPipeline.java:509)
	at java.base/java.util.stream.AbstractPipeline.wrapAndCopyInto(AbstractPipeline.java:499)
	at java.base/java.util.stream.ForEachOps$ForEachOp.evaluateSequential(ForEachOps.java:151)
	at java.base/java.util.stream.ForEachOps$ForEachOp$OfRef.evaluateSequential(ForEachOps.java:174)
	at java.base/java.util.stream.AbstractPipeline.evaluate(AbstractPipeline.java:234)
	at java.base/java.util.stream.ReferencePipeline.forEach(ReferencePipeline.java:596)
	at java.base/java.util.stream.ReferencePipeline$7$1.accept(ReferencePipeline.java:276)
	at java.base/java.util.stream.ReferencePipeline$3$1.accept(ReferencePipeline.java:197)
	at java.base/java.util.stream.ReferencePipeline$3$1.accept(ReferencePipeline.java:197)
	at java.base/java.util.stream.ReferencePipeline$3$1.accept(ReferencePipeline.java:197)
	at java.base/java.util.ArrayList$ArrayListSpliterator.forEachRemaining(ArrayList.java:1708)
	at java.base/java.util.stream.AbstractPipeline.copyInto(AbstractPipeline.java:509)
	at java.base/java.util.stream.AbstractPipeline.wrapAndCopyInto(AbstractPipeline.java:499)
	at java.base/java.util.stream.ForEachOps$ForEachOp.evaluateSequential(ForEachOps.java:151)
	at java.base/java.util.stream.ForEachOps$ForEachOp$OfRef.evaluateSequential(ForEachOps.java:174)
	at java.base/java.util.stream.AbstractPipeline.evaluate(AbstractPipeline.java:234)
	at java.base/java.util.stream.ReferencePipeline.forEach(ReferencePipeline.java:596)
	at java.base/java.util.ArrayList.forEach(ArrayList.java:1596)
	at java.base/java.util.ArrayList.forEach(ArrayList.java:1596)
Caused by: org.postgresql.util.PSQLException: ERROR: relation "registration" does not exist
  Position: 22
	at org.postgresql.core.v3.QueryExecutorImpl.receiveErrorResponse(QueryExecutorImpl.java:2904)
	at org.postgresql.core.v3.QueryExecutorImpl.processResults(QueryExecutorImpl.java:2589)
	at org.postgresql.core.v3.QueryExecutorImpl.execute(QueryExecutorImpl.java:431)
	at org.postgresql.jdbc.PgStatement.executeInternal(PgStatement.java:534)
	at org.postgresql.jdbc.PgStatement.execute(PgStatement.java:437)
	at org.postgresql.jdbc.PgPreparedStatement.executeWithFlags(PgPreparedStatement.java:196)
	at org.postgresql.jdbc.PgPreparedStatement.executeQuery(PgPreparedStatement.java:139)
	at lab.conference.acceptance.support.Store.count(Store.java:114)
	... 44 more

[ERROR] lab.conference.acceptance.StudentRegistrationAcceptanceTest.ac_002_02_missingOrBlankRequiredFieldIsRejected(String, String)[8] -- Time elapsed: 0.024 s <<< ERROR!
java.lang.IllegalStateException: 
org.postgresql.util.PSQLException: ERROR: relation "registration" does not exist
  Position: 22
	at lab.conference.acceptance.support.Store.count(Store.java:119)
	at lab.conference.acceptance.support.Store.registrationCount(Store.java:45)
	at lab.conference.acceptance.support.Store.snapshot(Store.java:100)
	at lab.conference.acceptance.StudentRegistrationAcceptanceTest.ac_002_02_missingOrBlankRequiredFieldIsRejected(StudentRegistrationAcceptanceTest.java:87)
	at java.base/java.lang.reflect.Method.invoke(Method.java:580)
	at java.base/java.util.Optional.ifPresent(Optional.java:178)
	at java.base/java.util.stream.ForEachOps$ForEachOp$OfRef.accept(ForEachOps.java:184)
	at java.base/java.util.stream.ReferencePipeline$3$1.accept(ReferencePipeline.java:197)
	at java.base/java.util.stream.ForEachOps$ForEachOp$OfRef.accept(ForEachOps.java:184)
	at java.base/java.util.stream.ForEachOps$ForEachOp$OfRef.accept(ForEachOps.java:184)
	at java.base/java.util.stream.ReferencePipeline$3$1.accept(ReferencePipeline.java:197)
	at java.base/java.util.stream.SpinedBuffer$1Splitr.forEachRemaining(SpinedBuffer.java:356)
	at java.base/java.util.stream.ReferencePipeline$Head.forEach(ReferencePipeline.java:762)
	at java.base/java.util.stream.ReferencePipeline$7$1.accept(ReferencePipeline.java:276)
	at java.base/java.util.stream.ReferencePipeline$3$1.accept(ReferencePipeline.java:197)
	at java.base/java.util.stream.ReferencePipeline$3$1.accept(ReferencePipeline.java:197)
	at java.base/java.util.stream.ReferencePipeline$3$1.accept(ReferencePipeline.java:197)
	at java.base/java.util.Spliterators$ArraySpliterator.forEachRemaining(Spliterators.java:1024)
	at java.base/java.util.stream.AbstractPipeline.copyInto(AbstractPipeline.java:509)
	at java.base/java.util.stream.AbstractPipeline.wrapAndCopyInto(AbstractPipeline.java:499)
	at java.base/java.util.stream.ForEachOps$ForEachOp.evaluateSequential(ForEachOps.java:151)
	at java.base/java.util.stream.ForEachOps$ForEachOp$OfRef.evaluateSequential(ForEachOps.java:174)
	at java.base/java.util.stream.AbstractPipeline.evaluate(AbstractPipeline.java:234)
	at java.base/java.util.stream.ReferencePipeline.forEach(ReferencePipeline.java:596)
	at java.base/java.util.stream.ReferencePipeline$7$1.accept(ReferencePipeline.java:276)
	at java.base/java.util.ArrayList$ArrayListSpliterator.forEachRemaining(ArrayList.java:1708)
	at java.base/java.util.stream.AbstractPipeline.copyInto(AbstractPipeline.java:509)
	at java.base/java.util.stream.AbstractPipeline.wrapAndCopyInto(AbstractPipeline.java:499)
	at java.base/java.util.stream.ForEachOps$ForEachOp.evaluateSequential(ForEachOps.java:151)
	at java.base/java.util.stream.ForEachOps$ForEachOp$OfRef.evaluateSequential(ForEachOps.java:174)
	at java.base/java.util.stream.AbstractPipeline.evaluate(AbstractPipeline.java:234)
	at java.base/java.util.stream.ReferencePipeline.forEach(ReferencePipeline.java:596)
	at java.base/java.util.stream.ReferencePipeline$7$1.accept(ReferencePipeline.java:276)
	at java.base/java.util.stream.ReferencePipeline$3$1.accept(ReferencePipeline.java:197)
	at java.base/java.util.stream.ReferencePipeline$3$1.accept(ReferencePipeline.java:197)
	at java.base/java.util.stream.ReferencePipeline$3$1.accept(ReferencePipeline.java:197)
	at java.base/java.util.ArrayList$ArrayListSpliterator.forEachRemaining(ArrayList.java:1708)
	at java.base/java.util.stream.AbstractPipeline.copyInto(AbstractPipeline.java:509)
	at java.base/java.util.stream.AbstractPipeline.wrapAndCopyInto(AbstractPipeline.java:499)
	at java.base/java.util.stream.ForEachOps$ForEachOp.evaluateSequential(ForEachOps.java:151)
	at java.base/java.util.stream.ForEachOps$ForEachOp$OfRef.evaluateSequential(ForEachOps.java:174)
	at java.base/java.util.stream.AbstractPipeline.evaluate(AbstractPipeline.java:234)
	at java.base/java.util.stream.ReferencePipeline.forEach(ReferencePipeline.java:596)
	at java.base/java.util.ArrayList.forEach(ArrayList.java:1596)
	at java.base/java.util.ArrayList.forEach(ArrayList.java:1596)
Caused by: org.postgresql.util.PSQLException: ERROR: relation "registration" does not exist
  Position: 22
	at org.postgresql.core.v3.QueryExecutorImpl.receiveErrorResponse(QueryExecutorImpl.java:2904)
	at org.postgresql.core.v3.QueryExecutorImpl.processResults(QueryExecutorImpl.java:2589)
	at org.postgresql.core.v3.QueryExecutorImpl.execute(QueryExecutorImpl.java:431)
	at org.postgresql.jdbc.PgStatement.executeInternal(PgStatement.java:534)
	at org.postgresql.jdbc.PgStatement.execute(PgStatement.java:437)
	at org.postgresql.jdbc.PgPreparedStatement.executeWithFlags(PgPreparedStatement.java:196)
	at org.postgresql.jdbc.PgPreparedStatement.executeQuery(PgPreparedStatement.java:139)
	at lab.conference.acceptance.support.Store.count(Store.java:114)
	... 44 more

[ERROR] lab.conference.acceptance.StudentRegistrationAcceptanceTest.ac_002_02_missingOrBlankRequiredFieldIsRejected(String, String)[9] -- Time elapsed: 0.020 s <<< ERROR!
java.lang.IllegalStateException: 
org.postgresql.util.PSQLException: ERROR: relation "registration" does not exist
  Position: 22
	at lab.conference.acceptance.support.Store.count(Store.java:119)
	at lab.conference.acceptance.support.Store.registrationCount(Store.java:45)
	at lab.conference.acceptance.support.Store.snapshot(Store.java:100)
	at lab.conference.acceptance.StudentRegistrationAcceptanceTest.ac_002_02_missingOrBlankRequiredFieldIsRejected(StudentRegistrationAcceptanceTest.java:87)
	at java.base/java.lang.reflect.Method.invoke(Method.java:580)
	at java.base/java.util.Optional.ifPresent(Optional.java:178)
	at java.base/java.util.stream.ForEachOps$ForEachOp$OfRef.accept(ForEachOps.java:184)
	at java.base/java.util.stream.ReferencePipeline$3$1.accept(ReferencePipeline.java:197)
	at java.base/java.util.stream.ForEachOps$ForEachOp$OfRef.accept(ForEachOps.java:184)
	at java.base/java.util.stream.ForEachOps$ForEachOp$OfRef.accept(ForEachOps.java:184)
	at java.base/java.util.stream.ReferencePipeline$3$1.accept(ReferencePipeline.java:197)
	at java.base/java.util.stream.SpinedBuffer$1Splitr.forEachRemaining(SpinedBuffer.java:356)
	at java.base/java.util.stream.ReferencePipeline$Head.forEach(ReferencePipeline.java:762)
	at java.base/java.util.stream.ReferencePipeline$7$1.accept(ReferencePipeline.java:276)
	at java.base/java.util.stream.ReferencePipeline$3$1.accept(ReferencePipeline.java:197)
	at java.base/java.util.stream.ReferencePipeline$3$1.accept(ReferencePipeline.java:197)
	at java.base/java.util.stream.ReferencePipeline$3$1.accept(ReferencePipeline.java:197)
	at java.base/java.util.Spliterators$ArraySpliterator.forEachRemaining(Spliterators.java:1024)
	at java.base/java.util.stream.AbstractPipeline.copyInto(AbstractPipeline.java:509)
	at java.base/java.util.stream.AbstractPipeline.wrapAndCopyInto(AbstractPipeline.java:499)
	at java.base/java.util.stream.ForEachOps$ForEachOp.evaluateSequential(ForEachOps.java:151)
	at java.base/java.util.stream.ForEachOps$ForEachOp$OfRef.evaluateSequential(ForEachOps.java:174)
	at java.base/java.util.stream.AbstractPipeline.evaluate(AbstractPipeline.java:234)
	at java.base/java.util.stream.ReferencePipeline.forEach(ReferencePipeline.java:596)
	at java.base/java.util.stream.ReferencePipeline$7$1.accept(ReferencePipeline.java:276)
	at java.base/java.util.ArrayList$ArrayListSpliterator.forEachRemaining(ArrayList.java:1708)
	at java.base/java.util.stream.AbstractPipeline.copyInto(AbstractPipeline.java:509)
	at java.base/java.util.stream.AbstractPipeline.wrapAndCopyInto(AbstractPipeline.java:499)
	at java.base/java.util.stream.ForEachOps$ForEachOp.evaluateSequential(ForEachOps.java:151)
	at java.base/java.util.stream.ForEachOps$ForEachOp$OfRef.evaluateSequential(ForEachOps.java:174)
	at java.base/java.util.stream.AbstractPipeline.evaluate(AbstractPipeline.java:234)
	at java.base/java.util.stream.ReferencePipeline.forEach(ReferencePipeline.java:596)
	at java.base/java.util.stream.ReferencePipeline$7$1.accept(ReferencePipeline.java:276)
	at java.base/java.util.stream.ReferencePipeline$3$1.accept(ReferencePipeline.java:197)
	at java.base/java.util.stream.ReferencePipeline$3$1.accept(ReferencePipeline.java:197)
	at java.base/java.util.stream.ReferencePipeline$3$1.accept(ReferencePipeline.java:197)
	at java.base/java.util.ArrayList$ArrayListSpliterator.forEachRemaining(ArrayList.java:1708)
	at java.base/java.util.stream.AbstractPipeline.copyInto(AbstractPipeline.java:509)
	at java.base/java.util.stream.AbstractPipeline.wrapAndCopyInto(AbstractPipeline.java:499)
	at java.base/java.util.stream.ForEachOps$ForEachOp.evaluateSequential(ForEachOps.java:151)
	at java.base/java.util.stream.ForEachOps$ForEachOp$OfRef.evaluateSequential(ForEachOps.java:174)
	at java.base/java.util.stream.AbstractPipeline.evaluate(AbstractPipeline.java:234)
	at java.base/java.util.stream.ReferencePipeline.forEach(ReferencePipeline.java:596)
	at java.base/java.util.ArrayList.forEach(ArrayList.java:1596)
	at java.base/java.util.ArrayList.forEach(ArrayList.java:1596)
Caused by: org.postgresql.util.PSQLException: ERROR: relation "registration" does not exist
  Position: 22
	at org.postgresql.core.v3.QueryExecutorImpl.receiveErrorResponse(QueryExecutorImpl.java:2904)
	at org.postgresql.core.v3.QueryExecutorImpl.processResults(QueryExecutorImpl.java:2589)
	at org.postgresql.core.v3.QueryExecutorImpl.execute(QueryExecutorImpl.java:431)
	at org.postgresql.jdbc.PgStatement.executeInternal(PgStatement.java:534)
	at org.postgresql.jdbc.PgStatement.execute(PgStatement.java:437)
	at org.postgresql.jdbc.PgPreparedStatement.executeWithFlags(PgPreparedStatement.java:196)
	at org.postgresql.jdbc.PgPreparedStatement.executeQuery(PgPreparedStatement.java:139)
	at lab.conference.acceptance.support.Store.count(Store.java:114)
	... 44 more

[ERROR] lab.conference.acceptance.StudentRegistrationAcceptanceTest.ac_002_02_missingOrBlankRequiredFieldIsRejected(String, String)[10] -- Time elapsed: 0.028 s <<< ERROR!
java.lang.IllegalStateException: 
org.postgresql.util.PSQLException: ERROR: relation "registration" does not exist
  Position: 22
	at lab.conference.acceptance.support.Store.count(Store.java:119)
	at lab.conference.acceptance.support.Store.registrationCount(Store.java:45)
	at lab.conference.acceptance.support.Store.snapshot(Store.java:100)
	at lab.conference.acceptance.StudentRegistrationAcceptanceTest.ac_002_02_missingOrBlankRequiredFieldIsRejected(StudentRegistrationAcceptanceTest.java:87)
	at java.base/java.lang.reflect.Method.invoke(Method.java:580)
	at java.base/java.util.Optional.ifPresent(Optional.java:178)
	at java.base/java.util.stream.ForEachOps$ForEachOp$OfRef.accept(ForEachOps.java:184)
	at java.base/java.util.stream.ReferencePipeline$3$1.accept(ReferencePipeline.java:197)
	at java.base/java.util.stream.ForEachOps$ForEachOp$OfRef.accept(ForEachOps.java:184)
	at java.base/java.util.stream.ForEachOps$ForEachOp$OfRef.accept(ForEachOps.java:184)
	at java.base/java.util.stream.ReferencePipeline$3$1.accept(ReferencePipeline.java:197)
	at java.base/java.util.stream.SpinedBuffer$1Splitr.forEachRemaining(SpinedBuffer.java:356)
	at java.base/java.util.stream.ReferencePipeline$Head.forEach(ReferencePipeline.java:762)
	at java.base/java.util.stream.ReferencePipeline$7$1.accept(ReferencePipeline.java:276)
	at java.base/java.util.stream.ReferencePipeline$3$1.accept(ReferencePipeline.java:197)
	at java.base/java.util.stream.ReferencePipeline$3$1.accept(ReferencePipeline.java:197)
	at java.base/java.util.stream.ReferencePipeline$3$1.accept(ReferencePipeline.java:197)
	at java.base/java.util.Spliterators$ArraySpliterator.forEachRemaining(Spliterators.java:1024)
	at java.base/java.util.stream.AbstractPipeline.copyInto(AbstractPipeline.java:509)
	at java.base/java.util.stream.AbstractPipeline.wrapAndCopyInto(AbstractPipeline.java:499)
	at java.base/java.util.stream.ForEachOps$ForEachOp.evaluateSequential(ForEachOps.java:151)
	at java.base/java.util.stream.ForEachOps$ForEachOp$OfRef.evaluateSequential(ForEachOps.java:174)
	at java.base/java.util.stream.AbstractPipeline.evaluate(AbstractPipeline.java:234)
	at java.base/java.util.stream.ReferencePipeline.forEach(ReferencePipeline.java:596)
	at java.base/java.util.stream.ReferencePipeline$7$1.accept(ReferencePipeline.java:276)
	at java.base/java.util.ArrayList$ArrayListSpliterator.forEachRemaining(ArrayList.java:1708)
	at java.base/java.util.stream.AbstractPipeline.copyInto(AbstractPipeline.java:509)
	at java.base/java.util.stream.AbstractPipeline.wrapAndCopyInto(AbstractPipeline.java:499)
	at java.base/java.util.stream.ForEachOps$ForEachOp.evaluateSequential(ForEachOps.java:151)
	at java.base/java.util.stream.ForEachOps$ForEachOp$OfRef.evaluateSequential(ForEachOps.java:174)
	at java.base/java.util.stream.AbstractPipeline.evaluate(AbstractPipeline.java:234)
	at java.base/java.util.stream.ReferencePipeline.forEach(ReferencePipeline.java:596)
	at java.base/java.util.stream.ReferencePipeline$7$1.accept(ReferencePipeline.java:276)
	at java.base/java.util.stream.ReferencePipeline$3$1.accept(ReferencePipeline.java:197)
	at java.base/java.util.stream.ReferencePipeline$3$1.accept(ReferencePipeline.java:197)
	at java.base/java.util.stream.ReferencePipeline$3$1.accept(ReferencePipeline.java:197)
	at java.base/java.util.ArrayList$ArrayListSpliterator.forEachRemaining(ArrayList.java:1708)
	at java.base/java.util.stream.AbstractPipeline.copyInto(AbstractPipeline.java:509)
	at java.base/java.util.stream.AbstractPipeline.wrapAndCopyInto(AbstractPipeline.java:499)
	at java.base/java.util.stream.ForEachOps$ForEachOp.evaluateSequential(ForEachOps.java:151)
	at java.base/java.util.stream.ForEachOps$ForEachOp$OfRef.evaluateSequential(ForEachOps.java:174)
	at java.base/java.util.stream.AbstractPipeline.evaluate(AbstractPipeline.java:234)
	at java.base/java.util.stream.ReferencePipeline.forEach(ReferencePipeline.java:596)
	at java.base/java.util.ArrayList.forEach(ArrayList.java:1596)
	at java.base/java.util.ArrayList.forEach(ArrayList.java:1596)
Caused by: org.postgresql.util.PSQLException: ERROR: relation "registration" does not exist
  Position: 22
	at org.postgresql.core.v3.QueryExecutorImpl.receiveErrorResponse(QueryExecutorImpl.java:2904)
	at org.postgresql.core.v3.QueryExecutorImpl.processResults(QueryExecutorImpl.java:2589)
	at org.postgresql.core.v3.QueryExecutorImpl.execute(QueryExecutorImpl.java:431)
	at org.postgresql.jdbc.PgStatement.executeInternal(PgStatement.java:534)
	at org.postgresql.jdbc.PgStatement.execute(PgStatement.java:437)
	at org.postgresql.jdbc.PgPreparedStatement.executeWithFlags(PgPreparedStatement.java:196)
	at org.postgresql.jdbc.PgPreparedStatement.executeQuery(PgPreparedStatement.java:139)
	at lab.conference.acceptance.support.Store.count(Store.java:114)
	... 44 more

[ERROR] lab.conference.acceptance.StudentRegistrationAcceptanceTest.ac_002_02_missingOrBlankRequiredFieldIsRejected(String, String)[11] -- Time elapsed: 0.020 s <<< ERROR!
java.lang.IllegalStateException: 
org.postgresql.util.PSQLException: ERROR: relation "registration" does not exist
  Position: 22
	at lab.conference.acceptance.support.Store.count(Store.java:119)
	at lab.conference.acceptance.support.Store.registrationCount(Store.java:45)
	at lab.conference.acceptance.support.Store.snapshot(Store.java:100)
	at lab.conference.acceptance.StudentRegistrationAcceptanceTest.ac_002_02_missingOrBlankRequiredFieldIsRejected(StudentRegistrationAcceptanceTest.java:87)
	at java.base/java.lang.reflect.Method.invoke(Method.java:580)
	at java.base/java.util.Optional.ifPresent(Optional.java:178)
	at java.base/java.util.stream.ForEachOps$ForEachOp$OfRef.accept(ForEachOps.java:184)
	at java.base/java.util.stream.ReferencePipeline$3$1.accept(ReferencePipeline.java:197)
	at java.base/java.util.stream.ForEachOps$ForEachOp$OfRef.accept(ForEachOps.java:184)
	at java.base/java.util.stream.ForEachOps$ForEachOp$OfRef.accept(ForEachOps.java:184)
	at java.base/java.util.stream.ReferencePipeline$3$1.accept(ReferencePipeline.java:197)
	at java.base/java.util.stream.SpinedBuffer$1Splitr.forEachRemaining(SpinedBuffer.java:356)
	at java.base/java.util.stream.ReferencePipeline$Head.forEach(ReferencePipeline.java:762)
	at java.base/java.util.stream.ReferencePipeline$7$1.accept(ReferencePipeline.java:276)
	at java.base/java.util.stream.ReferencePipeline$3$1.accept(ReferencePipeline.java:197)
	at java.base/java.util.stream.ReferencePipeline$3$1.accept(ReferencePipeline.java:197)
	at java.base/java.util.stream.ReferencePipeline$3$1.accept(ReferencePipeline.java:197)
	at java.base/java.util.Spliterators$ArraySpliterator.forEachRemaining(Spliterators.java:1024)
	at java.base/java.util.stream.AbstractPipeline.copyInto(AbstractPipeline.java:509)
	at java.base/java.util.stream.AbstractPipeline.wrapAndCopyInto(AbstractPipeline.java:499)
	at java.base/java.util.stream.ForEachOps$ForEachOp.evaluateSequential(ForEachOps.java:151)
	at java.base/java.util.stream.ForEachOps$ForEachOp$OfRef.evaluateSequential(ForEachOps.java:174)
	at java.base/java.util.stream.AbstractPipeline.evaluate(AbstractPipeline.java:234)
	at java.base/java.util.stream.ReferencePipeline.forEach(ReferencePipeline.java:596)
	at java.base/java.util.stream.ReferencePipeline$7$1.accept(ReferencePipeline.java:276)
	at java.base/java.util.ArrayList$ArrayListSpliterator.forEachRemaining(ArrayList.java:1708)
	at java.base/java.util.stream.AbstractPipeline.copyInto(AbstractPipeline.java:509)
	at java.base/java.util.stream.AbstractPipeline.wrapAndCopyInto(AbstractPipeline.java:499)
	at java.base/java.util.stream.ForEachOps$ForEachOp.evaluateSequential(ForEachOps.java:151)
	at java.base/java.util.stream.ForEachOps$ForEachOp$OfRef.evaluateSequential(ForEachOps.java:174)
	at java.base/java.util.stream.AbstractPipeline.evaluate(AbstractPipeline.java:234)
	at java.base/java.util.stream.ReferencePipeline.forEach(ReferencePipeline.java:596)
	at java.base/java.util.stream.ReferencePipeline$7$1.accept(ReferencePipeline.java:276)
	at java.base/java.util.stream.ReferencePipeline$3$1.accept(ReferencePipeline.java:197)
	at java.base/java.util.stream.ReferencePipeline$3$1.accept(ReferencePipeline.java:197)
	at java.base/java.util.stream.ReferencePipeline$3$1.accept(ReferencePipeline.java:197)
	at java.base/java.util.ArrayList$ArrayListSpliterator.forEachRemaining(ArrayList.java:1708)
	at java.base/java.util.stream.AbstractPipeline.copyInto(AbstractPipeline.java:509)
	at java.base/java.util.stream.AbstractPipeline.wrapAndCopyInto(AbstractPipeline.java:499)
	at java.base/java.util.stream.ForEachOps$ForEachOp.evaluateSequential(ForEachOps.java:151)
	at java.base/java.util.stream.ForEachOps$ForEachOp$OfRef.evaluateSequential(ForEachOps.java:174)
	at java.base/java.util.stream.AbstractPipeline.evaluate(AbstractPipeline.java:234)
	at java.base/java.util.stream.ReferencePipeline.forEach(ReferencePipeline.java:596)
	at java.base/java.util.ArrayList.forEach(ArrayList.java:1596)
	at java.base/java.util.ArrayList.forEach(ArrayList.java:1596)
Caused by: org.postgresql.util.PSQLException: ERROR: relation "registration" does not exist
  Position: 22
	at org.postgresql.core.v3.QueryExecutorImpl.receiveErrorResponse(QueryExecutorImpl.java:2904)
	at org.postgresql.core.v3.QueryExecutorImpl.processResults(QueryExecutorImpl.java:2589)
	at org.postgresql.core.v3.QueryExecutorImpl.execute(QueryExecutorImpl.java:431)
	at org.postgresql.jdbc.PgStatement.executeInternal(PgStatement.java:534)
	at org.postgresql.jdbc.PgStatement.execute(PgStatement.java:437)
	at org.postgresql.jdbc.PgPreparedStatement.executeWithFlags(PgPreparedStatement.java:196)
	at org.postgresql.jdbc.PgPreparedStatement.executeQuery(PgPreparedStatement.java:139)
	at lab.conference.acceptance.support.Store.count(Store.java:114)
	... 44 more

[ERROR] lab.conference.acceptance.StudentRegistrationAcceptanceTest.ac_002_02_missingOrBlankRequiredFieldIsRejected(String, String)[12] -- Time elapsed: 0.017 s <<< ERROR!
java.lang.IllegalStateException: 
org.postgresql.util.PSQLException: ERROR: relation "registration" does not exist
  Position: 22
	at lab.conference.acceptance.support.Store.count(Store.java:119)
	at lab.conference.acceptance.support.Store.registrationCount(Store.java:45)
	at lab.conference.acceptance.support.Store.snapshot(Store.java:100)
	at lab.conference.acceptance.StudentRegistrationAcceptanceTest.ac_002_02_missingOrBlankRequiredFieldIsRejected(StudentRegistrationAcceptanceTest.java:87)
	at java.base/java.lang.reflect.Method.invoke(Method.java:580)
	at java.base/java.util.Optional.ifPresent(Optional.java:178)
	at java.base/java.util.stream.ForEachOps$ForEachOp$OfRef.accept(ForEachOps.java:184)
	at java.base/java.util.stream.ReferencePipeline$3$1.accept(ReferencePipeline.java:197)
	at java.base/java.util.stream.ForEachOps$ForEachOp$OfRef.accept(ForEachOps.java:184)
	at java.base/java.util.stream.ForEachOps$ForEachOp$OfRef.accept(ForEachOps.java:184)
	at java.base/java.util.stream.ReferencePipeline$3$1.accept(ReferencePipeline.java:197)
	at java.base/java.util.stream.SpinedBuffer$1Splitr.forEachRemaining(SpinedBuffer.java:356)
	at java.base/java.util.stream.ReferencePipeline$Head.forEach(ReferencePipeline.java:762)
	at java.base/java.util.stream.ReferencePipeline$7$1.accept(ReferencePipeline.java:276)
	at java.base/java.util.stream.ReferencePipeline$3$1.accept(ReferencePipeline.java:197)
	at java.base/java.util.stream.ReferencePipeline$3$1.accept(ReferencePipeline.java:197)
	at java.base/java.util.stream.ReferencePipeline$3$1.accept(ReferencePipeline.java:197)
	at java.base/java.util.Spliterators$ArraySpliterator.forEachRemaining(Spliterators.java:1024)
	at java.base/java.util.stream.AbstractPipeline.copyInto(AbstractPipeline.java:509)
	at java.base/java.util.stream.AbstractPipeline.wrapAndCopyInto(AbstractPipeline.java:499)
	at java.base/java.util.stream.ForEachOps$ForEachOp.evaluateSequential(ForEachOps.java:151)
	at java.base/java.util.stream.ForEachOps$ForEachOp$OfRef.evaluateSequential(ForEachOps.java:174)
	at java.base/java.util.stream.AbstractPipeline.evaluate(AbstractPipeline.java:234)
	at java.base/java.util.stream.ReferencePipeline.forEach(ReferencePipeline.java:596)
	at java.base/java.util.stream.ReferencePipeline$7$1.accept(ReferencePipeline.java:276)
	at java.base/java.util.ArrayList$ArrayListSpliterator.forEachRemaining(ArrayList.java:1708)
	at java.base/java.util.stream.AbstractPipeline.copyInto(AbstractPipeline.java:509)
	at java.base/java.util.stream.AbstractPipeline.wrapAndCopyInto(AbstractPipeline.java:499)
	at java.base/java.util.stream.ForEachOps$ForEachOp.evaluateSequential(ForEachOps.java:151)
	at java.base/java.util.stream.ForEachOps$ForEachOp$OfRef.evaluateSequential(ForEachOps.java:174)
	at java.base/java.util.stream.AbstractPipeline.evaluate(AbstractPipeline.java:234)
	at java.base/java.util.stream.ReferencePipeline.forEach(ReferencePipeline.java:596)
	at java.base/java.util.stream.ReferencePipeline$7$1.accept(ReferencePipeline.java:276)
	at java.base/java.util.stream.ReferencePipeline$3$1.accept(ReferencePipeline.java:197)
	at java.base/java.util.stream.ReferencePipeline$3$1.accept(ReferencePipeline.java:197)
	at java.base/java.util.stream.ReferencePipeline$3$1.accept(ReferencePipeline.java:197)
	at java.base/java.util.ArrayList$ArrayListSpliterator.forEachRemaining(ArrayList.java:1708)
	at java.base/java.util.stream.AbstractPipeline.copyInto(AbstractPipeline.java:509)
	at java.base/java.util.stream.AbstractPipeline.wrapAndCopyInto(AbstractPipeline.java:499)
	at java.base/java.util.stream.ForEachOps$ForEachOp.evaluateSequential(ForEachOps.java:151)
	at java.base/java.util.stream.ForEachOps$ForEachOp$OfRef.evaluateSequential(ForEachOps.java:174)
	at java.base/java.util.stream.AbstractPipeline.evaluate(AbstractPipeline.java:234)
	at java.base/java.util.stream.ReferencePipeline.forEach(ReferencePipeline.java:596)
	at java.base/java.util.ArrayList.forEach(ArrayList.java:1596)
	at java.base/java.util.ArrayList.forEach(ArrayList.java:1596)
Caused by: org.postgresql.util.PSQLException: ERROR: relation "registration" does not exist
  Position: 22
	at org.postgresql.core.v3.QueryExecutorImpl.receiveErrorResponse(QueryExecutorImpl.java:2904)
	at org.postgresql.core.v3.QueryExecutorImpl.processResults(QueryExecutorImpl.java:2589)
	at org.postgresql.core.v3.QueryExecutorImpl.execute(QueryExecutorImpl.java:431)
	at org.postgresql.jdbc.PgStatement.executeInternal(PgStatement.java:534)
	at org.postgresql.jdbc.PgStatement.execute(PgStatement.java:437)
	at org.postgresql.jdbc.PgPreparedStatement.executeWithFlags(PgPreparedStatement.java:196)
	at org.postgresql.jdbc.PgPreparedStatement.executeQuery(PgPreparedStatement.java:139)
	at lab.conference.acceptance.support.Store.count(Store.java:114)
	... 44 more

[ERROR] lab.conference.acceptance.StudentRegistrationAcceptanceTest.ac_002_02_missingOrBlankRequiredFieldIsRejected(String, String)[13] -- Time elapsed: 0.047 s <<< ERROR!
java.lang.IllegalStateException: 
org.postgresql.util.PSQLException: ERROR: relation "registration" does not exist
  Position: 22
	at lab.conference.acceptance.support.Store.count(Store.java:119)
	at lab.conference.acceptance.support.Store.registrationCount(Store.java:45)
	at lab.conference.acceptance.support.Store.snapshot(Store.java:100)
	at lab.conference.acceptance.StudentRegistrationAcceptanceTest.ac_002_02_missingOrBlankRequiredFieldIsRejected(StudentRegistrationAcceptanceTest.java:87)
	at java.base/java.lang.reflect.Method.invoke(Method.java:580)
	at java.base/java.util.Optional.ifPresent(Optional.java:178)
	at java.base/java.util.stream.ForEachOps$ForEachOp$OfRef.accept(ForEachOps.java:184)
	at java.base/java.util.stream.ReferencePipeline$3$1.accept(ReferencePipeline.java:197)
	at java.base/java.util.stream.ForEachOps$ForEachOp$OfRef.accept(ForEachOps.java:184)
	at java.base/java.util.stream.ForEachOps$ForEachOp$OfRef.accept(ForEachOps.java:184)
	at java.base/java.util.stream.ReferencePipeline$3$1.accept(ReferencePipeline.java:197)
	at java.base/java.util.stream.SpinedBuffer$1Splitr.forEachRemaining(SpinedBuffer.java:356)
	at java.base/java.util.stream.ReferencePipeline$Head.forEach(ReferencePipeline.java:762)
	at java.base/java.util.stream.ReferencePipeline$7$1.accept(ReferencePipeline.java:276)
	at java.base/java.util.stream.ReferencePipeline$3$1.accept(ReferencePipeline.java:197)
	at java.base/java.util.stream.ReferencePipeline$3$1.accept(ReferencePipeline.java:197)
	at java.base/java.util.stream.ReferencePipeline$3$1.accept(ReferencePipeline.java:197)
	at java.base/java.util.Spliterators$ArraySpliterator.forEachRemaining(Spliterators.java:1024)
	at java.base/java.util.stream.AbstractPipeline.copyInto(AbstractPipeline.java:509)
	at java.base/java.util.stream.AbstractPipeline.wrapAndCopyInto(AbstractPipeline.java:499)
	at java.base/java.util.stream.ForEachOps$ForEachOp.evaluateSequential(ForEachOps.java:151)
	at java.base/java.util.stream.ForEachOps$ForEachOp$OfRef.evaluateSequential(ForEachOps.java:174)
	at java.base/java.util.stream.AbstractPipeline.evaluate(AbstractPipeline.java:234)
	at java.base/java.util.stream.ReferencePipeline.forEach(ReferencePipeline.java:596)
	at java.base/java.util.stream.ReferencePipeline$7$1.accept(ReferencePipeline.java:276)
	at java.base/java.util.ArrayList$ArrayListSpliterator.forEachRemaining(ArrayList.java:1708)
	at java.base/java.util.stream.AbstractPipeline.copyInto(AbstractPipeline.java:509)
	at java.base/java.util.stream.AbstractPipeline.wrapAndCopyInto(AbstractPipeline.java:499)
	at java.base/java.util.stream.ForEachOps$ForEachOp.evaluateSequential(ForEachOps.java:151)
	at java.base/java.util.stream.ForEachOps$ForEachOp$OfRef.evaluateSequential(ForEachOps.java:174)
	at java.base/java.util.stream.AbstractPipeline.evaluate(AbstractPipeline.java:234)
	at java.base/java.util.stream.ReferencePipeline.forEach(ReferencePipeline.java:596)
	at java.base/java.util.stream.ReferencePipeline$7$1.accept(ReferencePipeline.java:276)
	at java.base/java.util.stream.ReferencePipeline$3$1.accept(ReferencePipeline.java:197)
	at java.base/java.util.stream.ReferencePipeline$3$1.accept(ReferencePipeline.java:197)
	at java.base/java.util.stream.ReferencePipeline$3$1.accept(ReferencePipeline.java:197)
	at java.base/java.util.ArrayList$ArrayListSpliterator.forEachRemaining(ArrayList.java:1708)
	at java.base/java.util.stream.AbstractPipeline.copyInto(AbstractPipeline.java:509)
	at java.base/java.util.stream.AbstractPipeline.wrapAndCopyInto(AbstractPipeline.java:499)
	at java.base/java.util.stream.ForEachOps$ForEachOp.evaluateSequential(ForEachOps.java:151)
	at java.base/java.util.stream.ForEachOps$ForEachOp$OfRef.evaluateSequential(ForEachOps.java:174)
	at java.base/java.util.stream.AbstractPipeline.evaluate(AbstractPipeline.java:234)
	at java.base/java.util.stream.ReferencePipeline.forEach(ReferencePipeline.java:596)
	at java.base/java.util.ArrayList.forEach(ArrayList.java:1596)
	at java.base/java.util.ArrayList.forEach(ArrayList.java:1596)
Caused by: org.postgresql.util.PSQLException: ERROR: relation "registration" does not exist
  Position: 22
	at org.postgresql.core.v3.QueryExecutorImpl.receiveErrorResponse(QueryExecutorImpl.java:2904)
	at org.postgresql.core.v3.QueryExecutorImpl.processResults(QueryExecutorImpl.java:2589)
	at org.postgresql.core.v3.QueryExecutorImpl.execute(QueryExecutorImpl.java:431)
	at org.postgresql.jdbc.PgStatement.executeInternal(PgStatement.java:534)
	at org.postgresql.jdbc.PgStatement.execute(PgStatement.java:437)
	at org.postgresql.jdbc.PgPreparedStatement.executeWithFlags(PgPreparedStatement.java:196)
	at org.postgresql.jdbc.PgPreparedStatement.executeQuery(PgPreparedStatement.java:139)
	at lab.conference.acceptance.support.Store.count(Store.java:114)
	... 44 more

[ERROR] lab.conference.acceptance.StudentRegistrationAcceptanceTest.ac_002_02_missingOrBlankRequiredFieldIsRejected(String, String)[14] -- Time elapsed: 0.038 s <<< ERROR!
java.lang.IllegalStateException: 
org.postgresql.util.PSQLException: ERROR: relation "registration" does not exist
  Position: 22
	at lab.conference.acceptance.support.Store.count(Store.java:119)
	at lab.conference.acceptance.support.Store.registrationCount(Store.java:45)
	at lab.conference.acceptance.support.Store.snapshot(Store.java:100)
	at lab.conference.acceptance.StudentRegistrationAcceptanceTest.ac_002_02_missingOrBlankRequiredFieldIsRejected(StudentRegistrationAcceptanceTest.java:87)
	at java.base/java.lang.reflect.Method.invoke(Method.java:580)
	at java.base/java.util.Optional.ifPresent(Optional.java:178)
	at java.base/java.util.stream.ForEachOps$ForEachOp$OfRef.accept(ForEachOps.java:184)
	at java.base/java.util.stream.ReferencePipeline$3$1.accept(ReferencePipeline.java:197)
	at java.base/java.util.stream.ForEachOps$ForEachOp$OfRef.accept(ForEachOps.java:184)
	at java.base/java.util.stream.ForEachOps$ForEachOp$OfRef.accept(ForEachOps.java:184)
	at java.base/java.util.stream.ReferencePipeline$3$1.accept(ReferencePipeline.java:197)
	at java.base/java.util.stream.SpinedBuffer$1Splitr.forEachRemaining(SpinedBuffer.java:356)
	at java.base/java.util.stream.ReferencePipeline$Head.forEach(ReferencePipeline.java:762)
	at java.base/java.util.stream.ReferencePipeline$7$1.accept(ReferencePipeline.java:276)
	at java.base/java.util.stream.ReferencePipeline$3$1.accept(ReferencePipeline.java:197)
	at java.base/java.util.stream.ReferencePipeline$3$1.accept(ReferencePipeline.java:197)
	at java.base/java.util.stream.ReferencePipeline$3$1.accept(ReferencePipeline.java:197)
	at java.base/java.util.Spliterators$ArraySpliterator.forEachRemaining(Spliterators.java:1024)
	at java.base/java.util.stream.AbstractPipeline.copyInto(AbstractPipeline.java:509)
	at java.base/java.util.stream.AbstractPipeline.wrapAndCopyInto(AbstractPipeline.java:499)
	at java.base/java.util.stream.ForEachOps$ForEachOp.evaluateSequential(ForEachOps.java:151)
	at java.base/java.util.stream.ForEachOps$ForEachOp$OfRef.evaluateSequential(ForEachOps.java:174)
	at java.base/java.util.stream.AbstractPipeline.evaluate(AbstractPipeline.java:234)
	at java.base/java.util.stream.ReferencePipeline.forEach(ReferencePipeline.java:596)
	at java.base/java.util.stream.ReferencePipeline$7$1.accept(ReferencePipeline.java:276)
	at java.base/java.util.ArrayList$ArrayListSpliterator.forEachRemaining(ArrayList.java:1708)
	at java.base/java.util.stream.AbstractPipeline.copyInto(AbstractPipeline.java:509)
	at java.base/java.util.stream.AbstractPipeline.wrapAndCopyInto(AbstractPipeline.java:499)
	at java.base/java.util.stream.ForEachOps$ForEachOp.evaluateSequential(ForEachOps.java:151)
	at java.base/java.util.stream.ForEachOps$ForEachOp$OfRef.evaluateSequential(ForEachOps.java:174)
	at java.base/java.util.stream.AbstractPipeline.evaluate(AbstractPipeline.java:234)
	at java.base/java.util.stream.ReferencePipeline.forEach(ReferencePipeline.java:596)
	at java.base/java.util.stream.ReferencePipeline$7$1.accept(ReferencePipeline.java:276)
	at java.base/java.util.stream.ReferencePipeline$3$1.accept(ReferencePipeline.java:197)
	at java.base/java.util.stream.ReferencePipeline$3$1.accept(ReferencePipeline.java:197)
	at java.base/java.util.stream.ReferencePipeline$3$1.accept(ReferencePipeline.java:197)
	at java.base/java.util.ArrayList$ArrayListSpliterator.forEachRemaining(ArrayList.java:1708)
	at java.base/java.util.stream.AbstractPipeline.copyInto(AbstractPipeline.java:509)
	at java.base/java.util.stream.AbstractPipeline.wrapAndCopyInto(AbstractPipeline.java:499)
	at java.base/java.util.stream.ForEachOps$ForEachOp.evaluateSequential(ForEachOps.java:151)
	at java.base/java.util.stream.ForEachOps$ForEachOp$OfRef.evaluateSequential(ForEachOps.java:174)
	at java.base/java.util.stream.AbstractPipeline.evaluate(AbstractPipeline.java:234)
	at java.base/java.util.stream.ReferencePipeline.forEach(ReferencePipeline.java:596)
	at java.base/java.util.ArrayList.forEach(ArrayList.java:1596)
	at java.base/java.util.ArrayList.forEach(ArrayList.java:1596)
Caused by: org.postgresql.util.PSQLException: ERROR: relation "registration" does not exist
  Position: 22
	at org.postgresql.core.v3.QueryExecutorImpl.receiveErrorResponse(QueryExecutorImpl.java:2904)
	at org.postgresql.core.v3.QueryExecutorImpl.processResults(QueryExecutorImpl.java:2589)
	at org.postgresql.core.v3.QueryExecutorImpl.execute(QueryExecutorImpl.java:431)
	at org.postgresql.jdbc.PgStatement.executeInternal(PgStatement.java:534)
	at org.postgresql.jdbc.PgStatement.execute(PgStatement.java:437)
	at org.postgresql.jdbc.PgPreparedStatement.executeWithFlags(PgPreparedStatement.java:196)
	at org.postgresql.jdbc.PgPreparedStatement.executeQuery(PgPreparedStatement.java:139)
	at lab.conference.acceptance.support.Store.count(Store.java:114)
	... 44 more

[ERROR] lab.conference.acceptance.StudentRegistrationAcceptanceTest.ac_002_02_missingOrBlankRequiredFieldIsRejected(String, String)[15] -- Time elapsed: 0.063 s <<< ERROR!
java.lang.IllegalStateException: 
org.postgresql.util.PSQLException: ERROR: relation "registration" does not exist
  Position: 22
	at lab.conference.acceptance.support.Store.count(Store.java:119)
	at lab.conference.acceptance.support.Store.registrationCount(Store.java:45)
	at lab.conference.acceptance.support.Store.snapshot(Store.java:100)
	at lab.conference.acceptance.StudentRegistrationAcceptanceTest.ac_002_02_missingOrBlankRequiredFieldIsRejected(StudentRegistrationAcceptanceTest.java:87)
	at java.base/java.lang.reflect.Method.invoke(Method.java:580)
	at java.base/java.util.Optional.ifPresent(Optional.java:178)
	at java.base/java.util.stream.ForEachOps$ForEachOp$OfRef.accept(ForEachOps.java:184)
	at java.base/java.util.stream.ReferencePipeline$3$1.accept(ReferencePipeline.java:197)
	at java.base/java.util.stream.ForEachOps$ForEachOp$OfRef.accept(ForEachOps.java:184)
	at java.base/java.util.stream.ForEachOps$ForEachOp$OfRef.accept(ForEachOps.java:184)
	at java.base/java.util.stream.ReferencePipeline$3$1.accept(ReferencePipeline.java:197)
	at java.base/java.util.stream.SpinedBuffer$1Splitr.forEachRemaining(SpinedBuffer.java:356)
	at java.base/java.util.stream.ReferencePipeline$Head.forEach(ReferencePipeline.java:762)
	at java.base/java.util.stream.ReferencePipeline$7$1.accept(ReferencePipeline.java:276)
	at java.base/java.util.stream.ReferencePipeline$3$1.accept(ReferencePipeline.java:197)
	at java.base/java.util.stream.ReferencePipeline$3$1.accept(ReferencePipeline.java:197)
	at java.base/java.util.stream.ReferencePipeline$3$1.accept(ReferencePipeline.java:197)
	at java.base/java.util.Spliterators$ArraySpliterator.forEachRemaining(Spliterators.java:1024)
	at java.base/java.util.stream.AbstractPipeline.copyInto(AbstractPipeline.java:509)
	at java.base/java.util.stream.AbstractPipeline.wrapAndCopyInto(AbstractPipeline.java:499)
	at java.base/java.util.stream.ForEachOps$ForEachOp.evaluateSequential(ForEachOps.java:151)
	at java.base/java.util.stream.ForEachOps$ForEachOp$OfRef.evaluateSequential(ForEachOps.java:174)
	at java.base/java.util.stream.AbstractPipeline.evaluate(AbstractPipeline.java:234)
	at java.base/java.util.stream.ReferencePipeline.forEach(ReferencePipeline.java:596)
	at java.base/java.util.stream.ReferencePipeline$7$1.accept(ReferencePipeline.java:276)
	at java.base/java.util.ArrayList$ArrayListSpliterator.forEachRemaining(ArrayList.java:1708)
	at java.base/java.util.stream.AbstractPipeline.copyInto(AbstractPipeline.java:509)
	at java.base/java.util.stream.AbstractPipeline.wrapAndCopyInto(AbstractPipeline.java:499)
	at java.base/java.util.stream.ForEachOps$ForEachOp.evaluateSequential(ForEachOps.java:151)
	at java.base/java.util.stream.ForEachOps$ForEachOp$OfRef.evaluateSequential(ForEachOps.java:174)
	at java.base/java.util.stream.AbstractPipeline.evaluate(AbstractPipeline.java:234)
	at java.base/java.util.stream.ReferencePipeline.forEach(ReferencePipeline.java:596)
	at java.base/java.util.stream.ReferencePipeline$7$1.accept(ReferencePipeline.java:276)
	at java.base/java.util.stream.ReferencePipeline$3$1.accept(ReferencePipeline.java:197)
	at java.base/java.util.stream.ReferencePipeline$3$1.accept(ReferencePipeline.java:197)
	at java.base/java.util.stream.ReferencePipeline$3$1.accept(ReferencePipeline.java:197)
	at java.base/java.util.ArrayList$ArrayListSpliterator.forEachRemaining(ArrayList.java:1708)
	at java.base/java.util.stream.AbstractPipeline.copyInto(AbstractPipeline.java:509)
	at java.base/java.util.stream.AbstractPipeline.wrapAndCopyInto(AbstractPipeline.java:499)
	at java.base/java.util.stream.ForEachOps$ForEachOp.evaluateSequential(ForEachOps.java:151)
	at java.base/java.util.stream.ForEachOps$ForEachOp$OfRef.evaluateSequential(ForEachOps.java:174)
	at java.base/java.util.stream.AbstractPipeline.evaluate(AbstractPipeline.java:234)
	at java.base/java.util.stream.ReferencePipeline.forEach(ReferencePipeline.java:596)
	at java.base/java.util.ArrayList.forEach(ArrayList.java:1596)
	at java.base/java.util.ArrayList.forEach(ArrayList.java:1596)
Caused by: org.postgresql.util.PSQLException: ERROR: relation "registration" does not exist
  Position: 22
	at org.postgresql.core.v3.QueryExecutorImpl.receiveErrorResponse(QueryExecutorImpl.java:2904)
	at org.postgresql.core.v3.QueryExecutorImpl.processResults(QueryExecutorImpl.java:2589)
	at org.postgresql.core.v3.QueryExecutorImpl.execute(QueryExecutorImpl.java:431)
	at org.postgresql.jdbc.PgStatement.executeInternal(PgStatement.java:534)
	at org.postgresql.jdbc.PgStatement.execute(PgStatement.java:437)
	at org.postgresql.jdbc.PgPreparedStatement.executeWithFlags(PgPreparedStatement.java:196)
	at org.postgresql.jdbc.PgPreparedStatement.executeQuery(PgPreparedStatement.java:139)
	at lab.conference.acceptance.support.Store.count(Store.java:114)
	... 44 more

[ERROR] lab.conference.acceptance.StudentRegistrationAcceptanceTest.ac_002_02_missingOrBlankRequiredFieldIsRejected(String, String)[16] -- Time elapsed: 0.067 s <<< ERROR!
java.lang.IllegalStateException: 
org.postgresql.util.PSQLException: ERROR: relation "registration" does not exist
  Position: 22
	at lab.conference.acceptance.support.Store.count(Store.java:119)
	at lab.conference.acceptance.support.Store.registrationCount(Store.java:45)
	at lab.conference.acceptance.support.Store.snapshot(Store.java:100)
	at lab.conference.acceptance.StudentRegistrationAcceptanceTest.ac_002_02_missingOrBlankRequiredFieldIsRejected(StudentRegistrationAcceptanceTest.java:87)
	at java.base/java.lang.reflect.Method.invoke(Method.java:580)
	at java.base/java.util.Optional.ifPresent(Optional.java:178)
	at java.base/java.util.stream.ForEachOps$ForEachOp$OfRef.accept(ForEachOps.java:184)
	at java.base/java.util.stream.ReferencePipeline$3$1.accept(ReferencePipeline.java:197)
	at java.base/java.util.stream.ForEachOps$ForEachOp$OfRef.accept(ForEachOps.java:184)
	at java.base/java.util.stream.ForEachOps$ForEachOp$OfRef.accept(ForEachOps.java:184)
	at java.base/java.util.stream.ReferencePipeline$3$1.accept(ReferencePipeline.java:197)
	at java.base/java.util.stream.SpinedBuffer$1Splitr.forEachRemaining(SpinedBuffer.java:356)
	at java.base/java.util.stream.ReferencePipeline$Head.forEach(ReferencePipeline.java:762)
	at java.base/java.util.stream.ReferencePipeline$7$1.accept(ReferencePipeline.java:276)
	at java.base/java.util.stream.ReferencePipeline$3$1.accept(ReferencePipeline.java:197)
	at java.base/java.util.stream.ReferencePipeline$3$1.accept(ReferencePipeline.java:197)
	at java.base/java.util.stream.ReferencePipeline$3$1.accept(ReferencePipeline.java:197)
	at java.base/java.util.Spliterators$ArraySpliterator.forEachRemaining(Spliterators.java:1024)
	at java.base/java.util.stream.AbstractPipeline.copyInto(AbstractPipeline.java:509)
	at java.base/java.util.stream.AbstractPipeline.wrapAndCopyInto(AbstractPipeline.java:499)
	at java.base/java.util.stream.ForEachOps$ForEachOp.evaluateSequential(ForEachOps.java:151)
	at java.base/java.util.stream.ForEachOps$ForEachOp$OfRef.evaluateSequential(ForEachOps.java:174)
	at java.base/java.util.stream.AbstractPipeline.evaluate(AbstractPipeline.java:234)
	at java.base/java.util.stream.ReferencePipeline.forEach(ReferencePipeline.java:596)
	at java.base/java.util.stream.ReferencePipeline$7$1.accept(ReferencePipeline.java:276)
	at java.base/java.util.ArrayList$ArrayListSpliterator.forEachRemaining(ArrayList.java:1708)
	at java.base/java.util.stream.AbstractPipeline.copyInto(AbstractPipeline.java:509)
	at java.base/java.util.stream.AbstractPipeline.wrapAndCopyInto(AbstractPipeline.java:499)
	at java.base/java.util.stream.ForEachOps$ForEachOp.evaluateSequential(ForEachOps.java:151)
	at java.base/java.util.stream.ForEachOps$ForEachOp$OfRef.evaluateSequential(ForEachOps.java:174)
	at java.base/java.util.stream.AbstractPipeline.evaluate(AbstractPipeline.java:234)
	at java.base/java.util.stream.ReferencePipeline.forEach(ReferencePipeline.java:596)
	at java.base/java.util.stream.ReferencePipeline$7$1.accept(ReferencePipeline.java:276)
	at java.base/java.util.stream.ReferencePipeline$3$1.accept(ReferencePipeline.java:197)
	at java.base/java.util.stream.ReferencePipeline$3$1.accept(ReferencePipeline.java:197)
	at java.base/java.util.stream.ReferencePipeline$3$1.accept(ReferencePipeline.java:197)
	at java.base/java.util.ArrayList$ArrayListSpliterator.forEachRemaining(ArrayList.java:1708)
	at java.base/java.util.stream.AbstractPipeline.copyInto(AbstractPipeline.java:509)
	at java.base/java.util.stream.AbstractPipeline.wrapAndCopyInto(AbstractPipeline.java:499)
	at java.base/java.util.stream.ForEachOps$ForEachOp.evaluateSequential(ForEachOps.java:151)
	at java.base/java.util.stream.ForEachOps$ForEachOp$OfRef.evaluateSequential(ForEachOps.java:174)
	at java.base/java.util.stream.AbstractPipeline.evaluate(AbstractPipeline.java:234)
	at java.base/java.util.stream.ReferencePipeline.forEach(ReferencePipeline.java:596)
	at java.base/java.util.ArrayList.forEach(ArrayList.java:1596)
	at java.base/java.util.ArrayList.forEach(ArrayList.java:1596)
Caused by: org.postgresql.util.PSQLException: ERROR: relation "registration" does not exist
  Position: 22
	at org.postgresql.core.v3.QueryExecutorImpl.receiveErrorResponse(QueryExecutorImpl.java:2904)
	at org.postgresql.core.v3.QueryExecutorImpl.processResults(QueryExecutorImpl.java:2589)
	at org.postgresql.core.v3.QueryExecutorImpl.execute(QueryExecutorImpl.java:431)
	at org.postgresql.jdbc.PgStatement.executeInternal(PgStatement.java:534)
	at org.postgresql.jdbc.PgStatement.execute(PgStatement.java:437)
	at org.postgresql.jdbc.PgPreparedStatement.executeWithFlags(PgPreparedStatement.java:196)
	at org.postgresql.jdbc.PgPreparedStatement.executeQuery(PgPreparedStatement.java:139)
	at lab.conference.acceptance.support.Store.count(Store.java:114)
	... 44 more

[ERROR] lab.conference.acceptance.StudentRegistrationAcceptanceTest.ac_002_02_missingOrBlankRequiredFieldIsRejected(String, String)[17] -- Time elapsed: 0.073 s <<< ERROR!
java.lang.IllegalStateException: 
org.postgresql.util.PSQLException: ERROR: relation "registration" does not exist
  Position: 22
	at lab.conference.acceptance.support.Store.count(Store.java:119)
	at lab.conference.acceptance.support.Store.registrationCount(Store.java:45)
	at lab.conference.acceptance.support.Store.snapshot(Store.java:100)
	at lab.conference.acceptance.StudentRegistrationAcceptanceTest.ac_002_02_missingOrBlankRequiredFieldIsRejected(StudentRegistrationAcceptanceTest.java:87)
	at java.base/java.lang.reflect.Method.invoke(Method.java:580)
	at java.base/java.util.Optional.ifPresent(Optional.java:178)
	at java.base/java.util.stream.ForEachOps$ForEachOp$OfRef.accept(ForEachOps.java:184)
	at java.base/java.util.stream.ReferencePipeline$3$1.accept(ReferencePipeline.java:197)
	at java.base/java.util.stream.ForEachOps$ForEachOp$OfRef.accept(ForEachOps.java:184)
	at java.base/java.util.stream.ForEachOps$ForEachOp$OfRef.accept(ForEachOps.java:184)
	at java.base/java.util.stream.ReferencePipeline$3$1.accept(ReferencePipeline.java:197)
	at java.base/java.util.stream.SpinedBuffer$1Splitr.forEachRemaining(SpinedBuffer.java:364)
	at java.base/java.util.stream.ReferencePipeline$Head.forEach(ReferencePipeline.java:762)
	at java.base/java.util.stream.ReferencePipeline$7$1.accept(ReferencePipeline.java:276)
	at java.base/java.util.stream.ReferencePipeline$3$1.accept(ReferencePipeline.java:197)
	at java.base/java.util.stream.ReferencePipeline$3$1.accept(ReferencePipeline.java:197)
	at java.base/java.util.stream.ReferencePipeline$3$1.accept(ReferencePipeline.java:197)
	at java.base/java.util.Spliterators$ArraySpliterator.forEachRemaining(Spliterators.java:1024)
	at java.base/java.util.stream.AbstractPipeline.copyInto(AbstractPipeline.java:509)
	at java.base/java.util.stream.AbstractPipeline.wrapAndCopyInto(AbstractPipeline.java:499)
	at java.base/java.util.stream.ForEachOps$ForEachOp.evaluateSequential(ForEachOps.java:151)
	at java.base/java.util.stream.ForEachOps$ForEachOp$OfRef.evaluateSequential(ForEachOps.java:174)
	at java.base/java.util.stream.AbstractPipeline.evaluate(AbstractPipeline.java:234)
	at java.base/java.util.stream.ReferencePipeline.forEach(ReferencePipeline.java:596)
	at java.base/java.util.stream.ReferencePipeline$7$1.accept(ReferencePipeline.java:276)
	at java.base/java.util.ArrayList$ArrayListSpliterator.forEachRemaining(ArrayList.java:1708)
	at java.base/java.util.stream.AbstractPipeline.copyInto(AbstractPipeline.java:509)
	at java.base/java.util.stream.AbstractPipeline.wrapAndCopyInto(AbstractPipeline.java:499)
	at java.base/java.util.stream.ForEachOps$ForEachOp.evaluateSequential(ForEachOps.java:151)
	at java.base/java.util.stream.ForEachOps$ForEachOp$OfRef.evaluateSequential(ForEachOps.java:174)
	at java.base/java.util.stream.AbstractPipeline.evaluate(AbstractPipeline.java:234)
	at java.base/java.util.stream.ReferencePipeline.forEach(ReferencePipeline.java:596)
	at java.base/java.util.stream.ReferencePipeline$7$1.accept(ReferencePipeline.java:276)
	at java.base/java.util.stream.ReferencePipeline$3$1.accept(ReferencePipeline.java:197)
	at java.base/java.util.stream.ReferencePipeline$3$1.accept(ReferencePipeline.java:197)
	at java.base/java.util.stream.ReferencePipeline$3$1.accept(ReferencePipeline.java:197)
	at java.base/java.util.ArrayList$ArrayListSpliterator.forEachRemaining(ArrayList.java:1708)
	at java.base/java.util.stream.AbstractPipeline.copyInto(AbstractPipeline.java:509)
	at java.base/java.util.stream.AbstractPipeline.wrapAndCopyInto(AbstractPipeline.java:499)
	at java.base/java.util.stream.ForEachOps$ForEachOp.evaluateSequential(ForEachOps.java:151)
	at java.base/java.util.stream.ForEachOps$ForEachOp$OfRef.evaluateSequential(ForEachOps.java:174)
	at java.base/java.util.stream.AbstractPipeline.evaluate(AbstractPipeline.java:234)
	at java.base/java.util.stream.ReferencePipeline.forEach(ReferencePipeline.java:596)
	at java.base/java.util.ArrayList.forEach(ArrayList.java:1596)
	at java.base/java.util.ArrayList.forEach(ArrayList.java:1596)
Caused by: org.postgresql.util.PSQLException: ERROR: relation "registration" does not exist
  Position: 22
	at org.postgresql.core.v3.QueryExecutorImpl.receiveErrorResponse(QueryExecutorImpl.java:2904)
	at org.postgresql.core.v3.QueryExecutorImpl.processResults(QueryExecutorImpl.java:2589)
	at org.postgresql.core.v3.QueryExecutorImpl.execute(QueryExecutorImpl.java:431)
	at org.postgresql.jdbc.PgStatement.executeInternal(PgStatement.java:534)
	at org.postgresql.jdbc.PgStatement.execute(PgStatement.java:437)
	at org.postgresql.jdbc.PgPreparedStatement.executeWithFlags(PgPreparedStatement.java:196)
	at org.postgresql.jdbc.PgPreparedStatement.executeQuery(PgPreparedStatement.java:139)
	at lab.conference.acceptance.support.Store.count(Store.java:114)
	... 44 more

[ERROR] lab.conference.acceptance.StudentRegistrationAcceptanceTest.ac_002_02_missingOrBlankRequiredFieldIsRejected(String, String)[18] -- Time elapsed: 0.063 s <<< ERROR!
java.lang.IllegalStateException: 
org.postgresql.util.PSQLException: ERROR: relation "registration" does not exist
  Position: 22
	at lab.conference.acceptance.support.Store.count(Store.java:119)
	at lab.conference.acceptance.support.Store.registrationCount(Store.java:45)
	at lab.conference.acceptance.support.Store.snapshot(Store.java:100)
	at lab.conference.acceptance.StudentRegistrationAcceptanceTest.ac_002_02_missingOrBlankRequiredFieldIsRejected(StudentRegistrationAcceptanceTest.java:87)
	at java.base/java.lang.reflect.Method.invoke(Method.java:580)
	at java.base/java.util.Optional.ifPresent(Optional.java:178)
	at java.base/java.util.stream.ForEachOps$ForEachOp$OfRef.accept(ForEachOps.java:184)
	at java.base/java.util.stream.ReferencePipeline$3$1.accept(ReferencePipeline.java:197)
	at java.base/java.util.stream.ForEachOps$ForEachOp$OfRef.accept(ForEachOps.java:184)
	at java.base/java.util.stream.ForEachOps$ForEachOp$OfRef.accept(ForEachOps.java:184)
	at java.base/java.util.stream.ReferencePipeline$3$1.accept(ReferencePipeline.java:197)
	at java.base/java.util.stream.SpinedBuffer$1Splitr.forEachRemaining(SpinedBuffer.java:364)
	at java.base/java.util.stream.ReferencePipeline$Head.forEach(ReferencePipeline.java:762)
	at java.base/java.util.stream.ReferencePipeline$7$1.accept(ReferencePipeline.java:276)
	at java.base/java.util.stream.ReferencePipeline$3$1.accept(ReferencePipeline.java:197)
	at java.base/java.util.stream.ReferencePipeline$3$1.accept(ReferencePipeline.java:197)
	at java.base/java.util.stream.ReferencePipeline$3$1.accept(ReferencePipeline.java:197)
	at java.base/java.util.Spliterators$ArraySpliterator.forEachRemaining(Spliterators.java:1024)
	at java.base/java.util.stream.AbstractPipeline.copyInto(AbstractPipeline.java:509)
	at java.base/java.util.stream.AbstractPipeline.wrapAndCopyInto(AbstractPipeline.java:499)
	at java.base/java.util.stream.ForEachOps$ForEachOp.evaluateSequential(ForEachOps.java:151)
	at java.base/java.util.stream.ForEachOps$ForEachOp$OfRef.evaluateSequential(ForEachOps.java:174)
	at java.base/java.util.stream.AbstractPipeline.evaluate(AbstractPipeline.java:234)
	at java.base/java.util.stream.ReferencePipeline.forEach(ReferencePipeline.java:596)
	at java.base/java.util.stream.ReferencePipeline$7$1.accept(ReferencePipeline.java:276)
	at java.base/java.util.ArrayList$ArrayListSpliterator.forEachRemaining(ArrayList.java:1708)
	at java.base/java.util.stream.AbstractPipeline.copyInto(AbstractPipeline.java:509)
	at java.base/java.util.stream.AbstractPipeline.wrapAndCopyInto(AbstractPipeline.java:499)
	at java.base/java.util.stream.ForEachOps$ForEachOp.evaluateSequential(ForEachOps.java:151)
	at java.base/java.util.stream.ForEachOps$ForEachOp$OfRef.evaluateSequential(ForEachOps.java:174)
	at java.base/java.util.stream.AbstractPipeline.evaluate(AbstractPipeline.java:234)
	at java.base/java.util.stream.ReferencePipeline.forEach(ReferencePipeline.java:596)
	at java.base/java.util.stream.ReferencePipeline$7$1.accept(ReferencePipeline.java:276)
	at java.base/java.util.stream.ReferencePipeline$3$1.accept(ReferencePipeline.java:197)
	at java.base/java.util.stream.ReferencePipeline$3$1.accept(ReferencePipeline.java:197)
	at java.base/java.util.stream.ReferencePipeline$3$1.accept(ReferencePipeline.java:197)
	at java.base/java.util.ArrayList$ArrayListSpliterator.forEachRemaining(ArrayList.java:1708)
	at java.base/java.util.stream.AbstractPipeline.copyInto(AbstractPipeline.java:509)
	at java.base/java.util.stream.AbstractPipeline.wrapAndCopyInto(AbstractPipeline.java:499)
	at java.base/java.util.stream.ForEachOps$ForEachOp.evaluateSequential(ForEachOps.java:151)
	at java.base/java.util.stream.ForEachOps$ForEachOp$OfRef.evaluateSequential(ForEachOps.java:174)
	at java.base/java.util.stream.AbstractPipeline.evaluate(AbstractPipeline.java:234)
	at java.base/java.util.stream.ReferencePipeline.forEach(ReferencePipeline.java:596)
	at java.base/java.util.ArrayList.forEach(ArrayList.java:1596)
	at java.base/java.util.ArrayList.forEach(ArrayList.java:1596)
Caused by: org.postgresql.util.PSQLException: ERROR: relation "registration" does not exist
  Position: 22
	at org.postgresql.core.v3.QueryExecutorImpl.receiveErrorResponse(QueryExecutorImpl.java:2904)
	at org.postgresql.core.v3.QueryExecutorImpl.processResults(QueryExecutorImpl.java:2589)
	at org.postgresql.core.v3.QueryExecutorImpl.execute(QueryExecutorImpl.java:431)
	at org.postgresql.jdbc.PgStatement.executeInternal(PgStatement.java:534)
	at org.postgresql.jdbc.PgStatement.execute(PgStatement.java:437)
	at org.postgresql.jdbc.PgPreparedStatement.executeWithFlags(PgPreparedStatement.java:196)
	at org.postgresql.jdbc.PgPreparedStatement.executeQuery(PgPreparedStatement.java:139)
	at lab.conference.acceptance.support.Store.count(Store.java:114)
	... 44 more

[INFO] Running lab.conference.acceptance.RateLimitAcceptanceTest

  .   ____          _            __ _ _
 /\\ / ___'_ __ _ _(_)_ __  __ _ \ \ \ \
( ( )\___ | '_ | '_| | '_ \/ _` | \ \ \ \
 \\/  ___)| |_)| | | | | || (_| |  ) ) ) )
  '  |____| .__|_| |_|_| |_\__, | / / / /
 =========|_|==============|___/=/_/_/_/

 :: Spring Boot ::               (v3.5.16)

2026-09-30T12:46:44.969+02:00  INFO 1817604 --- [conference-backend] [           main] o.a.maven.surefire.booter.ForkedBooter   : Starting ForkedBooter v3.5.6 using Java 21.0.12 with PID 1817604 (started by tjan-kazar in /home/tjan-kazar/storage/Work/lab/agentic_lab/02_output/backend)
2026-09-30T12:46:44.969+02:00  INFO 1817604 --- [conference-backend] [           main] o.a.maven.surefire.booter.ForkedBooter   : No active profile set, falling back to 1 default profile: "default"
2026-09-30T12:46:45.152+02:00  INFO 1817604 --- [conference-backend] [           main] .s.d.r.c.RepositoryConfigurationDelegate : Bootstrapping Spring Data JPA repositories in DEFAULT mode.
2026-09-30T12:46:45.155+02:00  INFO 1817604 --- [conference-backend] [           main] .s.d.r.c.RepositoryConfigurationDelegate : Finished Spring Data repository scanning in 1 ms. Found 0 JPA repository interfaces.
2026-09-30T12:46:45.218+02:00  INFO 1817604 --- [conference-backend] [           main] o.s.b.w.embedded.tomcat.TomcatWebServer  : Tomcat initialized with port 0 (http)
2026-09-30T12:46:45.219+02:00  INFO 1817604 --- [conference-backend] [           main] o.apache.catalina.core.StandardService   : Starting service [Tomcat]
2026-09-30T12:46:45.220+02:00  INFO 1817604 --- [conference-backend] [           main] o.apache.catalina.core.StandardEngine    : Starting Servlet engine: [Apache Tomcat/10.1.60]
2026-09-30T12:46:45.230+02:00  INFO 1817604 --- [conference-backend] [           main] o.a.c.c.C.[Tomcat-1].[localhost].[/]     : Initializing Spring embedded WebApplicationContext
2026-09-30T12:46:45.230+02:00  INFO 1817604 --- [conference-backend] [           main] w.s.c.ServletWebServerApplicationContext : Root WebApplicationContext: initialization completed in 260 ms
2026-09-30T12:46:45.286+02:00  INFO 1817604 --- [conference-backend] [           main] com.zaxxer.hikari.HikariDataSource       : HikariPool-9 - Starting...
2026-09-30T12:46:45.309+02:00  INFO 1817604 --- [conference-backend] [           main] com.zaxxer.hikari.pool.HikariPool        : HikariPool-9 - Added connection org.postgresql.jdbc.PgConnection@69dc5c20
2026-09-30T12:46:45.309+02:00  INFO 1817604 --- [conference-backend] [           main] com.zaxxer.hikari.HikariDataSource       : HikariPool-9 - Start completed.
2026-09-30T12:46:45.311+02:00  INFO 1817604 --- [conference-backend] [           main] org.flywaydb.core.FlywayExecutor         : Database: jdbc:postgresql://localhost:33183/conf_15d6d0006621 (PostgreSQL 16.14)
2026-09-30T12:46:45.325+02:00  INFO 1817604 --- [conference-backend] [           main] o.f.c.i.s.JdbcTableSchemaHistory         : Schema history table "public"."flyway_schema_history" does not exist yet
2026-09-30T12:46:45.328+02:00  INFO 1817604 --- [conference-backend] [           main] o.f.core.internal.command.DbValidate     : Successfully validated 0 migrations (execution time 00:00.006s)
2026-09-30T12:46:45.328+02:00  WARN 1817604 --- [conference-backend] [           main] o.f.core.internal.command.DbValidate     : No migrations found. Are your locations set up correctly?
2026-09-30T12:46:45.340+02:00  INFO 1817604 --- [conference-backend] [           main] o.f.c.i.s.JdbcTableSchemaHistory         : Creating Schema History table "public"."flyway_schema_history" ...
2026-09-30T12:46:45.386+02:00  INFO 1817604 --- [conference-backend] [           main] o.f.core.internal.command.DbMigrate      : Current version of schema "public": << Empty Schema >>
2026-09-30T12:46:45.387+02:00  INFO 1817604 --- [conference-backend] [           main] o.f.core.internal.command.DbMigrate      : Schema "public" is up to date. No migration necessary.
2026-09-30T12:46:45.405+02:00  INFO 1817604 --- [conference-backend] [           main] o.hibernate.jpa.internal.util.LogHelper  : HHH000204: Processing PersistenceUnitInfo [name: default]
2026-09-30T12:46:45.407+02:00  INFO 1817604 --- [conference-backend] [           main] o.h.c.internal.RegionFactoryInitiator    : HHH000026: Second-level cache disabled
2026-09-30T12:46:45.416+02:00  INFO 1817604 --- [conference-backend] [           main] o.s.o.j.p.SpringPersistenceUnitInfo      : No LoadTimeWeaver setup: ignoring JPA class transformer
2026-09-30T12:46:45.423+02:00  INFO 1817604 --- [conference-backend] [           main] org.hibernate.orm.connections.pooling    : HHH10001005: Database info:
	Database JDBC URL [Connecting through datasource 'HikariDataSource (HikariPool-9)']
	Database driver: undefined/unknown
	Database version: 16.14
	Autocommit mode: undefined/unknown
	Isolation level: undefined/unknown
	Minimum pool size: undefined/unknown
	Maximum pool size: undefined/unknown
2026-09-30T12:46:45.442+02:00  INFO 1817604 --- [conference-backend] [           main] o.h.e.t.j.p.i.JtaPlatformInitiator       : HHH000489: No JTA platform available (set 'hibernate.transaction.jta.platform' to enable JTA platform integration)
2026-09-30T12:46:45.442+02:00  INFO 1817604 --- [conference-backend] [           main] j.LocalContainerEntityManagerFactoryBean : Initialized JPA EntityManagerFactory for persistence unit 'default'
2026-09-30T12:46:45.605+02:00  WARN 1817604 --- [conference-backend] [           main] .s.s.UserDetailsServiceAutoConfiguration : 

Using generated security password: <redacted by agent, F-03>

This generated password is for development use only. Your security configuration must be updated before running your application in production.

2026-09-30T12:46:45.606+02:00  INFO 1817604 --- [conference-backend] [           main] r$InitializeUserDetailsManagerConfigurer : Global AuthenticationManager configured with UserDetailsService bean with name inMemoryUserDetailsManager
2026-09-30T12:46:45.619+02:00  INFO 1817604 --- [conference-backend] [           main] o.s.b.a.e.web.EndpointLinksResolver      : Exposing 1 endpoint beneath base path '/actuator'
2026-09-30T12:46:45.666+02:00  INFO 1817604 --- [conference-backend] [           main] o.s.b.w.embedded.tomcat.TomcatWebServer  : Tomcat started on port 41025 (http) with context path '/'
2026-09-30T12:46:45.674+02:00  INFO 1817604 --- [conference-backend] [           main] o.a.maven.surefire.booter.ForkedBooter   : Started ForkedBooter in 0.727 seconds (process running for 139.915)
2026-09-30T12:46:45.683+02:00  INFO 1817604 --- [conference-backend] [o-auto-9-exec-1] o.a.c.c.C.[Tomcat-1].[localhost].[/]     : Initializing Spring DispatcherServlet 'dispatcherServlet'
2026-09-30T12:46:45.683+02:00  INFO 1817604 --- [conference-backend] [o-auto-9-exec-1] o.s.web.servlet.DispatcherServlet        : Initializing Servlet 'dispatcherServlet'
2026-09-30T12:46:45.684+02:00  INFO 1817604 --- [conference-backend] [o-auto-9-exec-1] o.s.web.servlet.DispatcherServlet        : Completed initialization in 1 ms
2026-09-30T12:46:45.698+02:00  INFO 1817604 --- [conference-backend] [           main] o.s.b.w.e.tomcat.GracefulShutdown        : Commencing graceful shutdown. Waiting for active requests to complete
2026-09-30T12:46:45.700+02:00  INFO 1817604 --- [conference-backend] [tomcat-shutdown] o.s.b.w.e.tomcat.GracefulShutdown        : Graceful shutdown complete
2026-09-30T12:46:45.702+02:00  INFO 1817604 --- [conference-backend] [           main] j.LocalContainerEntityManagerFactoryBean : Closing JPA EntityManagerFactory for persistence unit 'default'
2026-09-30T12:46:45.703+02:00  INFO 1817604 --- [conference-backend] [           main] com.zaxxer.hikari.HikariDataSource       : HikariPool-9 - Shutdown initiated...
2026-09-30T12:46:45.729+02:00  INFO 1817604 --- [conference-backend] [           main] com.zaxxer.hikari.HikariDataSource       : HikariPool-9 - Shutdown completed.

  .   ____          _            __ _ _
 /\\ / ___'_ __ _ _(_)_ __  __ _ \ \ \ \
( ( )\___ | '_ | '_| | '_ \/ _` | \ \ \ \
 \\/  ___)| |_)| | | | | || (_| |  ) ) ) )
  '  |____| .__|_| |_|_| |_\__, | / / / /
 =========|_|==============|___/=/_/_/_/

 :: Spring Boot ::               (v3.5.16)

2026-09-30T12:46:45.938+02:00  INFO 1817604 --- [conference-backend] [           main] o.a.maven.surefire.booter.ForkedBooter   : Starting ForkedBooter v3.5.6 using Java 21.0.12 with PID 1817604 (started by tjan-kazar in /home/tjan-kazar/storage/Work/lab/agentic_lab/02_output/backend)
2026-09-30T12:46:45.939+02:00  INFO 1817604 --- [conference-backend] [           main] o.a.maven.surefire.booter.ForkedBooter   : No active profile set, falling back to 1 default profile: "default"
2026-09-30T12:46:46.174+02:00  INFO 1817604 --- [conference-backend] [           main] .s.d.r.c.RepositoryConfigurationDelegate : Bootstrapping Spring Data JPA repositories in DEFAULT mode.
2026-09-30T12:46:46.177+02:00  INFO 1817604 --- [conference-backend] [           main] .s.d.r.c.RepositoryConfigurationDelegate : Finished Spring Data repository scanning in 1 ms. Found 0 JPA repository interfaces.
2026-09-30T12:46:46.257+02:00  INFO 1817604 --- [conference-backend] [           main] o.s.b.w.embedded.tomcat.TomcatWebServer  : Tomcat initialized with port 0 (http)
2026-09-30T12:46:46.258+02:00  INFO 1817604 --- [conference-backend] [           main] o.apache.catalina.core.StandardService   : Starting service [Tomcat]
2026-09-30T12:46:46.259+02:00  INFO 1817604 --- [conference-backend] [           main] o.apache.catalina.core.StandardEngine    : Starting Servlet engine: [Apache Tomcat/10.1.60]
2026-09-30T12:46:46.271+02:00  INFO 1817604 --- [conference-backend] [           main] o.a.c.c.C.[Tomcat-1].[localhost].[/]     : Initializing Spring embedded WebApplicationContext
2026-09-30T12:46:46.271+02:00  INFO 1817604 --- [conference-backend] [           main] w.s.c.ServletWebServerApplicationContext : Root WebApplicationContext: initialization completed in 330 ms
2026-09-30T12:46:46.354+02:00  INFO 1817604 --- [conference-backend] [           main] com.zaxxer.hikari.HikariDataSource       : HikariPool-10 - Starting...
2026-09-30T12:46:46.393+02:00  INFO 1817604 --- [conference-backend] [           main] com.zaxxer.hikari.pool.HikariPool        : HikariPool-10 - Added connection org.postgresql.jdbc.PgConnection@2dcd206c
2026-09-30T12:46:46.393+02:00  INFO 1817604 --- [conference-backend] [           main] com.zaxxer.hikari.HikariDataSource       : HikariPool-10 - Start completed.
2026-09-30T12:46:46.398+02:00  INFO 1817604 --- [conference-backend] [           main] org.flywaydb.core.FlywayExecutor         : Database: jdbc:postgresql://localhost:33183/conf_1edb94cf36e5 (PostgreSQL 16.14)
2026-09-30T12:46:46.442+02:00  INFO 1817604 --- [conference-backend] [           main] o.f.c.i.s.JdbcTableSchemaHistory         : Schema history table "public"."flyway_schema_history" does not exist yet
2026-09-30T12:46:46.444+02:00  INFO 1817604 --- [conference-backend] [           main] o.f.core.internal.command.DbValidate     : Successfully validated 0 migrations (execution time 00:00.007s)
2026-09-30T12:46:46.444+02:00  WARN 1817604 --- [conference-backend] [           main] o.f.core.internal.command.DbValidate     : No migrations found. Are your locations set up correctly?
2026-09-30T12:46:46.464+02:00  INFO 1817604 --- [conference-backend] [           main] o.f.c.i.s.JdbcTableSchemaHistory         : Creating Schema History table "public"."flyway_schema_history" ...
2026-09-30T12:46:46.514+02:00  INFO 1817604 --- [conference-backend] [           main] o.f.core.internal.command.DbMigrate      : Current version of schema "public": << Empty Schema >>
2026-09-30T12:46:46.517+02:00  INFO 1817604 --- [conference-backend] [           main] o.f.core.internal.command.DbMigrate      : Schema "public" is up to date. No migration necessary.
2026-09-30T12:46:46.566+02:00  INFO 1817604 --- [conference-backend] [           main] o.hibernate.jpa.internal.util.LogHelper  : HHH000204: Processing PersistenceUnitInfo [name: default]
2026-09-30T12:46:46.569+02:00  INFO 1817604 --- [conference-backend] [           main] o.h.c.internal.RegionFactoryInitiator    : HHH000026: Second-level cache disabled
2026-09-30T12:46:46.587+02:00  INFO 1817604 --- [conference-backend] [           main] o.s.o.j.p.SpringPersistenceUnitInfo      : No LoadTimeWeaver setup: ignoring JPA class transformer
2026-09-30T12:46:46.606+02:00  INFO 1817604 --- [conference-backend] [           main] org.hibernate.orm.connections.pooling    : HHH10001005: Database info:
	Database JDBC URL [Connecting through datasource 'HikariDataSource (HikariPool-10)']
	Database driver: undefined/unknown
	Database version: 16.14
	Autocommit mode: undefined/unknown
	Isolation level: undefined/unknown
	Minimum pool size: undefined/unknown
	Maximum pool size: undefined/unknown
2026-09-30T12:46:46.632+02:00  INFO 1817604 --- [conference-backend] [           main] o.h.e.t.j.p.i.JtaPlatformInitiator       : HHH000489: No JTA platform available (set 'hibernate.transaction.jta.platform' to enable JTA platform integration)
2026-09-30T12:46:46.632+02:00  INFO 1817604 --- [conference-backend] [           main] j.LocalContainerEntityManagerFactoryBean : Initialized JPA EntityManagerFactory for persistence unit 'default'
2026-09-30T12:46:46.846+02:00  WARN 1817604 --- [conference-backend] [           main] .s.s.UserDetailsServiceAutoConfiguration : 

Using generated security password: <redacted by agent, F-03>

This generated password is for development use only. Your security configuration must be updated before running your application in production.

2026-09-30T12:46:46.847+02:00  INFO 1817604 --- [conference-backend] [           main] r$InitializeUserDetailsManagerConfigurer : Global AuthenticationManager configured with UserDetailsService bean with name inMemoryUserDetailsManager
2026-09-30T12:46:46.860+02:00  INFO 1817604 --- [conference-backend] [           main] o.s.b.a.e.web.EndpointLinksResolver      : Exposing 1 endpoint beneath base path '/actuator'
2026-09-30T12:46:46.918+02:00  INFO 1817604 --- [conference-backend] [           main] o.s.b.w.embedded.tomcat.TomcatWebServer  : Tomcat started on port 43835 (http) with context path '/'
2026-09-30T12:46:46.927+02:00  INFO 1817604 --- [conference-backend] [           main] o.a.maven.surefire.booter.ForkedBooter   : Started ForkedBooter in 1.014 seconds (process running for 141.169)
2026-09-30T12:46:46.936+02:00  INFO 1817604 --- [conference-backend] [-auto-10-exec-2] o.a.c.c.C.[Tomcat-1].[localhost].[/]     : Initializing Spring DispatcherServlet 'dispatcherServlet'
2026-09-30T12:46:46.936+02:00  INFO 1817604 --- [conference-backend] [-auto-10-exec-2] o.s.web.servlet.DispatcherServlet        : Initializing Servlet 'dispatcherServlet'
2026-09-30T12:46:46.938+02:00  INFO 1817604 --- [conference-backend] [-auto-10-exec-2] o.s.web.servlet.DispatcherServlet        : Completed initialization in 2 ms
2026-09-30T12:46:47.495+02:00  INFO 1817604 --- [conference-backend] [           main] o.s.b.w.e.tomcat.GracefulShutdown        : Commencing graceful shutdown. Waiting for active requests to complete
2026-09-30T12:46:47.497+02:00  INFO 1817604 --- [conference-backend] [tomcat-shutdown] o.s.b.w.e.tomcat.GracefulShutdown        : Graceful shutdown complete
2026-09-30T12:46:47.507+02:00  INFO 1817604 --- [conference-backend] [           main] j.LocalContainerEntityManagerFactoryBean : Closing JPA EntityManagerFactory for persistence unit 'default'
2026-09-30T12:46:47.508+02:00  INFO 1817604 --- [conference-backend] [           main] com.zaxxer.hikari.HikariDataSource       : HikariPool-10 - Shutdown initiated...
2026-09-30T12:46:47.510+02:00  INFO 1817604 --- [conference-backend] [           main] com.zaxxer.hikari.HikariDataSource       : HikariPool-10 - Shutdown completed.
[ERROR] Tests run: 2, Failures: 2, Errors: 0, Skipped: 0, Time elapsed: 2.836 s <<< FAILURE! -- in lab.conference.acceptance.RateLimitAcceptanceTest
[ERROR] lab.conference.acceptance.RateLimitAcceptanceTest.ac_001_10_registrationsAboveTheRateLimitAreRejectedAndNotStored -- Time elapsed: 1.048 s <<< FAILURE!
org.opentest4j.AssertionFailedError: 
[HTTP 401 ] 
expected: 201
 but was: 401
	at lab.conference.acceptance.RateLimitAcceptanceTest.ac_001_10_registrationsAboveTheRateLimitAreRejectedAndNotStored(RateLimitAcceptanceTest.java:20)
	at java.base/java.lang.reflect.Method.invoke(Method.java:580)
	at java.base/java.util.ArrayList.forEach(ArrayList.java:1596)
	at java.base/java.util.ArrayList.forEach(ArrayList.java:1596)

[ERROR] lab.conference.acceptance.RateLimitAcceptanceTest.ac_008_05_exportAuthenticationAttemptsAboveTheLimitAreRefused -- Time elapsed: 1.783 s <<< FAILURE!
org.opentest4j.AssertionFailedError: 
[HTTP 401 ] 
expected: 429
 but was: 401
	at lab.conference.acceptance.RateLimitAcceptanceTest.ac_008_05_exportAuthenticationAttemptsAboveTheLimitAreRefused(RateLimitAcceptanceTest.java:44)
	at java.base/java.lang.reflect.Method.invoke(Method.java:580)
	at java.base/java.util.ArrayList.forEach(ArrayList.java:1596)
	at java.base/java.util.ArrayList.forEach(ArrayList.java:1596)

[INFO] Running lab.conference.acceptance.IdempotencyAcceptanceTest

  .   ____          _            __ _ _
 /\\ / ___'_ __ _ _(_)_ __  __ _ \ \ \ \
( ( )\___ | '_ | '_| | '_ \/ _` | \ \ \ \
 \\/  ___)| |_)| | | | | || (_| |  ) ) ) )
  '  |____| .__|_| |_|_| |_\__, | / / / /
 =========|_|==============|___/=/_/_/_/

 :: Spring Boot ::               (v3.5.16)

2026-09-30T12:46:47.712+02:00  INFO 1817604 --- [conference-backend] [           main] o.a.maven.surefire.booter.ForkedBooter   : Starting ForkedBooter v3.5.6 using Java 21.0.12 with PID 1817604 (started by tjan-kazar in /home/tjan-kazar/storage/Work/lab/agentic_lab/02_output/backend)
2026-09-30T12:46:47.713+02:00  INFO 1817604 --- [conference-backend] [           main] o.a.maven.surefire.booter.ForkedBooter   : No active profile set, falling back to 1 default profile: "default"
2026-09-30T12:46:47.934+02:00  INFO 1817604 --- [conference-backend] [           main] .s.d.r.c.RepositoryConfigurationDelegate : Bootstrapping Spring Data JPA repositories in DEFAULT mode.
2026-09-30T12:46:47.939+02:00  INFO 1817604 --- [conference-backend] [           main] .s.d.r.c.RepositoryConfigurationDelegate : Finished Spring Data repository scanning in 3 ms. Found 0 JPA repository interfaces.
2026-09-30T12:46:48.023+02:00  INFO 1817604 --- [conference-backend] [           main] o.s.b.w.embedded.tomcat.TomcatWebServer  : Tomcat initialized with port 0 (http)
2026-09-30T12:46:48.024+02:00  INFO 1817604 --- [conference-backend] [           main] o.apache.catalina.core.StandardService   : Starting service [Tomcat]
2026-09-30T12:46:48.024+02:00  INFO 1817604 --- [conference-backend] [           main] o.apache.catalina.core.StandardEngine    : Starting Servlet engine: [Apache Tomcat/10.1.60]
2026-09-30T12:46:48.037+02:00  INFO 1817604 --- [conference-backend] [           main] o.a.c.c.C.[Tomcat-1].[localhost].[/]     : Initializing Spring embedded WebApplicationContext
2026-09-30T12:46:48.038+02:00  INFO 1817604 --- [conference-backend] [           main] w.s.c.ServletWebServerApplicationContext : Root WebApplicationContext: initialization completed in 324 ms
2026-09-30T12:46:48.099+02:00  INFO 1817604 --- [conference-backend] [           main] com.zaxxer.hikari.HikariDataSource       : HikariPool-11 - Starting...
2026-09-30T12:46:48.121+02:00  INFO 1817604 --- [conference-backend] [           main] com.zaxxer.hikari.pool.HikariPool        : HikariPool-11 - Added connection org.postgresql.jdbc.PgConnection@34eb5d33
2026-09-30T12:46:48.121+02:00  INFO 1817604 --- [conference-backend] [           main] com.zaxxer.hikari.HikariDataSource       : HikariPool-11 - Start completed.
2026-09-30T12:46:48.123+02:00  INFO 1817604 --- [conference-backend] [           main] org.flywaydb.core.FlywayExecutor         : Database: jdbc:postgresql://localhost:33183/conf_abd2b80ce7cb (PostgreSQL 16.14)
2026-09-30T12:46:48.136+02:00  INFO 1817604 --- [conference-backend] [           main] o.f.c.i.s.JdbcTableSchemaHistory         : Schema history table "public"."flyway_schema_history" does not exist yet
2026-09-30T12:46:48.137+02:00  INFO 1817604 --- [conference-backend] [           main] o.f.core.internal.command.DbValidate     : Successfully validated 0 migrations (execution time 00:00.003s)
2026-09-30T12:46:48.137+02:00  WARN 1817604 --- [conference-backend] [           main] o.f.core.internal.command.DbValidate     : No migrations found. Are your locations set up correctly?
2026-09-30T12:46:48.156+02:00  INFO 1817604 --- [conference-backend] [           main] o.f.c.i.s.JdbcTableSchemaHistory         : Creating Schema History table "public"."flyway_schema_history" ...
2026-09-30T12:46:48.198+02:00  INFO 1817604 --- [conference-backend] [           main] o.f.core.internal.command.DbMigrate      : Current version of schema "public": << Empty Schema >>
2026-09-30T12:46:48.199+02:00  INFO 1817604 --- [conference-backend] [           main] o.f.core.internal.command.DbMigrate      : Schema "public" is up to date. No migration necessary.
2026-09-30T12:46:48.216+02:00  INFO 1817604 --- [conference-backend] [           main] o.hibernate.jpa.internal.util.LogHelper  : HHH000204: Processing PersistenceUnitInfo [name: default]
2026-09-30T12:46:48.218+02:00  INFO 1817604 --- [conference-backend] [           main] o.h.c.internal.RegionFactoryInitiator    : HHH000026: Second-level cache disabled
2026-09-30T12:46:48.226+02:00  INFO 1817604 --- [conference-backend] [           main] o.s.o.j.p.SpringPersistenceUnitInfo      : No LoadTimeWeaver setup: ignoring JPA class transformer
2026-09-30T12:46:48.233+02:00  INFO 1817604 --- [conference-backend] [           main] org.hibernate.orm.connections.pooling    : HHH10001005: Database info:
	Database JDBC URL [Connecting through datasource 'HikariDataSource (HikariPool-11)']
	Database driver: undefined/unknown
	Database version: 16.14
	Autocommit mode: undefined/unknown
	Isolation level: undefined/unknown
	Minimum pool size: undefined/unknown
	Maximum pool size: undefined/unknown
2026-09-30T12:46:48.251+02:00  INFO 1817604 --- [conference-backend] [           main] o.h.e.t.j.p.i.JtaPlatformInitiator       : HHH000489: No JTA platform available (set 'hibernate.transaction.jta.platform' to enable JTA platform integration)
2026-09-30T12:46:48.251+02:00  INFO 1817604 --- [conference-backend] [           main] j.LocalContainerEntityManagerFactoryBean : Initialized JPA EntityManagerFactory for persistence unit 'default'
2026-09-30T12:46:48.388+02:00  WARN 1817604 --- [conference-backend] [           main] .s.s.UserDetailsServiceAutoConfiguration : 

Using generated security password: <redacted by agent, F-03>

This generated password is for development use only. Your security configuration must be updated before running your application in production.

2026-09-30T12:46:48.389+02:00  INFO 1817604 --- [conference-backend] [           main] r$InitializeUserDetailsManagerConfigurer : Global AuthenticationManager configured with UserDetailsService bean with name inMemoryUserDetailsManager
2026-09-30T12:46:48.400+02:00  INFO 1817604 --- [conference-backend] [           main] o.s.b.a.e.web.EndpointLinksResolver      : Exposing 1 endpoint beneath base path '/actuator'
2026-09-30T12:46:48.438+02:00  INFO 1817604 --- [conference-backend] [           main] o.s.b.w.embedded.tomcat.TomcatWebServer  : Tomcat started on port 43755 (http) with context path '/'
2026-09-30T12:46:48.445+02:00  INFO 1817604 --- [conference-backend] [           main] o.a.maven.surefire.booter.ForkedBooter   : Started ForkedBooter in 0.755 seconds (process running for 142.687)
2026-09-30T12:46:48.451+02:00  INFO 1817604 --- [conference-backend] [-auto-11-exec-1] o.a.c.c.C.[Tomcat-1].[localhost].[/]     : Initializing Spring DispatcherServlet 'dispatcherServlet'
2026-09-30T12:46:48.451+02:00  INFO 1817604 --- [conference-backend] [-auto-11-exec-1] o.s.web.servlet.DispatcherServlet        : Initializing Servlet 'dispatcherServlet'
2026-09-30T12:46:48.452+02:00  INFO 1817604 --- [conference-backend] [-auto-11-exec-1] o.s.web.servlet.DispatcherServlet        : Completed initialization in 1 ms
2026-09-30T12:46:48.520+02:00  INFO 1817604 --- [conference-backend] [           main] o.s.b.w.e.tomcat.GracefulShutdown        : Commencing graceful shutdown. Waiting for active requests to complete
2026-09-30T12:46:48.521+02:00  INFO 1817604 --- [conference-backend] [tomcat-shutdown] o.s.b.w.e.tomcat.GracefulShutdown        : Graceful shutdown complete
2026-09-30T12:46:48.523+02:00  INFO 1817604 --- [conference-backend] [           main] j.LocalContainerEntityManagerFactoryBean : Closing JPA EntityManagerFactory for persistence unit 'default'
2026-09-30T12:46:48.524+02:00  INFO 1817604 --- [conference-backend] [           main] com.zaxxer.hikari.HikariDataSource       : HikariPool-11 - Shutdown initiated...
2026-09-30T12:46:48.568+02:00  INFO 1817604 --- [conference-backend] [           main] com.zaxxer.hikari.HikariDataSource       : HikariPool-11 - Shutdown completed.
[ERROR] Tests run: 4, Failures: 4, Errors: 0, Skipped: 0, Time elapsed: 1.051 s <<< FAILURE! -- in lab.conference.acceptance.IdempotencyAcceptanceTest
[ERROR] lab.conference.acceptance.IdempotencyAcceptanceTest.ac_004_03_retryWithSameRequestIdReturnsOriginalRegistration -- Time elapsed: 0.031 s <<< FAILURE!
org.opentest4j.AssertionFailedError: 
[HTTP 401 ] 
expected: 201
 but was: 401
	at lab.conference.acceptance.IdempotencyAcceptanceTest.ac_004_03_retryWithSameRequestIdReturnsOriginalRegistration(IdempotencyAcceptanceTest.java:42)
	at java.base/java.lang.reflect.Method.invoke(Method.java:580)
	at java.base/java.util.ArrayList.forEach(ArrayList.java:1596)
	at java.base/java.util.ArrayList.forEach(ArrayList.java:1596)

[ERROR] lab.conference.acceptance.IdempotencyAcceptanceTest.ac_004_04_sameRequestIdWithDifferentContentIsConflict -- Time elapsed: 0.009 s <<< FAILURE!
org.opentest4j.AssertionFailedError: 

expected: 201
 but was: 401
	at lab.conference.acceptance.IdempotencyAcceptanceTest.ac_004_04_sameRequestIdWithDifferentContentIsConflict(IdempotencyAcceptanceTest.java:70)
	at java.base/java.lang.reflect.Method.invoke(Method.java:580)
	at java.base/java.util.ArrayList.forEach(ArrayList.java:1596)
	at java.base/java.util.ArrayList.forEach(ArrayList.java:1596)

[ERROR] lab.conference.acceptance.IdempotencyAcceptanceTest.ac_004_05_sameEmailWithDifferentRequestIdsCreatesSeparateRegistrations -- Time elapsed: 0.014 s <<< FAILURE!
org.opentest4j.AssertionFailedError: 

expected: 201
 but was: 401
	at lab.conference.acceptance.IdempotencyAcceptanceTest.ac_004_05_sameEmailWithDifferentRequestIdsCreatesSeparateRegistrations(IdempotencyAcceptanceTest.java:91)
	at java.base/java.lang.reflect.Method.invoke(Method.java:580)
	at java.base/java.util.ArrayList.forEach(ArrayList.java:1596)
	at java.base/java.util.ArrayList.forEach(ArrayList.java:1596)

[ERROR] lab.conference.acceptance.IdempotencyAcceptanceTest.ac_004_03_retryOfStudentRequestDoesNotDuplicate -- Time elapsed: 0.016 s <<< FAILURE!
org.opentest4j.AssertionFailedError: 

expected: 201
 but was: 401
	at lab.conference.acceptance.IdempotencyAcceptanceTest.ac_004_03_retryOfStudentRequestDoesNotDuplicate(IdempotencyAcceptanceTest.java:61)
	at java.base/java.lang.reflect.Method.invoke(Method.java:580)
	at java.base/java.util.ArrayList.forEach(ArrayList.java:1596)
	at java.base/java.util.ArrayList.forEach(ArrayList.java:1596)

[INFO] Running lab.conference.acceptance.DatabaseOutageAcceptanceTest
2026-09-30T12:46:48.574+02:00  INFO 1817604 --- [conference-backend] [           main] tc.postgres@sha256:952067...             : Creating container for image: postgres@sha256:95206741a5b214807675e14165369d05b93a9cf692223b616d07cca227e74b0b
2026-09-30T12:46:48.901+02:00  INFO 1817604 --- [conference-backend] [           main] tc.postgres@sha256:952067...             : Container postgres@sha256:95206741a5b214807675e14165369d05b93a9cf692223b616d07cca227e74b0b is starting: f8afdf2c7998f67b8fce6add1b7bb8d1b4642588b95d266431b83dbd1160ec0b
2026-09-30T12:46:51.407+02:00  INFO 1817604 --- [conference-backend] [           main] tc.postgres@sha256:952067...             : Container postgres@sha256:95206741a5b214807675e14165369d05b93a9cf692223b616d07cca227e74b0b started in PT2.833172765S
2026-09-30T12:46:51.408+02:00  INFO 1817604 --- [conference-backend] [           main] tc.postgres@sha256:952067...             : Container is started (JDBC URL: jdbc:postgresql://localhost:38115/postgres?loggerLevel=OFF)

  .   ____          _            __ _ _
 /\\ / ___'_ __ _ _(_)_ __  __ _ \ \ \ \
( ( )\___ | '_ | '_| | '_ \/ _` | \ \ \ \
 \\/  ___)| |_)| | | | | || (_| |  ) ) ) )
  '  |____| .__|_| |_|_| |_\__, | / / / /
 =========|_|==============|___/=/_/_/_/

 :: Spring Boot ::               (v3.5.16)

2026-09-30T12:46:51.790+02:00  INFO 1817604 --- [conference-backend] [           main] o.a.maven.surefire.booter.ForkedBooter   : Starting ForkedBooter v3.5.6 using Java 21.0.12 with PID 1817604 (started by tjan-kazar in /home/tjan-kazar/storage/Work/lab/agentic_lab/02_output/backend)
2026-09-30T12:46:51.790+02:00  INFO 1817604 --- [conference-backend] [           main] o.a.maven.surefire.booter.ForkedBooter   : No active profile set, falling back to 1 default profile: "default"
2026-09-30T12:46:51.942+02:00  INFO 1817604 --- [conference-backend] [           main] .s.d.r.c.RepositoryConfigurationDelegate : Bootstrapping Spring Data JPA repositories in DEFAULT mode.
2026-09-30T12:46:51.944+02:00  INFO 1817604 --- [conference-backend] [           main] .s.d.r.c.RepositoryConfigurationDelegate : Finished Spring Data repository scanning in 1 ms. Found 0 JPA repository interfaces.
2026-09-30T12:46:51.999+02:00  INFO 1817604 --- [conference-backend] [           main] o.s.b.w.embedded.tomcat.TomcatWebServer  : Tomcat initialized with port 0 (http)
2026-09-30T12:46:52.001+02:00  INFO 1817604 --- [conference-backend] [           main] o.apache.catalina.core.StandardService   : Starting service [Tomcat]
2026-09-30T12:46:52.001+02:00  INFO 1817604 --- [conference-backend] [           main] o.apache.catalina.core.StandardEngine    : Starting Servlet engine: [Apache Tomcat/10.1.60]
2026-09-30T12:46:52.011+02:00  INFO 1817604 --- [conference-backend] [           main] o.a.c.c.C.[Tomcat-1].[localhost].[/]     : Initializing Spring embedded WebApplicationContext
2026-09-30T12:46:52.011+02:00  INFO 1817604 --- [conference-backend] [           main] w.s.c.ServletWebServerApplicationContext : Root WebApplicationContext: initialization completed in 220 ms
2026-09-30T12:46:52.064+02:00  INFO 1817604 --- [conference-backend] [           main] com.zaxxer.hikari.HikariDataSource       : HikariPool-12 - Starting...
2026-09-30T12:46:52.085+02:00  INFO 1817604 --- [conference-backend] [           main] com.zaxxer.hikari.pool.HikariPool        : HikariPool-12 - Added connection org.postgresql.jdbc.PgConnection@431e5467
2026-09-30T12:46:52.086+02:00  INFO 1817604 --- [conference-backend] [           main] com.zaxxer.hikari.HikariDataSource       : HikariPool-12 - Start completed.
2026-09-30T12:46:52.087+02:00  INFO 1817604 --- [conference-backend] [           main] org.flywaydb.core.FlywayExecutor         : Database: jdbc:postgresql://localhost:38115/conf_ea3fd2c9bdfb (PostgreSQL 16.14)
2026-09-30T12:46:52.100+02:00  INFO 1817604 --- [conference-backend] [           main] o.f.c.i.s.JdbcTableSchemaHistory         : Schema history table "public"."flyway_schema_history" does not exist yet
2026-09-30T12:46:52.101+02:00  INFO 1817604 --- [conference-backend] [           main] o.f.core.internal.command.DbValidate     : Successfully validated 0 migrations (execution time 00:00.003s)
2026-09-30T12:46:52.101+02:00  WARN 1817604 --- [conference-backend] [           main] o.f.core.internal.command.DbValidate     : No migrations found. Are your locations set up correctly?
2026-09-30T12:46:52.114+02:00  INFO 1817604 --- [conference-backend] [           main] o.f.c.i.s.JdbcTableSchemaHistory         : Creating Schema History table "public"."flyway_schema_history" ...
2026-09-30T12:46:52.149+02:00  INFO 1817604 --- [conference-backend] [           main] o.f.core.internal.command.DbMigrate      : Current version of schema "public": << Empty Schema >>
2026-09-30T12:46:52.149+02:00  INFO 1817604 --- [conference-backend] [           main] o.f.core.internal.command.DbMigrate      : Schema "public" is up to date. No migration necessary.
2026-09-30T12:46:52.163+02:00  INFO 1817604 --- [conference-backend] [           main] o.hibernate.jpa.internal.util.LogHelper  : HHH000204: Processing PersistenceUnitInfo [name: default]
2026-09-30T12:46:52.164+02:00  INFO 1817604 --- [conference-backend] [           main] o.h.c.internal.RegionFactoryInitiator    : HHH000026: Second-level cache disabled
2026-09-30T12:46:52.170+02:00  INFO 1817604 --- [conference-backend] [           main] o.s.o.j.p.SpringPersistenceUnitInfo      : No LoadTimeWeaver setup: ignoring JPA class transformer
2026-09-30T12:46:52.177+02:00  INFO 1817604 --- [conference-backend] [           main] org.hibernate.orm.connections.pooling    : HHH10001005: Database info:
	Database JDBC URL [Connecting through datasource 'HikariDataSource (HikariPool-12)']
	Database driver: undefined/unknown
	Database version: 16.14
	Autocommit mode: undefined/unknown
	Isolation level: undefined/unknown
	Minimum pool size: undefined/unknown
	Maximum pool size: undefined/unknown
2026-09-30T12:46:52.193+02:00  INFO 1817604 --- [conference-backend] [           main] o.h.e.t.j.p.i.JtaPlatformInitiator       : HHH000489: No JTA platform available (set 'hibernate.transaction.jta.platform' to enable JTA platform integration)
2026-09-30T12:46:52.193+02:00  INFO 1817604 --- [conference-backend] [           main] j.LocalContainerEntityManagerFactoryBean : Initialized JPA EntityManagerFactory for persistence unit 'default'
2026-09-30T12:46:52.308+02:00  WARN 1817604 --- [conference-backend] [           main] .s.s.UserDetailsServiceAutoConfiguration : 

Using generated security password: <redacted by agent, F-03>

This generated password is for development use only. Your security configuration must be updated before running your application in production.

2026-09-30T12:46:52.309+02:00  INFO 1817604 --- [conference-backend] [           main] r$InitializeUserDetailsManagerConfigurer : Global AuthenticationManager configured with UserDetailsService bean with name inMemoryUserDetailsManager
2026-09-30T12:46:52.327+02:00  INFO 1817604 --- [conference-backend] [           main] o.s.b.a.e.web.EndpointLinksResolver      : Exposing 1 endpoint beneath base path '/actuator'
2026-09-30T12:46:52.355+02:00  INFO 1817604 --- [conference-backend] [           main] o.s.b.w.embedded.tomcat.TomcatWebServer  : Tomcat started on port 36825 (http) with context path '/'
2026-09-30T12:46:52.360+02:00  INFO 1817604 --- [conference-backend] [           main] o.a.maven.surefire.booter.ForkedBooter   : Started ForkedBooter in 0.59 seconds (process running for 146.602)
2026-09-30T12:46:52.738+02:00  INFO 1817604 --- [conference-backend] [-auto-12-exec-1] o.a.c.c.C.[Tomcat-1].[localhost].[/]     : Initializing Spring DispatcherServlet 'dispatcherServlet'
2026-09-30T12:46:52.739+02:00  INFO 1817604 --- [conference-backend] [-auto-12-exec-1] o.s.web.servlet.DispatcherServlet        : Initializing Servlet 'dispatcherServlet'
2026-09-30T12:46:52.743+02:00  INFO 1817604 --- [conference-backend] [-auto-12-exec-1] o.s.web.servlet.DispatcherServlet        : Completed initialization in 3 ms
2026-09-30T12:46:52.799+02:00  INFO 1817604 --- [conference-backend] [           main] o.s.b.w.e.tomcat.GracefulShutdown        : Commencing graceful shutdown. Waiting for active requests to complete
2026-09-30T12:46:52.803+02:00  INFO 1817604 --- [conference-backend] [tomcat-shutdown] o.s.b.w.e.tomcat.GracefulShutdown        : Graceful shutdown complete
2026-09-30T12:46:52.822+02:00  INFO 1817604 --- [conference-backend] [           main] j.LocalContainerEntityManagerFactoryBean : Closing JPA EntityManagerFactory for persistence unit 'default'
2026-09-30T12:46:52.825+02:00  INFO 1817604 --- [conference-backend] [           main] com.zaxxer.hikari.HikariDataSource       : HikariPool-12 - Shutdown initiated...
2026-09-30T12:46:53.040+02:00  INFO 1817604 --- [conference-backend] [           main] com.zaxxer.hikari.HikariDataSource       : HikariPool-12 - Shutdown completed.
[ERROR] Tests run: 1, Failures: 1, Errors: 0, Skipped: 0, Time elapsed: 4.573 s <<< FAILURE! -- in lab.conference.acceptance.DatabaseOutageAcceptanceTest
[ERROR] lab.conference.acceptance.DatabaseOutageAcceptanceTest.ac_005_03_databaseOutageGivesServerErrorAndNoAcceptedRegistration -- Time elapsed: 4.571 s <<< FAILURE!
java.lang.AssertionError: 
[HTTP 401 ] 
Expecting actual:
  401
to be greater than or equal to:
  500

	at lab.conference.acceptance.DatabaseOutageAcceptanceTest.ac_005_03_databaseOutageGivesServerErrorAndNoAcceptedRegistration(DatabaseOutageAcceptanceTest.java:32)
	at java.base/java.lang.reflect.Method.invoke(Method.java:580)
	at java.base/java.util.ArrayList.forEach(ArrayList.java:1596)
	at java.base/java.util.ArrayList.forEach(ArrayList.java:1596)

[INFO] Running lab.conference.acceptance.ExportAcceptanceTest

  .   ____          _            __ _ _
 /\\ / ___'_ __ _ _(_)_ __  __ _ \ \ \ \
( ( )\___ | '_ | '_| | '_ \/ _` | \ \ \ \
 \\/  ___)| |_)| | | | | || (_| |  ) ) ) )
  '  |____| .__|_| |_|_| |_\__, | / / / /
 =========|_|==============|___/=/_/_/_/

 :: Spring Boot ::               (v3.5.16)

2026-09-30T12:46:53.355+02:00  INFO 1817604 --- [conference-backend] [           main] o.a.maven.surefire.booter.ForkedBooter   : Starting ForkedBooter v3.5.6 using Java 21.0.12 with PID 1817604 (started by tjan-kazar in /home/tjan-kazar/storage/Work/lab/agentic_lab/02_output/backend)
2026-09-30T12:46:53.356+02:00  INFO 1817604 --- [conference-backend] [           main] o.a.maven.surefire.booter.ForkedBooter   : No active profile set, falling back to 1 default profile: "default"
2026-09-30T12:46:53.546+02:00  INFO 1817604 --- [conference-backend] [           main] .s.d.r.c.RepositoryConfigurationDelegate : Bootstrapping Spring Data JPA repositories in DEFAULT mode.
2026-09-30T12:46:53.550+02:00  INFO 1817604 --- [conference-backend] [           main] .s.d.r.c.RepositoryConfigurationDelegate : Finished Spring Data repository scanning in 2 ms. Found 0 JPA repository interfaces.
2026-09-30T12:46:53.631+02:00  INFO 1817604 --- [conference-backend] [           main] o.s.b.w.embedded.tomcat.TomcatWebServer  : Tomcat initialized with port 0 (http)
2026-09-30T12:46:53.632+02:00  INFO 1817604 --- [conference-backend] [           main] o.apache.catalina.core.StandardService   : Starting service [Tomcat]
2026-09-30T12:46:53.632+02:00  INFO 1817604 --- [conference-backend] [           main] o.apache.catalina.core.StandardEngine    : Starting Servlet engine: [Apache Tomcat/10.1.60]
2026-09-30T12:46:53.646+02:00  INFO 1817604 --- [conference-backend] [           main] o.a.c.c.C.[Tomcat-1].[localhost].[/]     : Initializing Spring embedded WebApplicationContext
2026-09-30T12:46:53.646+02:00  INFO 1817604 --- [conference-backend] [           main] w.s.c.ServletWebServerApplicationContext : Root WebApplicationContext: initialization completed in 289 ms
2026-09-30T12:46:53.715+02:00  INFO 1817604 --- [conference-backend] [           main] com.zaxxer.hikari.HikariDataSource       : HikariPool-13 - Starting...
2026-09-30T12:46:53.742+02:00  INFO 1817604 --- [conference-backend] [           main] com.zaxxer.hikari.pool.HikariPool        : HikariPool-13 - Added connection org.postgresql.jdbc.PgConnection@555c1a4
2026-09-30T12:46:53.742+02:00  INFO 1817604 --- [conference-backend] [           main] com.zaxxer.hikari.HikariDataSource       : HikariPool-13 - Start completed.
2026-09-30T12:46:53.744+02:00  INFO 1817604 --- [conference-backend] [           main] org.flywaydb.core.FlywayExecutor         : Database: jdbc:postgresql://localhost:33183/conf_83e07e87ccc0 (PostgreSQL 16.14)
2026-09-30T12:46:53.774+02:00  INFO 1817604 --- [conference-backend] [           main] o.f.c.i.s.JdbcTableSchemaHistory         : Schema history table "public"."flyway_schema_history" does not exist yet
2026-09-30T12:46:53.777+02:00  INFO 1817604 --- [conference-backend] [           main] o.f.core.internal.command.DbValidate     : Successfully validated 0 migrations (execution time 00:00.015s)
2026-09-30T12:46:53.777+02:00  WARN 1817604 --- [conference-backend] [           main] o.f.core.internal.command.DbValidate     : No migrations found. Are your locations set up correctly?
2026-09-30T12:46:53.804+02:00  INFO 1817604 --- [conference-backend] [           main] o.f.c.i.s.JdbcTableSchemaHistory         : Creating Schema History table "public"."flyway_schema_history" ...
2026-09-30T12:46:53.886+02:00  INFO 1817604 --- [conference-backend] [           main] o.f.core.internal.command.DbMigrate      : Current version of schema "public": << Empty Schema >>
2026-09-30T12:46:53.887+02:00  INFO 1817604 --- [conference-backend] [           main] o.f.core.internal.command.DbMigrate      : Schema "public" is up to date. No migration necessary.
2026-09-30T12:46:53.934+02:00  INFO 1817604 --- [conference-backend] [           main] o.hibernate.jpa.internal.util.LogHelper  : HHH000204: Processing PersistenceUnitInfo [name: default]
2026-09-30T12:46:53.938+02:00  INFO 1817604 --- [conference-backend] [           main] o.h.c.internal.RegionFactoryInitiator    : HHH000026: Second-level cache disabled
2026-09-30T12:46:53.951+02:00  INFO 1817604 --- [conference-backend] [           main] o.s.o.j.p.SpringPersistenceUnitInfo      : No LoadTimeWeaver setup: ignoring JPA class transformer
2026-09-30T12:46:53.967+02:00  INFO 1817604 --- [conference-backend] [           main] org.hibernate.orm.connections.pooling    : HHH10001005: Database info:
	Database JDBC URL [Connecting through datasource 'HikariDataSource (HikariPool-13)']
	Database driver: undefined/unknown
	Database version: 16.14
	Autocommit mode: undefined/unknown
	Isolation level: undefined/unknown
	Minimum pool size: undefined/unknown
	Maximum pool size: undefined/unknown
2026-09-30T12:46:53.999+02:00  INFO 1817604 --- [conference-backend] [           main] o.h.e.t.j.p.i.JtaPlatformInitiator       : HHH000489: No JTA platform available (set 'hibernate.transaction.jta.platform' to enable JTA platform integration)
2026-09-30T12:46:53.999+02:00  INFO 1817604 --- [conference-backend] [           main] j.LocalContainerEntityManagerFactoryBean : Initialized JPA EntityManagerFactory for persistence unit 'default'
2026-09-30T12:46:54.169+02:00  WARN 1817604 --- [conference-backend] [           main] .s.s.UserDetailsServiceAutoConfiguration : 

Using generated security password: <redacted by agent, F-03>

This generated password is for development use only. Your security configuration must be updated before running your application in production.

2026-09-30T12:46:54.170+02:00  INFO 1817604 --- [conference-backend] [           main] r$InitializeUserDetailsManagerConfigurer : Global AuthenticationManager configured with UserDetailsService bean with name inMemoryUserDetailsManager
2026-09-30T12:46:54.181+02:00  INFO 1817604 --- [conference-backend] [           main] o.s.b.a.e.web.EndpointLinksResolver      : Exposing 1 endpoint beneath base path '/actuator'
2026-09-30T12:46:54.246+02:00  INFO 1817604 --- [conference-backend] [           main] o.s.b.w.embedded.tomcat.TomcatWebServer  : Tomcat started on port 45457 (http) with context path '/'
2026-09-30T12:46:54.261+02:00  INFO 1817604 --- [conference-backend] [           main] o.a.maven.surefire.booter.ForkedBooter   : Started ForkedBooter in 0.925 seconds (process running for 148.502)
2026-09-30T12:46:54.269+02:00  INFO 1817604 --- [conference-backend] [-auto-13-exec-1] o.a.c.c.C.[Tomcat-1].[localhost].[/]     : Initializing Spring DispatcherServlet 'dispatcherServlet'
2026-09-30T12:46:54.269+02:00  INFO 1817604 --- [conference-backend] [-auto-13-exec-1] o.s.web.servlet.DispatcherServlet        : Initializing Servlet 'dispatcherServlet'
2026-09-30T12:46:54.271+02:00  INFO 1817604 --- [conference-backend] [-auto-13-exec-1] o.s.web.servlet.DispatcherServlet        : Completed initialization in 0 ms
2026-09-30T12:46:54.711+02:00  INFO 1817604 --- [conference-backend] [           main] o.s.b.w.e.tomcat.GracefulShutdown        : Commencing graceful shutdown. Waiting for active requests to complete
2026-09-30T12:46:54.712+02:00  INFO 1817604 --- [conference-backend] [tomcat-shutdown] o.s.b.w.e.tomcat.GracefulShutdown        : Graceful shutdown complete
2026-09-30T12:46:54.714+02:00  INFO 1817604 --- [conference-backend] [           main] j.LocalContainerEntityManagerFactoryBean : Closing JPA EntityManagerFactory for persistence unit 'default'
2026-09-30T12:46:54.715+02:00  INFO 1817604 --- [conference-backend] [           main] com.zaxxer.hikari.HikariDataSource       : HikariPool-13 - Shutdown initiated...
2026-09-30T12:46:54.716+02:00  INFO 1817604 --- [conference-backend] [           main] com.zaxxer.hikari.HikariDataSource       : HikariPool-13 - Shutdown completed.
[ERROR] Tests run: 4, Failures: 4, Errors: 0, Skipped: 0, Time elapsed: 1.575 s <<< FAILURE! -- in lab.conference.acceptance.ExportAcceptanceTest
[ERROR] lab.conference.acceptance.ExportAcceptanceTest.ac_008_03_formulaLikeTextIsExportedAsPlainText -- Time elapsed: 0.298 s <<< FAILURE!
org.opentest4j.AssertionFailedError: 
[HTTP 401 ] 
expected: 200
 but was: 401
	at lab.conference.acceptance.ExportAcceptanceTest.export(ExportAcceptanceTest.java:54)
	at lab.conference.acceptance.ExportAcceptanceTest.ac_008_03_formulaLikeTextIsExportedAsPlainText(ExportAcceptanceTest.java:134)
	at java.base/java.lang.reflect.Method.invoke(Method.java:580)
	at java.base/java.util.ArrayList.forEach(ArrayList.java:1596)
	at java.base/java.util.ArrayList.forEach(ArrayList.java:1596)

[ERROR] lab.conference.acceptance.ExportAcceptanceTest.ac_008_04_rejectedSubmissionsDoNotAppearInExport -- Time elapsed: 0.010 s <<< FAILURE!
org.opentest4j.AssertionFailedError: 

expected: 400
 but was: 401
	at lab.conference.acceptance.ExportAcceptanceTest.ac_008_04_rejectedSubmissionsDoNotAppearInExport(ExportAcceptanceTest.java:158)
	at java.base/java.lang.reflect.Method.invoke(Method.java:580)
	at java.base/java.util.ArrayList.forEach(ArrayList.java:1596)
	at java.base/java.util.ArrayList.forEach(ArrayList.java:1596)

[ERROR] lab.conference.acceptance.ExportAcceptanceTest.ac_008_02_missingOrWrongCredentialsAreRefusedWithoutData -- Time elapsed: 0.010 s <<< FAILURE!
org.opentest4j.AssertionFailedError: 

expected: 201
 but was: 401
	at lab.conference.acceptance.ExportAcceptanceTest.ac_008_02_missingOrWrongCredentialsAreRefusedWithoutData(ExportAcceptanceTest.java:107)
	at java.base/java.lang.reflect.Method.invoke(Method.java:580)
	at java.base/java.util.ArrayList.forEach(ArrayList.java:1596)
	at java.base/java.util.ArrayList.forEach(ArrayList.java:1596)

[ERROR] lab.conference.acceptance.ExportAcceptanceTest.ac_008_01_exportContainsAcceptedRegistrationsFromBothForms -- Time elapsed: 0.125 s <<< FAILURE!
org.opentest4j.AssertionFailedError: 
[HTTP 401 ] 
expected: 200
 but was: 401
	at lab.conference.acceptance.ExportAcceptanceTest.export(ExportAcceptanceTest.java:54)
	at lab.conference.acceptance.ExportAcceptanceTest.ac_008_01_exportContainsAcceptedRegistrationsFromBothForms(ExportAcceptanceTest.java:73)
	at java.base/java.lang.reflect.Method.invoke(Method.java:580)
	at java.base/java.util.ArrayList.forEach(ArrayList.java:1596)
	at java.base/java.util.ArrayList.forEach(ArrayList.java:1596)

[INFO] Running lab.conference.acceptance.CatalogAcceptanceTest

  .   ____          _            __ _ _
 /\\ / ___'_ __ _ _(_)_ __  __ _ \ \ \ \
( ( )\___ | '_ | '_| | '_ \/ _` | \ \ \ \
 \\/  ___)| |_)| | | | | || (_| |  ) ) ) )
  '  |____| .__|_| |_|_| |_\__, | / / / /
 =========|_|==============|___/=/_/_/_/

 :: Spring Boot ::               (v3.5.16)

2026-09-30T12:46:54.907+02:00  INFO 1817604 --- [conference-backend] [           main] o.a.maven.surefire.booter.ForkedBooter   : Starting ForkedBooter v3.5.6 using Java 21.0.12 with PID 1817604 (started by tjan-kazar in /home/tjan-kazar/storage/Work/lab/agentic_lab/02_output/backend)
2026-09-30T12:46:54.907+02:00  INFO 1817604 --- [conference-backend] [           main] o.a.maven.surefire.booter.ForkedBooter   : No active profile set, falling back to 1 default profile: "default"
2026-09-30T12:46:55.115+02:00  INFO 1817604 --- [conference-backend] [           main] .s.d.r.c.RepositoryConfigurationDelegate : Bootstrapping Spring Data JPA repositories in DEFAULT mode.
2026-09-30T12:46:55.118+02:00  INFO 1817604 --- [conference-backend] [           main] .s.d.r.c.RepositoryConfigurationDelegate : Finished Spring Data repository scanning in 1 ms. Found 0 JPA repository interfaces.
2026-09-30T12:46:55.189+02:00  INFO 1817604 --- [conference-backend] [           main] o.s.b.w.embedded.tomcat.TomcatWebServer  : Tomcat initialized with port 0 (http)
2026-09-30T12:46:55.190+02:00  INFO 1817604 --- [conference-backend] [           main] o.apache.catalina.core.StandardService   : Starting service [Tomcat]
2026-09-30T12:46:55.190+02:00  INFO 1817604 --- [conference-backend] [           main] o.apache.catalina.core.StandardEngine    : Starting Servlet engine: [Apache Tomcat/10.1.60]
2026-09-30T12:46:55.202+02:00  INFO 1817604 --- [conference-backend] [           main] o.a.c.c.C.[Tomcat-1].[localhost].[/]     : Initializing Spring embedded WebApplicationContext
2026-09-30T12:46:55.203+02:00  INFO 1817604 --- [conference-backend] [           main] w.s.c.ServletWebServerApplicationContext : Root WebApplicationContext: initialization completed in 294 ms
2026-09-30T12:46:55.275+02:00  INFO 1817604 --- [conference-backend] [           main] com.zaxxer.hikari.HikariDataSource       : HikariPool-14 - Starting...
2026-09-30T12:46:55.302+02:00  INFO 1817604 --- [conference-backend] [           main] com.zaxxer.hikari.pool.HikariPool        : HikariPool-14 - Added connection org.postgresql.jdbc.PgConnection@ed3ab22
2026-09-30T12:46:55.303+02:00  INFO 1817604 --- [conference-backend] [           main] com.zaxxer.hikari.HikariDataSource       : HikariPool-14 - Start completed.
2026-09-30T12:46:55.305+02:00  INFO 1817604 --- [conference-backend] [           main] org.flywaydb.core.FlywayExecutor         : Database: jdbc:postgresql://localhost:33183/conf_55f6547d33ab (PostgreSQL 16.14)
2026-09-30T12:46:55.323+02:00  INFO 1817604 --- [conference-backend] [           main] o.f.c.i.s.JdbcTableSchemaHistory         : Schema history table "public"."flyway_schema_history" does not exist yet
2026-09-30T12:46:55.324+02:00  INFO 1817604 --- [conference-backend] [           main] o.f.core.internal.command.DbValidate     : Successfully validated 0 migrations (execution time 00:00.004s)
2026-09-30T12:46:55.324+02:00  WARN 1817604 --- [conference-backend] [           main] o.f.core.internal.command.DbValidate     : No migrations found. Are your locations set up correctly?
2026-09-30T12:46:55.344+02:00  INFO 1817604 --- [conference-backend] [           main] o.f.c.i.s.JdbcTableSchemaHistory         : Creating Schema History table "public"."flyway_schema_history" ...
2026-09-30T12:46:55.391+02:00  INFO 1817604 --- [conference-backend] [           main] o.f.core.internal.command.DbMigrate      : Current version of schema "public": << Empty Schema >>
2026-09-30T12:46:55.392+02:00  INFO 1817604 --- [conference-backend] [           main] o.f.core.internal.command.DbMigrate      : Schema "public" is up to date. No migration necessary.
2026-09-30T12:46:55.412+02:00  INFO 1817604 --- [conference-backend] [           main] o.hibernate.jpa.internal.util.LogHelper  : HHH000204: Processing PersistenceUnitInfo [name: default]
2026-09-30T12:46:55.415+02:00  INFO 1817604 --- [conference-backend] [           main] o.h.c.internal.RegionFactoryInitiator    : HHH000026: Second-level cache disabled
2026-09-30T12:46:55.429+02:00  INFO 1817604 --- [conference-backend] [           main] o.s.o.j.p.SpringPersistenceUnitInfo      : No LoadTimeWeaver setup: ignoring JPA class transformer
2026-09-30T12:46:55.440+02:00  INFO 1817604 --- [conference-backend] [           main] org.hibernate.orm.connections.pooling    : HHH10001005: Database info:
	Database JDBC URL [Connecting through datasource 'HikariDataSource (HikariPool-14)']
	Database driver: undefined/unknown
	Database version: 16.14
	Autocommit mode: undefined/unknown
	Isolation level: undefined/unknown
	Minimum pool size: undefined/unknown
	Maximum pool size: undefined/unknown
2026-09-30T12:46:55.460+02:00  INFO 1817604 --- [conference-backend] [           main] o.h.e.t.j.p.i.JtaPlatformInitiator       : HHH000489: No JTA platform available (set 'hibernate.transaction.jta.platform' to enable JTA platform integration)
2026-09-30T12:46:55.461+02:00  INFO 1817604 --- [conference-backend] [           main] j.LocalContainerEntityManagerFactoryBean : Initialized JPA EntityManagerFactory for persistence unit 'default'
2026-09-30T12:46:55.627+02:00  WARN 1817604 --- [conference-backend] [           main] .s.s.UserDetailsServiceAutoConfiguration : 

Using generated security password: <redacted by agent, F-03>

This generated password is for development use only. Your security configuration must be updated before running your application in production.

2026-09-30T12:46:55.629+02:00  INFO 1817604 --- [conference-backend] [           main] r$InitializeUserDetailsManagerConfigurer : Global AuthenticationManager configured with UserDetailsService bean with name inMemoryUserDetailsManager
2026-09-30T12:46:55.642+02:00  INFO 1817604 --- [conference-backend] [           main] o.s.b.a.e.web.EndpointLinksResolver      : Exposing 1 endpoint beneath base path '/actuator'
2026-09-30T12:46:55.694+02:00  INFO 1817604 --- [conference-backend] [           main] o.s.b.w.embedded.tomcat.TomcatWebServer  : Tomcat started on port 46797 (http) with context path '/'
2026-09-30T12:46:55.701+02:00  INFO 1817604 --- [conference-backend] [           main] o.a.maven.surefire.booter.ForkedBooter   : Started ForkedBooter in 0.816 seconds (process running for 149.943)
2026-09-30T12:46:55.706+02:00  INFO 1817604 --- [conference-backend] [           main] o.s.b.w.e.tomcat.GracefulShutdown        : Commencing graceful shutdown. Waiting for active requests to complete
2026-09-30T12:46:55.710+02:00  INFO 1817604 --- [conference-backend] [tomcat-shutdown] o.s.b.w.e.tomcat.GracefulShutdown        : Graceful shutdown complete
2026-09-30T12:46:55.712+02:00  INFO 1817604 --- [conference-backend] [           main] j.LocalContainerEntityManagerFactoryBean : Closing JPA EntityManagerFactory for persistence unit 'default'
2026-09-30T12:46:55.713+02:00  INFO 1817604 --- [conference-backend] [           main] com.zaxxer.hikari.HikariDataSource       : HikariPool-14 - Shutdown initiated...
2026-09-30T12:46:55.753+02:00  INFO 1817604 --- [conference-backend] [           main] com.zaxxer.hikari.HikariDataSource       : HikariPool-14 - Shutdown completed.

  .   ____          _            __ _ _
 /\\ / ___'_ __ _ _(_)_ __  __ _ \ \ \ \
( ( )\___ | '_ | '_| | '_ \/ _` | \ \ \ \
 \\/  ___)| |_)| | | | | || (_| |  ) ) ) )
  '  |____| .__|_| |_|_| |_\__, | / / / /
 =========|_|==============|___/=/_/_/_/

 :: Spring Boot ::               (v3.5.16)

2026-09-30T12:46:55.988+02:00  INFO 1817604 --- [conference-backend] [           main] o.a.maven.surefire.booter.ForkedBooter   : Starting ForkedBooter v3.5.6 using Java 21.0.12 with PID 1817604 (started by tjan-kazar in /home/tjan-kazar/storage/Work/lab/agentic_lab/02_output/backend)
2026-09-30T12:46:55.989+02:00  INFO 1817604 --- [conference-backend] [           main] o.a.maven.surefire.booter.ForkedBooter   : No active profile set, falling back to 1 default profile: "default"
2026-09-30T12:46:56.218+02:00  INFO 1817604 --- [conference-backend] [           main] .s.d.r.c.RepositoryConfigurationDelegate : Bootstrapping Spring Data JPA repositories in DEFAULT mode.
2026-09-30T12:46:56.220+02:00  INFO 1817604 --- [conference-backend] [           main] .s.d.r.c.RepositoryConfigurationDelegate : Finished Spring Data repository scanning in 1 ms. Found 0 JPA repository interfaces.
2026-09-30T12:46:56.303+02:00  INFO 1817604 --- [conference-backend] [           main] o.s.b.w.embedded.tomcat.TomcatWebServer  : Tomcat initialized with port 0 (http)
2026-09-30T12:46:56.304+02:00  INFO 1817604 --- [conference-backend] [           main] o.apache.catalina.core.StandardService   : Starting service [Tomcat]
2026-09-30T12:46:56.304+02:00  INFO 1817604 --- [conference-backend] [           main] o.apache.catalina.core.StandardEngine    : Starting Servlet engine: [Apache Tomcat/10.1.60]
2026-09-30T12:46:56.318+02:00  INFO 1817604 --- [conference-backend] [           main] o.a.c.c.C.[Tomcat-1].[localhost].[/]     : Initializing Spring embedded WebApplicationContext
2026-09-30T12:46:56.318+02:00  INFO 1817604 --- [conference-backend] [           main] w.s.c.ServletWebServerApplicationContext : Root WebApplicationContext: initialization completed in 327 ms
2026-09-30T12:46:56.391+02:00  INFO 1817604 --- [conference-backend] [           main] com.zaxxer.hikari.HikariDataSource       : HikariPool-15 - Starting...
2026-09-30T12:46:56.451+02:00  INFO 1817604 --- [conference-backend] [           main] com.zaxxer.hikari.pool.HikariPool        : HikariPool-15 - Added connection org.postgresql.jdbc.PgConnection@3f1f926b
2026-09-30T12:46:56.451+02:00  INFO 1817604 --- [conference-backend] [           main] com.zaxxer.hikari.HikariDataSource       : HikariPool-15 - Start completed.
2026-09-30T12:46:56.456+02:00  INFO 1817604 --- [conference-backend] [           main] org.flywaydb.core.FlywayExecutor         : Database: jdbc:postgresql://localhost:33183/conf_c36f558d9d72 (PostgreSQL 16.14)
2026-09-30T12:46:56.512+02:00  INFO 1817604 --- [conference-backend] [           main] o.f.c.i.s.JdbcTableSchemaHistory         : Schema history table "public"."flyway_schema_history" does not exist yet
2026-09-30T12:46:56.514+02:00  INFO 1817604 --- [conference-backend] [           main] o.f.core.internal.command.DbValidate     : Successfully validated 0 migrations (execution time 00:00.006s)
2026-09-30T12:46:56.514+02:00  WARN 1817604 --- [conference-backend] [           main] o.f.core.internal.command.DbValidate     : No migrations found. Are your locations set up correctly?
2026-09-30T12:46:56.537+02:00  INFO 1817604 --- [conference-backend] [           main] o.f.c.i.s.JdbcTableSchemaHistory         : Creating Schema History table "public"."flyway_schema_history" ...
2026-09-30T12:46:56.607+02:00  INFO 1817604 --- [conference-backend] [           main] o.f.core.internal.command.DbMigrate      : Current version of schema "public": << Empty Schema >>
2026-09-30T12:46:56.609+02:00  INFO 1817604 --- [conference-backend] [           main] o.f.core.internal.command.DbMigrate      : Schema "public" is up to date. No migration necessary.
2026-09-30T12:46:56.649+02:00  INFO 1817604 --- [conference-backend] [           main] o.hibernate.jpa.internal.util.LogHelper  : HHH000204: Processing PersistenceUnitInfo [name: default]
2026-09-30T12:46:56.651+02:00  INFO 1817604 --- [conference-backend] [           main] o.h.c.internal.RegionFactoryInitiator    : HHH000026: Second-level cache disabled
2026-09-30T12:46:56.659+02:00  INFO 1817604 --- [conference-backend] [           main] o.s.o.j.p.SpringPersistenceUnitInfo      : No LoadTimeWeaver setup: ignoring JPA class transformer
2026-09-30T12:46:56.674+02:00  INFO 1817604 --- [conference-backend] [           main] org.hibernate.orm.connections.pooling    : HHH10001005: Database info:
	Database JDBC URL [Connecting through datasource 'HikariDataSource (HikariPool-15)']
	Database driver: undefined/unknown
	Database version: 16.14
	Autocommit mode: undefined/unknown
	Isolation level: undefined/unknown
	Minimum pool size: undefined/unknown
	Maximum pool size: undefined/unknown
2026-09-30T12:46:56.698+02:00  INFO 1817604 --- [conference-backend] [           main] o.h.e.t.j.p.i.JtaPlatformInitiator       : HHH000489: No JTA platform available (set 'hibernate.transaction.jta.platform' to enable JTA platform integration)
2026-09-30T12:46:56.699+02:00  INFO 1817604 --- [conference-backend] [           main] j.LocalContainerEntityManagerFactoryBean : Initialized JPA EntityManagerFactory for persistence unit 'default'
2026-09-30T12:46:56.954+02:00  WARN 1817604 --- [conference-backend] [           main] .s.s.UserDetailsServiceAutoConfiguration : 

Using generated security password: <redacted by agent, F-03>

This generated password is for development use only. Your security configuration must be updated before running your application in production.

2026-09-30T12:46:56.956+02:00  INFO 1817604 --- [conference-backend] [           main] r$InitializeUserDetailsManagerConfigurer : Global AuthenticationManager configured with UserDetailsService bean with name inMemoryUserDetailsManager
2026-09-30T12:46:56.994+02:00  INFO 1817604 --- [conference-backend] [           main] o.s.b.a.e.web.EndpointLinksResolver      : Exposing 1 endpoint beneath base path '/actuator'
2026-09-30T12:46:57.056+02:00  INFO 1817604 --- [conference-backend] [           main] o.s.b.w.embedded.tomcat.TomcatWebServer  : Tomcat started on port 35089 (http) with context path '/'
2026-09-30T12:46:57.065+02:00  INFO 1817604 --- [conference-backend] [           main] o.a.maven.surefire.booter.ForkedBooter   : Started ForkedBooter in 1.101 seconds (process running for 151.307)
2026-09-30T12:46:57.069+02:00  INFO 1817604 --- [conference-backend] [           main] o.s.b.w.e.tomcat.GracefulShutdown        : Commencing graceful shutdown. Waiting for active requests to complete
2026-09-30T12:46:57.070+02:00  INFO 1817604 --- [conference-backend] [tomcat-shutdown] o.s.b.w.e.tomcat.GracefulShutdown        : Graceful shutdown complete
2026-09-30T12:46:57.073+02:00  INFO 1817604 --- [conference-backend] [           main] j.LocalContainerEntityManagerFactoryBean : Closing JPA EntityManagerFactory for persistence unit 'default'
2026-09-30T12:46:57.073+02:00  INFO 1817604 --- [conference-backend] [           main] com.zaxxer.hikari.HikariDataSource       : HikariPool-15 - Shutdown initiated...
2026-09-30T12:46:57.107+02:00  INFO 1817604 --- [conference-backend] [           main] com.zaxxer.hikari.HikariDataSource       : HikariPool-15 - Shutdown completed.

  .   ____          _            __ _ _
 /\\ / ___'_ __ _ _(_)_ __  __ _ \ \ \ \
( ( )\___ | '_ | '_| | '_ \/ _` | \ \ \ \
 \\/  ___)| |_)| | | | | || (_| |  ) ) ) )
  '  |____| .__|_| |_|_| |_\__, | / / / /
 =========|_|==============|___/=/_/_/_/

 :: Spring Boot ::               (v3.5.16)

2026-09-30T12:46:57.432+02:00  INFO 1817604 --- [conference-backend] [           main] o.a.maven.surefire.booter.ForkedBooter   : Starting ForkedBooter v3.5.6 using Java 21.0.12 with PID 1817604 (started by tjan-kazar in /home/tjan-kazar/storage/Work/lab/agentic_lab/02_output/backend)
2026-09-30T12:46:57.432+02:00  INFO 1817604 --- [conference-backend] [           main] o.a.maven.surefire.booter.ForkedBooter   : No active profile set, falling back to 1 default profile: "default"
2026-09-30T12:46:57.621+02:00  INFO 1817604 --- [conference-backend] [           main] .s.d.r.c.RepositoryConfigurationDelegate : Bootstrapping Spring Data JPA repositories in DEFAULT mode.
2026-09-30T12:46:57.623+02:00  INFO 1817604 --- [conference-backend] [           main] .s.d.r.c.RepositoryConfigurationDelegate : Finished Spring Data repository scanning in 1 ms. Found 0 JPA repository interfaces.
2026-09-30T12:46:57.694+02:00  INFO 1817604 --- [conference-backend] [           main] o.s.b.w.embedded.tomcat.TomcatWebServer  : Tomcat initialized with port 0 (http)
2026-09-30T12:46:57.695+02:00  INFO 1817604 --- [conference-backend] [           main] o.apache.catalina.core.StandardService   : Starting service [Tomcat]
2026-09-30T12:46:57.695+02:00  INFO 1817604 --- [conference-backend] [           main] o.apache.catalina.core.StandardEngine    : Starting Servlet engine: [Apache Tomcat/10.1.60]
2026-09-30T12:46:57.708+02:00  INFO 1817604 --- [conference-backend] [           main] o.a.c.c.C.[Tomcat-1].[localhost].[/]     : Initializing Spring embedded WebApplicationContext
2026-09-30T12:46:57.709+02:00  INFO 1817604 --- [conference-backend] [           main] w.s.c.ServletWebServerApplicationContext : Root WebApplicationContext: initialization completed in 275 ms
2026-09-30T12:46:57.776+02:00  INFO 1817604 --- [conference-backend] [           main] com.zaxxer.hikari.HikariDataSource       : HikariPool-16 - Starting...
2026-09-30T12:46:57.803+02:00  INFO 1817604 --- [conference-backend] [           main] com.zaxxer.hikari.pool.HikariPool        : HikariPool-16 - Added connection org.postgresql.jdbc.PgConnection@613fe52c
2026-09-30T12:46:57.803+02:00  INFO 1817604 --- [conference-backend] [           main] com.zaxxer.hikari.HikariDataSource       : HikariPool-16 - Start completed.
2026-09-30T12:46:57.805+02:00  INFO 1817604 --- [conference-backend] [           main] org.flywaydb.core.FlywayExecutor         : Database: jdbc:postgresql://localhost:33183/conf_25403f9b19d7 (PostgreSQL 16.14)
2026-09-30T12:46:57.825+02:00  INFO 1817604 --- [conference-backend] [           main] o.f.c.i.s.JdbcTableSchemaHistory         : Schema history table "public"."flyway_schema_history" does not exist yet
2026-09-30T12:46:57.826+02:00  INFO 1817604 --- [conference-backend] [           main] o.f.core.internal.command.DbValidate     : Successfully validated 0 migrations (execution time 00:00.005s)
2026-09-30T12:46:57.826+02:00  WARN 1817604 --- [conference-backend] [           main] o.f.core.internal.command.DbValidate     : No migrations found. Are your locations set up correctly?
2026-09-30T12:46:57.842+02:00  INFO 1817604 --- [conference-backend] [           main] o.f.c.i.s.JdbcTableSchemaHistory         : Creating Schema History table "public"."flyway_schema_history" ...
2026-09-30T12:46:57.896+02:00  INFO 1817604 --- [conference-backend] [           main] o.f.core.internal.command.DbMigrate      : Current version of schema "public": << Empty Schema >>
2026-09-30T12:46:57.897+02:00  INFO 1817604 --- [conference-backend] [           main] o.f.core.internal.command.DbMigrate      : Schema "public" is up to date. No migration necessary.
2026-09-30T12:46:57.921+02:00  INFO 1817604 --- [conference-backend] [           main] o.hibernate.jpa.internal.util.LogHelper  : HHH000204: Processing PersistenceUnitInfo [name: default]
2026-09-30T12:46:57.923+02:00  INFO 1817604 --- [conference-backend] [           main] o.h.c.internal.RegionFactoryInitiator    : HHH000026: Second-level cache disabled
2026-09-30T12:46:57.933+02:00  INFO 1817604 --- [conference-backend] [           main] o.s.o.j.p.SpringPersistenceUnitInfo      : No LoadTimeWeaver setup: ignoring JPA class transformer
2026-09-30T12:46:57.946+02:00  INFO 1817604 --- [conference-backend] [           main] org.hibernate.orm.connections.pooling    : HHH10001005: Database info:
	Database JDBC URL [Connecting through datasource 'HikariDataSource (HikariPool-16)']
	Database driver: undefined/unknown
	Database version: 16.14
	Autocommit mode: undefined/unknown
	Isolation level: undefined/unknown
	Minimum pool size: undefined/unknown
	Maximum pool size: undefined/unknown
2026-09-30T12:46:57.967+02:00  INFO 1817604 --- [conference-backend] [           main] o.h.e.t.j.p.i.JtaPlatformInitiator       : HHH000489: No JTA platform available (set 'hibernate.transaction.jta.platform' to enable JTA platform integration)
2026-09-30T12:46:57.968+02:00  INFO 1817604 --- [conference-backend] [           main] j.LocalContainerEntityManagerFactoryBean : Initialized JPA EntityManagerFactory for persistence unit 'default'
2026-09-30T12:46:58.152+02:00  WARN 1817604 --- [conference-backend] [           main] .s.s.UserDetailsServiceAutoConfiguration : 

Using generated security password: <redacted by agent, F-03>

This generated password is for development use only. Your security configuration must be updated before running your application in production.

2026-09-30T12:46:58.154+02:00  INFO 1817604 --- [conference-backend] [           main] r$InitializeUserDetailsManagerConfigurer : Global AuthenticationManager configured with UserDetailsService bean with name inMemoryUserDetailsManager
2026-09-30T12:46:58.168+02:00  INFO 1817604 --- [conference-backend] [           main] o.s.b.a.e.web.EndpointLinksResolver      : Exposing 1 endpoint beneath base path '/actuator'
2026-09-30T12:46:58.225+02:00  INFO 1817604 --- [conference-backend] [           main] o.s.b.w.embedded.tomcat.TomcatWebServer  : Tomcat started on port 38831 (http) with context path '/'
2026-09-30T12:46:58.233+02:00  INFO 1817604 --- [conference-backend] [           main] o.a.maven.surefire.booter.ForkedBooter   : Started ForkedBooter in 0.82 seconds (process running for 152.474)
2026-09-30T12:46:58.236+02:00  INFO 1817604 --- [conference-backend] [           main] o.s.b.w.e.tomcat.GracefulShutdown        : Commencing graceful shutdown. Waiting for active requests to complete
2026-09-30T12:46:58.241+02:00  INFO 1817604 --- [conference-backend] [tomcat-shutdown] o.s.b.w.e.tomcat.GracefulShutdown        : Graceful shutdown complete
2026-09-30T12:46:58.250+02:00  INFO 1817604 --- [conference-backend] [           main] j.LocalContainerEntityManagerFactoryBean : Closing JPA EntityManagerFactory for persistence unit 'default'
2026-09-30T12:46:58.250+02:00  INFO 1817604 --- [conference-backend] [           main] com.zaxxer.hikari.HikariDataSource       : HikariPool-16 - Shutdown initiated...
2026-09-30T12:46:58.359+02:00  INFO 1817604 --- [conference-backend] [           main] com.zaxxer.hikari.HikariDataSource       : HikariPool-16 - Shutdown completed.

  .   ____          _            __ _ _
 /\\ / ___'_ __ _ _(_)_ __  __ _ \ \ \ \
( ( )\___ | '_ | '_| | '_ \/ _` | \ \ \ \
 \\/  ___)| |_)| | | | | || (_| |  ) ) ) )
  '  |____| .__|_| |_|_| |_\__, | / / / /
 =========|_|==============|___/=/_/_/_/

 :: Spring Boot ::               (v3.5.16)

2026-09-30T12:46:58.595+02:00  INFO 1817604 --- [conference-backend] [           main] o.a.maven.surefire.booter.ForkedBooter   : Starting ForkedBooter v3.5.6 using Java 21.0.12 with PID 1817604 (started by tjan-kazar in /home/tjan-kazar/storage/Work/lab/agentic_lab/02_output/backend)
2026-09-30T12:46:58.595+02:00  INFO 1817604 --- [conference-backend] [           main] o.a.maven.surefire.booter.ForkedBooter   : No active profile set, falling back to 1 default profile: "default"
2026-09-30T12:46:58.796+02:00  INFO 1817604 --- [conference-backend] [           main] .s.d.r.c.RepositoryConfigurationDelegate : Bootstrapping Spring Data JPA repositories in DEFAULT mode.
2026-09-30T12:46:58.799+02:00  INFO 1817604 --- [conference-backend] [           main] .s.d.r.c.RepositoryConfigurationDelegate : Finished Spring Data repository scanning in 1 ms. Found 0 JPA repository interfaces.
2026-09-30T12:46:58.873+02:00  INFO 1817604 --- [conference-backend] [           main] o.s.b.w.embedded.tomcat.TomcatWebServer  : Tomcat initialized with port 0 (http)
2026-09-30T12:46:58.874+02:00  INFO 1817604 --- [conference-backend] [           main] o.apache.catalina.core.StandardService   : Starting service [Tomcat]
2026-09-30T12:46:58.874+02:00  INFO 1817604 --- [conference-backend] [           main] o.apache.catalina.core.StandardEngine    : Starting Servlet engine: [Apache Tomcat/10.1.60]
2026-09-30T12:46:58.887+02:00  INFO 1817604 --- [conference-backend] [           main] o.a.c.c.C.[Tomcat-1].[localhost].[/]     : Initializing Spring embedded WebApplicationContext
2026-09-30T12:46:58.887+02:00  INFO 1817604 --- [conference-backend] [           main] w.s.c.ServletWebServerApplicationContext : Root WebApplicationContext: initialization completed in 290 ms
2026-09-30T12:46:58.961+02:00  INFO 1817604 --- [conference-backend] [           main] com.zaxxer.hikari.HikariDataSource       : HikariPool-17 - Starting...
2026-09-30T12:46:58.992+02:00  INFO 1817604 --- [conference-backend] [           main] com.zaxxer.hikari.pool.HikariPool        : HikariPool-17 - Added connection org.postgresql.jdbc.PgConnection@5405fd1
2026-09-30T12:46:58.993+02:00  INFO 1817604 --- [conference-backend] [           main] com.zaxxer.hikari.HikariDataSource       : HikariPool-17 - Start completed.
2026-09-30T12:46:58.995+02:00  INFO 1817604 --- [conference-backend] [           main] org.flywaydb.core.FlywayExecutor         : Database: jdbc:postgresql://localhost:33183/conf_60147390db7f (PostgreSQL 16.14)
2026-09-30T12:46:59.014+02:00  INFO 1817604 --- [conference-backend] [           main] o.f.c.i.s.JdbcTableSchemaHistory         : Schema history table "public"."flyway_schema_history" does not exist yet
2026-09-30T12:46:59.017+02:00  INFO 1817604 --- [conference-backend] [           main] o.f.core.internal.command.DbValidate     : Successfully validated 0 migrations (execution time 00:00.007s)
2026-09-30T12:46:59.017+02:00  WARN 1817604 --- [conference-backend] [           main] o.f.core.internal.command.DbValidate     : No migrations found. Are your locations set up correctly?
2026-09-30T12:46:59.031+02:00  INFO 1817604 --- [conference-backend] [           main] o.f.c.i.s.JdbcTableSchemaHistory         : Creating Schema History table "public"."flyway_schema_history" ...
2026-09-30T12:46:59.083+02:00  INFO 1817604 --- [conference-backend] [           main] o.f.core.internal.command.DbMigrate      : Current version of schema "public": << Empty Schema >>
2026-09-30T12:46:59.084+02:00  INFO 1817604 --- [conference-backend] [           main] o.f.core.internal.command.DbMigrate      : Schema "public" is up to date. No migration necessary.
2026-09-30T12:46:59.101+02:00  INFO 1817604 --- [conference-backend] [           main] o.hibernate.jpa.internal.util.LogHelper  : HHH000204: Processing PersistenceUnitInfo [name: default]
2026-09-30T12:46:59.103+02:00  INFO 1817604 --- [conference-backend] [           main] o.h.c.internal.RegionFactoryInitiator    : HHH000026: Second-level cache disabled
2026-09-30T12:46:59.112+02:00  INFO 1817604 --- [conference-backend] [           main] o.s.o.j.p.SpringPersistenceUnitInfo      : No LoadTimeWeaver setup: ignoring JPA class transformer
2026-09-30T12:46:59.124+02:00  INFO 1817604 --- [conference-backend] [           main] org.hibernate.orm.connections.pooling    : HHH10001005: Database info:
	Database JDBC URL [Connecting through datasource 'HikariDataSource (HikariPool-17)']
	Database driver: undefined/unknown
	Database version: 16.14
	Autocommit mode: undefined/unknown
	Isolation level: undefined/unknown
	Minimum pool size: undefined/unknown
	Maximum pool size: undefined/unknown
2026-09-30T12:46:59.142+02:00  INFO 1817604 --- [conference-backend] [           main] o.h.e.t.j.p.i.JtaPlatformInitiator       : HHH000489: No JTA platform available (set 'hibernate.transaction.jta.platform' to enable JTA platform integration)
2026-09-30T12:46:59.142+02:00  INFO 1817604 --- [conference-backend] [           main] j.LocalContainerEntityManagerFactoryBean : Initialized JPA EntityManagerFactory for persistence unit 'default'
2026-09-30T12:46:59.286+02:00  WARN 1817604 --- [conference-backend] [           main] .s.s.UserDetailsServiceAutoConfiguration : 

Using generated security password: <redacted by agent, F-03>

This generated password is for development use only. Your security configuration must be updated before running your application in production.

2026-09-30T12:46:59.287+02:00  INFO 1817604 --- [conference-backend] [           main] r$InitializeUserDetailsManagerConfigurer : Global AuthenticationManager configured with UserDetailsService bean with name inMemoryUserDetailsManager
2026-09-30T12:46:59.297+02:00  INFO 1817604 --- [conference-backend] [           main] o.s.b.a.e.web.EndpointLinksResolver      : Exposing 1 endpoint beneath base path '/actuator'
2026-09-30T12:46:59.341+02:00  INFO 1817604 --- [conference-backend] [           main] o.s.b.w.embedded.tomcat.TomcatWebServer  : Tomcat started on port 33421 (http) with context path '/'
2026-09-30T12:46:59.347+02:00  INFO 1817604 --- [conference-backend] [           main] o.a.maven.surefire.booter.ForkedBooter   : Started ForkedBooter in 0.779 seconds (process running for 153.589)
2026-09-30T12:46:59.350+02:00  INFO 1817604 --- [conference-backend] [           main] o.s.b.w.e.tomcat.GracefulShutdown        : Commencing graceful shutdown. Waiting for active requests to complete
2026-09-30T12:46:59.352+02:00  INFO 1817604 --- [conference-backend] [tomcat-shutdown] o.s.b.w.e.tomcat.GracefulShutdown        : Graceful shutdown complete
2026-09-30T12:46:59.354+02:00  INFO 1817604 --- [conference-backend] [           main] j.LocalContainerEntityManagerFactoryBean : Closing JPA EntityManagerFactory for persistence unit 'default'
2026-09-30T12:46:59.356+02:00  INFO 1817604 --- [conference-backend] [           main] com.zaxxer.hikari.HikariDataSource       : HikariPool-17 - Shutdown initiated...
2026-09-30T12:46:59.379+02:00  INFO 1817604 --- [conference-backend] [           main] com.zaxxer.hikari.HikariDataSource       : HikariPool-17 - Shutdown completed.

  .   ____          _            __ _ _
 /\\ / ___'_ __ _ _(_)_ __  __ _ \ \ \ \
( ( )\___ | '_ | '_| | '_ \/ _` | \ \ \ \
 \\/  ___)| |_)| | | | | || (_| |  ) ) ) )
  '  |____| .__|_| |_|_| |_\__, | / / / /
 =========|_|==============|___/=/_/_/_/

 :: Spring Boot ::               (v3.5.16)

2026-09-30T12:46:59.589+02:00  INFO 1817604 --- [conference-backend] [           main] o.a.maven.surefire.booter.ForkedBooter   : Starting ForkedBooter v3.5.6 using Java 21.0.12 with PID 1817604 (started by tjan-kazar in /home/tjan-kazar/storage/Work/lab/agentic_lab/02_output/backend)
2026-09-30T12:46:59.590+02:00  INFO 1817604 --- [conference-backend] [           main] o.a.maven.surefire.booter.ForkedBooter   : No active profile set, falling back to 1 default profile: "default"
2026-09-30T12:46:59.780+02:00  INFO 1817604 --- [conference-backend] [           main] .s.d.r.c.RepositoryConfigurationDelegate : Bootstrapping Spring Data JPA repositories in DEFAULT mode.
2026-09-30T12:46:59.782+02:00  INFO 1817604 --- [conference-backend] [           main] .s.d.r.c.RepositoryConfigurationDelegate : Finished Spring Data repository scanning in 1 ms. Found 0 JPA repository interfaces.
2026-09-30T12:46:59.852+02:00  INFO 1817604 --- [conference-backend] [           main] o.s.b.w.embedded.tomcat.TomcatWebServer  : Tomcat initialized with port 0 (http)
2026-09-30T12:46:59.854+02:00  INFO 1817604 --- [conference-backend] [           main] o.apache.catalina.core.StandardService   : Starting service [Tomcat]
2026-09-30T12:46:59.854+02:00  INFO 1817604 --- [conference-backend] [           main] o.apache.catalina.core.StandardEngine    : Starting Servlet engine: [Apache Tomcat/10.1.60]
2026-09-30T12:46:59.870+02:00  INFO 1817604 --- [conference-backend] [           main] o.a.c.c.C.[Tomcat-1].[localhost].[/]     : Initializing Spring embedded WebApplicationContext
2026-09-30T12:46:59.870+02:00  INFO 1817604 --- [conference-backend] [           main] w.s.c.ServletWebServerApplicationContext : Root WebApplicationContext: initialization completed in 279 ms
2026-09-30T12:46:59.954+02:00  INFO 1817604 --- [conference-backend] [           main] com.zaxxer.hikari.HikariDataSource       : HikariPool-18 - Starting...
2026-09-30T12:47:00.010+02:00  INFO 1817604 --- [conference-backend] [           main] com.zaxxer.hikari.pool.HikariPool        : HikariPool-18 - Added connection org.postgresql.jdbc.PgConnection@2d5a296d
2026-09-30T12:47:00.010+02:00  INFO 1817604 --- [conference-backend] [           main] com.zaxxer.hikari.HikariDataSource       : HikariPool-18 - Start completed.
2026-09-30T12:47:00.014+02:00  INFO 1817604 --- [conference-backend] [           main] org.flywaydb.core.FlywayExecutor         : Database: jdbc:postgresql://localhost:33183/conf_6fe8f83001e2 (PostgreSQL 16.14)
2026-09-30T12:47:00.077+02:00  INFO 1817604 --- [conference-backend] [           main] o.f.c.i.s.JdbcTableSchemaHistory         : Schema history table "public"."flyway_schema_history" does not exist yet
2026-09-30T12:47:00.079+02:00  INFO 1817604 --- [conference-backend] [           main] o.f.core.internal.command.DbValidate     : Successfully validated 0 migrations (execution time 00:00.007s)
2026-09-30T12:47:00.079+02:00  WARN 1817604 --- [conference-backend] [           main] o.f.core.internal.command.DbValidate     : No migrations found. Are your locations set up correctly?
2026-09-30T12:47:00.138+02:00  INFO 1817604 --- [conference-backend] [           main] o.f.c.i.s.JdbcTableSchemaHistory         : Creating Schema History table "public"."flyway_schema_history" ...
2026-09-30T12:47:00.180+02:00  INFO 1817604 --- [conference-backend] [           main] o.f.core.internal.command.DbMigrate      : Current version of schema "public": << Empty Schema >>
2026-09-30T12:47:00.181+02:00  INFO 1817604 --- [conference-backend] [           main] o.f.core.internal.command.DbMigrate      : Schema "public" is up to date. No migration necessary.
2026-09-30T12:47:00.208+02:00  INFO 1817604 --- [conference-backend] [           main] o.hibernate.jpa.internal.util.LogHelper  : HHH000204: Processing PersistenceUnitInfo [name: default]
2026-09-30T12:47:00.213+02:00  INFO 1817604 --- [conference-backend] [           main] o.h.c.internal.RegionFactoryInitiator    : HHH000026: Second-level cache disabled
2026-09-30T12:47:00.241+02:00  INFO 1817604 --- [conference-backend] [           main] o.s.o.j.p.SpringPersistenceUnitInfo      : No LoadTimeWeaver setup: ignoring JPA class transformer
2026-09-30T12:47:00.261+02:00  INFO 1817604 --- [conference-backend] [           main] org.hibernate.orm.connections.pooling    : HHH10001005: Database info:
	Database JDBC URL [Connecting through datasource 'HikariDataSource (HikariPool-18)']
	Database driver: undefined/unknown
	Database version: 16.14
	Autocommit mode: undefined/unknown
	Isolation level: undefined/unknown
	Minimum pool size: undefined/unknown
	Maximum pool size: undefined/unknown
2026-09-30T12:47:00.286+02:00  INFO 1817604 --- [conference-backend] [           main] o.h.e.t.j.p.i.JtaPlatformInitiator       : HHH000489: No JTA platform available (set 'hibernate.transaction.jta.platform' to enable JTA platform integration)
2026-09-30T12:47:00.287+02:00  INFO 1817604 --- [conference-backend] [           main] j.LocalContainerEntityManagerFactoryBean : Initialized JPA EntityManagerFactory for persistence unit 'default'
2026-09-30T12:47:00.456+02:00  WARN 1817604 --- [conference-backend] [           main] .s.s.UserDetailsServiceAutoConfiguration : 

Using generated security password: <redacted by agent, F-03>

This generated password is for development use only. Your security configuration must be updated before running your application in production.

2026-09-30T12:47:00.457+02:00  INFO 1817604 --- [conference-backend] [           main] r$InitializeUserDetailsManagerConfigurer : Global AuthenticationManager configured with UserDetailsService bean with name inMemoryUserDetailsManager
2026-09-30T12:47:00.476+02:00  INFO 1817604 --- [conference-backend] [           main] o.s.b.a.e.web.EndpointLinksResolver      : Exposing 1 endpoint beneath base path '/actuator'
2026-09-30T12:47:00.551+02:00  INFO 1817604 --- [conference-backend] [           main] o.s.b.w.embedded.tomcat.TomcatWebServer  : Tomcat started on port 38269 (http) with context path '/'
2026-09-30T12:47:00.568+02:00  INFO 1817604 --- [conference-backend] [           main] o.a.maven.surefire.booter.ForkedBooter   : Started ForkedBooter in 1.009 seconds (process running for 154.81)
2026-09-30T12:47:00.590+02:00  INFO 1817604 --- [conference-backend] [-auto-18-exec-1] o.a.c.c.C.[Tomcat-1].[localhost].[/]     : Initializing Spring DispatcherServlet 'dispatcherServlet'
2026-09-30T12:47:00.590+02:00  INFO 1817604 --- [conference-backend] [-auto-18-exec-1] o.s.web.servlet.DispatcherServlet        : Initializing Servlet 'dispatcherServlet'
2026-09-30T12:47:00.596+02:00  INFO 1817604 --- [conference-backend] [-auto-18-exec-1] o.s.web.servlet.DispatcherServlet        : Completed initialization in 6 ms
2026-09-30T12:47:00.622+02:00  INFO 1817604 --- [conference-backend] [           main] o.s.b.w.e.tomcat.GracefulShutdown        : Commencing graceful shutdown. Waiting for active requests to complete
2026-09-30T12:47:00.625+02:00  INFO 1817604 --- [conference-backend] [tomcat-shutdown] o.s.b.w.e.tomcat.GracefulShutdown        : Graceful shutdown complete
2026-09-30T12:47:00.629+02:00  INFO 1817604 --- [conference-backend] [           main] j.LocalContainerEntityManagerFactoryBean : Closing JPA EntityManagerFactory for persistence unit 'default'
2026-09-30T12:47:00.630+02:00  INFO 1817604 --- [conference-backend] [           main] com.zaxxer.hikari.HikariDataSource       : HikariPool-18 - Shutdown initiated...
2026-09-30T12:47:00.666+02:00  INFO 1817604 --- [conference-backend] [           main] com.zaxxer.hikari.HikariDataSource       : HikariPool-18 - Shutdown completed.

  .   ____          _            __ _ _
 /\\ / ___'_ __ _ _(_)_ __  __ _ \ \ \ \
( ( )\___ | '_ | '_| | '_ \/ _` | \ \ \ \
 \\/  ___)| |_)| | | | | || (_| |  ) ) ) )
  '  |____| .__|_| |_|_| |_\__, | / / / /
 =========|_|==============|___/=/_/_/_/

 :: Spring Boot ::               (v3.5.16)

2026-09-30T12:47:00.940+02:00  INFO 1817604 --- [conference-backend] [           main] o.a.maven.surefire.booter.ForkedBooter   : Starting ForkedBooter v3.5.6 using Java 21.0.12 with PID 1817604 (started by tjan-kazar in /home/tjan-kazar/storage/Work/lab/agentic_lab/02_output/backend)
2026-09-30T12:47:00.941+02:00  INFO 1817604 --- [conference-backend] [           main] o.a.maven.surefire.booter.ForkedBooter   : No active profile set, falling back to 1 default profile: "default"
2026-09-30T12:47:01.190+02:00  INFO 1817604 --- [conference-backend] [           main] .s.d.r.c.RepositoryConfigurationDelegate : Bootstrapping Spring Data JPA repositories in DEFAULT mode.
2026-09-30T12:47:01.193+02:00  INFO 1817604 --- [conference-backend] [           main] .s.d.r.c.RepositoryConfigurationDelegate : Finished Spring Data repository scanning in 1 ms. Found 0 JPA repository interfaces.
2026-09-30T12:47:01.273+02:00  INFO 1817604 --- [conference-backend] [           main] o.s.b.w.embedded.tomcat.TomcatWebServer  : Tomcat initialized with port 0 (http)
2026-09-30T12:47:01.274+02:00  INFO 1817604 --- [conference-backend] [           main] o.apache.catalina.core.StandardService   : Starting service [Tomcat]
2026-09-30T12:47:01.275+02:00  INFO 1817604 --- [conference-backend] [           main] o.apache.catalina.core.StandardEngine    : Starting Servlet engine: [Apache Tomcat/10.1.60]
2026-09-30T12:47:01.288+02:00  INFO 1817604 --- [conference-backend] [           main] o.a.c.c.C.[Tomcat-1].[localhost].[/]     : Initializing Spring embedded WebApplicationContext
2026-09-30T12:47:01.288+02:00  INFO 1817604 --- [conference-backend] [           main] w.s.c.ServletWebServerApplicationContext : Root WebApplicationContext: initialization completed in 342 ms
2026-09-30T12:47:01.444+02:00  INFO 1817604 --- [conference-backend] [           main] com.zaxxer.hikari.HikariDataSource       : HikariPool-19 - Starting...
2026-09-30T12:47:01.506+02:00  INFO 1817604 --- [conference-backend] [           main] com.zaxxer.hikari.pool.HikariPool        : HikariPool-19 - Added connection org.postgresql.jdbc.PgConnection@3da50816
2026-09-30T12:47:01.506+02:00  INFO 1817604 --- [conference-backend] [           main] com.zaxxer.hikari.HikariDataSource       : HikariPool-19 - Start completed.
2026-09-30T12:47:01.516+02:00  INFO 1817604 --- [conference-backend] [           main] org.flywaydb.core.FlywayExecutor         : Database: jdbc:postgresql://localhost:33183/conf_70e5307f5781 (PostgreSQL 16.14)
2026-09-30T12:47:01.546+02:00  INFO 1817604 --- [conference-backend] [           main] o.f.c.i.s.JdbcTableSchemaHistory         : Schema history table "public"."flyway_schema_history" does not exist yet
2026-09-30T12:47:01.548+02:00  INFO 1817604 --- [conference-backend] [           main] o.f.core.internal.command.DbValidate     : Successfully validated 0 migrations (execution time 00:00.007s)
2026-09-30T12:47:01.548+02:00  WARN 1817604 --- [conference-backend] [           main] o.f.core.internal.command.DbValidate     : No migrations found. Are your locations set up correctly?
2026-09-30T12:47:01.600+02:00  INFO 1817604 --- [conference-backend] [           main] o.f.c.i.s.JdbcTableSchemaHistory         : Creating Schema History table "public"."flyway_schema_history" ...
2026-09-30T12:47:01.684+02:00  INFO 1817604 --- [conference-backend] [           main] o.f.core.internal.command.DbMigrate      : Current version of schema "public": << Empty Schema >>
2026-09-30T12:47:01.689+02:00  INFO 1817604 --- [conference-backend] [           main] o.f.core.internal.command.DbMigrate      : Schema "public" is up to date. No migration necessary.
2026-09-30T12:47:01.742+02:00  INFO 1817604 --- [conference-backend] [           main] o.hibernate.jpa.internal.util.LogHelper  : HHH000204: Processing PersistenceUnitInfo [name: default]
2026-09-30T12:47:01.749+02:00  INFO 1817604 --- [conference-backend] [           main] o.h.c.internal.RegionFactoryInitiator    : HHH000026: Second-level cache disabled
2026-09-30T12:47:01.778+02:00  INFO 1817604 --- [conference-backend] [           main] o.s.o.j.p.SpringPersistenceUnitInfo      : No LoadTimeWeaver setup: ignoring JPA class transformer
2026-09-30T12:47:01.806+02:00  INFO 1817604 --- [conference-backend] [           main] org.hibernate.orm.connections.pooling    : HHH10001005: Database info:
	Database JDBC URL [Connecting through datasource 'HikariDataSource (HikariPool-19)']
	Database driver: undefined/unknown
	Database version: 16.14
	Autocommit mode: undefined/unknown
	Isolation level: undefined/unknown
	Minimum pool size: undefined/unknown
	Maximum pool size: undefined/unknown
2026-09-30T12:47:01.856+02:00  INFO 1817604 --- [conference-backend] [           main] o.h.e.t.j.p.i.JtaPlatformInitiator       : HHH000489: No JTA platform available (set 'hibernate.transaction.jta.platform' to enable JTA platform integration)
2026-09-30T12:47:01.856+02:00  INFO 1817604 --- [conference-backend] [           main] j.LocalContainerEntityManagerFactoryBean : Initialized JPA EntityManagerFactory for persistence unit 'default'
2026-09-30T12:47:02.119+02:00  WARN 1817604 --- [conference-backend] [           main] .s.s.UserDetailsServiceAutoConfiguration : 

Using generated security password: <redacted by agent, F-03>

This generated password is for development use only. Your security configuration must be updated before running your application in production.

2026-09-30T12:47:02.120+02:00  INFO 1817604 --- [conference-backend] [           main] r$InitializeUserDetailsManagerConfigurer : Global AuthenticationManager configured with UserDetailsService bean with name inMemoryUserDetailsManager
2026-09-30T12:47:02.137+02:00  INFO 1817604 --- [conference-backend] [           main] o.s.b.a.e.web.EndpointLinksResolver      : Exposing 1 endpoint beneath base path '/actuator'
2026-09-30T12:47:02.188+02:00  INFO 1817604 --- [conference-backend] [           main] o.s.b.w.embedded.tomcat.TomcatWebServer  : Tomcat started on port 34517 (http) with context path '/'
2026-09-30T12:47:02.193+02:00  INFO 1817604 --- [conference-backend] [           main] o.a.maven.surefire.booter.ForkedBooter   : Started ForkedBooter in 1.301 seconds (process running for 156.435)
2026-09-30T12:47:02.195+02:00  INFO 1817604 --- [conference-backend] [           main] o.s.b.w.e.tomcat.GracefulShutdown        : Commencing graceful shutdown. Waiting for active requests to complete
2026-09-30T12:47:02.197+02:00  INFO 1817604 --- [conference-backend] [tomcat-shutdown] o.s.b.w.e.tomcat.GracefulShutdown        : Graceful shutdown complete
2026-09-30T12:47:02.200+02:00  INFO 1817604 --- [conference-backend] [           main] j.LocalContainerEntityManagerFactoryBean : Closing JPA EntityManagerFactory for persistence unit 'default'
2026-09-30T12:47:02.200+02:00  INFO 1817604 --- [conference-backend] [           main] com.zaxxer.hikari.HikariDataSource       : HikariPool-19 - Shutdown initiated...
2026-09-30T12:47:02.223+02:00  INFO 1817604 --- [conference-backend] [           main] com.zaxxer.hikari.HikariDataSource       : HikariPool-19 - Shutdown completed.

  .   ____          _            __ _ _
 /\\ / ___'_ __ _ _(_)_ __  __ _ \ \ \ \
( ( )\___ | '_ | '_| | '_ \/ _` | \ \ \ \
 \\/  ___)| |_)| | | | | || (_| |  ) ) ) )
  '  |____| .__|_| |_|_| |_\__, | / / / /
 =========|_|==============|___/=/_/_/_/

 :: Spring Boot ::               (v3.5.16)

2026-09-30T12:47:02.509+02:00  INFO 1817604 --- [conference-backend] [           main] o.a.maven.surefire.booter.ForkedBooter   : Starting ForkedBooter v3.5.6 using Java 21.0.12 with PID 1817604 (started by tjan-kazar in /home/tjan-kazar/storage/Work/lab/agentic_lab/02_output/backend)
2026-09-30T12:47:02.510+02:00  INFO 1817604 --- [conference-backend] [           main] o.a.maven.surefire.booter.ForkedBooter   : No active profile set, falling back to 1 default profile: "default"
2026-09-30T12:47:02.748+02:00  INFO 1817604 --- [conference-backend] [           main] .s.d.r.c.RepositoryConfigurationDelegate : Bootstrapping Spring Data JPA repositories in DEFAULT mode.
2026-09-30T12:47:02.752+02:00  INFO 1817604 --- [conference-backend] [           main] .s.d.r.c.RepositoryConfigurationDelegate : Finished Spring Data repository scanning in 2 ms. Found 0 JPA repository interfaces.
2026-09-30T12:47:02.833+02:00  INFO 1817604 --- [conference-backend] [           main] o.s.b.w.embedded.tomcat.TomcatWebServer  : Tomcat initialized with port 0 (http)
2026-09-30T12:47:02.834+02:00  INFO 1817604 --- [conference-backend] [           main] o.apache.catalina.core.StandardService   : Starting service [Tomcat]
2026-09-30T12:47:02.834+02:00  INFO 1817604 --- [conference-backend] [           main] o.apache.catalina.core.StandardEngine    : Starting Servlet engine: [Apache Tomcat/10.1.60]
2026-09-30T12:47:02.847+02:00  INFO 1817604 --- [conference-backend] [           main] o.a.c.c.C.[Tomcat-1].[localhost].[/]     : Initializing Spring embedded WebApplicationContext
2026-09-30T12:47:02.848+02:00  INFO 1817604 --- [conference-backend] [           main] w.s.c.ServletWebServerApplicationContext : Root WebApplicationContext: initialization completed in 336 ms
2026-09-30T12:47:02.944+02:00  INFO 1817604 --- [conference-backend] [           main] com.zaxxer.hikari.HikariDataSource       : HikariPool-20 - Starting...
2026-09-30T12:47:04.050+02:00  INFO 1817604 --- [conference-backend] [           main] com.zaxxer.hikari.pool.HikariPool        : HikariPool-20 - Added connection org.postgresql.jdbc.PgConnection@26a3f93a
2026-09-30T12:47:04.051+02:00  INFO 1817604 --- [conference-backend] [           main] com.zaxxer.hikari.HikariDataSource       : HikariPool-20 - Start completed.
2026-09-30T12:47:04.057+02:00  INFO 1817604 --- [conference-backend] [           main] org.flywaydb.core.FlywayExecutor         : Database: jdbc:postgresql://localhost:33183/conf_c1d963fe8ffb (PostgreSQL 16.14)
2026-09-30T12:47:05.186+02:00  INFO 1817604 --- [conference-backend] [           main] o.f.c.i.s.JdbcTableSchemaHistory         : Schema history table "public"."flyway_schema_history" does not exist yet
2026-09-30T12:47:05.187+02:00  INFO 1817604 --- [conference-backend] [           main] o.f.core.internal.command.DbValidate     : Successfully validated 0 migrations (execution time 00:00.003s)
2026-09-30T12:47:05.187+02:00  WARN 1817604 --- [conference-backend] [           main] o.f.core.internal.command.DbValidate     : No migrations found. Are your locations set up correctly?
2026-09-30T12:47:05.890+02:00  INFO 1817604 --- [conference-backend] [           main] o.f.c.i.s.JdbcTableSchemaHistory         : Creating Schema History table "public"."flyway_schema_history" ...
2026-09-30T12:47:06.504+02:00  INFO 1817604 --- [conference-backend] [           main] o.f.core.internal.command.DbMigrate      : Current version of schema "public": << Empty Schema >>
2026-09-30T12:47:06.504+02:00  INFO 1817604 --- [conference-backend] [           main] o.f.core.internal.command.DbMigrate      : Schema "public" is up to date. No migration necessary.
2026-09-30T12:47:06.517+02:00  INFO 1817604 --- [conference-backend] [           main] o.hibernate.jpa.internal.util.LogHelper  : HHH000204: Processing PersistenceUnitInfo [name: default]
2026-09-30T12:47:06.521+02:00  INFO 1817604 --- [conference-backend] [           main] o.h.c.internal.RegionFactoryInitiator    : HHH000026: Second-level cache disabled
2026-09-30T12:47:06.527+02:00  INFO 1817604 --- [conference-backend] [           main] o.s.o.j.p.SpringPersistenceUnitInfo      : No LoadTimeWeaver setup: ignoring JPA class transformer
2026-09-30T12:47:06.538+02:00  INFO 1817604 --- [conference-backend] [           main] org.hibernate.orm.connections.pooling    : HHH10001005: Database info:
	Database JDBC URL [Connecting through datasource 'HikariDataSource (HikariPool-20)']
	Database driver: undefined/unknown
	Database version: 16.14
	Autocommit mode: undefined/unknown
	Isolation level: undefined/unknown
	Minimum pool size: undefined/unknown
	Maximum pool size: undefined/unknown
2026-09-30T12:47:06.556+02:00  INFO 1817604 --- [conference-backend] [           main] o.h.e.t.j.p.i.JtaPlatformInitiator       : HHH000489: No JTA platform available (set 'hibernate.transaction.jta.platform' to enable JTA platform integration)
2026-09-30T12:47:06.557+02:00  INFO 1817604 --- [conference-backend] [           main] j.LocalContainerEntityManagerFactoryBean : Initialized JPA EntityManagerFactory for persistence unit 'default'
2026-09-30T12:47:06.694+02:00  WARN 1817604 --- [conference-backend] [           main] .s.s.UserDetailsServiceAutoConfiguration : 

Using generated security password: <redacted by agent, F-03>

This generated password is for development use only. Your security configuration must be updated before running your application in production.

2026-09-30T12:47:06.695+02:00  INFO 1817604 --- [conference-backend] [           main] r$InitializeUserDetailsManagerConfigurer : Global AuthenticationManager configured with UserDetailsService bean with name inMemoryUserDetailsManager
2026-09-30T12:47:06.704+02:00  INFO 1817604 --- [conference-backend] [           main] o.s.b.a.e.web.EndpointLinksResolver      : Exposing 1 endpoint beneath base path '/actuator'
2026-09-30T12:47:06.886+02:00  INFO 1817604 --- [conference-backend] [           main] o.s.b.w.embedded.tomcat.TomcatWebServer  : Tomcat started on port 42989 (http) with context path '/'
2026-09-30T12:47:06.895+02:00  INFO 1817604 --- [conference-backend] [           main] o.a.maven.surefire.booter.ForkedBooter   : Started ForkedBooter in 4.422 seconds (process running for 161.137)
2026-09-30T12:47:06.902+02:00  INFO 1817604 --- [conference-backend] [-auto-20-exec-1] o.a.c.c.C.[Tomcat-1].[localhost].[/]     : Initializing Spring DispatcherServlet 'dispatcherServlet'
2026-09-30T12:47:06.902+02:00  INFO 1817604 --- [conference-backend] [-auto-20-exec-1] o.s.web.servlet.DispatcherServlet        : Initializing Servlet 'dispatcherServlet'
2026-09-30T12:47:06.904+02:00  INFO 1817604 --- [conference-backend] [-auto-20-exec-1] o.s.web.servlet.DispatcherServlet        : Completed initialization in 2 ms
2026-09-30T12:47:07.071+02:00  INFO 1817604 --- [conference-backend] [           main] o.s.b.w.e.tomcat.GracefulShutdown        : Commencing graceful shutdown. Waiting for active requests to complete
2026-09-30T12:47:07.072+02:00  INFO 1817604 --- [conference-backend] [tomcat-shutdown] o.s.b.w.e.tomcat.GracefulShutdown        : Graceful shutdown complete
2026-09-30T12:47:07.074+02:00  INFO 1817604 --- [conference-backend] [           main] j.LocalContainerEntityManagerFactoryBean : Closing JPA EntityManagerFactory for persistence unit 'default'
2026-09-30T12:47:07.075+02:00  INFO 1817604 --- [conference-backend] [           main] com.zaxxer.hikari.HikariDataSource       : HikariPool-20 - Shutdown initiated...
2026-09-30T12:47:07.322+02:00  INFO 1817604 --- [conference-backend] [           main] com.zaxxer.hikari.HikariDataSource       : HikariPool-20 - Shutdown completed.

  .   ____          _            __ _ _
 /\\ / ___'_ __ _ _(_)_ __  __ _ \ \ \ \
( ( )\___ | '_ | '_| | '_ \/ _` | \ \ \ \
 \\/  ___)| |_)| | | | | || (_| |  ) ) ) )
  '  |____| .__|_| |_|_| |_\__, | / / / /
 =========|_|==============|___/=/_/_/_/

 :: Spring Boot ::               (v3.5.16)

2026-09-30T12:47:08.448+02:00  INFO 1817604 --- [conference-backend] [           main] o.a.maven.surefire.booter.ForkedBooter   : Starting ForkedBooter v3.5.6 using Java 21.0.12 with PID 1817604 (started by tjan-kazar in /home/tjan-kazar/storage/Work/lab/agentic_lab/02_output/backend)
2026-09-30T12:47:08.448+02:00  INFO 1817604 --- [conference-backend] [           main] o.a.maven.surefire.booter.ForkedBooter   : No active profile set, falling back to 1 default profile: "default"
2026-09-30T12:47:08.670+02:00  INFO 1817604 --- [conference-backend] [           main] .s.d.r.c.RepositoryConfigurationDelegate : Bootstrapping Spring Data JPA repositories in DEFAULT mode.
2026-09-30T12:47:08.685+02:00  INFO 1817604 --- [conference-backend] [           main] .s.d.r.c.RepositoryConfigurationDelegate : Finished Spring Data repository scanning in 8 ms. Found 0 JPA repository interfaces.
2026-09-30T12:47:08.797+02:00  INFO 1817604 --- [conference-backend] [           main] o.s.b.w.embedded.tomcat.TomcatWebServer  : Tomcat initialized with port 0 (http)
2026-09-30T12:47:08.798+02:00  INFO 1817604 --- [conference-backend] [           main] o.apache.catalina.core.StandardService   : Starting service [Tomcat]
2026-09-30T12:47:08.798+02:00  INFO 1817604 --- [conference-backend] [           main] o.apache.catalina.core.StandardEngine    : Starting Servlet engine: [Apache Tomcat/10.1.60]
2026-09-30T12:47:09.055+02:00  INFO 1817604 --- [conference-backend] [           main] o.a.c.c.C.[Tomcat-1].[localhost].[/]     : Initializing Spring embedded WebApplicationContext
2026-09-30T12:47:09.055+02:00  INFO 1817604 --- [conference-backend] [           main] w.s.c.ServletWebServerApplicationContext : Root WebApplicationContext: initialization completed in 605 ms
2026-09-30T12:47:09.215+02:00  INFO 1817604 --- [conference-backend] [           main] com.zaxxer.hikari.HikariDataSource       : HikariPool-21 - Starting...
2026-09-30T12:47:09.243+02:00  INFO 1817604 --- [conference-backend] [           main] com.zaxxer.hikari.pool.HikariPool        : HikariPool-21 - Added connection org.postgresql.jdbc.PgConnection@42c8a2e8
2026-09-30T12:47:09.243+02:00  INFO 1817604 --- [conference-backend] [           main] com.zaxxer.hikari.HikariDataSource       : HikariPool-21 - Start completed.
2026-09-30T12:47:09.245+02:00  INFO 1817604 --- [conference-backend] [           main] org.flywaydb.core.FlywayExecutor         : Database: jdbc:postgresql://localhost:33183/conf_6112ba2b2313 (PostgreSQL 16.14)
2026-09-30T12:47:09.265+02:00  INFO 1817604 --- [conference-backend] [           main] o.f.c.i.s.JdbcTableSchemaHistory         : Schema history table "public"."flyway_schema_history" does not exist yet
2026-09-30T12:47:09.267+02:00  INFO 1817604 --- [conference-backend] [           main] o.f.core.internal.command.DbValidate     : Successfully validated 0 migrations (execution time 00:00.009s)
2026-09-30T12:47:09.268+02:00  WARN 1817604 --- [conference-backend] [           main] o.f.core.internal.command.DbValidate     : No migrations found. Are your locations set up correctly?
2026-09-30T12:47:09.364+02:00  INFO 1817604 --- [conference-backend] [           main] o.f.c.i.s.JdbcTableSchemaHistory         : Creating Schema History table "public"."flyway_schema_history" ...
2026-09-30T12:47:09.400+02:00  INFO 1817604 --- [conference-backend] [           main] o.f.core.internal.command.DbMigrate      : Current version of schema "public": << Empty Schema >>
2026-09-30T12:47:09.402+02:00  INFO 1817604 --- [conference-backend] [           main] o.f.core.internal.command.DbMigrate      : Schema "public" is up to date. No migration necessary.
2026-09-30T12:47:09.425+02:00  INFO 1817604 --- [conference-backend] [           main] o.hibernate.jpa.internal.util.LogHelper  : HHH000204: Processing PersistenceUnitInfo [name: default]
2026-09-30T12:47:09.426+02:00  INFO 1817604 --- [conference-backend] [           main] o.h.c.internal.RegionFactoryInitiator    : HHH000026: Second-level cache disabled
2026-09-30T12:47:09.432+02:00  INFO 1817604 --- [conference-backend] [           main] o.s.o.j.p.SpringPersistenceUnitInfo      : No LoadTimeWeaver setup: ignoring JPA class transformer
2026-09-30T12:47:10.189+02:00  INFO 1817604 --- [conference-backend] [           main] org.hibernate.orm.connections.pooling    : HHH10001005: Database info:
	Database JDBC URL [Connecting through datasource 'HikariDataSource (HikariPool-21)']
	Database driver: undefined/unknown
	Database version: 16.14
	Autocommit mode: undefined/unknown
	Isolation level: undefined/unknown
	Minimum pool size: undefined/unknown
	Maximum pool size: undefined/unknown
2026-09-30T12:47:10.236+02:00  INFO 1817604 --- [conference-backend] [           main] o.h.e.t.j.p.i.JtaPlatformInitiator       : HHH000489: No JTA platform available (set 'hibernate.transaction.jta.platform' to enable JTA platform integration)
2026-09-30T12:47:10.236+02:00  INFO 1817604 --- [conference-backend] [           main] j.LocalContainerEntityManagerFactoryBean : Initialized JPA EntityManagerFactory for persistence unit 'default'
2026-09-30T12:47:10.977+02:00  WARN 1817604 --- [conference-backend] [           main] .s.s.UserDetailsServiceAutoConfiguration : 

Using generated security password: <redacted by agent, F-03>

This generated password is for development use only. Your security configuration must be updated before running your application in production.

2026-09-30T12:47:10.979+02:00  INFO 1817604 --- [conference-backend] [           main] r$InitializeUserDetailsManagerConfigurer : Global AuthenticationManager configured with UserDetailsService bean with name inMemoryUserDetailsManager
2026-09-30T12:47:11.009+02:00  INFO 1817604 --- [conference-backend] [           main] o.s.b.a.e.web.EndpointLinksResolver      : Exposing 1 endpoint beneath base path '/actuator'
2026-09-30T12:47:11.091+02:00  INFO 1817604 --- [conference-backend] [           main] o.s.b.w.embedded.tomcat.TomcatWebServer  : Tomcat started on port 35869 (http) with context path '/'
2026-09-30T12:47:11.097+02:00  INFO 1817604 --- [conference-backend] [           main] o.a.maven.surefire.booter.ForkedBooter   : Started ForkedBooter in 2.672 seconds (process running for 165.339)
2026-09-30T12:47:11.101+02:00  INFO 1817604 --- [conference-backend] [-auto-21-exec-1] o.a.c.c.C.[Tomcat-1].[localhost].[/]     : Initializing Spring DispatcherServlet 'dispatcherServlet'
2026-09-30T12:47:11.102+02:00  INFO 1817604 --- [conference-backend] [-auto-21-exec-1] o.s.web.servlet.DispatcherServlet        : Initializing Servlet 'dispatcherServlet'
2026-09-30T12:47:11.103+02:00  INFO 1817604 --- [conference-backend] [-auto-21-exec-1] o.s.web.servlet.DispatcherServlet        : Completed initialization in 1 ms
[ERROR] Tests run: 8, Failures: 8, Errors: 0, Skipped: 0, Time elapsed: 16.39 s <<< FAILURE! -- in lab.conference.acceptance.CatalogAcceptanceTest
[ERROR] lab.conference.acceptance.CatalogAcceptanceTest.ac_003_03_invalidCatalogPreventsStartup(String)[1] -- Time elapsed: 1.035 s <<< FAILURE!
java.lang.AssertionError: 

Expecting code to raise a throwable.
	at lab.conference.acceptance.CatalogAcceptanceTest.ac_003_03_invalidCatalogPreventsStartup(CatalogAcceptanceTest.java:108)
	at java.base/java.lang.reflect.Method.invoke(Method.java:580)
	at java.base/java.util.Optional.ifPresent(Optional.java:178)
	at java.base/java.util.stream.ForEachOps$ForEachOp$OfRef.accept(ForEachOps.java:184)
	at java.base/java.util.stream.ReferencePipeline$3$1.accept(ReferencePipeline.java:197)
	at java.base/java.util.stream.ForEachOps$ForEachOp$OfRef.accept(ForEachOps.java:184)
	at java.base/java.util.stream.ForEachOps$ForEachOp$OfRef.accept(ForEachOps.java:184)
	at java.base/java.util.stream.ReferencePipeline$3$1.accept(ReferencePipeline.java:197)
	at java.base/java.util.Spliterators$ArraySpliterator.forEachRemaining(Spliterators.java:1024)
	at java.base/java.util.stream.AbstractPipeline.copyInto(AbstractPipeline.java:509)
	at java.base/java.util.stream.AbstractPipeline.wrapAndCopyInto(AbstractPipeline.java:499)
	at java.base/java.util.stream.ForEachOps$ForEachOp.evaluateSequential(ForEachOps.java:151)
	at java.base/java.util.stream.ForEachOps$ForEachOp$OfRef.evaluateSequential(ForEachOps.java:174)
	at java.base/java.util.stream.AbstractPipeline.evaluate(AbstractPipeline.java:234)
	at java.base/java.util.stream.ReferencePipeline.forEach(ReferencePipeline.java:596)
	at java.base/java.util.stream.ReferencePipeline$7$1.accept(ReferencePipeline.java:276)
	at java.base/java.util.ArrayList$ArrayListSpliterator.forEachRemaining(ArrayList.java:1708)
	at java.base/java.util.stream.AbstractPipeline.copyInto(AbstractPipeline.java:509)
	at java.base/java.util.stream.AbstractPipeline.wrapAndCopyInto(AbstractPipeline.java:499)
	at java.base/java.util.stream.ForEachOps$ForEachOp.evaluateSequential(ForEachOps.java:151)
	at java.base/java.util.stream.ForEachOps$ForEachOp$OfRef.evaluateSequential(ForEachOps.java:174)
	at java.base/java.util.stream.AbstractPipeline.evaluate(AbstractPipeline.java:234)
	at java.base/java.util.stream.ReferencePipeline.forEach(ReferencePipeline.java:596)
	at java.base/java.util.stream.ReferencePipeline$7$1.accept(ReferencePipeline.java:276)
	at java.base/java.util.stream.ReferencePipeline$3$1.accept(ReferencePipeline.java:197)
	at java.base/java.util.stream.ReferencePipeline$3$1.accept(ReferencePipeline.java:197)
	at java.base/java.util.stream.ReferencePipeline$3$1.accept(ReferencePipeline.java:197)
	at java.base/java.util.ArrayList$ArrayListSpliterator.forEachRemaining(ArrayList.java:1708)
	at java.base/java.util.stream.AbstractPipeline.copyInto(AbstractPipeline.java:509)
	at java.base/java.util.stream.AbstractPipeline.wrapAndCopyInto(AbstractPipeline.java:499)
	at java.base/java.util.stream.ForEachOps$ForEachOp.evaluateSequential(ForEachOps.java:151)
	at java.base/java.util.stream.ForEachOps$ForEachOp$OfRef.evaluateSequential(ForEachOps.java:174)
	at java.base/java.util.stream.AbstractPipeline.evaluate(AbstractPipeline.java:234)
	at java.base/java.util.stream.ReferencePipeline.forEach(ReferencePipeline.java:596)
	at java.base/java.util.ArrayList.forEach(ArrayList.java:1596)
	at java.base/java.util.ArrayList.forEach(ArrayList.java:1596)

[ERROR] lab.conference.acceptance.CatalogAcceptanceTest.ac_003_03_invalidCatalogPreventsStartup(String)[2] -- Time elapsed: 1.352 s <<< FAILURE!
java.lang.AssertionError: 

Expecting code to raise a throwable.
	at lab.conference.acceptance.CatalogAcceptanceTest.ac_003_03_invalidCatalogPreventsStartup(CatalogAcceptanceTest.java:108)
	at java.base/java.lang.reflect.Method.invoke(Method.java:580)
	at java.base/java.util.Optional.ifPresent(Optional.java:178)
	at java.base/java.util.stream.ForEachOps$ForEachOp$OfRef.accept(ForEachOps.java:184)
	at java.base/java.util.stream.ReferencePipeline$3$1.accept(ReferencePipeline.java:197)
	at java.base/java.util.stream.ForEachOps$ForEachOp$OfRef.accept(ForEachOps.java:184)
	at java.base/java.util.stream.ForEachOps$ForEachOp$OfRef.accept(ForEachOps.java:184)
	at java.base/java.util.stream.ReferencePipeline$3$1.accept(ReferencePipeline.java:197)
	at java.base/java.util.Spliterators$ArraySpliterator.forEachRemaining(Spliterators.java:1024)
	at java.base/java.util.stream.AbstractPipeline.copyInto(AbstractPipeline.java:509)
	at java.base/java.util.stream.AbstractPipeline.wrapAndCopyInto(AbstractPipeline.java:499)
	at java.base/java.util.stream.ForEachOps$ForEachOp.evaluateSequential(ForEachOps.java:151)
	at java.base/java.util.stream.ForEachOps$ForEachOp$OfRef.evaluateSequential(ForEachOps.java:174)
	at java.base/java.util.stream.AbstractPipeline.evaluate(AbstractPipeline.java:234)
	at java.base/java.util.stream.ReferencePipeline.forEach(ReferencePipeline.java:596)
	at java.base/java.util.stream.ReferencePipeline$7$1.accept(ReferencePipeline.java:276)
	at java.base/java.util.ArrayList$ArrayListSpliterator.forEachRemaining(ArrayList.java:1708)
	at java.base/java.util.stream.AbstractPipeline.copyInto(AbstractPipeline.java:509)
	at java.base/java.util.stream.AbstractPipeline.wrapAndCopyInto(AbstractPipeline.java:499)
	at java.base/java.util.stream.ForEachOps$ForEachOp.evaluateSequential(ForEachOps.java:151)
	at java.base/java.util.stream.ForEachOps$ForEachOp$OfRef.evaluateSequential(ForEachOps.java:174)
	at java.base/java.util.stream.AbstractPipeline.evaluate(AbstractPipeline.java:234)
	at java.base/java.util.stream.ReferencePipeline.forEach(ReferencePipeline.java:596)
	at java.base/java.util.stream.ReferencePipeline$7$1.accept(ReferencePipeline.java:276)
	at java.base/java.util.stream.ReferencePipeline$3$1.accept(ReferencePipeline.java:197)
	at java.base/java.util.stream.ReferencePipeline$3$1.accept(ReferencePipeline.java:197)
	at java.base/java.util.stream.ReferencePipeline$3$1.accept(ReferencePipeline.java:197)
	at java.base/java.util.ArrayList$ArrayListSpliterator.forEachRemaining(ArrayList.java:1708)
	at java.base/java.util.stream.AbstractPipeline.copyInto(AbstractPipeline.java:509)
	at java.base/java.util.stream.AbstractPipeline.wrapAndCopyInto(AbstractPipeline.java:499)
	at java.base/java.util.stream.ForEachOps$ForEachOp.evaluateSequential(ForEachOps.java:151)
	at java.base/java.util.stream.ForEachOps$ForEachOp$OfRef.evaluateSequential(ForEachOps.java:174)
	at java.base/java.util.stream.AbstractPipeline.evaluate(AbstractPipeline.java:234)
	at java.base/java.util.stream.ReferencePipeline.forEach(ReferencePipeline.java:596)
	at java.base/java.util.ArrayList.forEach(ArrayList.java:1596)
	at java.base/java.util.ArrayList.forEach(ArrayList.java:1596)

[ERROR] lab.conference.acceptance.CatalogAcceptanceTest.ac_003_03_invalidCatalogPreventsStartup(String)[3] -- Time elapsed: 1.250 s <<< FAILURE!
java.lang.AssertionError: 

Expecting code to raise a throwable.
	at lab.conference.acceptance.CatalogAcceptanceTest.ac_003_03_invalidCatalogPreventsStartup(CatalogAcceptanceTest.java:108)
	at java.base/java.lang.reflect.Method.invoke(Method.java:580)
	at java.base/java.util.Optional.ifPresent(Optional.java:178)
	at java.base/java.util.stream.ForEachOps$ForEachOp$OfRef.accept(ForEachOps.java:184)
	at java.base/java.util.stream.ReferencePipeline$3$1.accept(ReferencePipeline.java:197)
	at java.base/java.util.stream.ForEachOps$ForEachOp$OfRef.accept(ForEachOps.java:184)
	at java.base/java.util.stream.ForEachOps$ForEachOp$OfRef.accept(ForEachOps.java:184)
	at java.base/java.util.stream.ReferencePipeline$3$1.accept(ReferencePipeline.java:197)
	at java.base/java.util.Spliterators$ArraySpliterator.forEachRemaining(Spliterators.java:1024)
	at java.base/java.util.stream.AbstractPipeline.copyInto(AbstractPipeline.java:509)
	at java.base/java.util.stream.AbstractPipeline.wrapAndCopyInto(AbstractPipeline.java:499)
	at java.base/java.util.stream.ForEachOps$ForEachOp.evaluateSequential(ForEachOps.java:151)
	at java.base/java.util.stream.ForEachOps$ForEachOp$OfRef.evaluateSequential(ForEachOps.java:174)
	at java.base/java.util.stream.AbstractPipeline.evaluate(AbstractPipeline.java:234)
	at java.base/java.util.stream.ReferencePipeline.forEach(ReferencePipeline.java:596)
	at java.base/java.util.stream.ReferencePipeline$7$1.accept(ReferencePipeline.java:276)
	at java.base/java.util.ArrayList$ArrayListSpliterator.forEachRemaining(ArrayList.java:1708)
	at java.base/java.util.stream.AbstractPipeline.copyInto(AbstractPipeline.java:509)
	at java.base/java.util.stream.AbstractPipeline.wrapAndCopyInto(AbstractPipeline.java:499)
	at java.base/java.util.stream.ForEachOps$ForEachOp.evaluateSequential(ForEachOps.java:151)
	at java.base/java.util.stream.ForEachOps$ForEachOp$OfRef.evaluateSequential(ForEachOps.java:174)
	at java.base/java.util.stream.AbstractPipeline.evaluate(AbstractPipeline.java:234)
	at java.base/java.util.stream.ReferencePipeline.forEach(ReferencePipeline.java:596)
	at java.base/java.util.stream.ReferencePipeline$7$1.accept(ReferencePipeline.java:276)
	at java.base/java.util.stream.ReferencePipeline$3$1.accept(ReferencePipeline.java:197)
	at java.base/java.util.stream.ReferencePipeline$3$1.accept(ReferencePipeline.java:197)
	at java.base/java.util.stream.ReferencePipeline$3$1.accept(ReferencePipeline.java:197)
	at java.base/java.util.ArrayList$ArrayListSpliterator.forEachRemaining(ArrayList.java:1708)
	at java.base/java.util.stream.AbstractPipeline.copyInto(AbstractPipeline.java:509)
	at java.base/java.util.stream.AbstractPipeline.wrapAndCopyInto(AbstractPipeline.java:499)
	at java.base/java.util.stream.ForEachOps$ForEachOp.evaluateSequential(ForEachOps.java:151)
	at java.base/java.util.stream.ForEachOps$ForEachOp$OfRef.evaluateSequential(ForEachOps.java:174)
	at java.base/java.util.stream.AbstractPipeline.evaluate(AbstractPipeline.java:234)
	at java.base/java.util.stream.ReferencePipeline.forEach(ReferencePipeline.java:596)
	at java.base/java.util.ArrayList.forEach(ArrayList.java:1596)
	at java.base/java.util.ArrayList.forEach(ArrayList.java:1596)

[ERROR] lab.conference.acceptance.CatalogAcceptanceTest.ac_003_03_invalidCatalogPreventsStartup(String)[4] -- Time elapsed: 1.015 s <<< FAILURE!
java.lang.AssertionError: 

Expecting code to raise a throwable.
	at lab.conference.acceptance.CatalogAcceptanceTest.ac_003_03_invalidCatalogPreventsStartup(CatalogAcceptanceTest.java:108)
	at java.base/java.lang.reflect.Method.invoke(Method.java:580)
	at java.base/java.util.Optional.ifPresent(Optional.java:178)
	at java.base/java.util.stream.ForEachOps$ForEachOp$OfRef.accept(ForEachOps.java:184)
	at java.base/java.util.stream.ReferencePipeline$3$1.accept(ReferencePipeline.java:197)
	at java.base/java.util.stream.ForEachOps$ForEachOp$OfRef.accept(ForEachOps.java:184)
	at java.base/java.util.stream.ForEachOps$ForEachOp$OfRef.accept(ForEachOps.java:184)
	at java.base/java.util.stream.ReferencePipeline$3$1.accept(ReferencePipeline.java:197)
	at java.base/java.util.Spliterators$ArraySpliterator.forEachRemaining(Spliterators.java:1024)
	at java.base/java.util.stream.AbstractPipeline.copyInto(AbstractPipeline.java:509)
	at java.base/java.util.stream.AbstractPipeline.wrapAndCopyInto(AbstractPipeline.java:499)
	at java.base/java.util.stream.ForEachOps$ForEachOp.evaluateSequential(ForEachOps.java:151)
	at java.base/java.util.stream.ForEachOps$ForEachOp$OfRef.evaluateSequential(ForEachOps.java:174)
	at java.base/java.util.stream.AbstractPipeline.evaluate(AbstractPipeline.java:234)
	at java.base/java.util.stream.ReferencePipeline.forEach(ReferencePipeline.java:596)
	at java.base/java.util.stream.ReferencePipeline$7$1.accept(ReferencePipeline.java:276)
	at java.base/java.util.ArrayList$ArrayListSpliterator.forEachRemaining(ArrayList.java:1708)
	at java.base/java.util.stream.AbstractPipeline.copyInto(AbstractPipeline.java:509)
	at java.base/java.util.stream.AbstractPipeline.wrapAndCopyInto(AbstractPipeline.java:499)
	at java.base/java.util.stream.ForEachOps$ForEachOp.evaluateSequential(ForEachOps.java:151)
	at java.base/java.util.stream.ForEachOps$ForEachOp$OfRef.evaluateSequential(ForEachOps.java:174)
	at java.base/java.util.stream.AbstractPipeline.evaluate(AbstractPipeline.java:234)
	at java.base/java.util.stream.ReferencePipeline.forEach(ReferencePipeline.java:596)
	at java.base/java.util.stream.ReferencePipeline$7$1.accept(ReferencePipeline.java:276)
	at java.base/java.util.stream.ReferencePipeline$3$1.accept(ReferencePipeline.java:197)
	at java.base/java.util.stream.ReferencePipeline$3$1.accept(ReferencePipeline.java:197)
	at java.base/java.util.stream.ReferencePipeline$3$1.accept(ReferencePipeline.java:197)
	at java.base/java.util.ArrayList$ArrayListSpliterator.forEachRemaining(ArrayList.java:1708)
	at java.base/java.util.stream.AbstractPipeline.copyInto(AbstractPipeline.java:509)
	at java.base/java.util.stream.AbstractPipeline.wrapAndCopyInto(AbstractPipeline.java:499)
	at java.base/java.util.stream.ForEachOps$ForEachOp.evaluateSequential(ForEachOps.java:151)
	at java.base/java.util.stream.ForEachOps$ForEachOp$OfRef.evaluateSequential(ForEachOps.java:174)
	at java.base/java.util.stream.AbstractPipeline.evaluate(AbstractPipeline.java:234)
	at java.base/java.util.stream.ReferencePipeline.forEach(ReferencePipeline.java:596)
	at java.base/java.util.ArrayList.forEach(ArrayList.java:1596)
	at java.base/java.util.ArrayList.forEach(ArrayList.java:1596)

[ERROR] lab.conference.acceptance.CatalogAcceptanceTest.ac_003_01_catalogOffersExactlyTheActiveOptionsPerGroup -- Time elapsed: 1.287 s <<< FAILURE!
org.opentest4j.AssertionFailedError: 
[HTTP 401 ] 
expected: 200
 but was: 401
	at lab.conference.acceptance.CatalogAcceptanceTest.ac_003_01_catalogOffersExactlyTheActiveOptionsPerGroup(CatalogAcceptanceTest.java:41)
	at java.base/java.lang.reflect.Method.invoke(Method.java:580)
	at java.base/java.util.ArrayList.forEach(ArrayList.java:1596)
	at java.base/java.util.ArrayList.forEach(ArrayList.java:1596)

[ERROR] lab.conference.acceptance.CatalogAcceptanceTest.ac_003_03_missingCatalogFilePreventsStartup -- Time elapsed: 1.557 s <<< FAILURE!
java.lang.AssertionError: 

Expecting code to raise a throwable.
	at lab.conference.acceptance.CatalogAcceptanceTest.ac_003_03_missingCatalogFilePreventsStartup(CatalogAcceptanceTest.java:118)
	at java.base/java.lang.reflect.Method.invoke(Method.java:580)
	at java.base/java.util.ArrayList.forEach(ArrayList.java:1596)
	at java.base/java.util.ArrayList.forEach(ArrayList.java:1596)

[ERROR] lab.conference.acceptance.CatalogAcceptanceTest.ac_003_04_fixedFormFieldsAreUnchangedByCatalogChange -- Time elapsed: 5.091 s <<< FAILURE!
org.opentest4j.AssertionFailedError: 

Expecting value to be true but was false
	at lab.conference.acceptance.CatalogAcceptanceTest.ac_003_04_fixedFormFieldsAreUnchangedByCatalogChange(CatalogAcceptanceTest.java:131)
	at java.base/java.lang.reflect.Method.invoke(Method.java:580)
	at java.base/java.util.ArrayList.forEach(ArrayList.java:1596)
	at java.base/java.util.ArrayList.forEach(ArrayList.java:1596)

[ERROR] lab.conference.acceptance.CatalogAcceptanceTest.ac_003_02_editedCatalogIsUsedAfterRestartWithoutRebuild -- Time elapsed: 3.784 s <<< FAILURE!
org.opentest4j.AssertionFailedError: 

expected: 201
 but was: 401
	at lab.conference.acceptance.CatalogAcceptanceTest.ac_003_02_editedCatalogIsUsedAfterRestartWithoutRebuild(CatalogAcceptanceTest.java:70)
	at java.base/java.lang.reflect.Method.invoke(Method.java:580)
	at java.base/java.util.ArrayList.forEach(ArrayList.java:1596)
	at java.base/java.util.ArrayList.forEach(ArrayList.java:1596)

[INFO] 
[INFO] Results:
[INFO] 
[ERROR] Failures: 
[ERROR]   CatalogAcceptanceTest.ac_003_01_catalogOffersExactlyTheActiveOptionsPerGroup:41 [HTTP 401 ] 
expected: 200
 but was: 401
[ERROR]   CatalogAcceptanceTest.ac_003_02_editedCatalogIsUsedAfterRestartWithoutRebuild:70 
expected: 201
 but was: 401
[ERROR]   CatalogAcceptanceTest.ac_003_03_invalidCatalogPreventsStartup:108 
Expecting code to raise a throwable.
[ERROR]   CatalogAcceptanceTest.ac_003_03_invalidCatalogPreventsStartup:108 
Expecting code to raise a throwable.
[ERROR]   CatalogAcceptanceTest.ac_003_03_invalidCatalogPreventsStartup:108 
Expecting code to raise a throwable.
[ERROR]   CatalogAcceptanceTest.ac_003_03_invalidCatalogPreventsStartup:108 
Expecting code to raise a throwable.
[ERROR]   CatalogAcceptanceTest.ac_003_03_missingCatalogFilePreventsStartup:118 
Expecting code to raise a throwable.
[ERROR]   CatalogAcceptanceTest.ac_003_04_fixedFormFieldsAreUnchangedByCatalogChange:131 
Expecting value to be true but was false
[ERROR]   DatabaseOutageAcceptanceTest.ac_005_03_databaseOutageGivesServerErrorAndNoAcceptedRegistration:32 [HTTP 401 ] 
Expecting actual:
  401
to be greater than or equal to:
  500

[ERROR]   DurableStorageAcceptanceTest.ac_005_01_acceptedRegistrationHasMatchingDatabaseRowAndJsonFile:37 [HTTP 401 ] 
expected: 201
 but was: 401
[ERROR]   DurableStorageAcceptanceTest.ac_005_04_orphanJsonWithoutDatabaseRowIsQuarantinedAndNotAccepted:105 [JSON store created at startup] 
Expecting path:
  /tmp/registrations-9371028541661821771/registrations
to exist (symbolic links were followed).
[ERROR]   DurableStorageAcceptanceTest.ac_005_05_acceptedRegistrationsSurviveBackendAndDatabaseRestart:148 
expected: 201
 but was: 401
[ERROR]   ExportAcceptanceTest.ac_008_01_exportContainsAcceptedRegistrationsFromBothForms:73->export:54 [HTTP 401 ] 
expected: 200
 but was: 401
[ERROR]   ExportAcceptanceTest.ac_008_02_missingOrWrongCredentialsAreRefusedWithoutData:107 
expected: 201
 but was: 401
[ERROR]   ExportAcceptanceTest.ac_008_03_formulaLikeTextIsExportedAsPlainText:134->export:54 [HTTP 401 ] 
expected: 200
 but was: 401
[ERROR]   ExportAcceptanceTest.ac_008_04_rejectedSubmissionsDoNotAppearInExport:158 
expected: 400
 but was: 401
[ERROR]   ExternalRegistrationAcceptanceTest.ac_001_01_submissionWithNoSelectionsIsAccepted:77 
expected: 201
 but was: 401
[ERROR]   ExternalRegistrationAcceptanceTest.ac_001_01_validExternalSubmissionIsAcceptedWithServerGeneratedId:52 [HTTP 401 ] 
expected: 201
 but was: 401
[ERROR]   ExternalRegistrationAcceptanceTest.ac_001_04_unicodeValuesAreTrimmedAndPreserved:147 [HTTP 401 ] 
expected: 201
 but was: 401
[ERROR]   ExternalRegistrationAcceptanceTest.ac_001_07_givenConsentIsAcceptedAndStored:237 
expected: 201
 but was: 401
[ERROR]   ExternalRegistrationAcceptanceTest.ac_001_08_fieldsAtMaximumLengthAreAccepted:251 
expected: 201
 but was: 401
[ERROR]   IdempotencyAcceptanceTest.ac_004_03_retryOfStudentRequestDoesNotDuplicate:61 
expected: 201
 but was: 401
[ERROR]   IdempotencyAcceptanceTest.ac_004_03_retryWithSameRequestIdReturnsOriginalRegistration:42 [HTTP 401 ] 
expected: 201
 but was: 401
[ERROR]   IdempotencyAcceptanceTest.ac_004_04_sameRequestIdWithDifferentContentIsConflict:70 
expected: 201
 but was: 401
[ERROR]   IdempotencyAcceptanceTest.ac_004_05_sameEmailWithDifferentRequestIdsCreatesSeparateRegistrations:91 
expected: 201
 but was: 401
[ERROR]   NotificationAcceptanceTest.ac_006_01_participantReceivesConfirmationWithIdNameAndActivities:57 
expected: 201
 but was: 401
[ERROR]   NotificationAcceptanceTest.ac_006_01_studentParticipantAlsoReceivesConfirmation:78 
expected: 201
 but was: 401
[ERROR]   NotificationAcceptanceTest.ac_006_03_htmlAndHeaderLikeTextIsDeliveredAsPlainTextOnlyToIntendedRecipients:109 [HTTP 401 ] 
expected: 201
 but was: 401
[ERROR]   NotificationAcceptanceTest.ac_007_01_organizerReceivesSubmittedDataAndByteIdenticalJsonAttachment:135 
expected: 201
 but was: 401
[ERROR]   RateLimitAcceptanceTest.ac_001_10_registrationsAboveTheRateLimitAreRejectedAndNotStored:20 [HTTP 401 ] 
expected: 201
 but was: 401
[ERROR]   RateLimitAcceptanceTest.ac_008_05_exportAuthenticationAttemptsAboveTheLimitAreRefused:44 [HTTP 401 ] 
expected: 429
 but was: 401
[ERROR]   SmtpOutageAcceptanceTest.ac_006_02_and_ac_007_02_mailsAreDeliveredAfterSmtpRecovers:29 [accepted while SMTP is down: HTTP 401 ] 
expected: 201
 but was: 401
[ERROR]   StudentRegistrationAcceptanceTest.ac_002_01_validStudentSubmissionIsAcceptedWithStudyDetails:48 [HTTP 401 ] 
expected: 201
 but was: 401
[ERROR]   StudentRegistrationAcceptanceTest.ac_002_04_unicodeValuesAreTrimmedAndPreserved:120 [HTTP 401 ] 
expected: 201
 but was: 401
[ERROR]   StudentRegistrationAcceptanceTest.ac_002_05_anyActiveOptionFromEveryGroupIsAcceptedForStudents:162 
expected: 201
 but was: 401
[ERROR] Errors: 
[ERROR]   DurableStorageAcceptanceTest.ac_005_02_unwritableJsonStoreRejectsWithoutStoringAnything:75 » IllegalState org.postgresql.util.PSQLException: ERROR: relation "registration" does not exist
  Position: 22
[ERROR]   ExternalRegistrationAcceptanceTest.ac_001_02_missingOrBlankRequiredFieldIsRejected:101 » IllegalState org.postgresql.util.PSQLException: ERROR: relation "registration" does not exist
  Position: 22
[ERROR]   ExternalRegistrationAcceptanceTest.ac_001_02_missingOrBlankRequiredFieldIsRejected:101 » IllegalState org.postgresql.util.PSQLException: ERROR: relation "registration" does not exist
  Position: 22
[ERROR]   ExternalRegistrationAcceptanceTest.ac_001_02_missingOrBlankRequiredFieldIsRejected:101 » IllegalState org.postgresql.util.PSQLException: ERROR: relation "registration" does not exist
  Position: 22
[ERROR]   ExternalRegistrationAcceptanceTest.ac_001_02_missingOrBlankRequiredFieldIsRejected:101 » IllegalState org.postgresql.util.PSQLException: ERROR: relation "registration" does not exist
  Position: 22
[ERROR]   ExternalRegistrationAcceptanceTest.ac_001_02_missingOrBlankRequiredFieldIsRejected:101 » IllegalState org.postgresql.util.PSQLException: ERROR: relation "registration" does not exist
  Position: 22
[ERROR]   ExternalRegistrationAcceptanceTest.ac_001_02_missingOrBlankRequiredFieldIsRejected:101 » IllegalState org.postgresql.util.PSQLException: ERROR: relation "registration" does not exist
  Position: 22
[ERROR]   ExternalRegistrationAcceptanceTest.ac_001_02_missingOrBlankRequiredFieldIsRejected:101 » IllegalState org.postgresql.util.PSQLException: ERROR: relation "registration" does not exist
  Position: 22
[ERROR]   ExternalRegistrationAcceptanceTest.ac_001_02_missingOrBlankRequiredFieldIsRejected:101 » IllegalState org.postgresql.util.PSQLException: ERROR: relation "registration" does not exist
  Position: 22
[ERROR]   ExternalRegistrationAcceptanceTest.ac_001_02_missingOrBlankRequiredFieldIsRejected:101 » IllegalState org.postgresql.util.PSQLException: ERROR: relation "registration" does not exist
  Position: 22
[ERROR]   ExternalRegistrationAcceptanceTest.ac_001_02_missingOrBlankRequiredFieldIsRejected:101 » IllegalState org.postgresql.util.PSQLException: ERROR: relation "registration" does not exist
  Position: 22
[ERROR]   ExternalRegistrationAcceptanceTest.ac_001_02_missingOrBlankRequiredFieldIsRejected:101 » IllegalState org.postgresql.util.PSQLException: ERROR: relation "registration" does not exist
  Position: 22
[ERROR]   ExternalRegistrationAcceptanceTest.ac_001_02_missingOrBlankRequiredFieldIsRejected:101 » IllegalState org.postgresql.util.PSQLException: ERROR: relation "registration" does not exist
  Position: 22
[ERROR]   ExternalRegistrationAcceptanceTest.ac_001_02_missingOrBlankRequiredFieldIsRejected:101 » IllegalState org.postgresql.util.PSQLException: ERROR: relation "registration" does not exist
  Position: 22
[ERROR]   ExternalRegistrationAcceptanceTest.ac_001_02_missingOrBlankRequiredFieldIsRejected:101 » IllegalState org.postgresql.util.PSQLException: ERROR: relation "registration" does not exist
  Position: 22
[ERROR]   ExternalRegistrationAcceptanceTest.ac_001_02_missingOrBlankRequiredFieldIsRejected:101 » IllegalState org.postgresql.util.PSQLException: ERROR: relation "registration" does not exist
  Position: 22
[ERROR]   ExternalRegistrationAcceptanceTest.ac_001_02_missingOrBlankRequiredFieldIsRejected:101 » IllegalState org.postgresql.util.PSQLException: ERROR: relation "registration" does not exist
  Position: 22
[ERROR]   ExternalRegistrationAcceptanceTest.ac_001_02_missingOrBlankRequiredFieldIsRejected:101 » IllegalState org.postgresql.util.PSQLException: ERROR: relation "registration" does not exist
  Position: 22
[ERROR]   ExternalRegistrationAcceptanceTest.ac_001_02_missingOrBlankRequiredFieldIsRejected:101 » IllegalState org.postgresql.util.PSQLException: ERROR: relation "registration" does not exist
  Position: 22
[ERROR]   ExternalRegistrationAcceptanceTest.ac_001_02_missingOrBlankRequiredFieldIsRejected:101 » IllegalState org.postgresql.util.PSQLException: ERROR: relation "registration" does not exist
  Position: 22
[ERROR]   ExternalRegistrationAcceptanceTest.ac_001_02_missingOrBlankRequiredFieldIsRejected:101 » IllegalState org.postgresql.util.PSQLException: ERROR: relation "registration" does not exist
  Position: 22
[ERROR]   ExternalRegistrationAcceptanceTest.ac_001_03_invalidEmailIsRejected:127 » IllegalState org.postgresql.util.PSQLException: ERROR: relation "registration" does not exist
  Position: 22
[ERROR]   ExternalRegistrationAcceptanceTest.ac_001_03_invalidEmailIsRejected:127 » IllegalState org.postgresql.util.PSQLException: ERROR: relation "registration" does not exist
  Position: 22
[ERROR]   ExternalRegistrationAcceptanceTest.ac_001_03_invalidEmailIsRejected:127 » IllegalState org.postgresql.util.PSQLException: ERROR: relation "registration" does not exist
  Position: 22
[ERROR]   ExternalRegistrationAcceptanceTest.ac_001_03_invalidEmailIsRejected:127 » IllegalState org.postgresql.util.PSQLException: ERROR: relation "registration" does not exist
  Position: 22
[ERROR]   ExternalRegistrationAcceptanceTest.ac_001_03_invalidEmailIsRejected:127 » IllegalState org.postgresql.util.PSQLException: ERROR: relation "registration" does not exist
  Position: 22
[ERROR]   ExternalRegistrationAcceptanceTest.ac_001_03_invalidEmailIsRejected:127 » IllegalState org.postgresql.util.PSQLException: ERROR: relation "registration" does not exist
  Position: 22
[ERROR]   ExternalRegistrationAcceptanceTest.ac_001_03_invalidEmailIsRejected:127 » IllegalState org.postgresql.util.PSQLException: ERROR: relation "registration" does not exist
  Position: 22
[ERROR]   ExternalRegistrationAcceptanceTest.ac_001_03_invalidEmailIsRejected:127 » IllegalState org.postgresql.util.PSQLException: ERROR: relation "registration" does not exist
  Position: 22
[ERROR]   ExternalRegistrationAcceptanceTest.ac_001_03_invalidEmailIsRejected:127 » IllegalState org.postgresql.util.PSQLException: ERROR: relation "registration" does not exist
  Position: 22
[ERROR]   ExternalRegistrationAcceptanceTest.ac_001_03_invalidEmailIsRejected:127 » IllegalState org.postgresql.util.PSQLException: ERROR: relation "registration" does not exist
  Position: 22
[ERROR]   ExternalRegistrationAcceptanceTest.ac_001_05_unknownInactiveWrongGroupOrDuplicateOptionIsRejected:186 » IllegalState org.postgresql.util.PSQLException: ERROR: relation "registration" does not exist
  Position: 22
[ERROR]   ExternalRegistrationAcceptanceTest.ac_001_05_unknownInactiveWrongGroupOrDuplicateOptionIsRejected:186 » IllegalState org.postgresql.util.PSQLException: ERROR: relation "registration" does not exist
  Position: 22
[ERROR]   ExternalRegistrationAcceptanceTest.ac_001_05_unknownInactiveWrongGroupOrDuplicateOptionIsRejected:186 » IllegalState org.postgresql.util.PSQLException: ERROR: relation "registration" does not exist
  Position: 22
[ERROR]   ExternalRegistrationAcceptanceTest.ac_001_05_unknownInactiveWrongGroupOrDuplicateOptionIsRejected:186 » IllegalState org.postgresql.util.PSQLException: ERROR: relation "registration" does not exist
  Position: 22
[ERROR]   ExternalRegistrationAcceptanceTest.ac_001_05_unknownInactiveWrongGroupOrDuplicateOptionIsRejected:186 » IllegalState org.postgresql.util.PSQLException: ERROR: relation "registration" does not exist
  Position: 22
[ERROR]   ExternalRegistrationAcceptanceTest.ac_001_05_unknownInactiveWrongGroupOrDuplicateOptionIsRejected:186 » IllegalState org.postgresql.util.PSQLException: ERROR: relation "registration" does not exist
  Position: 22
[ERROR]   ExternalRegistrationAcceptanceTest.ac_001_06_missingOrInvalidCaptchaIsRejected:206 » IllegalState org.postgresql.util.PSQLException: ERROR: relation "registration" does not exist
  Position: 22
[ERROR]   ExternalRegistrationAcceptanceTest.ac_001_06_missingOrInvalidCaptchaIsRejected:206 » IllegalState org.postgresql.util.PSQLException: ERROR: relation "registration" does not exist
  Position: 22
[ERROR]   ExternalRegistrationAcceptanceTest.ac_001_06_missingOrInvalidCaptchaIsRejected:206 » IllegalState org.postgresql.util.PSQLException: ERROR: relation "registration" does not exist
  Position: 22
[ERROR]   ExternalRegistrationAcceptanceTest.ac_001_06_missingOrInvalidCaptchaIsRejected:206 » IllegalState org.postgresql.util.PSQLException: ERROR: relation "registration" does not exist
  Position: 22
[ERROR]   ExternalRegistrationAcceptanceTest.ac_001_07_absentOrFalseConsentIsRejected:224 » IllegalState org.postgresql.util.PSQLException: ERROR: relation "registration" does not exist
  Position: 22
[ERROR]   ExternalRegistrationAcceptanceTest.ac_001_08_overLongFieldIsRejected:276 » IllegalState org.postgresql.util.PSQLException: ERROR: relation "registration" does not exist
  Position: 22
[ERROR]   ExternalRegistrationAcceptanceTest.ac_001_08_overLongFieldIsRejected:276 » IllegalState org.postgresql.util.PSQLException: ERROR: relation "registration" does not exist
  Position: 22
[ERROR]   ExternalRegistrationAcceptanceTest.ac_001_08_overLongFieldIsRejected:276 » IllegalState org.postgresql.util.PSQLException: ERROR: relation "registration" does not exist
  Position: 22
[ERROR]   ExternalRegistrationAcceptanceTest.ac_001_08_overLongFieldIsRejected:276 » IllegalState org.postgresql.util.PSQLException: ERROR: relation "registration" does not exist
  Position: 22
[ERROR]   ExternalRegistrationAcceptanceTest.ac_001_08_oversizedRequestBodyIsRejected:289 » IllegalState org.postgresql.util.PSQLException: ERROR: relation "registration" does not exist
  Position: 22
[ERROR]   NotificationAcceptanceTest.ac_006_03_lineBreaksInSingleLineFieldsAreRejected:90 » IllegalState org.postgresql.util.PSQLException: ERROR: relation "registration" does not exist
  Position: 22
[ERROR]   StudentRegistrationAcceptanceTest.ac_002_02_missingOrBlankRequiredFieldIsRejected:87 » IllegalState org.postgresql.util.PSQLException: ERROR: relation "registration" does not exist
  Position: 22
[ERROR]   StudentRegistrationAcceptanceTest.ac_002_02_missingOrBlankRequiredFieldIsRejected:87 » IllegalState org.postgresql.util.PSQLException: ERROR: relation "registration" does not exist
  Position: 22
[ERROR]   StudentRegistrationAcceptanceTest.ac_002_02_missingOrBlankRequiredFieldIsRejected:87 » IllegalState org.postgresql.util.PSQLException: ERROR: relation "registration" does not exist
  Position: 22
[ERROR]   StudentRegistrationAcceptanceTest.ac_002_02_missingOrBlankRequiredFieldIsRejected:87 » IllegalState org.postgresql.util.PSQLException: ERROR: relation "registration" does not exist
  Position: 22
[ERROR]   StudentRegistrationAcceptanceTest.ac_002_02_missingOrBlankRequiredFieldIsRejected:87 » IllegalState org.postgresql.util.PSQLException: ERROR: relation "registration" does not exist
  Position: 22
[ERROR]   StudentRegistrationAcceptanceTest.ac_002_02_missingOrBlankRequiredFieldIsRejected:87 » IllegalState org.postgresql.util.PSQLException: ERROR: relation "registration" does not exist
  Position: 22
[ERROR]   StudentRegistrationAcceptanceTest.ac_002_02_missingOrBlankRequiredFieldIsRejected:87 » IllegalState org.postgresql.util.PSQLException: ERROR: relation "registration" does not exist
  Position: 22
[ERROR]   StudentRegistrationAcceptanceTest.ac_002_02_missingOrBlankRequiredFieldIsRejected:87 » IllegalState org.postgresql.util.PSQLException: ERROR: relation "registration" does not exist
  Position: 22
[ERROR]   StudentRegistrationAcceptanceTest.ac_002_02_missingOrBlankRequiredFieldIsRejected:87 » IllegalState org.postgresql.util.PSQLException: ERROR: relation "registration" does not exist
  Position: 22
[ERROR]   StudentRegistrationAcceptanceTest.ac_002_02_missingOrBlankRequiredFieldIsRejected:87 » IllegalState org.postgresql.util.PSQLException: ERROR: relation "registration" does not exist
  Position: 22
[ERROR]   StudentRegistrationAcceptanceTest.ac_002_02_missingOrBlankRequiredFieldIsRejected:87 » IllegalState org.postgresql.util.PSQLException: ERROR: relation "registration" does not exist
  Position: 22
[ERROR]   StudentRegistrationAcceptanceTest.ac_002_02_missingOrBlankRequiredFieldIsRejected:87 » IllegalState org.postgresql.util.PSQLException: ERROR: relation "registration" does not exist
  Position: 22
[ERROR]   StudentRegistrationAcceptanceTest.ac_002_02_missingOrBlankRequiredFieldIsRejected:87 » IllegalState org.postgresql.util.PSQLException: ERROR: relation "registration" does not exist
  Position: 22
[ERROR]   StudentRegistrationAcceptanceTest.ac_002_02_missingOrBlankRequiredFieldIsRejected:87 » IllegalState org.postgresql.util.PSQLException: ERROR: relation "registration" does not exist
  Position: 22
[ERROR]   StudentRegistrationAcceptanceTest.ac_002_02_missingOrBlankRequiredFieldIsRejected:87 » IllegalState org.postgresql.util.PSQLException: ERROR: relation "registration" does not exist
  Position: 22
[ERROR]   StudentRegistrationAcceptanceTest.ac_002_02_missingOrBlankRequiredFieldIsRejected:87 » IllegalState org.postgresql.util.PSQLException: ERROR: relation "registration" does not exist
  Position: 22
[ERROR]   StudentRegistrationAcceptanceTest.ac_002_02_missingOrBlankRequiredFieldIsRejected:87 » IllegalState org.postgresql.util.PSQLException: ERROR: relation "registration" does not exist
  Position: 22
[ERROR]   StudentRegistrationAcceptanceTest.ac_002_02_missingOrBlankRequiredFieldIsRejected:87 » IllegalState org.postgresql.util.PSQLException: ERROR: relation "registration" does not exist
  Position: 22
[ERROR]   StudentRegistrationAcceptanceTest.ac_002_03_invalidEmailIsRejected:101 » IllegalState org.postgresql.util.PSQLException: ERROR: relation "registration" does not exist
  Position: 22
[ERROR]   StudentRegistrationAcceptanceTest.ac_002_03_invalidEmailIsRejected:101 » IllegalState org.postgresql.util.PSQLException: ERROR: relation "registration" does not exist
  Position: 22
[ERROR]   StudentRegistrationAcceptanceTest.ac_002_03_invalidEmailIsRejected:101 » IllegalState org.postgresql.util.PSQLException: ERROR: relation "registration" does not exist
  Position: 22
[ERROR]   StudentRegistrationAcceptanceTest.ac_002_03_invalidEmailIsRejected:101 » IllegalState org.postgresql.util.PSQLException: ERROR: relation "registration" does not exist
  Position: 22
[ERROR]   StudentRegistrationAcceptanceTest.ac_002_05_invalidOptionsAreRejected:143 » IllegalState org.postgresql.util.PSQLException: ERROR: relation "registration" does not exist
  Position: 22
[ERROR]   StudentRegistrationAcceptanceTest.ac_002_06_missingOrInvalidCaptchaIsRejected:174 » IllegalState org.postgresql.util.PSQLException: ERROR: relation "registration" does not exist
  Position: 22
[ERROR]   StudentRegistrationAcceptanceTest.ac_002_06_missingOrInvalidCaptchaIsRejected:174 » IllegalState org.postgresql.util.PSQLException: ERROR: relation "registration" does not exist
  Position: 22
[ERROR]   StudentRegistrationAcceptanceTest.ac_002_07_consentIsEnforcedAndStored:187 » IllegalState org.postgresql.util.PSQLException: ERROR: relation "registration" does not exist
  Position: 22
[INFO] 
[ERROR] Tests run: 109, Failures: 35, Errors: 74, Skipped: 0
[INFO] 
[INFO] 
[INFO] --- jacoco:0.8.13:report-integration (report-integration) @ conference-backend ---
[INFO] Loading execution data file /home/tjan-kazar/storage/Work/lab/agentic_lab/02_output/backend/target/jacoco-it.exec
[INFO] Analyzed bundle 'conference-backend' with 1 classes
[INFO] 
[INFO] --- failsafe:3.5.6:verify (default) @ conference-backend ---
[INFO] ------------------------------------------------------------------------
[INFO] BUILD FAILURE
[INFO] ------------------------------------------------------------------------
[INFO] Total time:  02:54 min
[INFO] Finished at: 2026-09-30T12:47:16+02:00
[INFO] ------------------------------------------------------------------------
[ERROR] Failed to execute goal org.apache.maven.plugins:maven-failsafe-plugin:3.5.6:verify (default) on project conference-backend: There are test failures.
[ERROR] 
[ERROR] See /home/tjan-kazar/storage/Work/lab/agentic_lab/02_output/backend/target/failsafe-reports for the individual test results.
[ERROR] See dump files (if any exist) [date].dump, [date]-jvmRun[N].dump and [date].dumpstream.
[ERROR] -> [Help 1]
[ERROR] 
[ERROR] To see the full stack trace of the errors, re-run Maven with the -e switch.
[ERROR] Re-run Maven using the -X switch to enable full debug logging.
[ERROR] 
[ERROR] For more information about the errors and possible solutions, please read the following articles:
[ERROR] [Help 1] http://cwiki.apache.org/confluence/display/MAVEN/MojoFailureException
