[INFO] Scanning for projects...
[INFO] 
[INFO] -----------------< lab.conference:conference-backend >------------------
[INFO] Building conference-backend 1.0.0
[INFO]   from pom.xml
[INFO] --------------------------------[ jar ]---------------------------------
[INFO] 
[INFO] --- jacoco:0.8.13:prepare-agent (prepare-unit) @ conference-backend ---
[INFO] argLine set to -javaagent:/home/tjan-kazar/.m2/repository/org/jacoco/org.jacoco.agent/0.8.13/org.jacoco.agent-0.8.13-runtime.jar=destfile=/home/tjan-kazar/storage/Work/lab/agentic_lab/02_output/backend/target/jacoco.exec
[INFO] 
[INFO] --- resources:3.3.1:resources (default-resources) @ conference-backend ---
[INFO] Copying 1 resource from src/main/resources to target/classes
[INFO] Copying 1 resource from src/main/resources to target/classes
[INFO] 
[INFO] --- compiler:3.14.1:compile (default-compile) @ conference-backend ---
[INFO] Nothing to compile - all classes are up to date.
[INFO] 
[INFO] --- resources:3.3.1:testResources (default-testResources) @ conference-backend ---
[INFO] Copying 6 resources from src/test/resources to target/test-classes
[INFO] 
[INFO] --- compiler:3.14.1:testCompile (default-testCompile) @ conference-backend ---
[INFO] Nothing to compile - all classes are up to date.
[INFO] 
[INFO] --- surefire:3.5.6:test (default-test) @ conference-backend ---
[INFO] Using auto detected provider org.apache.maven.surefire.junitplatform.JUnitPlatformProvider
[INFO] 
[INFO] -------------------------------------------------------
[INFO]  T E S T S
[INFO] -------------------------------------------------------
[INFO] Running lab.conference.notifications.DispatcherEdgeTest
Mockito is currently self-attaching to enable the inline-mock-maker. This will no longer work in future releases of the JDK. Please add Mockito as an agent to your build as described in Mockito's documentation: https://javadoc.io/doc/org.mockito/mockito-core/latest/org.mockito/org/mockito/Mockito.html#0.3
WARNING: A Java agent has been loaded dynamically (/home/tjan-kazar/.m2/repository/net/bytebuddy/byte-buddy-agent/1.17.8/byte-buddy-agent-1.17.8.jar)
WARNING: If a serviceability tool is in use, please run with -XX:+EnableDynamicAgentLoading to hide this warning
WARNING: If a serviceability tool is not in use, please run with -Djdk.instrument.traceUsage for more information
WARNING: Dynamic loading of agents will be disallowed by default in a future release
OpenJDK 64-Bit Server VM warning: Sharing is only supported for boot loader classes because bootstrap classpath has been appended
[INFO] Tests run: 2, Failures: 0, Errors: 0, Skipped: 0, Time elapsed: 2.698 s -- in lab.conference.notifications.DispatcherEdgeTest
[INFO] Running lab.conference.notifications.NotificationDispatcherTest
14:19:28.047 [main] WARN lab.conference.notifications.NotificationDispatcher -- Notification PARTICIPANT for registration 30f3fd16-41c4-4036-8047-85e4b94b1476 failed (attempt 1, MailSendException)
14:19:28.060 [main] WARN lab.conference.notifications.NotificationDispatcher -- Notification PARTICIPANT for registration 30f3fd16-41c4-4036-8047-85e4b94b1476 failed (attempt 2, MailSendException)
14:19:28.139 [main] WARN lab.conference.notifications.NotificationDispatcher -- Notification dispatch skipped (QueryTimeoutException)
14:19:28.175 [main] WARN lab.conference.notifications.NotificationDispatcher -- Notification ORGANIZER for registration cd4a7445-0402-43bc-bf64-b8345dcb1fe3 failed (attempt 1, IOException)
[INFO] Tests run: 8, Failures: 0, Errors: 0, Skipped: 0, Time elapsed: 0.156 s -- in lab.conference.notifications.NotificationDispatcherTest
[INFO] Running lab.conference.platform.RequestGuardFilterTest
[INFO] Tests run: 5, Failures: 0, Errors: 0, Skipped: 0, Time elapsed: 0.633 s -- in lab.conference.platform.RequestGuardFilterTest
[INFO] Running lab.conference.platform.TokenBucketLimiterTest
[INFO] Tests run: 5, Failures: 0, Errors: 0, Skipped: 0, Time elapsed: 0.129 s -- in lab.conference.platform.TokenBucketLimiterTest
[INFO] Running lab.conference.platform.PlatformEdgeTest
[INFO] Tests run: 8, Failures: 0, Errors: 0, Skipped: 0, Time elapsed: 0.084 s -- in lab.conference.platform.PlatformEdgeTest
[INFO] Running lab.conference.platform.GuardsTest
[INFO] Tests run: 4, Failures: 0, Errors: 0, Skipped: 0, Time elapsed: 0.172 s -- in lab.conference.platform.GuardsTest
[INFO] Running lab.conference.options.CatalogLoaderTest
[INFO] Tests run: 18, Failures: 0, Errors: 0, Skipped: 0, Time elapsed: 0.172 s -- in lab.conference.options.CatalogLoaderTest
[INFO] Running lab.conference.options.CatalogEdgeTest
[INFO] Tests run: 4, Failures: 0, Errors: 0, Skipped: 0, Time elapsed: 0.012 s -- in lab.conference.options.CatalogEdgeTest
[INFO] Running lab.conference.registration.EdgeCasesTest
14:19:29.583 [main] WARN lab.conference.registration.Reconciler -- Moved JSON without database registration to orphaned/: 406dd19a-6247-4fea-8bb8-26917692380c
14:19:29.583 [main] INFO lab.conference.registration.Reconciler -- Reconciliation: 1 orphaned, 0 staging files removed
[INFO] Tests run: 8, Failures: 0, Errors: 0, Skipped: 0, Time elapsed: 0.187 s -- in lab.conference.registration.EdgeCasesTest
[INFO] Running lab.conference.registration.RegistrationServiceTest
14:19:29.752 [main] INFO lab.conference.registration.RegistrationService -- Registration 47461820-e486-40dc-a591-4940f25ea9da accepted (external)
14:19:29.759 [main] ERROR lab.conference.registration.RegistrationService -- Database commit failed for registration aeeb9ccd-d14c-4ba5-9ec5-501349f27160 (CannotCreateTransactionException)
14:19:30.024 [main] ERROR lab.conference.registration.RegistrationService -- JSON store write failed for registration 589f84d6-fb79-4177-87ba-a6f747c3359a (IOException)
14:19:30.028 [main] ERROR lab.conference.registration.RegistrationService -- Database unavailable during replay check (CannotCreateTransactionException)
[INFO] Tests run: 10, Failures: 0, Errors: 0, Skipped: 0, Time elapsed: 0.430 s -- in lab.conference.registration.RegistrationServiceTest
[INFO] Running lab.conference.registration.JsonStoreTest
[INFO] Tests run: 8, Failures: 0, Errors: 0, Skipped: 0, Time elapsed: 0.066 s -- in lab.conference.registration.JsonStoreTest
[INFO] Running lab.conference.registration.RecordAndMailTest
[INFO] Tests run: 6, Failures: 0, Errors: 0, Skipped: 0, Time elapsed: 0.020 s -- in lab.conference.registration.RecordAndMailTest
[INFO] Running lab.conference.registration.RegistrationValidatorTest
[INFO] Tests run: 17, Failures: 0, Errors: 0, Skipped: 0, Time elapsed: 0.038 s -- in lab.conference.registration.RegistrationValidatorTest
[INFO] Running lab.conference.registration.RecaptchaVerifierTest
14:19:30.354 [main] WARN lab.conference.registration.RecaptchaVerifier -- Captcha verification unavailable (JsonParseException)
14:19:30.359 [main] WARN lab.conference.registration.RecaptchaVerifier -- Captcha verification unavailable (ConnectException)
[INFO] Tests run: 4, Failures: 0, Errors: 0, Skipped: 0, Time elapsed: 0.197 s -- in lab.conference.registration.RecaptchaVerifierTest
[INFO] Running lab.conference.registration.TextRulesTest
[INFO] Tests run: 34, Failures: 0, Errors: 0, Skipped: 0, Time elapsed: 0.078 s -- in lab.conference.registration.TextRulesTest
[INFO] Running lab.conference.registration.ReconcilerTest
14:19:30.463 [main] ERROR lab.conference.registration.Reconciler -- JSON for registration ca690ade-c3df-48ae-b11b-a78964469f70 does not match its database hash
14:19:30.464 [main] ERROR lab.conference.registration.Reconciler -- JSON for registration 1004894f-3e1f-446b-970b-1143ee0ac013 is missing
14:19:30.464 [main] ERROR lab.conference.registration.Reconciler -- 2 accepted registration(s) need recovery from backup
14:19:30.479 [main] WARN lab.conference.registration.Reconciler -- Moved JSON without database registration to orphaned/: 3c92cff8-9aa7-4b1b-8855-169a3d9c0162
14:19:30.480 [main] INFO lab.conference.registration.Reconciler -- Reconciliation: 1 orphaned, 0 staging files removed
14:19:30.489 [main] WARN lab.conference.registration.Reconciler -- Reconciliation skipped (QueryTimeoutException)
14:19:30.490 [main] WARN lab.conference.registration.Reconciler -- JSON verification skipped (QueryTimeoutException)
[INFO] Tests run: 3, Failures: 0, Errors: 0, Skipped: 0, Time elapsed: 0.049 s -- in lab.conference.registration.ReconcilerTest
[INFO] Running lab.conference.ArchitectureTest
14:19:30.517 [main] INFO com.tngtech.archunit.core.PluginLoader -- Detected Java version 21.0.12
[INFO] Tests run: 6, Failures: 0, Errors: 0, Skipped: 0, Time elapsed: 2.672 s -- in lab.conference.ArchitectureTest
[INFO] Running lab.conference.export.WorkbookWriterTest
[INFO] Tests run: 13, Failures: 0, Errors: 0, Skipped: 0, Time elapsed: 1.080 s -- in lab.conference.export.WorkbookWriterTest
[INFO] 
[INFO] Results:
[INFO] 
[INFO] Tests run: 163, Failures: 0, Errors: 0, Skipped: 0
[INFO] 
[INFO] 
[INFO] --- jacoco:0.8.13:report (report-unit) @ conference-backend ---
[INFO] Loading execution data file /home/tjan-kazar/storage/Work/lab/agentic_lab/02_output/backend/target/jacoco.exec
[INFO] Analyzed bundle 'conference-backend' with 60 classes
[INFO] 
[INFO] --- jar:3.4.2:jar (default-jar) @ conference-backend ---
[INFO] 
[INFO] --- spring-boot:3.5.16:repackage (repackage) @ conference-backend ---
[INFO] Replacing main artifact /home/tjan-kazar/storage/Work/lab/agentic_lab/02_output/backend/target/conference-backend-1.0.0.jar with repackaged archive, adding nested dependencies in BOOT-INF/.
[INFO] The original artifact has been renamed to /home/tjan-kazar/storage/Work/lab/agentic_lab/02_output/backend/target/conference-backend-1.0.0.jar.original
[INFO] 
[INFO] --- jacoco:0.8.13:prepare-agent-integration (prepare-integration) @ conference-backend ---
[INFO] argLine set to -javaagent:/home/tjan-kazar/.m2/repository/org/jacoco/org.jacoco.agent/0.8.13/org.jacoco.agent-0.8.13-runtime.jar=destfile=/home/tjan-kazar/storage/Work/lab/agentic_lab/02_output/backend/target/jacoco-it.exec
[INFO] 
[INFO] --- failsafe:3.5.6:integration-test (default) @ conference-backend ---
[INFO] Using auto detected provider org.apache.maven.surefire.junitplatform.JUnitPlatformProvider
[INFO] 
[INFO] -------------------------------------------------------
[INFO]  T E S T S
[INFO] -------------------------------------------------------
[INFO] Running lab.conference.acceptance.SmtpOutageAcceptanceTest
14:19:36.791 [main] INFO org.testcontainers.images.PullPolicy -- Image pull policy will be performed by: DefaultPullPolicy()
14:19:36.804 [main] INFO org.testcontainers.utility.ImageNameSubstitutor -- Image name substitution will be performed by: DefaultImageNameSubstitutor (composite of 'ConfigurationFileImageNameSubstitutor' and 'PrefixingImageNameSubstitutor')
14:19:36.821 [main] INFO org.testcontainers.DockerClientFactory -- Testcontainers version: 1.21.4
14:19:38.591 [main] INFO org.testcontainers.dockerclient.DockerClientProviderStrategy -- Found Docker environment with Docker accessed via Unix socket (/home/tjan-kazar/.docker/desktop/docker.sock)
14:19:38.594 [main] INFO org.testcontainers.DockerClientFactory -- Docker host IP address is localhost
14:19:38.619 [main] INFO org.testcontainers.DockerClientFactory -- Connected to docker: 
  Server Version: 29.3.1
  API Version: 1.54
  Operating System: Docker Desktop
  Total Memory: 31283 MB
  Labels: 
    com.docker.desktop.address=unix:///home/tjan-kazar/.docker/desktop/docker-cli.sock
14:19:39.071 [main] INFO tc.testcontainers/ryuk:0.12.0 -- Creating container for image: testcontainers/ryuk:0.12.0
14:19:39.347 [main] INFO tc.testcontainers/ryuk:0.12.0 -- Container testcontainers/ryuk:0.12.0 is starting: 2d0e258405ec800ef2c1fde867139e428645cb85e9fee582451ea8c640d06879
14:19:39.824 [main] INFO tc.testcontainers/ryuk:0.12.0 -- Container testcontainers/ryuk:0.12.0 started in PT0.753390493S
14:19:39.833 [main] INFO org.testcontainers.utility.RyukResourceReaper -- Ryuk started - will monitor and terminate Testcontainers containers on JVM exit
14:19:39.833 [main] INFO org.testcontainers.DockerClientFactory -- Checking the system...
14:19:39.834 [main] INFO org.testcontainers.DockerClientFactory -- ✔︎ Docker server version should be at least 1.6.0
14:19:39.835 [main] INFO tc.postgres@sha256:952067... -- Creating container for image: postgres@sha256:95206741a5b214807675e14165369d05b93a9cf692223b616d07cca227e74b0b
14:19:40.028 [main] INFO tc.postgres@sha256:952067... -- Container postgres@sha256:95206741a5b214807675e14165369d05b93a9cf692223b616d07cca227e74b0b is starting: 91f71dab6efae5a7df27bdaa39dea1f9b9fd8ed2708d0a6a7925397d280d5574
14:19:41.563 [main] INFO tc.postgres@sha256:952067... -- Container postgres@sha256:95206741a5b214807675e14165369d05b93a9cf692223b616d07cca227e74b0b started in PT1.728358195S
14:19:41.564 [main] INFO tc.postgres@sha256:952067... -- Container is started (JDBC URL: jdbc:postgresql://localhost:45139/postgres?loggerLevel=OFF)
2026-09-30T14:19:42.865+02:00  INFO 1862392 --- [conference-backend] [           main] o.a.maven.surefire.booter.ForkedBooter   : Starting ForkedBooter v3.5.6 using Java 21.0.12 with PID 1862392 (started by tjan-kazar in /home/tjan-kazar/storage/Work/lab/agentic_lab/02_output/backend)
2026-09-30T14:19:42.866+02:00  INFO 1862392 --- [conference-backend] [           main] o.a.maven.surefire.booter.ForkedBooter   : No active profile set, falling back to 1 default profile: "default"
2026-09-30T14:19:44.294+02:00  INFO 1862392 --- [conference-backend] [           main] .s.d.r.c.RepositoryConfigurationDelegate : Bootstrapping Spring Data JPA repositories in DEFAULT mode.
2026-09-30T14:19:44.383+02:00  INFO 1862392 --- [conference-backend] [           main] .s.d.r.c.RepositoryConfigurationDelegate : Finished Spring Data repository scanning in 76 ms. Found 2 JPA repository interfaces.
2026-09-30T14:19:45.249+02:00  INFO 1862392 --- [conference-backend] [           main] o.s.b.w.embedded.tomcat.TomcatWebServer  : Tomcat initialized with port 0 (http)
2026-09-30T14:19:45.276+02:00  INFO 1862392 --- [conference-backend] [           main] o.apache.catalina.core.StandardService   : Starting service [Tomcat]
2026-09-30T14:19:45.277+02:00  INFO 1862392 --- [conference-backend] [           main] o.apache.catalina.core.StandardEngine    : Starting Servlet engine: [Apache Tomcat/10.1.60]
2026-09-30T14:19:45.338+02:00  INFO 1862392 --- [conference-backend] [           main] o.a.c.c.C.[Tomcat].[localhost].[/]       : Initializing Spring embedded WebApplicationContext
2026-09-30T14:19:45.339+02:00  INFO 1862392 --- [conference-backend] [           main] w.s.c.ServletWebServerApplicationContext : Root WebApplicationContext: initialization completed in 2427 ms
2026-09-30T14:19:45.856+02:00  INFO 1862392 --- [conference-backend] [           main] com.zaxxer.hikari.HikariDataSource       : HikariPool-1 - Starting...
2026-09-30T14:19:45.943+02:00  INFO 1862392 --- [conference-backend] [           main] com.zaxxer.hikari.pool.HikariPool        : HikariPool-1 - Added connection org.postgresql.jdbc.PgConnection@144316a6
2026-09-30T14:19:45.945+02:00  INFO 1862392 --- [conference-backend] [           main] com.zaxxer.hikari.HikariDataSource       : HikariPool-1 - Start completed.
2026-09-30T14:19:45.997+02:00  INFO 1862392 --- [conference-backend] [           main] org.flywaydb.core.FlywayExecutor         : Database: jdbc:postgresql://localhost:45139/conf_ffec746a5c0d (PostgreSQL 16.14)
2026-09-30T14:19:46.049+02:00  INFO 1862392 --- [conference-backend] [           main] o.f.c.i.s.JdbcTableSchemaHistory         : Schema history table "public"."flyway_schema_history" does not exist yet
2026-09-30T14:19:46.055+02:00  INFO 1862392 --- [conference-backend] [           main] o.f.core.internal.command.DbValidate     : Successfully validated 1 migration (execution time 00:00.023s)
2026-09-30T14:19:46.072+02:00  INFO 1862392 --- [conference-backend] [           main] o.f.c.i.s.JdbcTableSchemaHistory         : Creating Schema History table "public"."flyway_schema_history" ...
2026-09-30T14:19:46.126+02:00  INFO 1862392 --- [conference-backend] [           main] o.f.core.internal.command.DbMigrate      : Current version of schema "public": << Empty Schema >>
2026-09-30T14:19:46.147+02:00  INFO 1862392 --- [conference-backend] [           main] o.f.core.internal.command.DbMigrate      : Migrating schema "public" to version "1 - registration schema"
2026-09-30T14:19:46.188+02:00  INFO 1862392 --- [conference-backend] [           main] o.f.core.internal.command.DbMigrate      : Successfully applied 1 migration to schema "public", now at version v1 (execution time 00:00.021s)
2026-09-30T14:19:46.311+02:00  INFO 1862392 --- [conference-backend] [           main] o.hibernate.jpa.internal.util.LogHelper  : HHH000204: Processing PersistenceUnitInfo [name: default]
2026-09-30T14:19:46.378+02:00  INFO 1862392 --- [conference-backend] [           main] org.hibernate.Version                    : HHH000412: Hibernate ORM core version 6.6.53.Final
2026-09-30T14:19:46.422+02:00  INFO 1862392 --- [conference-backend] [           main] o.h.c.internal.RegionFactoryInitiator    : HHH000026: Second-level cache disabled
2026-09-30T14:19:46.795+02:00  INFO 1862392 --- [conference-backend] [           main] o.s.o.j.p.SpringPersistenceUnitInfo      : No LoadTimeWeaver setup: ignoring JPA class transformer
2026-09-30T14:19:46.941+02:00  INFO 1862392 --- [conference-backend] [           main] org.hibernate.orm.connections.pooling    : HHH10001005: Database info:
	Database JDBC URL [Connecting through datasource 'HikariDataSource (HikariPool-1)']
	Database driver: undefined/unknown
	Database version: 16.14
	Autocommit mode: undefined/unknown
	Isolation level: undefined/unknown
	Minimum pool size: undefined/unknown
	Maximum pool size: undefined/unknown
2026-09-30T14:19:48.314+02:00  INFO 1862392 --- [conference-backend] [           main] o.h.e.t.j.p.i.JtaPlatformInitiator       : HHH000489: No JTA platform available (set 'hibernate.transaction.jta.platform' to enable JTA platform integration)
2026-09-30T14:19:48.357+02:00  INFO 1862392 --- [conference-backend] [           main] j.LocalContainerEntityManagerFactoryBean : Initialized JPA EntityManagerFactory for persistence unit 'default'
2026-09-30T14:19:48.637+02:00  INFO 1862392 --- [conference-backend] [           main] o.s.d.j.r.query.QueryEnhancerFactory     : Hibernate is in classpath; If applicable, HQL parser will be used.
2026-09-30T14:19:49.757+02:00  INFO 1862392 --- [conference-backend] [           main] r$InitializeUserDetailsManagerConfigurer : Global AuthenticationManager configured with UserDetailsService bean with name organizer
2026-09-30T14:19:50.229+02:00  INFO 1862392 --- [conference-backend] [           main] o.s.b.a.e.web.EndpointLinksResolver      : Exposing 1 endpoint beneath base path '/actuator'
2026-09-30T14:19:50.672+02:00  INFO 1862392 --- [conference-backend] [           main] o.s.b.w.embedded.tomcat.TomcatWebServer  : Tomcat started on port 35507 (http) with context path '/'
2026-09-30T14:19:50.697+02:00  INFO 1862392 --- [conference-backend] [           main] o.a.maven.surefire.booter.ForkedBooter   : Started ForkedBooter in 8.474 seconds (process running for 15.361)
2026-09-30T14:19:51.271+02:00  INFO 1862392 --- [conference-backend] [o-auto-1-exec-1] o.a.c.c.C.[Tomcat].[localhost].[/]       : Initializing Spring DispatcherServlet 'dispatcherServlet'
2026-09-30T14:19:51.272+02:00  INFO 1862392 --- [conference-backend] [o-auto-1-exec-1] o.s.web.servlet.DispatcherServlet        : Initializing Servlet 'dispatcherServlet'
2026-09-30T14:19:51.273+02:00  INFO 1862392 --- [conference-backend] [o-auto-1-exec-1] o.s.web.servlet.DispatcherServlet        : Completed initialization in 1 ms
2026-09-30T14:19:51.497+02:00  INFO 1862392 --- [conference-backend] [o-auto-1-exec-1] l.c.registration.RegistrationService     : Registration 64c29e69-4a41-4bdb-91cf-61337b382fec accepted (external)
2026-09-30T14:19:51.836+02:00  WARN 1862392 --- [conference-backend] [   scheduling-1] l.c.n.NotificationDispatcher             : Notification PARTICIPANT for registration 64c29e69-4a41-4bdb-91cf-61337b382fec failed (attempt 1, MailSendException)
2026-09-30T14:19:51.851+02:00  WARN 1862392 --- [conference-backend] [   scheduling-1] l.c.n.NotificationDispatcher             : Notification ORGANIZER for registration 64c29e69-4a41-4bdb-91cf-61337b382fec failed (attempt 1, MailSendException)
2026-09-30T14:19:54.678+02:00  INFO 1862392 --- [conference-backend] [           main] tc.axllent/mailpit@sha256:4873e5...      : Creating container for image: axllent/mailpit@sha256:4873e5a441ed368f1e98a832f61257a033859f5e829542cd03fb772d2282ea4e
2026-09-30T14:19:54.784+02:00  INFO 1862392 --- [conference-backend] [           main] tc.axllent/mailpit@sha256:4873e5...      : Container axllent/mailpit@sha256:4873e5a441ed368f1e98a832f61257a033859f5e829542cd03fb772d2282ea4e is starting: 92f80f1e69455fccf9131dc88758a1d12279472c25825ec21cca5f46266fe1ea
2026-09-30T14:19:55.177+02:00  INFO 1862392 --- [conference-backend] [           main] o.t.c.wait.strategy.HttpWaitStrategy     : /musing_goodall: Waiting for 60 seconds for URL: http://localhost:42645/livez (where port 42645 maps to container port 8025)
2026-09-30T14:19:55.194+02:00  INFO 1862392 --- [conference-backend] [           main] tc.axllent/mailpit@sha256:4873e5...      : Container axllent/mailpit@sha256:4873e5a441ed368f1e98a832f61257a033859f5e829542cd03fb772d2282ea4e started in PT0.516234352S
2026-09-30T14:20:02.766+02:00  INFO 1862392 --- [conference-backend] [           main] o.s.b.w.e.tomcat.GracefulShutdown        : Commencing graceful shutdown. Waiting for active requests to complete
2026-09-30T14:20:02.770+02:00  INFO 1862392 --- [conference-backend] [tomcat-shutdown] o.s.b.w.e.tomcat.GracefulShutdown        : Graceful shutdown complete
2026-09-30T14:20:02.780+02:00  INFO 1862392 --- [conference-backend] [           main] j.LocalContainerEntityManagerFactoryBean : Closing JPA EntityManagerFactory for persistence unit 'default'
2026-09-30T14:20:02.783+02:00  INFO 1862392 --- [conference-backend] [           main] com.zaxxer.hikari.HikariDataSource       : HikariPool-1 - Shutdown initiated...
2026-09-30T14:20:02.789+02:00  INFO 1862392 --- [conference-backend] [           main] com.zaxxer.hikari.HikariDataSource       : HikariPool-1 - Shutdown completed.
[INFO] Tests run: 1, Failures: 0, Errors: 0, Skipped: 0, Time elapsed: 26.23 s -- in lab.conference.acceptance.SmtpOutageAcceptanceTest
[INFO] Running lab.conference.acceptance.NotificationAcceptanceTest
2026-09-30T14:20:02.924+02:00  INFO 1862392 --- [conference-backend] [           main] tc.axllent/mailpit@sha256:4873e5...      : Creating container for image: axllent/mailpit@sha256:4873e5a441ed368f1e98a832f61257a033859f5e829542cd03fb772d2282ea4e
2026-09-30T14:20:03.096+02:00  INFO 1862392 --- [conference-backend] [           main] tc.axllent/mailpit@sha256:4873e5...      : Container axllent/mailpit@sha256:4873e5a441ed368f1e98a832f61257a033859f5e829542cd03fb772d2282ea4e is starting: ed0ed78bc6ca9078d44b14058de0a0dba3ff59b0ccb4a7bb70ed722235159662
2026-09-30T14:20:03.432+02:00  INFO 1862392 --- [conference-backend] [           main] o.t.c.wait.strategy.HttpWaitStrategy     : /jovial_heyrovsky: Waiting for 60 seconds for URL: http://localhost:46307/livez (where port 46307 maps to container port 8025)
2026-09-30T14:20:03.435+02:00  INFO 1862392 --- [conference-backend] [           main] tc.axllent/mailpit@sha256:4873e5...      : Container axllent/mailpit@sha256:4873e5a441ed368f1e98a832f61257a033859f5e829542cd03fb772d2282ea4e started in PT0.511236102S
2026-09-30T14:20:03.537+02:00  INFO 1862392 --- [conference-backend] [           main] o.a.maven.surefire.booter.ForkedBooter   : Starting ForkedBooter v3.5.6 using Java 21.0.12 with PID 1862392 (started by tjan-kazar in /home/tjan-kazar/storage/Work/lab/agentic_lab/02_output/backend)
2026-09-30T14:20:03.537+02:00  INFO 1862392 --- [conference-backend] [           main] o.a.maven.surefire.booter.ForkedBooter   : No active profile set, falling back to 1 default profile: "default"
2026-09-30T14:20:03.815+02:00  INFO 1862392 --- [conference-backend] [           main] .s.d.r.c.RepositoryConfigurationDelegate : Bootstrapping Spring Data JPA repositories in DEFAULT mode.
2026-09-30T14:20:03.827+02:00  INFO 1862392 --- [conference-backend] [           main] .s.d.r.c.RepositoryConfigurationDelegate : Finished Spring Data repository scanning in 11 ms. Found 2 JPA repository interfaces.
2026-09-30T14:20:03.925+02:00  INFO 1862392 --- [conference-backend] [           main] o.s.b.w.embedded.tomcat.TomcatWebServer  : Tomcat initialized with port 0 (http)
2026-09-30T14:20:03.926+02:00  INFO 1862392 --- [conference-backend] [           main] o.apache.catalina.core.StandardService   : Starting service [Tomcat]
2026-09-30T14:20:03.927+02:00  INFO 1862392 --- [conference-backend] [           main] o.apache.catalina.core.StandardEngine    : Starting Servlet engine: [Apache Tomcat/10.1.60]
2026-09-30T14:20:03.939+02:00  INFO 1862392 --- [conference-backend] [           main] o.a.c.c.C.[Tomcat].[localhost].[/]       : Initializing Spring embedded WebApplicationContext
2026-09-30T14:20:03.939+02:00  INFO 1862392 --- [conference-backend] [           main] w.s.c.ServletWebServerApplicationContext : Root WebApplicationContext: initialization completed in 400 ms
2026-09-30T14:20:04.039+02:00  INFO 1862392 --- [conference-backend] [           main] com.zaxxer.hikari.HikariDataSource       : HikariPool-2 - Starting...
2026-09-30T14:20:04.061+02:00  INFO 1862392 --- [conference-backend] [           main] com.zaxxer.hikari.pool.HikariPool        : HikariPool-2 - Added connection org.postgresql.jdbc.PgConnection@32c8f936
2026-09-30T14:20:04.062+02:00  INFO 1862392 --- [conference-backend] [           main] com.zaxxer.hikari.HikariDataSource       : HikariPool-2 - Start completed.
2026-09-30T14:20:04.064+02:00  INFO 1862392 --- [conference-backend] [           main] org.flywaydb.core.FlywayExecutor         : Database: jdbc:postgresql://localhost:45139/conf_88577a7b11d6 (PostgreSQL 16.14)
2026-09-30T14:20:04.079+02:00  INFO 1862392 --- [conference-backend] [           main] o.f.c.i.s.JdbcTableSchemaHistory         : Schema history table "public"."flyway_schema_history" does not exist yet
2026-09-30T14:20:04.081+02:00  INFO 1862392 --- [conference-backend] [           main] o.f.core.internal.command.DbValidate     : Successfully validated 1 migration (execution time 00:00.005s)
2026-09-30T14:20:04.094+02:00  INFO 1862392 --- [conference-backend] [           main] o.f.c.i.s.JdbcTableSchemaHistory         : Creating Schema History table "public"."flyway_schema_history" ...
2026-09-30T14:20:04.133+02:00  INFO 1862392 --- [conference-backend] [           main] o.f.core.internal.command.DbMigrate      : Current version of schema "public": << Empty Schema >>
2026-09-30T14:20:04.143+02:00  INFO 1862392 --- [conference-backend] [           main] o.f.core.internal.command.DbMigrate      : Migrating schema "public" to version "1 - registration schema"
2026-09-30T14:20:04.176+02:00  INFO 1862392 --- [conference-backend] [           main] o.f.core.internal.command.DbMigrate      : Successfully applied 1 migration to schema "public", now at version v1 (execution time 00:00.021s)
2026-09-30T14:20:04.198+02:00  INFO 1862392 --- [conference-backend] [           main] o.hibernate.jpa.internal.util.LogHelper  : HHH000204: Processing PersistenceUnitInfo [name: default]
2026-09-30T14:20:04.201+02:00  INFO 1862392 --- [conference-backend] [           main] o.h.c.internal.RegionFactoryInitiator    : HHH000026: Second-level cache disabled
2026-09-30T14:20:04.210+02:00  INFO 1862392 --- [conference-backend] [           main] o.s.o.j.p.SpringPersistenceUnitInfo      : No LoadTimeWeaver setup: ignoring JPA class transformer
2026-09-30T14:20:04.220+02:00  INFO 1862392 --- [conference-backend] [           main] org.hibernate.orm.connections.pooling    : HHH10001005: Database info:
	Database JDBC URL [Connecting through datasource 'HikariDataSource (HikariPool-2)']
	Database driver: undefined/unknown
	Database version: 16.14
	Autocommit mode: undefined/unknown
	Isolation level: undefined/unknown
	Minimum pool size: undefined/unknown
	Maximum pool size: undefined/unknown
2026-09-30T14:20:04.290+02:00  INFO 1862392 --- [conference-backend] [           main] o.h.e.t.j.p.i.JtaPlatformInitiator       : HHH000489: No JTA platform available (set 'hibernate.transaction.jta.platform' to enable JTA platform integration)
2026-09-30T14:20:04.309+02:00  INFO 1862392 --- [conference-backend] [           main] j.LocalContainerEntityManagerFactoryBean : Initialized JPA EntityManagerFactory for persistence unit 'default'
2026-09-30T14:20:04.403+02:00  INFO 1862392 --- [conference-backend] [           main] r$InitializeUserDetailsManagerConfigurer : Global AuthenticationManager configured with UserDetailsService bean with name organizer
2026-09-30T14:20:04.507+02:00  INFO 1862392 --- [conference-backend] [           main] o.s.b.a.e.web.EndpointLinksResolver      : Exposing 1 endpoint beneath base path '/actuator'
2026-09-30T14:20:04.608+02:00  INFO 1862392 --- [conference-backend] [           main] o.s.b.w.embedded.tomcat.TomcatWebServer  : Tomcat started on port 39239 (http) with context path '/'
2026-09-30T14:20:04.619+02:00  INFO 1862392 --- [conference-backend] [           main] o.a.maven.surefire.booter.ForkedBooter   : Started ForkedBooter in 1.116 seconds (process running for 29.283)
2026-09-30T14:20:04.631+02:00  INFO 1862392 --- [conference-backend] [o-auto-2-exec-1] o.a.c.c.C.[Tomcat].[localhost].[/]       : Initializing Spring DispatcherServlet 'dispatcherServlet'
2026-09-30T14:20:04.632+02:00  INFO 1862392 --- [conference-backend] [o-auto-2-exec-1] o.s.web.servlet.DispatcherServlet        : Initializing Servlet 'dispatcherServlet'
2026-09-30T14:20:04.633+02:00  INFO 1862392 --- [conference-backend] [o-auto-2-exec-1] o.s.web.servlet.DispatcherServlet        : Completed initialization in 1 ms
2026-09-30T14:20:04.672+02:00  INFO 1862392 --- [conference-backend] [o-auto-2-exec-1] l.c.registration.RegistrationService     : Registration ca5acbd5-8c6e-4ac2-9219-fafa718f6def accepted (student)
2026-09-30T14:20:05.333+02:00  INFO 1862392 --- [conference-backend] [o-auto-2-exec-2] l.c.registration.RegistrationService     : Registration 1c6fda91-aae5-45fe-b8e9-e63fd43a474d accepted (external)
2026-09-30T14:20:05.999+02:00  INFO 1862392 --- [conference-backend] [o-auto-2-exec-3] l.c.registration.RegistrationService     : Registration 64201c97-5831-478c-841a-fc617750a3bb accepted (external)
2026-09-30T14:20:14.746+02:00  INFO 1862392 --- [conference-backend] [o-auto-2-exec-8] l.c.registration.RegistrationService     : Registration d78ad801-3ce2-4b77-b99c-328bda9d8f13 accepted (student)
2026-09-30T14:20:15.082+02:00  INFO 1862392 --- [conference-backend] [           main] o.s.b.w.e.tomcat.GracefulShutdown        : Commencing graceful shutdown. Waiting for active requests to complete
2026-09-30T14:20:15.084+02:00  INFO 1862392 --- [conference-backend] [tomcat-shutdown] o.s.b.w.e.tomcat.GracefulShutdown        : Graceful shutdown complete
2026-09-30T14:20:15.091+02:00  INFO 1862392 --- [conference-backend] [           main] j.LocalContainerEntityManagerFactoryBean : Closing JPA EntityManagerFactory for persistence unit 'default'
2026-09-30T14:20:15.091+02:00  INFO 1862392 --- [conference-backend] [           main] com.zaxxer.hikari.HikariDataSource       : HikariPool-2 - Shutdown initiated...
2026-09-30T14:20:15.093+02:00  INFO 1862392 --- [conference-backend] [           main] com.zaxxer.hikari.HikariDataSource       : HikariPool-2 - Shutdown completed.
[INFO] Tests run: 5, Failures: 0, Errors: 0, Skipped: 0, Time elapsed: 12.27 s -- in lab.conference.acceptance.NotificationAcceptanceTest
[INFO] Running lab.conference.acceptance.ExternalRegistrationAcceptanceTest
2026-09-30T14:20:15.253+02:00  INFO 1862392 --- [conference-backend] [           main] o.a.maven.surefire.booter.ForkedBooter   : Starting ForkedBooter v3.5.6 using Java 21.0.12 with PID 1862392 (started by tjan-kazar in /home/tjan-kazar/storage/Work/lab/agentic_lab/02_output/backend)
2026-09-30T14:20:15.253+02:00  INFO 1862392 --- [conference-backend] [           main] o.a.maven.surefire.booter.ForkedBooter   : No active profile set, falling back to 1 default profile: "default"
2026-09-30T14:20:15.463+02:00  INFO 1862392 --- [conference-backend] [           main] .s.d.r.c.RepositoryConfigurationDelegate : Bootstrapping Spring Data JPA repositories in DEFAULT mode.
2026-09-30T14:20:15.474+02:00  INFO 1862392 --- [conference-backend] [           main] .s.d.r.c.RepositoryConfigurationDelegate : Finished Spring Data repository scanning in 10 ms. Found 2 JPA repository interfaces.
2026-09-30T14:20:15.547+02:00  INFO 1862392 --- [conference-backend] [           main] o.s.b.w.embedded.tomcat.TomcatWebServer  : Tomcat initialized with port 0 (http)
2026-09-30T14:20:15.548+02:00  INFO 1862392 --- [conference-backend] [           main] o.apache.catalina.core.StandardService   : Starting service [Tomcat]
2026-09-30T14:20:15.548+02:00  INFO 1862392 --- [conference-backend] [           main] o.apache.catalina.core.StandardEngine    : Starting Servlet engine: [Apache Tomcat/10.1.60]
2026-09-30T14:20:15.559+02:00  INFO 1862392 --- [conference-backend] [           main] o.a.c.c.C.[Tomcat].[localhost].[/]       : Initializing Spring embedded WebApplicationContext
2026-09-30T14:20:15.559+02:00  INFO 1862392 --- [conference-backend] [           main] w.s.c.ServletWebServerApplicationContext : Root WebApplicationContext: initialization completed in 305 ms
2026-09-30T14:20:15.632+02:00  INFO 1862392 --- [conference-backend] [           main] com.zaxxer.hikari.HikariDataSource       : HikariPool-3 - Starting...
2026-09-30T14:20:15.650+02:00  INFO 1862392 --- [conference-backend] [           main] com.zaxxer.hikari.pool.HikariPool        : HikariPool-3 - Added connection org.postgresql.jdbc.PgConnection@4ec7836c
2026-09-30T14:20:15.651+02:00  INFO 1862392 --- [conference-backend] [           main] com.zaxxer.hikari.HikariDataSource       : HikariPool-3 - Start completed.
2026-09-30T14:20:15.653+02:00  INFO 1862392 --- [conference-backend] [           main] org.flywaydb.core.FlywayExecutor         : Database: jdbc:postgresql://localhost:45139/conf_495ea59d2546 (PostgreSQL 16.14)
2026-09-30T14:20:15.666+02:00  INFO 1862392 --- [conference-backend] [           main] o.f.c.i.s.JdbcTableSchemaHistory         : Schema history table "public"."flyway_schema_history" does not exist yet
2026-09-30T14:20:15.667+02:00  INFO 1862392 --- [conference-backend] [           main] o.f.core.internal.command.DbValidate     : Successfully validated 1 migration (execution time 00:00.004s)
2026-09-30T14:20:15.682+02:00  INFO 1862392 --- [conference-backend] [           main] o.f.c.i.s.JdbcTableSchemaHistory         : Creating Schema History table "public"."flyway_schema_history" ...
2026-09-30T14:20:15.715+02:00  INFO 1862392 --- [conference-backend] [           main] o.f.core.internal.command.DbMigrate      : Current version of schema "public": << Empty Schema >>
2026-09-30T14:20:15.723+02:00  INFO 1862392 --- [conference-backend] [           main] o.f.core.internal.command.DbMigrate      : Migrating schema "public" to version "1 - registration schema"
2026-09-30T14:20:15.746+02:00  INFO 1862392 --- [conference-backend] [           main] o.f.core.internal.command.DbMigrate      : Successfully applied 1 migration to schema "public", now at version v1 (execution time 00:00.016s)
2026-09-30T14:20:15.764+02:00  INFO 1862392 --- [conference-backend] [           main] o.hibernate.jpa.internal.util.LogHelper  : HHH000204: Processing PersistenceUnitInfo [name: default]
2026-09-30T14:20:15.766+02:00  INFO 1862392 --- [conference-backend] [           main] o.h.c.internal.RegionFactoryInitiator    : HHH000026: Second-level cache disabled
2026-09-30T14:20:15.773+02:00  INFO 1862392 --- [conference-backend] [           main] o.s.o.j.p.SpringPersistenceUnitInfo      : No LoadTimeWeaver setup: ignoring JPA class transformer
2026-09-30T14:20:15.778+02:00  INFO 1862392 --- [conference-backend] [           main] org.hibernate.orm.connections.pooling    : HHH10001005: Database info:
	Database JDBC URL [Connecting through datasource 'HikariDataSource (HikariPool-3)']
	Database driver: undefined/unknown
	Database version: 16.14
	Autocommit mode: undefined/unknown
	Isolation level: undefined/unknown
	Minimum pool size: undefined/unknown
	Maximum pool size: undefined/unknown
2026-09-30T14:20:15.837+02:00  INFO 1862392 --- [conference-backend] [           main] o.h.e.t.j.p.i.JtaPlatformInitiator       : HHH000489: No JTA platform available (set 'hibernate.transaction.jta.platform' to enable JTA platform integration)
2026-09-30T14:20:15.852+02:00  INFO 1862392 --- [conference-backend] [           main] j.LocalContainerEntityManagerFactoryBean : Initialized JPA EntityManagerFactory for persistence unit 'default'
2026-09-30T14:20:15.922+02:00  INFO 1862392 --- [conference-backend] [           main] r$InitializeUserDetailsManagerConfigurer : Global AuthenticationManager configured with UserDetailsService bean with name organizer
2026-09-30T14:20:15.995+02:00  INFO 1862392 --- [conference-backend] [           main] o.s.b.a.e.web.EndpointLinksResolver      : Exposing 1 endpoint beneath base path '/actuator'
2026-09-30T14:20:16.074+02:00  INFO 1862392 --- [conference-backend] [           main] o.s.b.w.embedded.tomcat.TomcatWebServer  : Tomcat started on port 40203 (http) with context path '/'
2026-09-30T14:20:16.081+02:00  INFO 1862392 --- [conference-backend] [           main] o.a.maven.surefire.booter.ForkedBooter   : Started ForkedBooter in 0.855 seconds (process running for 40.745)
2026-09-30T14:20:16.138+02:00  INFO 1862392 --- [conference-backend] [o-auto-3-exec-1] o.a.c.c.C.[Tomcat].[localhost].[/]       : Initializing Spring DispatcherServlet 'dispatcherServlet'
2026-09-30T14:20:16.138+02:00  INFO 1862392 --- [conference-backend] [o-auto-3-exec-1] o.s.web.servlet.DispatcherServlet        : Initializing Servlet 'dispatcherServlet'
2026-09-30T14:20:16.139+02:00  INFO 1862392 --- [conference-backend] [o-auto-3-exec-1] o.s.web.servlet.DispatcherServlet        : Completed initialization in 1 ms
2026-09-30T14:20:24.544+02:00  INFO 1862392 --- [conference-backend] [o-auto-3-exec-5] l.c.registration.RegistrationService     : Registration b15585f2-d8cc-441f-8b7f-97a974c3048e accepted (external)
2026-09-30T14:20:31.006+02:00  INFO 1862392 --- [conference-backend] [o-auto-3-exec-9] l.c.registration.RegistrationService     : Registration 043d20fa-cf5e-471a-8aaa-2e1014f3e0ee accepted (external)
2026-09-30T14:20:39.460+02:00  INFO 1862392 --- [conference-backend] [o-auto-3-exec-4] l.c.registration.RegistrationService     : Registration f76625d0-5db6-432c-bb67-c76ecba817c6 accepted (external)
2026-09-30T14:20:39.509+02:00  INFO 1862392 --- [conference-backend] [o-auto-3-exec-5] l.c.registration.RegistrationService     : Registration 8b4fb85d-4c7e-4ede-8fb5-29210c99d5c7 accepted (external)
2026-09-30T14:20:52.282+02:00  INFO 1862392 --- [conference-backend] [o-auto-3-exec-2] l.c.registration.RegistrationService     : Registration 7f7e60be-6e02-44fa-a0ae-c9203885bb63 accepted (external)
2026-09-30T14:21:55.567+02:00  INFO 1862392 --- [conference-backend] [           main] o.s.b.w.e.tomcat.GracefulShutdown        : Commencing graceful shutdown. Waiting for active requests to complete
2026-09-30T14:21:55.568+02:00  INFO 1862392 --- [conference-backend] [tomcat-shutdown] o.s.b.w.e.tomcat.GracefulShutdown        : Graceful shutdown complete
2026-09-30T14:21:55.570+02:00  INFO 1862392 --- [conference-backend] [           main] j.LocalContainerEntityManagerFactoryBean : Closing JPA EntityManagerFactory for persistence unit 'default'
2026-09-30T14:21:55.571+02:00  INFO 1862392 --- [conference-backend] [           main] com.zaxxer.hikari.HikariDataSource       : HikariPool-3 - Shutdown initiated...
2026-09-30T14:21:55.572+02:00  INFO 1862392 --- [conference-backend] [           main] com.zaxxer.hikari.HikariDataSource       : HikariPool-3 - Shutdown completed.
[INFO] Tests run: 51, Failures: 0, Errors: 0, Skipped: 0, Time elapsed: 100.5 s -- in lab.conference.acceptance.ExternalRegistrationAcceptanceTest
[INFO] Running lab.conference.acceptance.DurableStorageAcceptanceTest
2026-09-30T14:21:55.713+02:00  INFO 1862392 --- [conference-backend] [           main] o.a.maven.surefire.booter.ForkedBooter   : Starting ForkedBooter v3.5.6 using Java 21.0.12 with PID 1862392 (started by tjan-kazar in /home/tjan-kazar/storage/Work/lab/agentic_lab/02_output/backend)
2026-09-30T14:21:55.713+02:00  INFO 1862392 --- [conference-backend] [           main] o.a.maven.surefire.booter.ForkedBooter   : No active profile set, falling back to 1 default profile: "default"
2026-09-30T14:21:55.861+02:00  INFO 1862392 --- [conference-backend] [           main] .s.d.r.c.RepositoryConfigurationDelegate : Bootstrapping Spring Data JPA repositories in DEFAULT mode.
2026-09-30T14:21:55.876+02:00  INFO 1862392 --- [conference-backend] [           main] .s.d.r.c.RepositoryConfigurationDelegate : Finished Spring Data repository scanning in 14 ms. Found 2 JPA repository interfaces.
2026-09-30T14:21:55.939+02:00  INFO 1862392 --- [conference-backend] [           main] o.s.b.w.embedded.tomcat.TomcatWebServer  : Tomcat initialized with port 0 (http)
2026-09-30T14:21:55.939+02:00  INFO 1862392 --- [conference-backend] [           main] o.apache.catalina.core.StandardService   : Starting service [Tomcat]
2026-09-30T14:21:55.940+02:00  INFO 1862392 --- [conference-backend] [           main] o.apache.catalina.core.StandardEngine    : Starting Servlet engine: [Apache Tomcat/10.1.60]
2026-09-30T14:21:55.951+02:00  INFO 1862392 --- [conference-backend] [           main] o.a.c.c.C.[Tomcat].[localhost].[/]       : Initializing Spring embedded WebApplicationContext
2026-09-30T14:21:55.951+02:00  INFO 1862392 --- [conference-backend] [           main] w.s.c.ServletWebServerApplicationContext : Root WebApplicationContext: initialization completed in 236 ms
2026-09-30T14:21:56.028+02:00  INFO 1862392 --- [conference-backend] [           main] com.zaxxer.hikari.HikariDataSource       : HikariPool-4 - Starting...
2026-09-30T14:21:56.055+02:00  INFO 1862392 --- [conference-backend] [           main] com.zaxxer.hikari.pool.HikariPool        : HikariPool-4 - Added connection org.postgresql.jdbc.PgConnection@5f339bc8
2026-09-30T14:21:56.055+02:00  INFO 1862392 --- [conference-backend] [           main] com.zaxxer.hikari.HikariDataSource       : HikariPool-4 - Start completed.
2026-09-30T14:21:56.058+02:00  INFO 1862392 --- [conference-backend] [           main] org.flywaydb.core.FlywayExecutor         : Database: jdbc:postgresql://localhost:45139/conf_ec7528ba99c3 (PostgreSQL 16.14)
2026-09-30T14:21:56.073+02:00  INFO 1862392 --- [conference-backend] [           main] o.f.c.i.s.JdbcTableSchemaHistory         : Schema history table "public"."flyway_schema_history" does not exist yet
2026-09-30T14:21:56.074+02:00  INFO 1862392 --- [conference-backend] [           main] o.f.core.internal.command.DbValidate     : Successfully validated 1 migration (execution time 00:00.005s)
2026-09-30T14:21:56.084+02:00  INFO 1862392 --- [conference-backend] [           main] o.f.c.i.s.JdbcTableSchemaHistory         : Creating Schema History table "public"."flyway_schema_history" ...
2026-09-30T14:21:56.110+02:00  INFO 1862392 --- [conference-backend] [           main] o.f.core.internal.command.DbMigrate      : Current version of schema "public": << Empty Schema >>
2026-09-30T14:21:56.118+02:00  INFO 1862392 --- [conference-backend] [           main] o.f.core.internal.command.DbMigrate      : Migrating schema "public" to version "1 - registration schema"
2026-09-30T14:21:56.137+02:00  INFO 1862392 --- [conference-backend] [           main] o.f.core.internal.command.DbMigrate      : Successfully applied 1 migration to schema "public", now at version v1 (execution time 00:00.014s)
2026-09-30T14:21:56.151+02:00  INFO 1862392 --- [conference-backend] [           main] o.hibernate.jpa.internal.util.LogHelper  : HHH000204: Processing PersistenceUnitInfo [name: default]
2026-09-30T14:21:56.152+02:00  INFO 1862392 --- [conference-backend] [           main] o.h.c.internal.RegionFactoryInitiator    : HHH000026: Second-level cache disabled
2026-09-30T14:21:56.160+02:00  INFO 1862392 --- [conference-backend] [           main] o.s.o.j.p.SpringPersistenceUnitInfo      : No LoadTimeWeaver setup: ignoring JPA class transformer
2026-09-30T14:21:56.166+02:00  INFO 1862392 --- [conference-backend] [           main] org.hibernate.orm.connections.pooling    : HHH10001005: Database info:
	Database JDBC URL [Connecting through datasource 'HikariDataSource (HikariPool-4)']
	Database driver: undefined/unknown
	Database version: 16.14
	Autocommit mode: undefined/unknown
	Isolation level: undefined/unknown
	Minimum pool size: undefined/unknown
	Maximum pool size: undefined/unknown
2026-09-30T14:21:56.219+02:00  INFO 1862392 --- [conference-backend] [           main] o.h.e.t.j.p.i.JtaPlatformInitiator       : HHH000489: No JTA platform available (set 'hibernate.transaction.jta.platform' to enable JTA platform integration)
2026-09-30T14:21:56.233+02:00  INFO 1862392 --- [conference-backend] [           main] j.LocalContainerEntityManagerFactoryBean : Initialized JPA EntityManagerFactory for persistence unit 'default'
2026-09-30T14:21:56.298+02:00  INFO 1862392 --- [conference-backend] [           main] r$InitializeUserDetailsManagerConfigurer : Global AuthenticationManager configured with UserDetailsService bean with name organizer
2026-09-30T14:21:56.362+02:00  INFO 1862392 --- [conference-backend] [           main] o.s.b.a.e.web.EndpointLinksResolver      : Exposing 1 endpoint beneath base path '/actuator'
2026-09-30T14:21:56.427+02:00  INFO 1862392 --- [conference-backend] [           main] o.s.b.w.embedded.tomcat.TomcatWebServer  : Tomcat started on port 38247 (http) with context path '/'
2026-09-30T14:21:56.433+02:00  INFO 1862392 --- [conference-backend] [           main] o.a.maven.surefire.booter.ForkedBooter   : Started ForkedBooter in 0.747 seconds (process running for 141.097)
2026-09-30T14:21:56.442+02:00  INFO 1862392 --- [conference-backend] [o-auto-4-exec-1] o.a.c.c.C.[Tomcat].[localhost].[/]       : Initializing Spring DispatcherServlet 'dispatcherServlet'
2026-09-30T14:21:56.443+02:00  INFO 1862392 --- [conference-backend] [o-auto-4-exec-1] o.s.web.servlet.DispatcherServlet        : Initializing Servlet 'dispatcherServlet'
2026-09-30T14:21:56.444+02:00  INFO 1862392 --- [conference-backend] [o-auto-4-exec-1] o.s.web.servlet.DispatcherServlet        : Completed initialization in 1 ms
2026-09-30T14:21:56.561+02:00  INFO 1862392 --- [conference-backend] [o-auto-4-exec-1] l.c.registration.RegistrationService     : Registration 8b316ba6-11f7-4c5f-90c7-ea302fef0a45 accepted (student)
2026-09-30T14:21:56.646+02:00  INFO 1862392 --- [conference-backend] [           main] o.s.b.w.e.tomcat.GracefulShutdown        : Commencing graceful shutdown. Waiting for active requests to complete
2026-09-30T14:21:56.648+02:00  INFO 1862392 --- [conference-backend] [tomcat-shutdown] o.s.b.w.e.tomcat.GracefulShutdown        : Graceful shutdown complete
2026-09-30T14:21:56.655+02:00  INFO 1862392 --- [conference-backend] [           main] j.LocalContainerEntityManagerFactoryBean : Closing JPA EntityManagerFactory for persistence unit 'default'
2026-09-30T14:21:56.657+02:00  INFO 1862392 --- [conference-backend] [           main] com.zaxxer.hikari.HikariDataSource       : HikariPool-4 - Shutdown initiated...
2026-09-30T14:21:56.660+02:00  INFO 1862392 --- [conference-backend] [           main] com.zaxxer.hikari.HikariDataSource       : HikariPool-4 - Shutdown completed.
2026-09-30T14:21:56.846+02:00  INFO 1862392 --- [conference-backend] [           main] o.a.maven.surefire.booter.ForkedBooter   : Starting ForkedBooter v3.5.6 using Java 21.0.12 with PID 1862392 (started by tjan-kazar in /home/tjan-kazar/storage/Work/lab/agentic_lab/02_output/backend)
2026-09-30T14:21:56.846+02:00  INFO 1862392 --- [conference-backend] [           main] o.a.maven.surefire.booter.ForkedBooter   : No active profile set, falling back to 1 default profile: "default"
2026-09-30T14:21:57.013+02:00  INFO 1862392 --- [conference-backend] [           main] .s.d.r.c.RepositoryConfigurationDelegate : Bootstrapping Spring Data JPA repositories in DEFAULT mode.
2026-09-30T14:21:57.022+02:00  INFO 1862392 --- [conference-backend] [           main] .s.d.r.c.RepositoryConfigurationDelegate : Finished Spring Data repository scanning in 7 ms. Found 2 JPA repository interfaces.
2026-09-30T14:21:57.091+02:00  INFO 1862392 --- [conference-backend] [           main] o.s.b.w.embedded.tomcat.TomcatWebServer  : Tomcat initialized with port 0 (http)
2026-09-30T14:21:57.093+02:00  INFO 1862392 --- [conference-backend] [           main] o.apache.catalina.core.StandardService   : Starting service [Tomcat]
2026-09-30T14:21:57.093+02:00  INFO 1862392 --- [conference-backend] [           main] o.apache.catalina.core.StandardEngine    : Starting Servlet engine: [Apache Tomcat/10.1.60]
2026-09-30T14:21:57.101+02:00  INFO 1862392 --- [conference-backend] [           main] o.a.c.c.C.[Tomcat].[localhost].[/]       : Initializing Spring embedded WebApplicationContext
2026-09-30T14:21:57.101+02:00  INFO 1862392 --- [conference-backend] [           main] w.s.c.ServletWebServerApplicationContext : Root WebApplicationContext: initialization completed in 254 ms
2026-09-30T14:21:57.158+02:00  INFO 1862392 --- [conference-backend] [           main] com.zaxxer.hikari.HikariDataSource       : HikariPool-5 - Starting...
2026-09-30T14:21:57.175+02:00  INFO 1862392 --- [conference-backend] [           main] com.zaxxer.hikari.pool.HikariPool        : HikariPool-5 - Added connection org.postgresql.jdbc.PgConnection@48e4fba9
2026-09-30T14:21:57.175+02:00  INFO 1862392 --- [conference-backend] [           main] com.zaxxer.hikari.HikariDataSource       : HikariPool-5 - Start completed.
2026-09-30T14:21:57.176+02:00  INFO 1862392 --- [conference-backend] [           main] org.flywaydb.core.FlywayExecutor         : Database: jdbc:postgresql://localhost:45139/conf_09b9fcca86a6 (PostgreSQL 16.14)
2026-09-30T14:21:57.187+02:00  INFO 1862392 --- [conference-backend] [           main] o.f.c.i.s.JdbcTableSchemaHistory         : Schema history table "public"."flyway_schema_history" does not exist yet
2026-09-30T14:21:57.188+02:00  INFO 1862392 --- [conference-backend] [           main] o.f.core.internal.command.DbValidate     : Successfully validated 1 migration (execution time 00:00.004s)
2026-09-30T14:21:57.201+02:00  INFO 1862392 --- [conference-backend] [           main] o.f.c.i.s.JdbcTableSchemaHistory         : Creating Schema History table "public"."flyway_schema_history" ...
2026-09-30T14:21:57.230+02:00  INFO 1862392 --- [conference-backend] [           main] o.f.core.internal.command.DbMigrate      : Current version of schema "public": << Empty Schema >>
2026-09-30T14:21:57.237+02:00  INFO 1862392 --- [conference-backend] [           main] o.f.core.internal.command.DbMigrate      : Migrating schema "public" to version "1 - registration schema"
2026-09-30T14:21:57.259+02:00  INFO 1862392 --- [conference-backend] [           main] o.f.core.internal.command.DbMigrate      : Successfully applied 1 migration to schema "public", now at version v1 (execution time 00:00.016s)
2026-09-30T14:21:57.273+02:00  INFO 1862392 --- [conference-backend] [           main] o.hibernate.jpa.internal.util.LogHelper  : HHH000204: Processing PersistenceUnitInfo [name: default]
2026-09-30T14:21:57.275+02:00  INFO 1862392 --- [conference-backend] [           main] o.h.c.internal.RegionFactoryInitiator    : HHH000026: Second-level cache disabled
2026-09-30T14:21:57.282+02:00  INFO 1862392 --- [conference-backend] [           main] o.s.o.j.p.SpringPersistenceUnitInfo      : No LoadTimeWeaver setup: ignoring JPA class transformer
2026-09-30T14:21:57.289+02:00  INFO 1862392 --- [conference-backend] [           main] org.hibernate.orm.connections.pooling    : HHH10001005: Database info:
	Database JDBC URL [Connecting through datasource 'HikariDataSource (HikariPool-5)']
	Database driver: undefined/unknown
	Database version: 16.14
	Autocommit mode: undefined/unknown
	Isolation level: undefined/unknown
	Minimum pool size: undefined/unknown
	Maximum pool size: undefined/unknown
2026-09-30T14:21:57.339+02:00  INFO 1862392 --- [conference-backend] [           main] o.h.e.t.j.p.i.JtaPlatformInitiator       : HHH000489: No JTA platform available (set 'hibernate.transaction.jta.platform' to enable JTA platform integration)
2026-09-30T14:21:57.351+02:00  INFO 1862392 --- [conference-backend] [           main] j.LocalContainerEntityManagerFactoryBean : Initialized JPA EntityManagerFactory for persistence unit 'default'
2026-09-30T14:21:57.405+02:00  INFO 1862392 --- [conference-backend] [           main] r$InitializeUserDetailsManagerConfigurer : Global AuthenticationManager configured with UserDetailsService bean with name organizer
2026-09-30T14:21:57.471+02:00  INFO 1862392 --- [conference-backend] [           main] o.s.b.a.e.web.EndpointLinksResolver      : Exposing 1 endpoint beneath base path '/actuator'
2026-09-30T14:21:57.543+02:00  INFO 1862392 --- [conference-backend] [           main] o.s.b.w.embedded.tomcat.TomcatWebServer  : Tomcat started on port 42131 (http) with context path '/'
2026-09-30T14:21:57.549+02:00  INFO 1862392 --- [conference-backend] [           main] o.a.maven.surefire.booter.ForkedBooter   : Started ForkedBooter in 0.724 seconds (process running for 142.213)
2026-09-30T14:21:58.568+02:00  WARN 1862392 --- [conference-backend] [   scheduling-1] lab.conference.registration.Reconciler   : Moved JSON without database registration to orphaned/: 4ad9e602-b048-4b3e-b219-7b9339f743cd
2026-09-30T14:21:58.569+02:00  INFO 1862392 --- [conference-backend] [   scheduling-1] lab.conference.registration.Reconciler   : Reconciliation: 1 orphaned, 0 staging files removed
2026-09-30T14:21:58.816+02:00  INFO 1862392 --- [conference-backend] [o-auto-5-exec-1] o.a.c.c.C.[Tomcat].[localhost].[/]       : Initializing Spring DispatcherServlet 'dispatcherServlet'
2026-09-30T14:21:58.816+02:00  INFO 1862392 --- [conference-backend] [o-auto-5-exec-1] o.s.web.servlet.DispatcherServlet        : Initializing Servlet 'dispatcherServlet'
2026-09-30T14:21:58.818+02:00  INFO 1862392 --- [conference-backend] [o-auto-5-exec-1] o.s.web.servlet.DispatcherServlet        : Completed initialization in 2 ms
2026-09-30T14:21:59.697+02:00  INFO 1862392 --- [conference-backend] [o-auto-5-exec-1] lab.conference.export.ExportController   : Organizer export generated with 0 registration(s)
2026-09-30T14:21:59.790+02:00  INFO 1862392 --- [conference-backend] [           main] o.s.b.w.e.tomcat.GracefulShutdown        : Commencing graceful shutdown. Waiting for active requests to complete
2026-09-30T14:21:59.791+02:00  INFO 1862392 --- [conference-backend] [tomcat-shutdown] o.s.b.w.e.tomcat.GracefulShutdown        : Graceful shutdown complete
2026-09-30T14:21:59.793+02:00  INFO 1862392 --- [conference-backend] [           main] j.LocalContainerEntityManagerFactoryBean : Closing JPA EntityManagerFactory for persistence unit 'default'
2026-09-30T14:21:59.794+02:00  INFO 1862392 --- [conference-backend] [           main] com.zaxxer.hikari.HikariDataSource       : HikariPool-5 - Shutdown initiated...
2026-09-30T14:21:59.795+02:00  INFO 1862392 --- [conference-backend] [           main] com.zaxxer.hikari.HikariDataSource       : HikariPool-5 - Shutdown completed.
2026-09-30T14:21:59.801+02:00  INFO 1862392 --- [conference-backend] [           main] tc.postgres@sha256:952067...             : Creating container for image: postgres@sha256:95206741a5b214807675e14165369d05b93a9cf692223b616d07cca227e74b0b
2026-09-30T14:21:59.956+02:00  INFO 1862392 --- [conference-backend] [           main] tc.postgres@sha256:952067...             : Container postgres@sha256:95206741a5b214807675e14165369d05b93a9cf692223b616d07cca227e74b0b is starting: c4ca9bffb4e3c87c0e61e636590070a61e439525c803379460ba07ee86f68912
2026-09-30T14:22:01.427+02:00  INFO 1862392 --- [conference-backend] [           main] tc.postgres@sha256:952067...             : Container postgres@sha256:95206741a5b214807675e14165369d05b93a9cf692223b616d07cca227e74b0b started in PT1.625736734S
2026-09-30T14:22:01.427+02:00  INFO 1862392 --- [conference-backend] [           main] tc.postgres@sha256:952067...             : Container is started (JDBC URL: jdbc:postgresql://localhost:34757/postgres?loggerLevel=OFF)
2026-09-30T14:22:01.566+02:00  INFO 1862392 --- [conference-backend] [           main] o.a.maven.surefire.booter.ForkedBooter   : Starting ForkedBooter v3.5.6 using Java 21.0.12 with PID 1862392 (started by tjan-kazar in /home/tjan-kazar/storage/Work/lab/agentic_lab/02_output/backend)
2026-09-30T14:22:01.566+02:00  INFO 1862392 --- [conference-backend] [           main] o.a.maven.surefire.booter.ForkedBooter   : No active profile set, falling back to 1 default profile: "default"
2026-09-30T14:22:01.713+02:00  INFO 1862392 --- [conference-backend] [           main] .s.d.r.c.RepositoryConfigurationDelegate : Bootstrapping Spring Data JPA repositories in DEFAULT mode.
2026-09-30T14:22:01.722+02:00  INFO 1862392 --- [conference-backend] [           main] .s.d.r.c.RepositoryConfigurationDelegate : Finished Spring Data repository scanning in 7 ms. Found 2 JPA repository interfaces.
2026-09-30T14:22:01.768+02:00  INFO 1862392 --- [conference-backend] [           main] o.s.b.w.embedded.tomcat.TomcatWebServer  : Tomcat initialized with port 0 (http)
2026-09-30T14:22:01.770+02:00  INFO 1862392 --- [conference-backend] [           main] o.apache.catalina.core.StandardService   : Starting service [Tomcat]
2026-09-30T14:22:01.770+02:00  INFO 1862392 --- [conference-backend] [           main] o.apache.catalina.core.StandardEngine    : Starting Servlet engine: [Apache Tomcat/10.1.60]
2026-09-30T14:22:01.778+02:00  INFO 1862392 --- [conference-backend] [           main] o.a.c.c.C.[Tomcat].[localhost].[/]       : Initializing Spring embedded WebApplicationContext
2026-09-30T14:22:01.778+02:00  INFO 1862392 --- [conference-backend] [           main] w.s.c.ServletWebServerApplicationContext : Root WebApplicationContext: initialization completed in 210 ms
2026-09-30T14:22:01.829+02:00  INFO 1862392 --- [conference-backend] [           main] com.zaxxer.hikari.HikariDataSource       : HikariPool-6 - Starting...
2026-09-30T14:22:01.846+02:00  INFO 1862392 --- [conference-backend] [           main] com.zaxxer.hikari.pool.HikariPool        : HikariPool-6 - Added connection org.postgresql.jdbc.PgConnection@d617342
2026-09-30T14:22:01.846+02:00  INFO 1862392 --- [conference-backend] [           main] com.zaxxer.hikari.HikariDataSource       : HikariPool-6 - Start completed.
2026-09-30T14:22:01.847+02:00  INFO 1862392 --- [conference-backend] [           main] org.flywaydb.core.FlywayExecutor         : Database: jdbc:postgresql://localhost:34757/conf_9bb129352f6a (PostgreSQL 16.14)
2026-09-30T14:22:01.858+02:00  INFO 1862392 --- [conference-backend] [           main] o.f.c.i.s.JdbcTableSchemaHistory         : Schema history table "public"."flyway_schema_history" does not exist yet
2026-09-30T14:22:01.859+02:00  INFO 1862392 --- [conference-backend] [           main] o.f.core.internal.command.DbValidate     : Successfully validated 1 migration (execution time 00:00.003s)
2026-09-30T14:22:01.868+02:00  INFO 1862392 --- [conference-backend] [           main] o.f.c.i.s.JdbcTableSchemaHistory         : Creating Schema History table "public"."flyway_schema_history" ...
2026-09-30T14:22:01.893+02:00  INFO 1862392 --- [conference-backend] [           main] o.f.core.internal.command.DbMigrate      : Current version of schema "public": << Empty Schema >>
2026-09-30T14:22:01.899+02:00  INFO 1862392 --- [conference-backend] [           main] o.f.core.internal.command.DbMigrate      : Migrating schema "public" to version "1 - registration schema"
2026-09-30T14:22:01.920+02:00  INFO 1862392 --- [conference-backend] [           main] o.f.core.internal.command.DbMigrate      : Successfully applied 1 migration to schema "public", now at version v1 (execution time 00:00.015s)
2026-09-30T14:22:01.931+02:00  INFO 1862392 --- [conference-backend] [           main] o.hibernate.jpa.internal.util.LogHelper  : HHH000204: Processing PersistenceUnitInfo [name: default]
2026-09-30T14:22:01.933+02:00  INFO 1862392 --- [conference-backend] [           main] o.h.c.internal.RegionFactoryInitiator    : HHH000026: Second-level cache disabled
2026-09-30T14:22:01.940+02:00  INFO 1862392 --- [conference-backend] [           main] o.s.o.j.p.SpringPersistenceUnitInfo      : No LoadTimeWeaver setup: ignoring JPA class transformer
2026-09-30T14:22:01.946+02:00  INFO 1862392 --- [conference-backend] [           main] org.hibernate.orm.connections.pooling    : HHH10001005: Database info:
	Database JDBC URL [Connecting through datasource 'HikariDataSource (HikariPool-6)']
	Database driver: undefined/unknown
	Database version: 16.14
	Autocommit mode: undefined/unknown
	Isolation level: undefined/unknown
	Minimum pool size: undefined/unknown
	Maximum pool size: undefined/unknown
2026-09-30T14:22:01.991+02:00  INFO 1862392 --- [conference-backend] [           main] o.h.e.t.j.p.i.JtaPlatformInitiator       : HHH000489: No JTA platform available (set 'hibernate.transaction.jta.platform' to enable JTA platform integration)
2026-09-30T14:22:02.003+02:00  INFO 1862392 --- [conference-backend] [           main] j.LocalContainerEntityManagerFactoryBean : Initialized JPA EntityManagerFactory for persistence unit 'default'
2026-09-30T14:22:02.067+02:00  INFO 1862392 --- [conference-backend] [           main] r$InitializeUserDetailsManagerConfigurer : Global AuthenticationManager configured with UserDetailsService bean with name organizer
2026-09-30T14:22:02.126+02:00  INFO 1862392 --- [conference-backend] [           main] o.s.b.a.e.web.EndpointLinksResolver      : Exposing 1 endpoint beneath base path '/actuator'
2026-09-30T14:22:02.191+02:00  INFO 1862392 --- [conference-backend] [           main] o.s.b.w.embedded.tomcat.TomcatWebServer  : Tomcat started on port 41349 (http) with context path '/'
2026-09-30T14:22:02.199+02:00  INFO 1862392 --- [conference-backend] [           main] o.a.maven.surefire.booter.ForkedBooter   : Started ForkedBooter in 0.655 seconds (process running for 146.863)
2026-09-30T14:22:02.207+02:00  INFO 1862392 --- [conference-backend] [o-auto-6-exec-1] o.a.c.c.C.[Tomcat].[localhost].[/]       : Initializing Spring DispatcherServlet 'dispatcherServlet'
2026-09-30T14:22:02.208+02:00  INFO 1862392 --- [conference-backend] [o-auto-6-exec-1] o.s.web.servlet.DispatcherServlet        : Initializing Servlet 'dispatcherServlet'
2026-09-30T14:22:02.209+02:00  INFO 1862392 --- [conference-backend] [o-auto-6-exec-1] o.s.web.servlet.DispatcherServlet        : Completed initialization in 1 ms
2026-09-30T14:22:02.259+02:00  INFO 1862392 --- [conference-backend] [o-auto-6-exec-1] l.c.registration.RegistrationService     : Registration 9e934f09-0bbc-458f-b590-e5a65a098165 accepted (external)
2026-09-30T14:22:02.321+02:00  INFO 1862392 --- [conference-backend] [o-auto-6-exec-2] l.c.registration.RegistrationService     : Registration e0b20ada-829f-4497-9ba3-604212ebf1e9 accepted (student)
2026-09-30T14:22:02.330+02:00  INFO 1862392 --- [conference-backend] [           main] o.s.b.w.e.tomcat.GracefulShutdown        : Commencing graceful shutdown. Waiting for active requests to complete
2026-09-30T14:22:02.334+02:00  INFO 1862392 --- [conference-backend] [tomcat-shutdown] o.s.b.w.e.tomcat.GracefulShutdown        : Graceful shutdown complete
2026-09-30T14:22:02.341+02:00  INFO 1862392 --- [conference-backend] [           main] j.LocalContainerEntityManagerFactoryBean : Closing JPA EntityManagerFactory for persistence unit 'default'
2026-09-30T14:22:02.343+02:00  INFO 1862392 --- [conference-backend] [           main] com.zaxxer.hikari.HikariDataSource       : HikariPool-6 - Shutdown initiated...
2026-09-30T14:22:02.347+02:00  INFO 1862392 --- [conference-backend] [           main] com.zaxxer.hikari.HikariDataSource       : HikariPool-6 - Shutdown completed.
2026-09-30T14:22:03.702+02:00  INFO 1862392 --- [conference-backend] [           main] o.a.maven.surefire.booter.ForkedBooter   : Starting ForkedBooter v3.5.6 using Java 21.0.12 with PID 1862392 (started by tjan-kazar in /home/tjan-kazar/storage/Work/lab/agentic_lab/02_output/backend)
2026-09-30T14:22:03.703+02:00  INFO 1862392 --- [conference-backend] [           main] o.a.maven.surefire.booter.ForkedBooter   : No active profile set, falling back to 1 default profile: "default"
2026-09-30T14:22:03.882+02:00  INFO 1862392 --- [conference-backend] [           main] .s.d.r.c.RepositoryConfigurationDelegate : Bootstrapping Spring Data JPA repositories in DEFAULT mode.
2026-09-30T14:22:03.892+02:00  INFO 1862392 --- [conference-backend] [           main] .s.d.r.c.RepositoryConfigurationDelegate : Finished Spring Data repository scanning in 8 ms. Found 2 JPA repository interfaces.
2026-09-30T14:22:03.945+02:00  INFO 1862392 --- [conference-backend] [           main] o.s.b.w.embedded.tomcat.TomcatWebServer  : Tomcat initialized with port 0 (http)
2026-09-30T14:22:03.946+02:00  INFO 1862392 --- [conference-backend] [           main] o.apache.catalina.core.StandardService   : Starting service [Tomcat]
2026-09-30T14:22:03.947+02:00  INFO 1862392 --- [conference-backend] [           main] o.apache.catalina.core.StandardEngine    : Starting Servlet engine: [Apache Tomcat/10.1.60]
2026-09-30T14:22:03.956+02:00  INFO 1862392 --- [conference-backend] [           main] o.a.c.c.C.[Tomcat].[localhost].[/]       : Initializing Spring embedded WebApplicationContext
2026-09-30T14:22:03.956+02:00  INFO 1862392 --- [conference-backend] [           main] w.s.c.ServletWebServerApplicationContext : Root WebApplicationContext: initialization completed in 252 ms
2026-09-30T14:22:04.018+02:00  INFO 1862392 --- [conference-backend] [           main] com.zaxxer.hikari.HikariDataSource       : HikariPool-7 - Starting...
2026-09-30T14:22:04.032+02:00  INFO 1862392 --- [conference-backend] [           main] com.zaxxer.hikari.pool.HikariPool        : HikariPool-7 - Added connection org.postgresql.jdbc.PgConnection@471bce0e
2026-09-30T14:22:04.032+02:00  INFO 1862392 --- [conference-backend] [           main] com.zaxxer.hikari.HikariDataSource       : HikariPool-7 - Start completed.
2026-09-30T14:22:04.034+02:00  INFO 1862392 --- [conference-backend] [           main] org.flywaydb.core.FlywayExecutor         : Database: jdbc:postgresql://localhost:34757/conf_9bb129352f6a (PostgreSQL 16.14)
2026-09-30T14:22:04.047+02:00  INFO 1862392 --- [conference-backend] [           main] o.f.core.internal.command.DbValidate     : Successfully validated 1 migration (execution time 00:00.006s)
2026-09-30T14:22:04.067+02:00  INFO 1862392 --- [conference-backend] [           main] o.f.core.internal.command.DbMigrate      : Current version of schema "public": 1
2026-09-30T14:22:04.068+02:00  INFO 1862392 --- [conference-backend] [           main] o.f.core.internal.command.DbMigrate      : Schema "public" is up to date. No migration necessary.
2026-09-30T14:22:04.079+02:00  INFO 1862392 --- [conference-backend] [           main] o.hibernate.jpa.internal.util.LogHelper  : HHH000204: Processing PersistenceUnitInfo [name: default]
2026-09-30T14:22:04.081+02:00  INFO 1862392 --- [conference-backend] [           main] o.h.c.internal.RegionFactoryInitiator    : HHH000026: Second-level cache disabled
2026-09-30T14:22:04.087+02:00  INFO 1862392 --- [conference-backend] [           main] o.s.o.j.p.SpringPersistenceUnitInfo      : No LoadTimeWeaver setup: ignoring JPA class transformer
2026-09-30T14:22:04.092+02:00  INFO 1862392 --- [conference-backend] [           main] org.hibernate.orm.connections.pooling    : HHH10001005: Database info:
	Database JDBC URL [Connecting through datasource 'HikariDataSource (HikariPool-7)']
	Database driver: undefined/unknown
	Database version: 16.14
	Autocommit mode: undefined/unknown
	Isolation level: undefined/unknown
	Minimum pool size: undefined/unknown
	Maximum pool size: undefined/unknown
2026-09-30T14:22:04.135+02:00  INFO 1862392 --- [conference-backend] [           main] o.h.e.t.j.p.i.JtaPlatformInitiator       : HHH000489: No JTA platform available (set 'hibernate.transaction.jta.platform' to enable JTA platform integration)
2026-09-30T14:22:04.149+02:00  INFO 1862392 --- [conference-backend] [           main] j.LocalContainerEntityManagerFactoryBean : Initialized JPA EntityManagerFactory for persistence unit 'default'
2026-09-30T14:22:04.208+02:00  INFO 1862392 --- [conference-backend] [           main] r$InitializeUserDetailsManagerConfigurer : Global AuthenticationManager configured with UserDetailsService bean with name organizer
2026-09-30T14:22:04.267+02:00  INFO 1862392 --- [conference-backend] [           main] o.s.b.a.e.web.EndpointLinksResolver      : Exposing 1 endpoint beneath base path '/actuator'
2026-09-30T14:22:04.328+02:00  INFO 1862392 --- [conference-backend] [           main] o.s.b.w.embedded.tomcat.TomcatWebServer  : Tomcat started on port 45023 (http) with context path '/'
2026-09-30T14:22:04.333+02:00  INFO 1862392 --- [conference-backend] [           main] o.a.maven.surefire.booter.ForkedBooter   : Started ForkedBooter in 0.648 seconds (process running for 148.997)
2026-09-30T14:22:04.375+02:00  INFO 1862392 --- [conference-backend] [o-auto-7-exec-1] o.a.c.c.C.[Tomcat].[localhost].[/]       : Initializing Spring DispatcherServlet 'dispatcherServlet'
2026-09-30T14:22:04.376+02:00  INFO 1862392 --- [conference-backend] [o-auto-7-exec-1] o.s.web.servlet.DispatcherServlet        : Initializing Servlet 'dispatcherServlet'
2026-09-30T14:22:04.377+02:00  INFO 1862392 --- [conference-backend] [o-auto-7-exec-1] o.s.web.servlet.DispatcherServlet        : Completed initialization in 1 ms
2026-09-30T14:22:04.560+02:00  INFO 1862392 --- [conference-backend] [o-auto-7-exec-1] lab.conference.export.ExportController   : Organizer export generated with 2 registration(s)
2026-09-30T14:22:04.589+02:00  INFO 1862392 --- [conference-backend] [           main] o.s.b.w.e.tomcat.GracefulShutdown        : Commencing graceful shutdown. Waiting for active requests to complete
2026-09-30T14:22:04.590+02:00  INFO 1862392 --- [conference-backend] [tomcat-shutdown] o.s.b.w.e.tomcat.GracefulShutdown        : Graceful shutdown complete
2026-09-30T14:22:04.591+02:00  INFO 1862392 --- [conference-backend] [           main] j.LocalContainerEntityManagerFactoryBean : Closing JPA EntityManagerFactory for persistence unit 'default'
2026-09-30T14:22:04.591+02:00  INFO 1862392 --- [conference-backend] [           main] com.zaxxer.hikari.HikariDataSource       : HikariPool-7 - Shutdown initiated...
2026-09-30T14:22:04.592+02:00  INFO 1862392 --- [conference-backend] [           main] com.zaxxer.hikari.HikariDataSource       : HikariPool-7 - Shutdown completed.
2026-09-30T14:22:05.222+02:00  INFO 1862392 --- [conference-backend] [           main] o.a.maven.surefire.booter.ForkedBooter   : Starting ForkedBooter v3.5.6 using Java 21.0.12 with PID 1862392 (started by tjan-kazar in /home/tjan-kazar/storage/Work/lab/agentic_lab/02_output/backend)
2026-09-30T14:22:05.222+02:00  INFO 1862392 --- [conference-backend] [           main] o.a.maven.surefire.booter.ForkedBooter   : No active profile set, falling back to 1 default profile: "default"
2026-09-30T14:22:05.360+02:00  INFO 1862392 --- [conference-backend] [           main] .s.d.r.c.RepositoryConfigurationDelegate : Bootstrapping Spring Data JPA repositories in DEFAULT mode.
2026-09-30T14:22:05.368+02:00  INFO 1862392 --- [conference-backend] [           main] .s.d.r.c.RepositoryConfigurationDelegate : Finished Spring Data repository scanning in 6 ms. Found 2 JPA repository interfaces.
2026-09-30T14:22:05.412+02:00  INFO 1862392 --- [conference-backend] [           main] o.s.b.w.embedded.tomcat.TomcatWebServer  : Tomcat initialized with port 0 (http)
2026-09-30T14:22:05.413+02:00  INFO 1862392 --- [conference-backend] [           main] o.apache.catalina.core.StandardService   : Starting service [Tomcat]
2026-09-30T14:22:05.414+02:00  INFO 1862392 --- [conference-backend] [           main] o.apache.catalina.core.StandardEngine    : Starting Servlet engine: [Apache Tomcat/10.1.60]
2026-09-30T14:22:05.423+02:00  INFO 1862392 --- [conference-backend] [           main] o.a.c.c.C.[Tomcat].[localhost].[/]       : Initializing Spring embedded WebApplicationContext
2026-09-30T14:22:05.423+02:00  INFO 1862392 --- [conference-backend] [           main] w.s.c.ServletWebServerApplicationContext : Root WebApplicationContext: initialization completed in 199 ms
2026-09-30T14:22:05.477+02:00  INFO 1862392 --- [conference-backend] [           main] com.zaxxer.hikari.HikariDataSource       : HikariPool-8 - Starting...
2026-09-30T14:22:05.496+02:00  INFO 1862392 --- [conference-backend] [           main] com.zaxxer.hikari.pool.HikariPool        : HikariPool-8 - Added connection org.postgresql.jdbc.PgConnection@41da17a2
2026-09-30T14:22:05.496+02:00  INFO 1862392 --- [conference-backend] [           main] com.zaxxer.hikari.HikariDataSource       : HikariPool-8 - Start completed.
2026-09-30T14:22:05.497+02:00  INFO 1862392 --- [conference-backend] [           main] org.flywaydb.core.FlywayExecutor         : Database: jdbc:postgresql://localhost:45139/conf_80e107ec8aba (PostgreSQL 16.14)
2026-09-30T14:22:05.512+02:00  INFO 1862392 --- [conference-backend] [           main] o.f.c.i.s.JdbcTableSchemaHistory         : Schema history table "public"."flyway_schema_history" does not exist yet
2026-09-30T14:22:05.514+02:00  INFO 1862392 --- [conference-backend] [           main] o.f.core.internal.command.DbValidate     : Successfully validated 1 migration (execution time 00:00.004s)
2026-09-30T14:22:05.524+02:00  INFO 1862392 --- [conference-backend] [           main] o.f.c.i.s.JdbcTableSchemaHistory         : Creating Schema History table "public"."flyway_schema_history" ...
2026-09-30T14:22:05.559+02:00  INFO 1862392 --- [conference-backend] [           main] o.f.core.internal.command.DbMigrate      : Current version of schema "public": << Empty Schema >>
2026-09-30T14:22:05.564+02:00  INFO 1862392 --- [conference-backend] [           main] o.f.core.internal.command.DbMigrate      : Migrating schema "public" to version "1 - registration schema"
2026-09-30T14:22:05.590+02:00  INFO 1862392 --- [conference-backend] [           main] o.f.core.internal.command.DbMigrate      : Successfully applied 1 migration to schema "public", now at version v1 (execution time 00:00.017s)
2026-09-30T14:22:05.608+02:00  INFO 1862392 --- [conference-backend] [           main] o.hibernate.jpa.internal.util.LogHelper  : HHH000204: Processing PersistenceUnitInfo [name: default]
2026-09-30T14:22:05.610+02:00  INFO 1862392 --- [conference-backend] [           main] o.h.c.internal.RegionFactoryInitiator    : HHH000026: Second-level cache disabled
2026-09-30T14:22:05.616+02:00  INFO 1862392 --- [conference-backend] [           main] o.s.o.j.p.SpringPersistenceUnitInfo      : No LoadTimeWeaver setup: ignoring JPA class transformer
2026-09-30T14:22:05.622+02:00  INFO 1862392 --- [conference-backend] [           main] org.hibernate.orm.connections.pooling    : HHH10001005: Database info:
	Database JDBC URL [Connecting through datasource 'HikariDataSource (HikariPool-8)']
	Database driver: undefined/unknown
	Database version: 16.14
	Autocommit mode: undefined/unknown
	Isolation level: undefined/unknown
	Minimum pool size: undefined/unknown
	Maximum pool size: undefined/unknown
2026-09-30T14:22:05.666+02:00  INFO 1862392 --- [conference-backend] [           main] o.h.e.t.j.p.i.JtaPlatformInitiator       : HHH000489: No JTA platform available (set 'hibernate.transaction.jta.platform' to enable JTA platform integration)
2026-09-30T14:22:05.678+02:00  INFO 1862392 --- [conference-backend] [           main] j.LocalContainerEntityManagerFactoryBean : Initialized JPA EntityManagerFactory for persistence unit 'default'
2026-09-30T14:22:05.730+02:00  INFO 1862392 --- [conference-backend] [           main] r$InitializeUserDetailsManagerConfigurer : Global AuthenticationManager configured with UserDetailsService bean with name organizer
2026-09-30T14:22:05.783+02:00  INFO 1862392 --- [conference-backend] [           main] o.s.b.a.e.web.EndpointLinksResolver      : Exposing 1 endpoint beneath base path '/actuator'
2026-09-30T14:22:05.843+02:00  INFO 1862392 --- [conference-backend] [           main] o.s.b.w.embedded.tomcat.TomcatWebServer  : Tomcat started on port 37439 (http) with context path '/'
2026-09-30T14:22:05.848+02:00  INFO 1862392 --- [conference-backend] [           main] o.a.maven.surefire.booter.ForkedBooter   : Started ForkedBooter in 0.646 seconds (process running for 150.512)
2026-09-30T14:22:05.881+02:00  INFO 1862392 --- [conference-backend] [o-auto-8-exec-1] o.a.c.c.C.[Tomcat].[localhost].[/]       : Initializing Spring DispatcherServlet 'dispatcherServlet'
2026-09-30T14:22:05.881+02:00  INFO 1862392 --- [conference-backend] [o-auto-8-exec-1] o.s.web.servlet.DispatcherServlet        : Initializing Servlet 'dispatcherServlet'
2026-09-30T14:22:05.882+02:00  INFO 1862392 --- [conference-backend] [o-auto-8-exec-1] o.s.web.servlet.DispatcherServlet        : Completed initialization in 1 ms
2026-09-30T14:22:05.889+02:00 ERROR 1862392 --- [conference-backend] [o-auto-8-exec-1] l.c.registration.RegistrationService     : JSON store write failed for registration fdce1dea-270a-44b0-b435-f03135bcb07a (AccessDeniedException)
2026-09-30T14:22:08.061+02:00  INFO 1862392 --- [conference-backend] [o-auto-8-exec-2] l.c.registration.RegistrationService     : Registration f74aed5b-0a72-467c-a7f6-7c65dede0c45 accepted (external)
2026-09-30T14:22:08.067+02:00  INFO 1862392 --- [conference-backend] [           main] o.s.b.w.e.tomcat.GracefulShutdown        : Commencing graceful shutdown. Waiting for active requests to complete
2026-09-30T14:22:08.069+02:00  INFO 1862392 --- [conference-backend] [tomcat-shutdown] o.s.b.w.e.tomcat.GracefulShutdown        : Graceful shutdown complete
2026-09-30T14:22:08.072+02:00  INFO 1862392 --- [conference-backend] [           main] j.LocalContainerEntityManagerFactoryBean : Closing JPA EntityManagerFactory for persistence unit 'default'
2026-09-30T14:22:08.073+02:00  INFO 1862392 --- [conference-backend] [           main] com.zaxxer.hikari.HikariDataSource       : HikariPool-8 - Shutdown initiated...
2026-09-30T14:22:08.078+02:00  INFO 1862392 --- [conference-backend] [           main] com.zaxxer.hikari.HikariDataSource       : HikariPool-8 - Shutdown completed.
[INFO] Tests run: 4, Failures: 0, Errors: 0, Skipped: 0, Time elapsed: 12.51 s -- in lab.conference.acceptance.DurableStorageAcceptanceTest
[INFO] Running lab.conference.acceptance.StudentRegistrationAcceptanceTest
2026-09-30T14:22:08.216+02:00  INFO 1862392 --- [conference-backend] [           main] o.a.maven.surefire.booter.ForkedBooter   : Starting ForkedBooter v3.5.6 using Java 21.0.12 with PID 1862392 (started by tjan-kazar in /home/tjan-kazar/storage/Work/lab/agentic_lab/02_output/backend)
2026-09-30T14:22:08.217+02:00  INFO 1862392 --- [conference-backend] [           main] o.a.maven.surefire.booter.ForkedBooter   : No active profile set, falling back to 1 default profile: "default"
2026-09-30T14:22:08.339+02:00  INFO 1862392 --- [conference-backend] [           main] .s.d.r.c.RepositoryConfigurationDelegate : Bootstrapping Spring Data JPA repositories in DEFAULT mode.
2026-09-30T14:22:08.347+02:00  INFO 1862392 --- [conference-backend] [           main] .s.d.r.c.RepositoryConfigurationDelegate : Finished Spring Data repository scanning in 6 ms. Found 2 JPA repository interfaces.
2026-09-30T14:22:08.389+02:00  INFO 1862392 --- [conference-backend] [           main] o.s.b.w.embedded.tomcat.TomcatWebServer  : Tomcat initialized with port 0 (http)
2026-09-30T14:22:08.390+02:00  INFO 1862392 --- [conference-backend] [           main] o.apache.catalina.core.StandardService   : Starting service [Tomcat]
2026-09-30T14:22:08.390+02:00  INFO 1862392 --- [conference-backend] [           main] o.apache.catalina.core.StandardEngine    : Starting Servlet engine: [Apache Tomcat/10.1.60]
2026-09-30T14:22:08.398+02:00  INFO 1862392 --- [conference-backend] [           main] o.a.c.c.C.[Tomcat].[localhost].[/]       : Initializing Spring embedded WebApplicationContext
2026-09-30T14:22:08.398+02:00  INFO 1862392 --- [conference-backend] [           main] w.s.c.ServletWebServerApplicationContext : Root WebApplicationContext: initialization completed in 181 ms
2026-09-30T14:22:08.455+02:00  INFO 1862392 --- [conference-backend] [           main] com.zaxxer.hikari.HikariDataSource       : HikariPool-9 - Starting...
2026-09-30T14:22:08.474+02:00  INFO 1862392 --- [conference-backend] [           main] com.zaxxer.hikari.pool.HikariPool        : HikariPool-9 - Added connection org.postgresql.jdbc.PgConnection@44af8963
2026-09-30T14:22:08.474+02:00  INFO 1862392 --- [conference-backend] [           main] com.zaxxer.hikari.HikariDataSource       : HikariPool-9 - Start completed.
2026-09-30T14:22:08.476+02:00  INFO 1862392 --- [conference-backend] [           main] org.flywaydb.core.FlywayExecutor         : Database: jdbc:postgresql://localhost:45139/conf_97442b2fad15 (PostgreSQL 16.14)
2026-09-30T14:22:08.490+02:00  INFO 1862392 --- [conference-backend] [           main] o.f.c.i.s.JdbcTableSchemaHistory         : Schema history table "public"."flyway_schema_history" does not exist yet
2026-09-30T14:22:08.491+02:00  INFO 1862392 --- [conference-backend] [           main] o.f.core.internal.command.DbValidate     : Successfully validated 1 migration (execution time 00:00.005s)
2026-09-30T14:22:08.502+02:00  INFO 1862392 --- [conference-backend] [           main] o.f.c.i.s.JdbcTableSchemaHistory         : Creating Schema History table "public"."flyway_schema_history" ...
2026-09-30T14:22:08.531+02:00  INFO 1862392 --- [conference-backend] [           main] o.f.core.internal.command.DbMigrate      : Current version of schema "public": << Empty Schema >>
2026-09-30T14:22:08.536+02:00  INFO 1862392 --- [conference-backend] [           main] o.f.core.internal.command.DbMigrate      : Migrating schema "public" to version "1 - registration schema"
2026-09-30T14:22:08.561+02:00  INFO 1862392 --- [conference-backend] [           main] o.f.core.internal.command.DbMigrate      : Successfully applied 1 migration to schema "public", now at version v1 (execution time 00:00.014s)
2026-09-30T14:22:08.573+02:00  INFO 1862392 --- [conference-backend] [           main] o.hibernate.jpa.internal.util.LogHelper  : HHH000204: Processing PersistenceUnitInfo [name: default]
2026-09-30T14:22:08.574+02:00  INFO 1862392 --- [conference-backend] [           main] o.h.c.internal.RegionFactoryInitiator    : HHH000026: Second-level cache disabled
2026-09-30T14:22:08.580+02:00  INFO 1862392 --- [conference-backend] [           main] o.s.o.j.p.SpringPersistenceUnitInfo      : No LoadTimeWeaver setup: ignoring JPA class transformer
2026-09-30T14:22:08.585+02:00  INFO 1862392 --- [conference-backend] [           main] org.hibernate.orm.connections.pooling    : HHH10001005: Database info:
	Database JDBC URL [Connecting through datasource 'HikariDataSource (HikariPool-9)']
	Database driver: undefined/unknown
	Database version: 16.14
	Autocommit mode: undefined/unknown
	Isolation level: undefined/unknown
	Minimum pool size: undefined/unknown
	Maximum pool size: undefined/unknown
2026-09-30T14:22:08.623+02:00  INFO 1862392 --- [conference-backend] [           main] o.h.e.t.j.p.i.JtaPlatformInitiator       : HHH000489: No JTA platform available (set 'hibernate.transaction.jta.platform' to enable JTA platform integration)
2026-09-30T14:22:08.635+02:00  INFO 1862392 --- [conference-backend] [           main] j.LocalContainerEntityManagerFactoryBean : Initialized JPA EntityManagerFactory for persistence unit 'default'
2026-09-30T14:22:08.687+02:00  INFO 1862392 --- [conference-backend] [           main] r$InitializeUserDetailsManagerConfigurer : Global AuthenticationManager configured with UserDetailsService bean with name organizer
2026-09-30T14:22:08.752+02:00  INFO 1862392 --- [conference-backend] [           main] o.s.b.a.e.web.EndpointLinksResolver      : Exposing 1 endpoint beneath base path '/actuator'
2026-09-30T14:22:08.821+02:00  INFO 1862392 --- [conference-backend] [           main] o.s.b.w.embedded.tomcat.TomcatWebServer  : Tomcat started on port 45367 (http) with context path '/'
2026-09-30T14:22:08.827+02:00  INFO 1862392 --- [conference-backend] [           main] o.a.maven.surefire.booter.ForkedBooter   : Started ForkedBooter in 0.625 seconds (process running for 153.491)
2026-09-30T14:22:08.867+02:00  INFO 1862392 --- [conference-backend] [o-auto-9-exec-1] o.a.c.c.C.[Tomcat].[localhost].[/]       : Initializing Spring DispatcherServlet 'dispatcherServlet'
2026-09-30T14:22:08.867+02:00  INFO 1862392 --- [conference-backend] [o-auto-9-exec-1] o.s.web.servlet.DispatcherServlet        : Initializing Servlet 'dispatcherServlet'
2026-09-30T14:22:08.868+02:00  INFO 1862392 --- [conference-backend] [o-auto-9-exec-1] o.s.web.servlet.DispatcherServlet        : Completed initialization in 1 ms
2026-09-30T14:22:17.323+02:00  INFO 1862392 --- [conference-backend] [o-auto-9-exec-5] l.c.registration.RegistrationService     : Registration f2be1ab0-43ac-469c-9ead-9b0f894aced7 accepted (student)
2026-09-30T14:22:17.351+02:00  INFO 1862392 --- [conference-backend] [o-auto-9-exec-6] l.c.registration.RegistrationService     : Registration 58bd03e3-c2ce-429c-b0db-88b56c7e6707 accepted (student)
2026-09-30T14:22:17.391+02:00  INFO 1862392 --- [conference-backend] [o-auto-9-exec-7] l.c.registration.RegistrationService     : Registration 00b5bde8-0efe-497b-8f90-07bd55f65932 accepted (student)
2026-09-30T14:22:23.827+02:00  INFO 1862392 --- [conference-backend] [o-auto-9-exec-1] l.c.registration.RegistrationService     : Registration 83dbf402-a33b-4409-b5d5-adc5d68f0de1 accepted (student)
2026-09-30T14:23:10.319+02:00  INFO 1862392 --- [conference-backend] [           main] o.s.b.w.e.tomcat.GracefulShutdown        : Commencing graceful shutdown. Waiting for active requests to complete
2026-09-30T14:23:10.320+02:00  INFO 1862392 --- [conference-backend] [tomcat-shutdown] o.s.b.w.e.tomcat.GracefulShutdown        : Graceful shutdown complete
2026-09-30T14:23:10.321+02:00  INFO 1862392 --- [conference-backend] [           main] j.LocalContainerEntityManagerFactoryBean : Closing JPA EntityManagerFactory for persistence unit 'default'
2026-09-30T14:23:10.322+02:00  INFO 1862392 --- [conference-backend] [           main] com.zaxxer.hikari.HikariDataSource       : HikariPool-9 - Shutdown initiated...
2026-09-30T14:23:10.323+02:00  INFO 1862392 --- [conference-backend] [           main] com.zaxxer.hikari.HikariDataSource       : HikariPool-9 - Shutdown completed.
[INFO] Tests run: 29, Failures: 0, Errors: 0, Skipped: 0, Time elapsed: 62.24 s -- in lab.conference.acceptance.StudentRegistrationAcceptanceTest
[INFO] Running lab.conference.acceptance.RateLimitAcceptanceTest
2026-09-30T14:23:10.453+02:00  INFO 1862392 --- [conference-backend] [           main] o.a.maven.surefire.booter.ForkedBooter   : Starting ForkedBooter v3.5.6 using Java 21.0.12 with PID 1862392 (started by tjan-kazar in /home/tjan-kazar/storage/Work/lab/agentic_lab/02_output/backend)
2026-09-30T14:23:10.453+02:00  INFO 1862392 --- [conference-backend] [           main] o.a.maven.surefire.booter.ForkedBooter   : No active profile set, falling back to 1 default profile: "default"
2026-09-30T14:23:10.565+02:00  INFO 1862392 --- [conference-backend] [           main] .s.d.r.c.RepositoryConfigurationDelegate : Bootstrapping Spring Data JPA repositories in DEFAULT mode.
2026-09-30T14:23:10.572+02:00  INFO 1862392 --- [conference-backend] [           main] .s.d.r.c.RepositoryConfigurationDelegate : Finished Spring Data repository scanning in 6 ms. Found 2 JPA repository interfaces.
2026-09-30T14:23:10.613+02:00  INFO 1862392 --- [conference-backend] [           main] o.s.b.w.embedded.tomcat.TomcatWebServer  : Tomcat initialized with port 0 (http)
2026-09-30T14:23:10.614+02:00  INFO 1862392 --- [conference-backend] [           main] o.apache.catalina.core.StandardService   : Starting service [Tomcat]
2026-09-30T14:23:10.614+02:00  INFO 1862392 --- [conference-backend] [           main] o.apache.catalina.core.StandardEngine    : Starting Servlet engine: [Apache Tomcat/10.1.60]
2026-09-30T14:23:10.621+02:00  INFO 1862392 --- [conference-backend] [           main] o.a.c.c.C.[Tomcat].[localhost].[/]       : Initializing Spring embedded WebApplicationContext
2026-09-30T14:23:10.621+02:00  INFO 1862392 --- [conference-backend] [           main] w.s.c.ServletWebServerApplicationContext : Root WebApplicationContext: initialization completed in 167 ms
2026-09-30T14:23:10.670+02:00  INFO 1862392 --- [conference-backend] [           main] com.zaxxer.hikari.HikariDataSource       : HikariPool-10 - Starting...
2026-09-30T14:23:10.684+02:00  INFO 1862392 --- [conference-backend] [           main] com.zaxxer.hikari.pool.HikariPool        : HikariPool-10 - Added connection org.postgresql.jdbc.PgConnection@1212db8b
2026-09-30T14:23:10.685+02:00  INFO 1862392 --- [conference-backend] [           main] com.zaxxer.hikari.HikariDataSource       : HikariPool-10 - Start completed.
2026-09-30T14:23:10.686+02:00  INFO 1862392 --- [conference-backend] [           main] org.flywaydb.core.FlywayExecutor         : Database: jdbc:postgresql://localhost:45139/conf_0ab68b31bad1 (PostgreSQL 16.14)
2026-09-30T14:23:10.694+02:00  INFO 1862392 --- [conference-backend] [           main] o.f.c.i.s.JdbcTableSchemaHistory         : Schema history table "public"."flyway_schema_history" does not exist yet
2026-09-30T14:23:10.695+02:00  INFO 1862392 --- [conference-backend] [           main] o.f.core.internal.command.DbValidate     : Successfully validated 1 migration (execution time 00:00.003s)
2026-09-30T14:23:10.703+02:00  INFO 1862392 --- [conference-backend] [           main] o.f.c.i.s.JdbcTableSchemaHistory         : Creating Schema History table "public"."flyway_schema_history" ...
2026-09-30T14:23:10.727+02:00  INFO 1862392 --- [conference-backend] [           main] o.f.core.internal.command.DbMigrate      : Current version of schema "public": << Empty Schema >>
2026-09-30T14:23:10.731+02:00  INFO 1862392 --- [conference-backend] [           main] o.f.core.internal.command.DbMigrate      : Migrating schema "public" to version "1 - registration schema"
2026-09-30T14:23:10.750+02:00  INFO 1862392 --- [conference-backend] [           main] o.f.core.internal.command.DbMigrate      : Successfully applied 1 migration to schema "public", now at version v1 (execution time 00:00.013s)
2026-09-30T14:23:10.760+02:00  INFO 1862392 --- [conference-backend] [           main] o.hibernate.jpa.internal.util.LogHelper  : HHH000204: Processing PersistenceUnitInfo [name: default]
2026-09-30T14:23:10.761+02:00  INFO 1862392 --- [conference-backend] [           main] o.h.c.internal.RegionFactoryInitiator    : HHH000026: Second-level cache disabled
2026-09-30T14:23:10.767+02:00  INFO 1862392 --- [conference-backend] [           main] o.s.o.j.p.SpringPersistenceUnitInfo      : No LoadTimeWeaver setup: ignoring JPA class transformer
2026-09-30T14:23:10.772+02:00  INFO 1862392 --- [conference-backend] [           main] org.hibernate.orm.connections.pooling    : HHH10001005: Database info:
	Database JDBC URL [Connecting through datasource 'HikariDataSource (HikariPool-10)']
	Database driver: undefined/unknown
	Database version: 16.14
	Autocommit mode: undefined/unknown
	Isolation level: undefined/unknown
	Minimum pool size: undefined/unknown
	Maximum pool size: undefined/unknown
2026-09-30T14:23:10.814+02:00  INFO 1862392 --- [conference-backend] [           main] o.h.e.t.j.p.i.JtaPlatformInitiator       : HHH000489: No JTA platform available (set 'hibernate.transaction.jta.platform' to enable JTA platform integration)
2026-09-30T14:23:10.826+02:00  INFO 1862392 --- [conference-backend] [           main] j.LocalContainerEntityManagerFactoryBean : Initialized JPA EntityManagerFactory for persistence unit 'default'
2026-09-30T14:23:10.872+02:00  INFO 1862392 --- [conference-backend] [           main] r$InitializeUserDetailsManagerConfigurer : Global AuthenticationManager configured with UserDetailsService bean with name organizer
2026-09-30T14:23:10.928+02:00  INFO 1862392 --- [conference-backend] [           main] o.s.b.a.e.web.EndpointLinksResolver      : Exposing 1 endpoint beneath base path '/actuator'
2026-09-30T14:23:10.988+02:00  INFO 1862392 --- [conference-backend] [           main] o.s.b.w.embedded.tomcat.TomcatWebServer  : Tomcat started on port 40885 (http) with context path '/'
2026-09-30T14:23:10.993+02:00  INFO 1862392 --- [conference-backend] [           main] o.a.maven.surefire.booter.ForkedBooter   : Started ForkedBooter in 0.557 seconds (process running for 215.657)
2026-09-30T14:23:11.000+02:00  INFO 1862392 --- [conference-backend] [-auto-10-exec-1] o.a.c.c.C.[Tomcat].[localhost].[/]       : Initializing Spring DispatcherServlet 'dispatcherServlet'
2026-09-30T14:23:11.000+02:00  INFO 1862392 --- [conference-backend] [-auto-10-exec-1] o.s.web.servlet.DispatcherServlet        : Initializing Servlet 'dispatcherServlet'
2026-09-30T14:23:11.000+02:00  INFO 1862392 --- [conference-backend] [-auto-10-exec-1] o.s.web.servlet.DispatcherServlet        : Completed initialization in 0 ms
2026-09-30T14:23:11.032+02:00  INFO 1862392 --- [conference-backend] [-auto-10-exec-1] l.c.registration.RegistrationService     : Registration ed0b8d5a-0258-47a7-a321-91ebd1824e2b accepted (external)
2026-09-30T14:23:11.059+02:00  INFO 1862392 --- [conference-backend] [-auto-10-exec-2] l.c.registration.RegistrationService     : Registration 5081cc2f-ac35-4250-b368-1f2d5a62548b accepted (external)
2026-09-30T14:23:11.083+02:00  INFO 1862392 --- [conference-backend] [-auto-10-exec-3] l.c.registration.RegistrationService     : Registration 9e2a5a32-faf4-4c5c-bab9-1542e59f2545 accepted (external)
2026-09-30T14:23:11.119+02:00  INFO 1862392 --- [conference-backend] [           main] o.s.b.w.e.tomcat.GracefulShutdown        : Commencing graceful shutdown. Waiting for active requests to complete
2026-09-30T14:23:11.119+02:00  INFO 1862392 --- [conference-backend] [tomcat-shutdown] o.s.b.w.e.tomcat.GracefulShutdown        : Graceful shutdown complete
2026-09-30T14:23:11.121+02:00  INFO 1862392 --- [conference-backend] [           main] j.LocalContainerEntityManagerFactoryBean : Closing JPA EntityManagerFactory for persistence unit 'default'
2026-09-30T14:23:11.122+02:00  INFO 1862392 --- [conference-backend] [           main] com.zaxxer.hikari.HikariDataSource       : HikariPool-10 - Shutdown initiated...
2026-09-30T14:23:11.132+02:00  INFO 1862392 --- [conference-backend] [           main] com.zaxxer.hikari.HikariDataSource       : HikariPool-10 - Shutdown completed.
2026-09-30T14:23:11.259+02:00  INFO 1862392 --- [conference-backend] [           main] o.a.maven.surefire.booter.ForkedBooter   : Starting ForkedBooter v3.5.6 using Java 21.0.12 with PID 1862392 (started by tjan-kazar in /home/tjan-kazar/storage/Work/lab/agentic_lab/02_output/backend)
2026-09-30T14:23:11.260+02:00  INFO 1862392 --- [conference-backend] [           main] o.a.maven.surefire.booter.ForkedBooter   : No active profile set, falling back to 1 default profile: "default"
2026-09-30T14:23:11.365+02:00  INFO 1862392 --- [conference-backend] [           main] .s.d.r.c.RepositoryConfigurationDelegate : Bootstrapping Spring Data JPA repositories in DEFAULT mode.
2026-09-30T14:23:11.372+02:00  INFO 1862392 --- [conference-backend] [           main] .s.d.r.c.RepositoryConfigurationDelegate : Finished Spring Data repository scanning in 6 ms. Found 2 JPA repository interfaces.
2026-09-30T14:23:11.422+02:00  INFO 1862392 --- [conference-backend] [           main] o.s.b.w.embedded.tomcat.TomcatWebServer  : Tomcat initialized with port 0 (http)
2026-09-30T14:23:11.423+02:00  INFO 1862392 --- [conference-backend] [           main] o.apache.catalina.core.StandardService   : Starting service [Tomcat]
2026-09-30T14:23:11.423+02:00  INFO 1862392 --- [conference-backend] [           main] o.apache.catalina.core.StandardEngine    : Starting Servlet engine: [Apache Tomcat/10.1.60]
2026-09-30T14:23:11.430+02:00  INFO 1862392 --- [conference-backend] [           main] o.a.c.c.C.[Tomcat].[localhost].[/]       : Initializing Spring embedded WebApplicationContext
2026-09-30T14:23:11.431+02:00  INFO 1862392 --- [conference-backend] [           main] w.s.c.ServletWebServerApplicationContext : Root WebApplicationContext: initialization completed in 171 ms
2026-09-30T14:23:11.487+02:00  INFO 1862392 --- [conference-backend] [           main] com.zaxxer.hikari.HikariDataSource       : HikariPool-11 - Starting...
2026-09-30T14:23:11.504+02:00  INFO 1862392 --- [conference-backend] [           main] com.zaxxer.hikari.pool.HikariPool        : HikariPool-11 - Added connection org.postgresql.jdbc.PgConnection@5cd04ea8
2026-09-30T14:23:11.504+02:00  INFO 1862392 --- [conference-backend] [           main] com.zaxxer.hikari.HikariDataSource       : HikariPool-11 - Start completed.
2026-09-30T14:23:11.505+02:00  INFO 1862392 --- [conference-backend] [           main] org.flywaydb.core.FlywayExecutor         : Database: jdbc:postgresql://localhost:45139/conf_53fe3b5a9e6e (PostgreSQL 16.14)
2026-09-30T14:23:11.517+02:00  INFO 1862392 --- [conference-backend] [           main] o.f.c.i.s.JdbcTableSchemaHistory         : Schema history table "public"."flyway_schema_history" does not exist yet
2026-09-30T14:23:11.518+02:00  INFO 1862392 --- [conference-backend] [           main] o.f.core.internal.command.DbValidate     : Successfully validated 1 migration (execution time 00:00.003s)
2026-09-30T14:23:11.527+02:00  INFO 1862392 --- [conference-backend] [           main] o.f.c.i.s.JdbcTableSchemaHistory         : Creating Schema History table "public"."flyway_schema_history" ...
2026-09-30T14:23:11.556+02:00  INFO 1862392 --- [conference-backend] [           main] o.f.core.internal.command.DbMigrate      : Current version of schema "public": << Empty Schema >>
2026-09-30T14:23:11.561+02:00  INFO 1862392 --- [conference-backend] [           main] o.f.core.internal.command.DbMigrate      : Migrating schema "public" to version "1 - registration schema"
2026-09-30T14:23:11.583+02:00  INFO 1862392 --- [conference-backend] [           main] o.f.core.internal.command.DbMigrate      : Successfully applied 1 migration to schema "public", now at version v1 (execution time 00:00.014s)
2026-09-30T14:23:11.593+02:00  INFO 1862392 --- [conference-backend] [           main] o.hibernate.jpa.internal.util.LogHelper  : HHH000204: Processing PersistenceUnitInfo [name: default]
2026-09-30T14:23:11.595+02:00  INFO 1862392 --- [conference-backend] [           main] o.h.c.internal.RegionFactoryInitiator    : HHH000026: Second-level cache disabled
2026-09-30T14:23:11.599+02:00  INFO 1862392 --- [conference-backend] [           main] o.s.o.j.p.SpringPersistenceUnitInfo      : No LoadTimeWeaver setup: ignoring JPA class transformer
2026-09-30T14:23:11.605+02:00  INFO 1862392 --- [conference-backend] [           main] org.hibernate.orm.connections.pooling    : HHH10001005: Database info:
	Database JDBC URL [Connecting through datasource 'HikariDataSource (HikariPool-11)']
	Database driver: undefined/unknown
	Database version: 16.14
	Autocommit mode: undefined/unknown
	Isolation level: undefined/unknown
	Minimum pool size: undefined/unknown
	Maximum pool size: undefined/unknown
2026-09-30T14:23:11.644+02:00  INFO 1862392 --- [conference-backend] [           main] o.h.e.t.j.p.i.JtaPlatformInitiator       : HHH000489: No JTA platform available (set 'hibernate.transaction.jta.platform' to enable JTA platform integration)
2026-09-30T14:23:11.656+02:00  INFO 1862392 --- [conference-backend] [           main] j.LocalContainerEntityManagerFactoryBean : Initialized JPA EntityManagerFactory for persistence unit 'default'
2026-09-30T14:23:11.706+02:00  INFO 1862392 --- [conference-backend] [           main] r$InitializeUserDetailsManagerConfigurer : Global AuthenticationManager configured with UserDetailsService bean with name organizer
2026-09-30T14:23:11.759+02:00  INFO 1862392 --- [conference-backend] [           main] o.s.b.a.e.web.EndpointLinksResolver      : Exposing 1 endpoint beneath base path '/actuator'
2026-09-30T14:23:11.812+02:00  INFO 1862392 --- [conference-backend] [           main] o.s.b.w.embedded.tomcat.TomcatWebServer  : Tomcat started on port 44993 (http) with context path '/'
2026-09-30T14:23:11.817+02:00  INFO 1862392 --- [conference-backend] [           main] o.a.maven.surefire.booter.ForkedBooter   : Started ForkedBooter in 0.572 seconds (process running for 216.481)
2026-09-30T14:23:11.825+02:00  INFO 1862392 --- [conference-backend] [-auto-11-exec-1] o.a.c.c.C.[Tomcat].[localhost].[/]       : Initializing Spring DispatcherServlet 'dispatcherServlet'
2026-09-30T14:23:11.825+02:00  INFO 1862392 --- [conference-backend] [-auto-11-exec-1] o.s.web.servlet.DispatcherServlet        : Initializing Servlet 'dispatcherServlet'
2026-09-30T14:23:11.826+02:00  INFO 1862392 --- [conference-backend] [-auto-11-exec-1] o.s.web.servlet.DispatcherServlet        : Completed initialization in 1 ms
2026-09-30T14:23:12.089+02:00  INFO 1862392 --- [conference-backend] [           main] o.s.b.w.e.tomcat.GracefulShutdown        : Commencing graceful shutdown. Waiting for active requests to complete
2026-09-30T14:23:12.090+02:00  INFO 1862392 --- [conference-backend] [tomcat-shutdown] o.s.b.w.e.tomcat.GracefulShutdown        : Graceful shutdown complete
2026-09-30T14:23:12.091+02:00  INFO 1862392 --- [conference-backend] [           main] j.LocalContainerEntityManagerFactoryBean : Closing JPA EntityManagerFactory for persistence unit 'default'
2026-09-30T14:23:12.091+02:00  INFO 1862392 --- [conference-backend] [           main] com.zaxxer.hikari.HikariDataSource       : HikariPool-11 - Shutdown initiated...
2026-09-30T14:23:12.092+02:00  INFO 1862392 --- [conference-backend] [           main] com.zaxxer.hikari.HikariDataSource       : HikariPool-11 - Shutdown completed.
[INFO] Tests run: 2, Failures: 0, Errors: 0, Skipped: 0, Time elapsed: 1.766 s -- in lab.conference.acceptance.RateLimitAcceptanceTest
[INFO] Running lab.conference.acceptance.IdempotencyAcceptanceTest
2026-09-30T14:23:12.222+02:00  INFO 1862392 --- [conference-backend] [           main] o.a.maven.surefire.booter.ForkedBooter   : Starting ForkedBooter v3.5.6 using Java 21.0.12 with PID 1862392 (started by tjan-kazar in /home/tjan-kazar/storage/Work/lab/agentic_lab/02_output/backend)
2026-09-30T14:23:12.222+02:00  INFO 1862392 --- [conference-backend] [           main] o.a.maven.surefire.booter.ForkedBooter   : No active profile set, falling back to 1 default profile: "default"
2026-09-30T14:23:12.324+02:00  INFO 1862392 --- [conference-backend] [           main] .s.d.r.c.RepositoryConfigurationDelegate : Bootstrapping Spring Data JPA repositories in DEFAULT mode.
2026-09-30T14:23:12.331+02:00  INFO 1862392 --- [conference-backend] [           main] .s.d.r.c.RepositoryConfigurationDelegate : Finished Spring Data repository scanning in 6 ms. Found 2 JPA repository interfaces.
2026-09-30T14:23:12.370+02:00  INFO 1862392 --- [conference-backend] [           main] o.s.b.w.embedded.tomcat.TomcatWebServer  : Tomcat initialized with port 0 (http)
2026-09-30T14:23:12.371+02:00  INFO 1862392 --- [conference-backend] [           main] o.apache.catalina.core.StandardService   : Starting service [Tomcat]
2026-09-30T14:23:12.371+02:00  INFO 1862392 --- [conference-backend] [           main] o.apache.catalina.core.StandardEngine    : Starting Servlet engine: [Apache Tomcat/10.1.60]
2026-09-30T14:23:12.386+02:00  INFO 1862392 --- [conference-backend] [           main] o.a.c.c.C.[Tomcat].[localhost].[/]       : Initializing Spring embedded WebApplicationContext
2026-09-30T14:23:12.386+02:00  INFO 1862392 --- [conference-backend] [           main] w.s.c.ServletWebServerApplicationContext : Root WebApplicationContext: initialization completed in 163 ms
2026-09-30T14:23:12.437+02:00  INFO 1862392 --- [conference-backend] [           main] com.zaxxer.hikari.HikariDataSource       : HikariPool-12 - Starting...
2026-09-30T14:23:12.456+02:00  INFO 1862392 --- [conference-backend] [           main] com.zaxxer.hikari.pool.HikariPool        : HikariPool-12 - Added connection org.postgresql.jdbc.PgConnection@53b0bfd4
2026-09-30T14:23:12.456+02:00  INFO 1862392 --- [conference-backend] [           main] com.zaxxer.hikari.HikariDataSource       : HikariPool-12 - Start completed.
2026-09-30T14:23:12.458+02:00  INFO 1862392 --- [conference-backend] [           main] org.flywaydb.core.FlywayExecutor         : Database: jdbc:postgresql://localhost:45139/conf_a3462fe8ff7d (PostgreSQL 16.14)
2026-09-30T14:23:12.468+02:00  INFO 1862392 --- [conference-backend] [           main] o.f.c.i.s.JdbcTableSchemaHistory         : Schema history table "public"."flyway_schema_history" does not exist yet
2026-09-30T14:23:12.469+02:00  INFO 1862392 --- [conference-backend] [           main] o.f.core.internal.command.DbValidate     : Successfully validated 1 migration (execution time 00:00.003s)
2026-09-30T14:23:12.494+02:00  INFO 1862392 --- [conference-backend] [           main] o.f.c.i.s.JdbcTableSchemaHistory         : Creating Schema History table "public"."flyway_schema_history" ...
2026-09-30T14:23:12.525+02:00  INFO 1862392 --- [conference-backend] [           main] o.f.core.internal.command.DbMigrate      : Current version of schema "public": << Empty Schema >>
2026-09-30T14:23:12.530+02:00  INFO 1862392 --- [conference-backend] [           main] o.f.core.internal.command.DbMigrate      : Migrating schema "public" to version "1 - registration schema"
2026-09-30T14:23:12.553+02:00  INFO 1862392 --- [conference-backend] [           main] o.f.core.internal.command.DbMigrate      : Successfully applied 1 migration to schema "public", now at version v1 (execution time 00:00.015s)
2026-09-30T14:23:12.567+02:00  INFO 1862392 --- [conference-backend] [           main] o.hibernate.jpa.internal.util.LogHelper  : HHH000204: Processing PersistenceUnitInfo [name: default]
2026-09-30T14:23:12.569+02:00  INFO 1862392 --- [conference-backend] [           main] o.h.c.internal.RegionFactoryInitiator    : HHH000026: Second-level cache disabled
2026-09-30T14:23:12.574+02:00  INFO 1862392 --- [conference-backend] [           main] o.s.o.j.p.SpringPersistenceUnitInfo      : No LoadTimeWeaver setup: ignoring JPA class transformer
2026-09-30T14:23:12.579+02:00  INFO 1862392 --- [conference-backend] [           main] org.hibernate.orm.connections.pooling    : HHH10001005: Database info:
	Database JDBC URL [Connecting through datasource 'HikariDataSource (HikariPool-12)']
	Database driver: undefined/unknown
	Database version: 16.14
	Autocommit mode: undefined/unknown
	Isolation level: undefined/unknown
	Minimum pool size: undefined/unknown
	Maximum pool size: undefined/unknown
2026-09-30T14:23:12.617+02:00  INFO 1862392 --- [conference-backend] [           main] o.h.e.t.j.p.i.JtaPlatformInitiator       : HHH000489: No JTA platform available (set 'hibernate.transaction.jta.platform' to enable JTA platform integration)
2026-09-30T14:23:12.628+02:00  INFO 1862392 --- [conference-backend] [           main] j.LocalContainerEntityManagerFactoryBean : Initialized JPA EntityManagerFactory for persistence unit 'default'
2026-09-30T14:23:12.673+02:00  INFO 1862392 --- [conference-backend] [           main] r$InitializeUserDetailsManagerConfigurer : Global AuthenticationManager configured with UserDetailsService bean with name organizer
2026-09-30T14:23:12.727+02:00  INFO 1862392 --- [conference-backend] [           main] o.s.b.a.e.web.EndpointLinksResolver      : Exposing 1 endpoint beneath base path '/actuator'
2026-09-30T14:23:12.783+02:00  INFO 1862392 --- [conference-backend] [           main] o.s.b.w.embedded.tomcat.TomcatWebServer  : Tomcat started on port 37803 (http) with context path '/'
2026-09-30T14:23:12.788+02:00  INFO 1862392 --- [conference-backend] [           main] o.a.maven.surefire.booter.ForkedBooter   : Started ForkedBooter in 0.58 seconds (process running for 217.452)
2026-09-30T14:23:12.797+02:00  INFO 1862392 --- [conference-backend] [-auto-12-exec-1] o.a.c.c.C.[Tomcat].[localhost].[/]       : Initializing Spring DispatcherServlet 'dispatcherServlet'
2026-09-30T14:23:12.797+02:00  INFO 1862392 --- [conference-backend] [-auto-12-exec-1] o.s.web.servlet.DispatcherServlet        : Initializing Servlet 'dispatcherServlet'
2026-09-30T14:23:12.798+02:00  INFO 1862392 --- [conference-backend] [-auto-12-exec-1] o.s.web.servlet.DispatcherServlet        : Completed initialization in 1 ms
2026-09-30T14:23:12.832+02:00  INFO 1862392 --- [conference-backend] [-auto-12-exec-1] l.c.registration.RegistrationService     : Registration 7e8485e4-64c2-457e-8eb7-7f5650b73c63 accepted (external)
2026-09-30T14:23:16.538+02:00  INFO 1862392 --- [conference-backend] [-auto-12-exec-4] l.c.registration.RegistrationService     : Registration e9aad040-1c71-43f4-b942-9482367cacf3 accepted (external)
2026-09-30T14:23:18.203+02:00  INFO 1862392 --- [conference-backend] [-auto-12-exec-6] l.c.registration.RegistrationService     : Registration 348c228c-8ef9-4205-8027-bdebf7a1c989 accepted (external)
2026-09-30T14:23:18.253+02:00  INFO 1862392 --- [conference-backend] [-auto-12-exec-7] l.c.registration.RegistrationService     : Registration 58848554-ce65-4cd0-ba4c-4451ee6a10dc accepted (external)
2026-09-30T14:23:18.342+02:00  INFO 1862392 --- [conference-backend] [-auto-12-exec-8] l.c.registration.RegistrationService     : Registration a390f459-6146-4e30-8bbc-d324d757ef56 accepted (student)
2026-09-30T14:23:18.393+02:00  INFO 1862392 --- [conference-backend] [           main] o.s.b.w.e.tomcat.GracefulShutdown        : Commencing graceful shutdown. Waiting for active requests to complete
2026-09-30T14:23:18.394+02:00  INFO 1862392 --- [conference-backend] [tomcat-shutdown] o.s.b.w.e.tomcat.GracefulShutdown        : Graceful shutdown complete
2026-09-30T14:23:18.395+02:00  INFO 1862392 --- [conference-backend] [           main] j.LocalContainerEntityManagerFactoryBean : Closing JPA EntityManagerFactory for persistence unit 'default'
2026-09-30T14:23:18.396+02:00  INFO 1862392 --- [conference-backend] [           main] com.zaxxer.hikari.HikariDataSource       : HikariPool-12 - Shutdown initiated...
2026-09-30T14:23:18.397+02:00  INFO 1862392 --- [conference-backend] [           main] com.zaxxer.hikari.HikariDataSource       : HikariPool-12 - Shutdown completed.
[INFO] Tests run: 4, Failures: 0, Errors: 0, Skipped: 0, Time elapsed: 6.304 s -- in lab.conference.acceptance.IdempotencyAcceptanceTest
[INFO] Running lab.conference.acceptance.DatabaseOutageAcceptanceTest
2026-09-30T14:23:18.404+02:00  INFO 1862392 --- [conference-backend] [           main] tc.postgres@sha256:952067...             : Creating container for image: postgres@sha256:95206741a5b214807675e14165369d05b93a9cf692223b616d07cca227e74b0b
2026-09-30T14:23:19.577+02:00  INFO 1862392 --- [conference-backend] [           main] tc.postgres@sha256:952067...             : Container postgres@sha256:95206741a5b214807675e14165369d05b93a9cf692223b616d07cca227e74b0b is starting: 9d025b598cd69d7bb9bbcccc646823597b1e7397e2ae99c96968fe9906e51ede
2026-09-30T14:23:21.105+02:00  INFO 1862392 --- [conference-backend] [           main] tc.postgres@sha256:952067...             : Container postgres@sha256:95206741a5b214807675e14165369d05b93a9cf692223b616d07cca227e74b0b started in PT2.701044547S
2026-09-30T14:23:21.105+02:00  INFO 1862392 --- [conference-backend] [           main] tc.postgres@sha256:952067...             : Container is started (JDBC URL: jdbc:postgresql://localhost:46789/postgres?loggerLevel=OFF)
2026-09-30T14:23:21.236+02:00  INFO 1862392 --- [conference-backend] [           main] o.a.maven.surefire.booter.ForkedBooter   : Starting ForkedBooter v3.5.6 using Java 21.0.12 with PID 1862392 (started by tjan-kazar in /home/tjan-kazar/storage/Work/lab/agentic_lab/02_output/backend)
2026-09-30T14:23:21.236+02:00  INFO 1862392 --- [conference-backend] [           main] o.a.maven.surefire.booter.ForkedBooter   : No active profile set, falling back to 1 default profile: "default"
2026-09-30T14:23:21.353+02:00  INFO 1862392 --- [conference-backend] [           main] .s.d.r.c.RepositoryConfigurationDelegate : Bootstrapping Spring Data JPA repositories in DEFAULT mode.
2026-09-30T14:23:21.360+02:00  INFO 1862392 --- [conference-backend] [           main] .s.d.r.c.RepositoryConfigurationDelegate : Finished Spring Data repository scanning in 6 ms. Found 2 JPA repository interfaces.
2026-09-30T14:23:21.400+02:00  INFO 1862392 --- [conference-backend] [           main] o.s.b.w.embedded.tomcat.TomcatWebServer  : Tomcat initialized with port 0 (http)
2026-09-30T14:23:21.401+02:00  INFO 1862392 --- [conference-backend] [           main] o.apache.catalina.core.StandardService   : Starting service [Tomcat]
2026-09-30T14:23:21.401+02:00  INFO 1862392 --- [conference-backend] [           main] o.apache.catalina.core.StandardEngine    : Starting Servlet engine: [Apache Tomcat/10.1.60]
2026-09-30T14:23:21.409+02:00  INFO 1862392 --- [conference-backend] [           main] o.a.c.c.C.[Tomcat].[localhost].[/]       : Initializing Spring embedded WebApplicationContext
2026-09-30T14:23:21.409+02:00  INFO 1862392 --- [conference-backend] [           main] w.s.c.ServletWebServerApplicationContext : Root WebApplicationContext: initialization completed in 172 ms
2026-09-30T14:23:21.458+02:00  INFO 1862392 --- [conference-backend] [           main] com.zaxxer.hikari.HikariDataSource       : HikariPool-13 - Starting...
2026-09-30T14:23:21.474+02:00  INFO 1862392 --- [conference-backend] [           main] com.zaxxer.hikari.pool.HikariPool        : HikariPool-13 - Added connection org.postgresql.jdbc.PgConnection@3ccd57c7
2026-09-30T14:23:21.474+02:00  INFO 1862392 --- [conference-backend] [           main] com.zaxxer.hikari.HikariDataSource       : HikariPool-13 - Start completed.
2026-09-30T14:23:21.476+02:00  INFO 1862392 --- [conference-backend] [           main] org.flywaydb.core.FlywayExecutor         : Database: jdbc:postgresql://localhost:46789/conf_272b2dcee1a6 (PostgreSQL 16.14)
2026-09-30T14:23:21.488+02:00  INFO 1862392 --- [conference-backend] [           main] o.f.c.i.s.JdbcTableSchemaHistory         : Schema history table "public"."flyway_schema_history" does not exist yet
2026-09-30T14:23:21.489+02:00  INFO 1862392 --- [conference-backend] [           main] o.f.core.internal.command.DbValidate     : Successfully validated 1 migration (execution time 00:00.004s)
2026-09-30T14:23:21.499+02:00  INFO 1862392 --- [conference-backend] [           main] o.f.c.i.s.JdbcTableSchemaHistory         : Creating Schema History table "public"."flyway_schema_history" ...
2026-09-30T14:23:21.530+02:00  INFO 1862392 --- [conference-backend] [           main] o.f.core.internal.command.DbMigrate      : Current version of schema "public": << Empty Schema >>
2026-09-30T14:23:21.535+02:00  INFO 1862392 --- [conference-backend] [           main] o.f.core.internal.command.DbMigrate      : Migrating schema "public" to version "1 - registration schema"
2026-09-30T14:23:21.557+02:00  INFO 1862392 --- [conference-backend] [           main] o.f.core.internal.command.DbMigrate      : Successfully applied 1 migration to schema "public", now at version v1 (execution time 00:00.017s)
2026-09-30T14:23:21.567+02:00  INFO 1862392 --- [conference-backend] [           main] o.hibernate.jpa.internal.util.LogHelper  : HHH000204: Processing PersistenceUnitInfo [name: default]
2026-09-30T14:23:21.568+02:00  INFO 1862392 --- [conference-backend] [           main] o.h.c.internal.RegionFactoryInitiator    : HHH000026: Second-level cache disabled
2026-09-30T14:23:21.573+02:00  INFO 1862392 --- [conference-backend] [           main] o.s.o.j.p.SpringPersistenceUnitInfo      : No LoadTimeWeaver setup: ignoring JPA class transformer
2026-09-30T14:23:21.578+02:00  INFO 1862392 --- [conference-backend] [           main] org.hibernate.orm.connections.pooling    : HHH10001005: Database info:
	Database JDBC URL [Connecting through datasource 'HikariDataSource (HikariPool-13)']
	Database driver: undefined/unknown
	Database version: 16.14
	Autocommit mode: undefined/unknown
	Isolation level: undefined/unknown
	Minimum pool size: undefined/unknown
	Maximum pool size: undefined/unknown
2026-09-30T14:23:21.614+02:00  INFO 1862392 --- [conference-backend] [           main] o.h.e.t.j.p.i.JtaPlatformInitiator       : HHH000489: No JTA platform available (set 'hibernate.transaction.jta.platform' to enable JTA platform integration)
2026-09-30T14:23:21.627+02:00  INFO 1862392 --- [conference-backend] [           main] j.LocalContainerEntityManagerFactoryBean : Initialized JPA EntityManagerFactory for persistence unit 'default'
2026-09-30T14:23:21.673+02:00  INFO 1862392 --- [conference-backend] [           main] r$InitializeUserDetailsManagerConfigurer : Global AuthenticationManager configured with UserDetailsService bean with name organizer
2026-09-30T14:23:21.726+02:00  INFO 1862392 --- [conference-backend] [           main] o.s.b.a.e.web.EndpointLinksResolver      : Exposing 1 endpoint beneath base path '/actuator'
2026-09-30T14:23:21.780+02:00  INFO 1862392 --- [conference-backend] [           main] o.s.b.w.embedded.tomcat.TomcatWebServer  : Tomcat started on port 32979 (http) with context path '/'
2026-09-30T14:23:21.785+02:00  INFO 1862392 --- [conference-backend] [           main] o.a.maven.surefire.booter.ForkedBooter   : Started ForkedBooter in 0.563 seconds (process running for 226.449)
2026-09-30T14:23:22.300+02:00  WARN 1862392 --- [conference-backend] [   scheduling-1] com.zaxxer.hikari.pool.ProxyConnection   : HikariPool-13 - Connection org.postgresql.jdbc.PgConnection@3ccd57c7 marked as broken because of SQLSTATE(57P01), ErrorCode(0)

org.postgresql.util.PSQLException: FATAL: terminating connection due to administrator command
	at org.postgresql.core.v3.QueryExecutorImpl.receiveErrorResponse(QueryExecutorImpl.java:2904) ~[postgresql-42.7.11.jar:42.7.11]
	at org.postgresql.core.v3.QueryExecutorImpl.processResults(QueryExecutorImpl.java:2589) ~[postgresql-42.7.11.jar:42.7.11]
	at org.postgresql.core.v3.QueryExecutorImpl.execute(QueryExecutorImpl.java:431) ~[postgresql-42.7.11.jar:42.7.11]
	at org.postgresql.jdbc.PgStatement.executeInternal(PgStatement.java:534) ~[postgresql-42.7.11.jar:42.7.11]
	at org.postgresql.jdbc.PgStatement.execute(PgStatement.java:437) ~[postgresql-42.7.11.jar:42.7.11]
	at org.postgresql.jdbc.PgPreparedStatement.executeWithFlags(PgPreparedStatement.java:196) ~[postgresql-42.7.11.jar:42.7.11]
	at org.postgresql.jdbc.PgPreparedStatement.executeQuery(PgPreparedStatement.java:139) ~[postgresql-42.7.11.jar:42.7.11]
	at com.zaxxer.hikari.pool.ProxyPreparedStatement.executeQuery(ProxyPreparedStatement.java:52) ~[HikariCP-6.3.3.jar:na]
	at com.zaxxer.hikari.pool.HikariProxyPreparedStatement.executeQuery(HikariProxyPreparedStatement.java) ~[HikariCP-6.3.3.jar:na]
	at org.hibernate.sql.results.jdbc.internal.DeferredResultSetAccess.executeQuery(DeferredResultSetAccess.java:251) ~[hibernate-core-6.6.53.Final.jar:6.6.53.Final]
	at org.hibernate.sql.results.jdbc.internal.DeferredResultSetAccess.getResultSet(DeferredResultSetAccess.java:172) ~[hibernate-core-6.6.53.Final.jar:6.6.53.Final]
	at org.hibernate.sql.results.jdbc.internal.AbstractResultSetAccess.getMetaData(AbstractResultSetAccess.java:36) ~[hibernate-core-6.6.53.Final.jar:6.6.53.Final]
	at org.hibernate.sql.results.jdbc.internal.AbstractResultSetAccess.getColumnCount(AbstractResultSetAccess.java:52) ~[hibernate-core-6.6.53.Final.jar:6.6.53.Final]
	at org.hibernate.query.results.ResultSetMappingImpl.resolve(ResultSetMappingImpl.java:194) ~[hibernate-core-6.6.53.Final.jar:6.6.53.Final]
	at org.hibernate.sql.exec.internal.JdbcSelectExecutorStandardImpl.resolveJdbcValuesSource(JdbcSelectExecutorStandardImpl.java:340) ~[hibernate-core-6.6.53.Final.jar:6.6.53.Final]
	at org.hibernate.sql.exec.internal.JdbcSelectExecutorStandardImpl.doExecuteQuery(JdbcSelectExecutorStandardImpl.java:137) ~[hibernate-core-6.6.53.Final.jar:6.6.53.Final]
	at org.hibernate.sql.exec.internal.JdbcSelectExecutorStandardImpl.executeQuery(JdbcSelectExecutorStandardImpl.java:102) ~[hibernate-core-6.6.53.Final.jar:6.6.53.Final]
	at org.hibernate.sql.exec.spi.JdbcSelectExecutor.executeQuery(JdbcSelectExecutor.java:91) ~[hibernate-core-6.6.53.Final.jar:6.6.53.Final]
	at org.hibernate.sql.exec.spi.JdbcSelectExecutor.list(JdbcSelectExecutor.java:165) ~[hibernate-core-6.6.53.Final.jar:6.6.53.Final]
	at org.hibernate.sql.exec.spi.JdbcSelectExecutor.list(JdbcSelectExecutor.java:142) ~[hibernate-core-6.6.53.Final.jar:6.6.53.Final]
	at org.hibernate.sql.exec.spi.JdbcSelectExecutor.list(JdbcSelectExecutor.java:132) ~[hibernate-core-6.6.53.Final.jar:6.6.53.Final]
	at org.hibernate.query.sql.internal.NativeSelectQueryPlanImpl.performList(NativeSelectQueryPlanImpl.java:135) ~[hibernate-core-6.6.53.Final.jar:6.6.53.Final]
	at org.hibernate.query.sql.internal.NativeQueryImpl.doList(NativeQueryImpl.java:697) ~[hibernate-core-6.6.53.Final.jar:6.6.53.Final]
	at org.hibernate.query.spi.AbstractSelectionQuery.list(AbstractSelectionQuery.java:143) ~[hibernate-core-6.6.53.Final.jar:6.6.53.Final]
	at org.hibernate.query.Query.getResultList(Query.java:120) ~[hibernate-core-6.6.53.Final.jar:6.6.53.Final]
	at org.springframework.data.jpa.repository.query.JpaQueryExecution$CollectionExecution.doExecute(JpaQueryExecution.java:132) ~[spring-data-jpa-3.5.13.jar:3.5.13]
	at org.springframework.data.jpa.repository.query.JpaQueryExecution.execute(JpaQueryExecution.java:95) ~[spring-data-jpa-3.5.13.jar:3.5.13]
	at org.springframework.data.jpa.repository.query.AbstractJpaQuery.doExecute(AbstractJpaQuery.java:160) ~[spring-data-jpa-3.5.13.jar:3.5.13]
	at org.springframework.data.jpa.repository.query.AbstractJpaQuery.execute(AbstractJpaQuery.java:148) ~[spring-data-jpa-3.5.13.jar:3.5.13]
	at org.springframework.data.repository.core.support.RepositoryMethodInvoker.doInvoke(RepositoryMethodInvoker.java:170) ~[spring-data-commons-3.5.13.jar:3.5.13]
	at org.springframework.data.repository.core.support.RepositoryMethodInvoker.invoke(RepositoryMethodInvoker.java:158) ~[spring-data-commons-3.5.13.jar:3.5.13]
	at org.springframework.data.repository.core.support.QueryExecutorMethodInterceptor.doInvoke(QueryExecutorMethodInterceptor.java:170) ~[spring-data-commons-3.5.13.jar:3.5.13]
	at org.springframework.data.repository.core.support.QueryExecutorMethodInterceptor.invoke(QueryExecutorMethodInterceptor.java:149) ~[spring-data-commons-3.5.13.jar:3.5.13]
	at org.springframework.aop.framework.ReflectiveMethodInvocation.proceed(ReflectiveMethodInvocation.java:184) ~[spring-aop-6.2.19.jar:6.2.19]
	at org.springframework.data.projection.DefaultMethodInvokingMethodInterceptor.invoke(DefaultMethodInvokingMethodInterceptor.java:69) ~[spring-data-commons-3.5.13.jar:3.5.13]
	at org.springframework.aop.framework.ReflectiveMethodInvocation.proceed(ReflectiveMethodInvocation.java:184) ~[spring-aop-6.2.19.jar:6.2.19]
	at org.springframework.transaction.interceptor.TransactionAspectSupport.invokeWithinTransaction(TransactionAspectSupport.java:380) ~[spring-tx-6.2.19.jar:6.2.19]
	at org.springframework.transaction.interceptor.TransactionInterceptor.invoke(TransactionInterceptor.java:119) ~[spring-tx-6.2.19.jar:6.2.19]
	at org.springframework.aop.framework.ReflectiveMethodInvocation.proceed(ReflectiveMethodInvocation.java:184) ~[spring-aop-6.2.19.jar:6.2.19]
	at org.springframework.dao.support.PersistenceExceptionTranslationInterceptor.invoke(PersistenceExceptionTranslationInterceptor.java:138) ~[spring-tx-6.2.19.jar:6.2.19]
	at org.springframework.aop.framework.ReflectiveMethodInvocation.proceed(ReflectiveMethodInvocation.java:184) ~[spring-aop-6.2.19.jar:6.2.19]
	at org.springframework.data.jpa.repository.support.CrudMethodMetadataPostProcessor$CrudMethodMetadataPopulatingMethodInterceptor.invoke(CrudMethodMetadataPostProcessor.java:136) ~[spring-data-jpa-3.5.13.jar:3.5.13]
	at org.springframework.aop.framework.ReflectiveMethodInvocation.proceed(ReflectiveMethodInvocation.java:184) ~[spring-aop-6.2.19.jar:6.2.19]
	at org.springframework.aop.framework.JdkDynamicAopProxy.invoke(JdkDynamicAopProxy.java:223) ~[spring-aop-6.2.19.jar:6.2.19]
	at jdk.proxy2/jdk.proxy2.$Proxy182.claimDue(Unknown Source) ~[na:na]
	at lab.conference.notifications.NotificationDispatcher.dispatchBatch(NotificationDispatcher.java:85) ~[classes/:na]
	at lab.conference.notifications.NotificationDispatcher.lambda$dispatchDue$0(NotificationDispatcher.java:74) ~[classes/:na]
	at org.springframework.transaction.support.TransactionTemplate.execute(TransactionTemplate.java:140) ~[spring-tx-6.2.19.jar:6.2.19]
	at lab.conference.notifications.NotificationDispatcher.dispatchDue(NotificationDispatcher.java:74) ~[classes/:na]
	at java.base/jdk.internal.reflect.DirectMethodHandleAccessor.invoke(DirectMethodHandleAccessor.java:103) ~[na:na]
	at java.base/java.lang.reflect.Method.invoke(Method.java:580) ~[na:na]
	at org.springframework.scheduling.support.ScheduledMethodRunnable.runInternal(ScheduledMethodRunnable.java:130) ~[spring-context-6.2.19.jar:6.2.19]
	at org.springframework.scheduling.support.ScheduledMethodRunnable.lambda$run$2(ScheduledMethodRunnable.java:124) ~[spring-context-6.2.19.jar:6.2.19]
	at io.micrometer.observation.Observation.observe(Observation.java:498) ~[micrometer-observation-1.15.12.jar:1.15.12]
	at org.springframework.scheduling.support.ScheduledMethodRunnable.run(ScheduledMethodRunnable.java:124) ~[spring-context-6.2.19.jar:6.2.19]
	at org.springframework.scheduling.config.Task$OutcomeTrackingRunnable.run(Task.java:87) ~[spring-context-6.2.19.jar:6.2.19]
	at org.springframework.scheduling.support.DelegatingErrorHandlingRunnable.run(DelegatingErrorHandlingRunnable.java:54) ~[spring-context-6.2.19.jar:6.2.19]
	at java.base/java.util.concurrent.Executors$RunnableAdapter.call(Executors.java:572) ~[na:na]
	at java.base/java.util.concurrent.FutureTask.runAndReset(FutureTask.java:358) ~[na:na]
	at java.base/java.util.concurrent.ScheduledThreadPoolExecutor$ScheduledFutureTask.run(ScheduledThreadPoolExecutor.java:305) ~[na:na]
	at java.base/java.util.concurrent.ThreadPoolExecutor.runWorker(ThreadPoolExecutor.java:1144) ~[na:na]
	at java.base/java.util.concurrent.ThreadPoolExecutor$Worker.run(ThreadPoolExecutor.java:642) ~[na:na]
	at java.base/java.lang.Thread.run(Thread.java:1583) ~[na:na]

2026-09-30T14:23:22.349+02:00  INFO 1862392 --- [conference-backend] [-auto-13-exec-1] o.a.c.c.C.[Tomcat].[localhost].[/]       : Initializing Spring DispatcherServlet 'dispatcherServlet'
2026-09-30T14:23:22.349+02:00  INFO 1862392 --- [conference-backend] [-auto-13-exec-1] o.s.web.servlet.DispatcherServlet        : Initializing Servlet 'dispatcherServlet'
2026-09-30T14:23:22.350+02:00  WARN 1862392 --- [conference-backend] [   scheduling-1] o.h.engine.jdbc.spi.SqlExceptionHelper   : SQL Error: 0, SQLState: 57P01
2026-09-30T14:23:22.350+02:00 ERROR 1862392 --- [conference-backend] [   scheduling-1] o.h.engine.jdbc.spi.SqlExceptionHelper   : FATAL: terminating connection due to administrator command
2026-09-30T14:23:22.351+02:00  WARN 1862392 --- [conference-backend] [   scheduling-1] o.h.engine.jdbc.spi.SqlExceptionHelper   : SQL Error: 0, SQLState: 08006
2026-09-30T14:23:22.351+02:00 ERROR 1862392 --- [conference-backend] [   scheduling-1] o.h.engine.jdbc.spi.SqlExceptionHelper   : An I/O error occurred while sending to the backend.
2026-09-30T14:23:22.356+02:00  INFO 1862392 --- [conference-backend] [-auto-13-exec-1] o.s.web.servlet.DispatcherServlet        : Completed initialization in 7 ms
2026-09-30T14:23:22.377+02:00  WARN 1862392 --- [conference-backend] [-auto-13-exec-1] com.zaxxer.hikari.pool.PoolBase          : HikariPool-13 - Failed to validate connection org.postgresql.jdbc.PgConnection@6c2f53f7 (This connection has been closed.). Possibly consider using a shorter maxLifetime value.
2026-09-30T14:23:22.380+02:00  WARN 1862392 --- [conference-backend] [-auto-13-exec-1] com.zaxxer.hikari.pool.PoolBase          : HikariPool-13 - Failed to validate connection org.postgresql.jdbc.PgConnection@10dd111b (This connection has been closed.). Possibly consider using a shorter maxLifetime value.
2026-09-30T14:23:22.382+02:00  WARN 1862392 --- [conference-backend] [-auto-13-exec-1] com.zaxxer.hikari.pool.PoolBase          : HikariPool-13 - Failed to validate connection org.postgresql.jdbc.PgConnection@37967e9f (This connection has been closed.). Possibly consider using a shorter maxLifetime value.
2026-09-30T14:23:22.384+02:00  WARN 1862392 --- [conference-backend] [-auto-13-exec-1] com.zaxxer.hikari.pool.PoolBase          : HikariPool-13 - Failed to validate connection org.postgresql.jdbc.PgConnection@46cdf8b2 (This connection has been closed.). Possibly consider using a shorter maxLifetime value.
2026-09-30T14:23:22.386+02:00  WARN 1862392 --- [conference-backend] [-auto-13-exec-1] com.zaxxer.hikari.pool.PoolBase          : HikariPool-13 - Failed to validate connection org.postgresql.jdbc.PgConnection@50ebbb77 (This connection has been closed.). Possibly consider using a shorter maxLifetime value.
2026-09-30T14:23:22.387+02:00  WARN 1862392 --- [conference-backend] [-auto-13-exec-1] com.zaxxer.hikari.pool.PoolBase          : HikariPool-13 - Failed to validate connection org.postgresql.jdbc.PgConnection@28462db8 (This connection has been closed.). Possibly consider using a shorter maxLifetime value.
2026-09-30T14:23:22.389+02:00  WARN 1862392 --- [conference-backend] [-auto-13-exec-1] com.zaxxer.hikari.pool.PoolBase          : HikariPool-13 - Failed to validate connection org.postgresql.jdbc.PgConnection@2c20dca9 (This connection has been closed.). Possibly consider using a shorter maxLifetime value.
2026-09-30T14:23:22.405+02:00 ERROR 1862392 --- [conference-backend] [   scheduling-1] o.s.t.support.TransactionTemplate        : Application exception overridden by rollback exception

org.springframework.orm.jpa.JpaSystemException: JDBC exception executing SQL [SELECT * FROM notification_outbox WHERE status = 'PENDING' AND next_attempt_at <= ? ORDER BY next_attempt_at, id LIMIT ? FOR UPDATE SKIP LOCKED] [FATAL: terminating connection due to administrator command] [n/a]
	at org.springframework.orm.jpa.vendor.HibernateJpaDialect.convertHibernateAccessException(HibernateJpaDialect.java:348) ~[spring-orm-6.2.19.jar:6.2.19]
	at org.springframework.orm.jpa.vendor.HibernateJpaDialect.convertHibernateAccessException(HibernateJpaDialect.java:256) ~[spring-orm-6.2.19.jar:6.2.19]
	at org.springframework.orm.jpa.vendor.HibernateJpaDialect.translateExceptionIfPossible(HibernateJpaDialect.java:241) ~[spring-orm-6.2.19.jar:6.2.19]
	at org.springframework.orm.jpa.AbstractEntityManagerFactoryBean.translateExceptionIfPossible(AbstractEntityManagerFactoryBean.java:560) ~[spring-orm-6.2.19.jar:6.2.19]
	at org.springframework.dao.support.ChainedPersistenceExceptionTranslator.translateExceptionIfPossible(ChainedPersistenceExceptionTranslator.java:61) ~[spring-tx-6.2.19.jar:6.2.19]
	at org.springframework.dao.support.DataAccessUtils.translateIfNecessary(DataAccessUtils.java:343) ~[spring-tx-6.2.19.jar:6.2.19]
	at org.springframework.dao.support.PersistenceExceptionTranslationInterceptor.invoke(PersistenceExceptionTranslationInterceptor.java:160) ~[spring-tx-6.2.19.jar:6.2.19]
	at org.springframework.aop.framework.ReflectiveMethodInvocation.proceed(ReflectiveMethodInvocation.java:184) ~[spring-aop-6.2.19.jar:6.2.19]
	at org.springframework.data.jpa.repository.support.CrudMethodMetadataPostProcessor$CrudMethodMetadataPopulatingMethodInterceptor.invoke(CrudMethodMetadataPostProcessor.java:136) ~[spring-data-jpa-3.5.13.jar:3.5.13]
	at org.springframework.aop.framework.ReflectiveMethodInvocation.proceed(ReflectiveMethodInvocation.java:184) ~[spring-aop-6.2.19.jar:6.2.19]
	at org.springframework.aop.framework.JdkDynamicAopProxy.invoke(JdkDynamicAopProxy.java:223) ~[spring-aop-6.2.19.jar:6.2.19]
	at jdk.proxy2/jdk.proxy2.$Proxy182.claimDue(Unknown Source) ~[na:na]
	at lab.conference.notifications.NotificationDispatcher.dispatchBatch(NotificationDispatcher.java:85) ~[classes/:na]
	at lab.conference.notifications.NotificationDispatcher.lambda$dispatchDue$0(NotificationDispatcher.java:74) ~[classes/:na]
	at org.springframework.transaction.support.TransactionTemplate.execute(TransactionTemplate.java:140) ~[spring-tx-6.2.19.jar:6.2.19]
	at lab.conference.notifications.NotificationDispatcher.dispatchDue(NotificationDispatcher.java:74) ~[classes/:na]
	at java.base/jdk.internal.reflect.DirectMethodHandleAccessor.invoke(DirectMethodHandleAccessor.java:103) ~[na:na]
	at java.base/java.lang.reflect.Method.invoke(Method.java:580) ~[na:na]
	at org.springframework.scheduling.support.ScheduledMethodRunnable.runInternal(ScheduledMethodRunnable.java:130) ~[spring-context-6.2.19.jar:6.2.19]
	at org.springframework.scheduling.support.ScheduledMethodRunnable.lambda$run$2(ScheduledMethodRunnable.java:124) ~[spring-context-6.2.19.jar:6.2.19]
	at io.micrometer.observation.Observation.observe(Observation.java:498) ~[micrometer-observation-1.15.12.jar:1.15.12]
	at org.springframework.scheduling.support.ScheduledMethodRunnable.run(ScheduledMethodRunnable.java:124) ~[spring-context-6.2.19.jar:6.2.19]
	at org.springframework.scheduling.config.Task$OutcomeTrackingRunnable.run(Task.java:87) ~[spring-context-6.2.19.jar:6.2.19]
	at org.springframework.scheduling.support.DelegatingErrorHandlingRunnable.run(DelegatingErrorHandlingRunnable.java:54) ~[spring-context-6.2.19.jar:6.2.19]
	at java.base/java.util.concurrent.Executors$RunnableAdapter.call(Executors.java:572) ~[na:na]
	at java.base/java.util.concurrent.FutureTask.runAndReset(FutureTask.java:358) ~[na:na]
	at java.base/java.util.concurrent.ScheduledThreadPoolExecutor$ScheduledFutureTask.run(ScheduledThreadPoolExecutor.java:305) ~[na:na]
	at java.base/java.util.concurrent.ThreadPoolExecutor.runWorker(ThreadPoolExecutor.java:1144) ~[na:na]
	at java.base/java.util.concurrent.ThreadPoolExecutor$Worker.run(ThreadPoolExecutor.java:642) ~[na:na]
	at java.base/java.lang.Thread.run(Thread.java:1583) ~[na:na]
Caused by: org.hibernate.exception.GenericJDBCException: JDBC exception executing SQL [SELECT * FROM notification_outbox WHERE status = 'PENDING' AND next_attempt_at <= ? ORDER BY next_attempt_at, id LIMIT ? FOR UPDATE SKIP LOCKED] [FATAL: terminating connection due to administrator command] [n/a]
	at org.hibernate.exception.internal.StandardSQLExceptionConverter.convert(StandardSQLExceptionConverter.java:63) ~[hibernate-core-6.6.53.Final.jar:6.6.53.Final]
	at org.hibernate.engine.jdbc.spi.SqlExceptionHelper.convert(SqlExceptionHelper.java:108) ~[hibernate-core-6.6.53.Final.jar:6.6.53.Final]
	at org.hibernate.engine.jdbc.spi.SqlExceptionHelper.convert(SqlExceptionHelper.java:94) ~[hibernate-core-6.6.53.Final.jar:6.6.53.Final]
	at org.hibernate.sql.results.jdbc.internal.DeferredResultSetAccess.executeQuery(DeferredResultSetAccess.java:269) ~[hibernate-core-6.6.53.Final.jar:6.6.53.Final]
	at org.hibernate.sql.results.jdbc.internal.DeferredResultSetAccess.getResultSet(DeferredResultSetAccess.java:172) ~[hibernate-core-6.6.53.Final.jar:6.6.53.Final]
	at org.hibernate.sql.results.jdbc.internal.AbstractResultSetAccess.getMetaData(AbstractResultSetAccess.java:36) ~[hibernate-core-6.6.53.Final.jar:6.6.53.Final]
	at org.hibernate.sql.results.jdbc.internal.AbstractResultSetAccess.getColumnCount(AbstractResultSetAccess.java:52) ~[hibernate-core-6.6.53.Final.jar:6.6.53.Final]
	at org.hibernate.query.results.ResultSetMappingImpl.resolve(ResultSetMappingImpl.java:194) ~[hibernate-core-6.6.53.Final.jar:6.6.53.Final]
	at org.hibernate.sql.exec.internal.JdbcSelectExecutorStandardImpl.resolveJdbcValuesSource(JdbcSelectExecutorStandardImpl.java:340) ~[hibernate-core-6.6.53.Final.jar:6.6.53.Final]
	at org.hibernate.sql.exec.internal.JdbcSelectExecutorStandardImpl.doExecuteQuery(JdbcSelectExecutorStandardImpl.java:137) ~[hibernate-core-6.6.53.Final.jar:6.6.53.Final]
	at org.hibernate.sql.exec.internal.JdbcSelectExecutorStandardImpl.executeQuery(JdbcSelectExecutorStandardImpl.java:102) ~[hibernate-core-6.6.53.Final.jar:6.6.53.Final]
	at org.hibernate.sql.exec.spi.JdbcSelectExecutor.executeQuery(JdbcSelectExecutor.java:91) ~[hibernate-core-6.6.53.Final.jar:6.6.53.Final]
	at org.hibernate.sql.exec.spi.JdbcSelectExecutor.list(JdbcSelectExecutor.java:165) ~[hibernate-core-6.6.53.Final.jar:6.6.53.Final]
	at org.hibernate.sql.exec.spi.JdbcSelectExecutor.list(JdbcSelectExecutor.java:142) ~[hibernate-core-6.6.53.Final.jar:6.6.53.Final]
	at org.hibernate.sql.exec.spi.JdbcSelectExecutor.list(JdbcSelectExecutor.java:132) ~[hibernate-core-6.6.53.Final.jar:6.6.53.Final]
	at org.hibernate.query.sql.internal.NativeSelectQueryPlanImpl.performList(NativeSelectQueryPlanImpl.java:135) ~[hibernate-core-6.6.53.Final.jar:6.6.53.Final]
	at org.hibernate.query.sql.internal.NativeQueryImpl.doList(NativeQueryImpl.java:697) ~[hibernate-core-6.6.53.Final.jar:6.6.53.Final]
	at org.hibernate.query.spi.AbstractSelectionQuery.list(AbstractSelectionQuery.java:143) ~[hibernate-core-6.6.53.Final.jar:6.6.53.Final]
	at org.hibernate.query.Query.getResultList(Query.java:120) ~[hibernate-core-6.6.53.Final.jar:6.6.53.Final]
	at org.springframework.data.jpa.repository.query.JpaQueryExecution$CollectionExecution.doExecute(JpaQueryExecution.java:132) ~[spring-data-jpa-3.5.13.jar:3.5.13]
	at org.springframework.data.jpa.repository.query.JpaQueryExecution.execute(JpaQueryExecution.java:95) ~[spring-data-jpa-3.5.13.jar:3.5.13]
	at org.springframework.data.jpa.repository.query.AbstractJpaQuery.doExecute(AbstractJpaQuery.java:160) ~[spring-data-jpa-3.5.13.jar:3.5.13]
	at org.springframework.data.jpa.repository.query.AbstractJpaQuery.execute(AbstractJpaQuery.java:148) ~[spring-data-jpa-3.5.13.jar:3.5.13]
	at org.springframework.data.repository.core.support.RepositoryMethodInvoker.doInvoke(RepositoryMethodInvoker.java:170) ~[spring-data-commons-3.5.13.jar:3.5.13]
	at org.springframework.data.repository.core.support.RepositoryMethodInvoker.invoke(RepositoryMethodInvoker.java:158) ~[spring-data-commons-3.5.13.jar:3.5.13]
	at org.springframework.data.repository.core.support.QueryExecutorMethodInterceptor.doInvoke(QueryExecutorMethodInterceptor.java:170) ~[spring-data-commons-3.5.13.jar:3.5.13]
	at org.springframework.data.repository.core.support.QueryExecutorMethodInterceptor.invoke(QueryExecutorMethodInterceptor.java:149) ~[spring-data-commons-3.5.13.jar:3.5.13]
	at org.springframework.aop.framework.ReflectiveMethodInvocation.proceed(ReflectiveMethodInvocation.java:184) ~[spring-aop-6.2.19.jar:6.2.19]
	at org.springframework.data.projection.DefaultMethodInvokingMethodInterceptor.invoke(DefaultMethodInvokingMethodInterceptor.java:69) ~[spring-data-commons-3.5.13.jar:3.5.13]
	at org.springframework.aop.framework.ReflectiveMethodInvocation.proceed(ReflectiveMethodInvocation.java:184) ~[spring-aop-6.2.19.jar:6.2.19]
	at org.springframework.transaction.interceptor.TransactionAspectSupport.invokeWithinTransaction(TransactionAspectSupport.java:380) ~[spring-tx-6.2.19.jar:6.2.19]
	at org.springframework.transaction.interceptor.TransactionInterceptor.invoke(TransactionInterceptor.java:119) ~[spring-tx-6.2.19.jar:6.2.19]
	at org.springframework.aop.framework.ReflectiveMethodInvocation.proceed(ReflectiveMethodInvocation.java:184) ~[spring-aop-6.2.19.jar:6.2.19]
	at org.springframework.dao.support.PersistenceExceptionTranslationInterceptor.invoke(PersistenceExceptionTranslationInterceptor.java:138) ~[spring-tx-6.2.19.jar:6.2.19]
	... 23 common frames omitted
Caused by: org.postgresql.util.PSQLException: FATAL: terminating connection due to administrator command
	at org.postgresql.core.v3.QueryExecutorImpl.receiveErrorResponse(QueryExecutorImpl.java:2904) ~[postgresql-42.7.11.jar:42.7.11]
	at org.postgresql.core.v3.QueryExecutorImpl.processResults(QueryExecutorImpl.java:2589) ~[postgresql-42.7.11.jar:42.7.11]
	at org.postgresql.core.v3.QueryExecutorImpl.execute(QueryExecutorImpl.java:431) ~[postgresql-42.7.11.jar:42.7.11]
	at org.postgresql.jdbc.PgStatement.executeInternal(PgStatement.java:534) ~[postgresql-42.7.11.jar:42.7.11]
	at org.postgresql.jdbc.PgStatement.execute(PgStatement.java:437) ~[postgresql-42.7.11.jar:42.7.11]
	at org.postgresql.jdbc.PgPreparedStatement.executeWithFlags(PgPreparedStatement.java:196) ~[postgresql-42.7.11.jar:42.7.11]
	at org.postgresql.jdbc.PgPreparedStatement.executeQuery(PgPreparedStatement.java:139) ~[postgresql-42.7.11.jar:42.7.11]
	at com.zaxxer.hikari.pool.ProxyPreparedStatement.executeQuery(ProxyPreparedStatement.java:52) ~[HikariCP-6.3.3.jar:na]
	at com.zaxxer.hikari.pool.HikariProxyPreparedStatement.executeQuery(HikariProxyPreparedStatement.java) ~[HikariCP-6.3.3.jar:na]
	at org.hibernate.sql.results.jdbc.internal.DeferredResultSetAccess.executeQuery(DeferredResultSetAccess.java:251) ~[hibernate-core-6.6.53.Final.jar:6.6.53.Final]
	... 53 common frames omitted

2026-09-30T14:23:22.409+02:00  WARN 1862392 --- [conference-backend] [   scheduling-1] l.c.n.NotificationDispatcher             : Notification dispatch skipped (JpaSystemException)
2026-09-30T14:23:27.391+02:00  WARN 1862392 --- [conference-backend] [-auto-13-exec-1] o.h.engine.jdbc.spi.SqlExceptionHelper   : SQL Error: 0, SQLState: 08001
2026-09-30T14:23:27.392+02:00 ERROR 1862392 --- [conference-backend] [-auto-13-exec-1] o.h.engine.jdbc.spi.SqlExceptionHelper   : HikariPool-13 - Connection is not available, request timed out after 5002ms (total=0, active=0, idle=0, waiting=1)
2026-09-30T14:23:27.392+02:00 ERROR 1862392 --- [conference-backend] [-auto-13-exec-1] o.h.engine.jdbc.spi.SqlExceptionHelper   : Connection to localhost:46789 refused. Check that the hostname and port are correct and that the postmaster is accepting TCP/IP connections.
2026-09-30T14:23:27.395+02:00 ERROR 1862392 --- [conference-backend] [-auto-13-exec-1] l.c.registration.RegistrationService     : Database unavailable during replay check (DataAccessResourceFailureException)
2026-09-30T14:23:27.911+02:00  WARN 1862392 --- [conference-backend] [   scheduling-1] o.h.engine.jdbc.spi.SqlExceptionHelper   : SQL Error: 0, SQLState: 08001
2026-09-30T14:23:27.911+02:00 ERROR 1862392 --- [conference-backend] [   scheduling-1] o.h.engine.jdbc.spi.SqlExceptionHelper   : HikariPool-13 - Connection is not available, request timed out after 5000ms (total=0, active=0, idle=0, waiting=0)
2026-09-30T14:23:27.911+02:00 ERROR 1862392 --- [conference-backend] [   scheduling-1] o.h.engine.jdbc.spi.SqlExceptionHelper   : Connection to localhost:46789 refused. Check that the hostname and port are correct and that the postmaster is accepting TCP/IP connections.
2026-09-30T14:23:27.914+02:00  WARN 1862392 --- [conference-backend] [   scheduling-1] l.c.n.NotificationDispatcher             : Notification dispatch skipped (CannotCreateTransactionException)
2026-09-30T14:23:32.214+02:00  INFO 1862392 --- [conference-backend] [-auto-13-exec-2] lab.conference.export.ExportController   : Organizer export generated with 0 registration(s)
2026-09-30T14:23:32.236+02:00  INFO 1862392 --- [conference-backend] [           main] o.s.b.w.e.tomcat.GracefulShutdown        : Commencing graceful shutdown. Waiting for active requests to complete
2026-09-30T14:23:32.237+02:00  INFO 1862392 --- [conference-backend] [tomcat-shutdown] o.s.b.w.e.tomcat.GracefulShutdown        : Graceful shutdown complete
2026-09-30T14:23:32.239+02:00  INFO 1862392 --- [conference-backend] [           main] j.LocalContainerEntityManagerFactoryBean : Closing JPA EntityManagerFactory for persistence unit 'default'
2026-09-30T14:23:32.239+02:00  INFO 1862392 --- [conference-backend] [           main] com.zaxxer.hikari.HikariDataSource       : HikariPool-13 - Shutdown initiated...
2026-09-30T14:23:32.249+02:00  INFO 1862392 --- [conference-backend] [           main] com.zaxxer.hikari.HikariDataSource       : HikariPool-13 - Shutdown completed.
[INFO] Tests run: 1, Failures: 0, Errors: 0, Skipped: 0, Time elapsed: 14.42 s -- in lab.conference.acceptance.DatabaseOutageAcceptanceTest
[INFO] Running lab.conference.acceptance.ExportAcceptanceTest
2026-09-30T14:23:32.974+02:00  INFO 1862392 --- [conference-backend] [           main] o.a.maven.surefire.booter.ForkedBooter   : Starting ForkedBooter v3.5.6 using Java 21.0.12 with PID 1862392 (started by tjan-kazar in /home/tjan-kazar/storage/Work/lab/agentic_lab/02_output/backend)
2026-09-30T14:23:32.974+02:00  INFO 1862392 --- [conference-backend] [           main] o.a.maven.surefire.booter.ForkedBooter   : No active profile set, falling back to 1 default profile: "default"
2026-09-30T14:23:33.093+02:00  INFO 1862392 --- [conference-backend] [           main] .s.d.r.c.RepositoryConfigurationDelegate : Bootstrapping Spring Data JPA repositories in DEFAULT mode.
2026-09-30T14:23:33.100+02:00  INFO 1862392 --- [conference-backend] [           main] .s.d.r.c.RepositoryConfigurationDelegate : Finished Spring Data repository scanning in 6 ms. Found 2 JPA repository interfaces.
2026-09-30T14:23:33.142+02:00  INFO 1862392 --- [conference-backend] [           main] o.s.b.w.embedded.tomcat.TomcatWebServer  : Tomcat initialized with port 0 (http)
2026-09-30T14:23:33.143+02:00  INFO 1862392 --- [conference-backend] [           main] o.apache.catalina.core.StandardService   : Starting service [Tomcat]
2026-09-30T14:23:33.143+02:00  INFO 1862392 --- [conference-backend] [           main] o.apache.catalina.core.StandardEngine    : Starting Servlet engine: [Apache Tomcat/10.1.60]
2026-09-30T14:23:33.150+02:00  INFO 1862392 --- [conference-backend] [           main] o.a.c.c.C.[Tomcat].[localhost].[/]       : Initializing Spring embedded WebApplicationContext
2026-09-30T14:23:33.150+02:00  INFO 1862392 --- [conference-backend] [           main] w.s.c.ServletWebServerApplicationContext : Root WebApplicationContext: initialization completed in 175 ms
2026-09-30T14:23:33.189+02:00  INFO 1862392 --- [conference-backend] [           main] com.zaxxer.hikari.HikariDataSource       : HikariPool-14 - Starting...
2026-09-30T14:23:33.204+02:00  INFO 1862392 --- [conference-backend] [           main] com.zaxxer.hikari.pool.HikariPool        : HikariPool-14 - Added connection org.postgresql.jdbc.PgConnection@3e3e0ad9
2026-09-30T14:23:33.204+02:00  INFO 1862392 --- [conference-backend] [           main] com.zaxxer.hikari.HikariDataSource       : HikariPool-14 - Start completed.
2026-09-30T14:23:33.205+02:00  INFO 1862392 --- [conference-backend] [           main] org.flywaydb.core.FlywayExecutor         : Database: jdbc:postgresql://localhost:45139/conf_05774cec7bdd (PostgreSQL 16.14)
2026-09-30T14:23:33.214+02:00  INFO 1862392 --- [conference-backend] [           main] o.f.c.i.s.JdbcTableSchemaHistory         : Schema history table "public"."flyway_schema_history" does not exist yet
2026-09-30T14:23:33.215+02:00  INFO 1862392 --- [conference-backend] [           main] o.f.core.internal.command.DbValidate     : Successfully validated 1 migration (execution time 00:00.003s)
2026-09-30T14:23:33.224+02:00  INFO 1862392 --- [conference-backend] [           main] o.f.c.i.s.JdbcTableSchemaHistory         : Creating Schema History table "public"."flyway_schema_history" ...
2026-09-30T14:23:33.247+02:00  INFO 1862392 --- [conference-backend] [           main] o.f.core.internal.command.DbMigrate      : Current version of schema "public": << Empty Schema >>
2026-09-30T14:23:33.250+02:00  INFO 1862392 --- [conference-backend] [           main] o.f.core.internal.command.DbMigrate      : Migrating schema "public" to version "1 - registration schema"
2026-09-30T14:23:33.268+02:00  INFO 1862392 --- [conference-backend] [           main] o.f.core.internal.command.DbMigrate      : Successfully applied 1 migration to schema "public", now at version v1 (execution time 00:00.012s)
2026-09-30T14:23:33.280+02:00  INFO 1862392 --- [conference-backend] [           main] o.hibernate.jpa.internal.util.LogHelper  : HHH000204: Processing PersistenceUnitInfo [name: default]
2026-09-30T14:23:33.281+02:00  INFO 1862392 --- [conference-backend] [           main] o.h.c.internal.RegionFactoryInitiator    : HHH000026: Second-level cache disabled
2026-09-30T14:23:33.286+02:00  INFO 1862392 --- [conference-backend] [           main] o.s.o.j.p.SpringPersistenceUnitInfo      : No LoadTimeWeaver setup: ignoring JPA class transformer
2026-09-30T14:23:33.290+02:00  INFO 1862392 --- [conference-backend] [           main] org.hibernate.orm.connections.pooling    : HHH10001005: Database info:
	Database JDBC URL [Connecting through datasource 'HikariDataSource (HikariPool-14)']
	Database driver: undefined/unknown
	Database version: 16.14
	Autocommit mode: undefined/unknown
	Isolation level: undefined/unknown
	Minimum pool size: undefined/unknown
	Maximum pool size: undefined/unknown
2026-09-30T14:23:33.325+02:00  INFO 1862392 --- [conference-backend] [           main] o.h.e.t.j.p.i.JtaPlatformInitiator       : HHH000489: No JTA platform available (set 'hibernate.transaction.jta.platform' to enable JTA platform integration)
2026-09-30T14:23:33.337+02:00  INFO 1862392 --- [conference-backend] [           main] j.LocalContainerEntityManagerFactoryBean : Initialized JPA EntityManagerFactory for persistence unit 'default'
2026-09-30T14:23:33.379+02:00  INFO 1862392 --- [conference-backend] [           main] r$InitializeUserDetailsManagerConfigurer : Global AuthenticationManager configured with UserDetailsService bean with name organizer
2026-09-30T14:23:33.437+02:00  INFO 1862392 --- [conference-backend] [           main] o.s.b.a.e.web.EndpointLinksResolver      : Exposing 1 endpoint beneath base path '/actuator'
2026-09-30T14:23:33.519+02:00  INFO 1862392 --- [conference-backend] [           main] o.s.b.w.embedded.tomcat.TomcatWebServer  : Tomcat started on port 41543 (http) with context path '/'
2026-09-30T14:23:33.526+02:00  INFO 1862392 --- [conference-backend] [           main] o.a.maven.surefire.booter.ForkedBooter   : Started ForkedBooter in 0.569 seconds (process running for 238.19)
2026-09-30T14:23:33.541+02:00  INFO 1862392 --- [conference-backend] [-auto-14-exec-1] o.a.c.c.C.[Tomcat].[localhost].[/]       : Initializing Spring DispatcherServlet 'dispatcherServlet'
2026-09-30T14:23:33.541+02:00  INFO 1862392 --- [conference-backend] [-auto-14-exec-1] o.s.web.servlet.DispatcherServlet        : Initializing Servlet 'dispatcherServlet'
2026-09-30T14:23:33.543+02:00  INFO 1862392 --- [conference-backend] [-auto-14-exec-1] o.s.web.servlet.DispatcherServlet        : Completed initialization in 1 ms
2026-09-30T14:23:33.584+02:00  INFO 1862392 --- [conference-backend] [-auto-14-exec-1] l.c.registration.RegistrationService     : Registration fc2fbe71-ecdb-45ab-9deb-155d0e93d331 accepted (external)
2026-09-30T14:23:33.616+02:00  INFO 1862392 --- [conference-backend] [-auto-14-exec-2] l.c.registration.RegistrationService     : Registration 0597329f-7702-4fb3-991c-3e41214f02bd accepted (student)
2026-09-30T14:23:33.799+02:00  INFO 1862392 --- [conference-backend] [-auto-14-exec-3] lab.conference.export.ExportController   : Organizer export generated with 2 registration(s)
2026-09-30T14:23:33.928+02:00  INFO 1862392 --- [conference-backend] [-auto-14-exec-6] lab.conference.export.ExportController   : Organizer export generated with 2 registration(s)
2026-09-30T14:23:34.029+02:00  INFO 1862392 --- [conference-backend] [-auto-14-exec-7] l.c.registration.RegistrationService     : Registration e294abad-67d1-47ee-b8de-ee7e487790ff accepted (external)
2026-09-30T14:23:34.357+02:00  INFO 1862392 --- [conference-backend] [-auto-14-exec-2] l.c.registration.RegistrationService     : Registration d57f656a-1137-4681-a1d0-7fcfd5ab8688 accepted (external)
2026-09-30T14:23:34.433+02:00  INFO 1862392 --- [conference-backend] [-auto-14-exec-3] l.c.registration.RegistrationService     : Registration 2fbc140f-4674-4bb7-b486-1ab0e60f61cd accepted (student)
2026-09-30T14:23:34.582+02:00  INFO 1862392 --- [conference-backend] [-auto-14-exec-4] lab.conference.export.ExportController   : Organizer export generated with 5 registration(s)
2026-09-30T14:23:34.603+02:00  INFO 1862392 --- [conference-backend] [           main] o.s.b.w.e.tomcat.GracefulShutdown        : Commencing graceful shutdown. Waiting for active requests to complete
2026-09-30T14:23:34.604+02:00  INFO 1862392 --- [conference-backend] [tomcat-shutdown] o.s.b.w.e.tomcat.GracefulShutdown        : Graceful shutdown complete
2026-09-30T14:23:34.605+02:00  INFO 1862392 --- [conference-backend] [           main] j.LocalContainerEntityManagerFactoryBean : Closing JPA EntityManagerFactory for persistence unit 'default'
2026-09-30T14:23:34.605+02:00  INFO 1862392 --- [conference-backend] [           main] com.zaxxer.hikari.HikariDataSource       : HikariPool-14 - Shutdown initiated...
2026-09-30T14:23:34.606+02:00  INFO 1862392 --- [conference-backend] [           main] com.zaxxer.hikari.HikariDataSource       : HikariPool-14 - Shutdown completed.
[INFO] Tests run: 4, Failures: 0, Errors: 0, Skipped: 0, Time elapsed: 1.787 s -- in lab.conference.acceptance.ExportAcceptanceTest
[INFO] Running lab.conference.acceptance.CatalogAcceptanceTest
2026-09-30T14:23:34.743+02:00  INFO 1862392 --- [conference-backend] [           main] o.a.maven.surefire.booter.ForkedBooter   : Starting ForkedBooter v3.5.6 using Java 21.0.12 with PID 1862392 (started by tjan-kazar in /home/tjan-kazar/storage/Work/lab/agentic_lab/02_output/backend)
2026-09-30T14:23:34.743+02:00  INFO 1862392 --- [conference-backend] [           main] o.a.maven.surefire.booter.ForkedBooter   : No active profile set, falling back to 1 default profile: "default"
2026-09-30T14:23:34.856+02:00  INFO 1862392 --- [conference-backend] [           main] .s.d.r.c.RepositoryConfigurationDelegate : Bootstrapping Spring Data JPA repositories in DEFAULT mode.
2026-09-30T14:23:34.864+02:00  INFO 1862392 --- [conference-backend] [           main] .s.d.r.c.RepositoryConfigurationDelegate : Finished Spring Data repository scanning in 6 ms. Found 2 JPA repository interfaces.
2026-09-30T14:23:34.908+02:00  INFO 1862392 --- [conference-backend] [           main] o.s.b.w.embedded.tomcat.TomcatWebServer  : Tomcat initialized with port 0 (http)
2026-09-30T14:23:34.909+02:00  INFO 1862392 --- [conference-backend] [           main] o.apache.catalina.core.StandardService   : Starting service [Tomcat]
2026-09-30T14:23:34.909+02:00  INFO 1862392 --- [conference-backend] [           main] o.apache.catalina.core.StandardEngine    : Starting Servlet engine: [Apache Tomcat/10.1.60]
2026-09-30T14:23:34.916+02:00  INFO 1862392 --- [conference-backend] [           main] o.a.c.c.C.[Tomcat].[localhost].[/]       : Initializing Spring embedded WebApplicationContext
2026-09-30T14:23:34.917+02:00  INFO 1862392 --- [conference-backend] [           main] w.s.c.ServletWebServerApplicationContext : Root WebApplicationContext: initialization completed in 173 ms
2026-09-30T14:23:34.967+02:00  INFO 1862392 --- [conference-backend] [           main] com.zaxxer.hikari.HikariDataSource       : HikariPool-15 - Starting...
2026-09-30T14:23:34.984+02:00  INFO 1862392 --- [conference-backend] [           main] com.zaxxer.hikari.pool.HikariPool        : HikariPool-15 - Added connection org.postgresql.jdbc.PgConnection@5aee5ea9
2026-09-30T14:23:34.984+02:00  INFO 1862392 --- [conference-backend] [           main] com.zaxxer.hikari.HikariDataSource       : HikariPool-15 - Start completed.
2026-09-30T14:23:34.986+02:00  INFO 1862392 --- [conference-backend] [           main] org.flywaydb.core.FlywayExecutor         : Database: jdbc:postgresql://localhost:45139/conf_e40a5d92bf24 (PostgreSQL 16.14)
2026-09-30T14:23:34.996+02:00  INFO 1862392 --- [conference-backend] [           main] o.f.c.i.s.JdbcTableSchemaHistory         : Schema history table "public"."flyway_schema_history" does not exist yet
2026-09-30T14:23:34.997+02:00  INFO 1862392 --- [conference-backend] [           main] o.f.core.internal.command.DbValidate     : Successfully validated 1 migration (execution time 00:00.003s)
2026-09-30T14:23:35.005+02:00  INFO 1862392 --- [conference-backend] [           main] o.f.c.i.s.JdbcTableSchemaHistory         : Creating Schema History table "public"."flyway_schema_history" ...
2026-09-30T14:23:35.033+02:00  INFO 1862392 --- [conference-backend] [           main] o.f.core.internal.command.DbMigrate      : Current version of schema "public": << Empty Schema >>
2026-09-30T14:23:35.037+02:00  INFO 1862392 --- [conference-backend] [           main] o.f.core.internal.command.DbMigrate      : Migrating schema "public" to version "1 - registration schema"
2026-09-30T14:23:35.057+02:00  INFO 1862392 --- [conference-backend] [           main] o.f.core.internal.command.DbMigrate      : Successfully applied 1 migration to schema "public", now at version v1 (execution time 00:00.014s)
2026-09-30T14:23:35.068+02:00  INFO 1862392 --- [conference-backend] [           main] o.hibernate.jpa.internal.util.LogHelper  : HHH000204: Processing PersistenceUnitInfo [name: default]
2026-09-30T14:23:35.069+02:00  INFO 1862392 --- [conference-backend] [           main] o.h.c.internal.RegionFactoryInitiator    : HHH000026: Second-level cache disabled
2026-09-30T14:23:35.074+02:00  INFO 1862392 --- [conference-backend] [           main] o.s.o.j.p.SpringPersistenceUnitInfo      : No LoadTimeWeaver setup: ignoring JPA class transformer
2026-09-30T14:23:35.079+02:00  INFO 1862392 --- [conference-backend] [           main] org.hibernate.orm.connections.pooling    : HHH10001005: Database info:
	Database JDBC URL [Connecting through datasource 'HikariDataSource (HikariPool-15)']
	Database driver: undefined/unknown
	Database version: 16.14
	Autocommit mode: undefined/unknown
	Isolation level: undefined/unknown
	Minimum pool size: undefined/unknown
	Maximum pool size: undefined/unknown
2026-09-30T14:23:35.116+02:00  INFO 1862392 --- [conference-backend] [           main] o.h.e.t.j.p.i.JtaPlatformInitiator       : HHH000489: No JTA platform available (set 'hibernate.transaction.jta.platform' to enable JTA platform integration)
2026-09-30T14:23:35.127+02:00  INFO 1862392 --- [conference-backend] [           main] j.LocalContainerEntityManagerFactoryBean : Initialized JPA EntityManagerFactory for persistence unit 'default'
2026-09-30T14:23:35.162+02:00  WARN 1862392 --- [conference-backend] [           main] ConfigServletWebServerApplicationContext : Exception encountered during context initialization - cancelling refresh attempt: org.springframework.beans.factory.UnsatisfiedDependencyException: Error creating bean with name 'catalogController' defined in file [/home/tjan-kazar/storage/Work/lab/agentic_lab/02_output/backend/target/classes/lab/conference/registration/CatalogController.class]: Unsatisfied dependency expressed through constructor parameter 0: Error creating bean with name 'catalog' defined in class path resource [lab/conference/options/OptionsConfig.class]: Failed to instantiate [lab.conference.options.Catalog]: Factory method 'catalog' threw exception with message: catalog file is not valid JSON
2026-09-30T14:23:35.162+02:00  INFO 1862392 --- [conference-backend] [           main] j.LocalContainerEntityManagerFactoryBean : Closing JPA EntityManagerFactory for persistence unit 'default'
2026-09-30T14:23:35.163+02:00  INFO 1862392 --- [conference-backend] [           main] com.zaxxer.hikari.HikariDataSource       : HikariPool-15 - Shutdown initiated...
2026-09-30T14:23:35.173+02:00  INFO 1862392 --- [conference-backend] [           main] com.zaxxer.hikari.HikariDataSource       : HikariPool-15 - Shutdown completed.
2026-09-30T14:23:35.174+02:00  INFO 1862392 --- [conference-backend] [           main] o.apache.catalina.core.StandardService   : Stopping service [Tomcat]
2026-09-30T14:23:35.179+02:00  INFO 1862392 --- [conference-backend] [           main] .s.b.a.l.ConditionEvaluationReportLogger : 

Error starting ApplicationContext. To display the condition evaluation report re-run your application with 'debug' enabled.
2026-09-30T14:23:35.198+02:00 ERROR 1862392 --- [conference-backend] [           main] o.s.boot.SpringApplication               : Application run failed

org.springframework.beans.factory.UnsatisfiedDependencyException: Error creating bean with name 'catalogController' defined in file [/home/tjan-kazar/storage/Work/lab/agentic_lab/02_output/backend/target/classes/lab/conference/registration/CatalogController.class]: Unsatisfied dependency expressed through constructor parameter 0: Error creating bean with name 'catalog' defined in class path resource [lab/conference/options/OptionsConfig.class]: Failed to instantiate [lab.conference.options.Catalog]: Factory method 'catalog' threw exception with message: catalog file is not valid JSON
	at org.springframework.beans.factory.support.ConstructorResolver.createArgumentArray(ConstructorResolver.java:804) ~[spring-beans-6.2.19.jar:6.2.19]
	at org.springframework.beans.factory.support.ConstructorResolver.autowireConstructor(ConstructorResolver.java:240) ~[spring-beans-6.2.19.jar:6.2.19]
	at org.springframework.beans.factory.support.AbstractAutowireCapableBeanFactory.autowireConstructor(AbstractAutowireCapableBeanFactory.java:1393) ~[spring-beans-6.2.19.jar:6.2.19]
	at org.springframework.beans.factory.support.AbstractAutowireCapableBeanFactory.createBeanInstance(AbstractAutowireCapableBeanFactory.java:1230) ~[spring-beans-6.2.19.jar:6.2.19]
	at org.springframework.beans.factory.support.AbstractAutowireCapableBeanFactory.doCreateBean(AbstractAutowireCapableBeanFactory.java:569) ~[spring-beans-6.2.19.jar:6.2.19]
	at org.springframework.beans.factory.support.AbstractAutowireCapableBeanFactory.createBean(AbstractAutowireCapableBeanFactory.java:529) ~[spring-beans-6.2.19.jar:6.2.19]
	at org.springframework.beans.factory.support.AbstractBeanFactory.lambda$doGetBean$0(AbstractBeanFactory.java:339) ~[spring-beans-6.2.19.jar:6.2.19]
	at org.springframework.beans.factory.support.DefaultSingletonBeanRegistry.getSingleton(DefaultSingletonBeanRegistry.java:373) ~[spring-beans-6.2.19.jar:6.2.19]
	at org.springframework.beans.factory.support.AbstractBeanFactory.doGetBean(AbstractBeanFactory.java:337) ~[spring-beans-6.2.19.jar:6.2.19]
	at org.springframework.beans.factory.support.AbstractBeanFactory.getBean(AbstractBeanFactory.java:202) ~[spring-beans-6.2.19.jar:6.2.19]
	at org.springframework.beans.factory.support.DefaultListableBeanFactory.instantiateSingleton(DefaultListableBeanFactory.java:1235) ~[spring-beans-6.2.19.jar:6.2.19]
	at org.springframework.beans.factory.support.DefaultListableBeanFactory.preInstantiateSingleton(DefaultListableBeanFactory.java:1201) ~[spring-beans-6.2.19.jar:6.2.19]
	at org.springframework.beans.factory.support.DefaultListableBeanFactory.preInstantiateSingletons(DefaultListableBeanFactory.java:1130) ~[spring-beans-6.2.19.jar:6.2.19]
	at org.springframework.context.support.AbstractApplicationContext.finishBeanFactoryInitialization(AbstractApplicationContext.java:991) ~[spring-context-6.2.19.jar:6.2.19]
	at org.springframework.context.support.AbstractApplicationContext.refresh(AbstractApplicationContext.java:628) ~[spring-context-6.2.19.jar:6.2.19]
	at org.springframework.boot.web.servlet.context.ServletWebServerApplicationContext.refresh(ServletWebServerApplicationContext.java:146) ~[spring-boot-3.5.16.jar:3.5.16]
	at org.springframework.boot.SpringApplication.refresh(SpringApplication.java:752) ~[spring-boot-3.5.16.jar:3.5.16]
	at org.springframework.boot.SpringApplication.refreshContext(SpringApplication.java:439) ~[spring-boot-3.5.16.jar:3.5.16]
	at org.springframework.boot.SpringApplication.run(SpringApplication.java:318) ~[spring-boot-3.5.16.jar:3.5.16]
	at org.springframework.boot.builder.SpringApplicationBuilder.run(SpringApplicationBuilder.java:149) ~[spring-boot-3.5.16.jar:3.5.16]
	at lab.conference.acceptance.support.AppInstance.start(AppInstance.java:78) ~[test-classes/:na]
	at org.assertj.core.api.ThrowableAssert.catchThrowable(ThrowableAssert.java:66) ~[assertj-core-3.27.7.jar:na]
	at org.assertj.core.api.AssertionsForClassTypes.catchThrowable(AssertionsForClassTypes.java:908) ~[assertj-core-3.27.7.jar:na]
	at org.assertj.core.api.Assertions.catchThrowable(Assertions.java:1476) ~[assertj-core-3.27.7.jar:na]
	at org.assertj.core.api.Assertions.assertThatThrownBy(Assertions.java:1319) ~[assertj-core-3.27.7.jar:na]
	at lab.conference.acceptance.CatalogAcceptanceTest.ac_003_03_invalidCatalogPreventsStartup(CatalogAcceptanceTest.java:108) ~[test-classes/:na]
	at java.base/jdk.internal.reflect.DirectMethodHandleAccessor.invoke(DirectMethodHandleAccessor.java:103) ~[na:na]
	at java.base/java.lang.reflect.Method.invoke(Method.java:580) ~[na:na]
	at org.junit.platform.commons.util.ReflectionUtils.invokeMethod(ReflectionUtils.java:775) ~[junit-platform-commons-1.12.2.jar:1.12.2]
	at org.junit.platform.commons.support.ReflectionSupport.invokeMethod(ReflectionSupport.java:479) ~[junit-platform-commons-1.12.2.jar:1.12.2]
	at org.junit.jupiter.engine.execution.MethodInvocation.proceed(MethodInvocation.java:60) ~[junit-jupiter-engine-5.12.2.jar:5.12.2]
	at org.junit.jupiter.engine.execution.InvocationInterceptorChain$ValidatingInvocation.proceed(InvocationInterceptorChain.java:131) ~[junit-jupiter-engine-5.12.2.jar:5.12.2]
	at org.junit.jupiter.params.ArgumentCountValidator.interceptTestTemplateMethod(ArgumentCountValidator.java:45) ~[junit-jupiter-params-5.12.2.jar:5.12.2]
	at org.junit.jupiter.engine.execution.InterceptingExecutableInvoker$ReflectiveInterceptorCall.lambda$ofVoidMethod$0(InterceptingExecutableInvoker.java:112) ~[junit-jupiter-engine-5.12.2.jar:5.12.2]
	at org.junit.jupiter.engine.execution.InterceptingExecutableInvoker.lambda$invoke$0(InterceptingExecutableInvoker.java:94) ~[junit-jupiter-engine-5.12.2.jar:5.12.2]
	at org.junit.jupiter.engine.execution.InvocationInterceptorChain$InterceptedInvocation.proceed(InvocationInterceptorChain.java:106) ~[junit-jupiter-engine-5.12.2.jar:5.12.2]
	at org.junit.jupiter.engine.extension.TimeoutExtension.intercept(TimeoutExtension.java:161) ~[junit-jupiter-engine-5.12.2.jar:5.12.2]
	at org.junit.jupiter.engine.extension.TimeoutExtension.interceptTestableMethod(TimeoutExtension.java:152) ~[junit-jupiter-engine-5.12.2.jar:5.12.2]
	at org.junit.jupiter.engine.extension.TimeoutExtension.interceptTestTemplateMethod(TimeoutExtension.java:99) ~[junit-jupiter-engine-5.12.2.jar:5.12.2]
	at org.junit.jupiter.engine.execution.InterceptingExecutableInvoker$ReflectiveInterceptorCall.lambda$ofVoidMethod$0(InterceptingExecutableInvoker.java:112) ~[junit-jupiter-engine-5.12.2.jar:5.12.2]
	at org.junit.jupiter.engine.execution.InterceptingExecutableInvoker.lambda$invoke$0(InterceptingExecutableInvoker.java:94) ~[junit-jupiter-engine-5.12.2.jar:5.12.2]
	at org.junit.jupiter.engine.execution.InvocationInterceptorChain$InterceptedInvocation.proceed(InvocationInterceptorChain.java:106) ~[junit-jupiter-engine-5.12.2.jar:5.12.2]
	at org.junit.jupiter.engine.execution.InvocationInterceptorChain.proceed(InvocationInterceptorChain.java:64) ~[junit-jupiter-engine-5.12.2.jar:5.12.2]
	at org.junit.jupiter.engine.execution.InvocationInterceptorChain.chainAndInvoke(InvocationInterceptorChain.java:45) ~[junit-jupiter-engine-5.12.2.jar:5.12.2]
	at org.junit.jupiter.engine.execution.InvocationInterceptorChain.invoke(InvocationInterceptorChain.java:37) ~[junit-jupiter-engine-5.12.2.jar:5.12.2]
	at org.junit.jupiter.engine.execution.InterceptingExecutableInvoker.invoke(InterceptingExecutableInvoker.java:93) ~[junit-jupiter-engine-5.12.2.jar:5.12.2]
	at org.junit.jupiter.engine.execution.InterceptingExecutableInvoker.invoke(InterceptingExecutableInvoker.java:87) ~[junit-jupiter-engine-5.12.2.jar:5.12.2]
	at org.junit.jupiter.engine.descriptor.TestMethodTestDescriptor.lambda$invokeTestMethod$7(TestMethodTestDescriptor.java:216) ~[junit-jupiter-engine-5.12.2.jar:5.12.2]
	at org.junit.platform.engine.support.hierarchical.ThrowableCollector.execute(ThrowableCollector.java:73) ~[junit-platform-engine-1.12.2.jar:1.12.2]
	at org.junit.jupiter.engine.descriptor.TestMethodTestDescriptor.invokeTestMethod(TestMethodTestDescriptor.java:212) ~[junit-jupiter-engine-5.12.2.jar:5.12.2]
	at org.junit.jupiter.engine.descriptor.TestMethodTestDescriptor.execute(TestMethodTestDescriptor.java:137) ~[junit-jupiter-engine-5.12.2.jar:5.12.2]
	at org.junit.jupiter.engine.descriptor.TestMethodTestDescriptor.execute(TestMethodTestDescriptor.java:69) ~[junit-jupiter-engine-5.12.2.jar:5.12.2]
	at org.junit.platform.engine.support.hierarchical.NodeTestTask.lambda$executeRecursively$6(NodeTestTask.java:156) ~[junit-platform-engine-1.12.2.jar:1.12.2]
	at org.junit.platform.engine.support.hierarchical.ThrowableCollector.execute(ThrowableCollector.java:73) ~[junit-platform-engine-1.12.2.jar:1.12.2]
	at org.junit.platform.engine.support.hierarchical.NodeTestTask.lambda$executeRecursively$8(NodeTestTask.java:146) ~[junit-platform-engine-1.12.2.jar:1.12.2]
	at org.junit.platform.engine.support.hierarchical.Node.around(Node.java:137) ~[junit-platform-engine-1.12.2.jar:1.12.2]
	at org.junit.platform.engine.support.hierarchical.NodeTestTask.lambda$executeRecursively$9(NodeTestTask.java:144) ~[junit-platform-engine-1.12.2.jar:1.12.2]
	at org.junit.platform.engine.support.hierarchical.ThrowableCollector.execute(ThrowableCollector.java:73) ~[junit-platform-engine-1.12.2.jar:1.12.2]
	at org.junit.platform.engine.support.hierarchical.NodeTestTask.executeRecursively(NodeTestTask.java:143) ~[junit-platform-engine-1.12.2.jar:1.12.2]
	at org.junit.platform.engine.support.hierarchical.NodeTestTask.execute(NodeTestTask.java:100) ~[junit-platform-engine-1.12.2.jar:1.12.2]
	at org.junit.platform.engine.support.hierarchical.SameThreadHierarchicalTestExecutorService.submit(SameThreadHierarchicalTestExecutorService.java:35) ~[junit-platform-engine-1.12.2.jar:1.12.2]
	at org.junit.platform.engine.support.hierarchical.NodeTestTask$DefaultDynamicTestExecutor.execute(NodeTestTask.java:231) ~[junit-platform-engine-1.12.2.jar:1.12.2]
	at org.junit.platform.engine.support.hierarchical.NodeTestTask$DefaultDynamicTestExecutor.execute(NodeTestTask.java:209) ~[junit-platform-engine-1.12.2.jar:1.12.2]
	at org.junit.jupiter.engine.descriptor.TestTemplateTestDescriptor.execute(TestTemplateTestDescriptor.java:157) ~[junit-jupiter-engine-5.12.2.jar:5.12.2]
	at org.junit.jupiter.engine.descriptor.TestTemplateTestDescriptor.lambda$executeForProvider$0(TestTemplateTestDescriptor.java:115) ~[junit-jupiter-engine-5.12.2.jar:5.12.2]
	at java.base/java.util.Optional.ifPresent(Optional.java:178) ~[na:na]
	at org.junit.jupiter.engine.descriptor.TestTemplateTestDescriptor.lambda$executeForProvider$1(TestTemplateTestDescriptor.java:115) ~[junit-jupiter-engine-5.12.2.jar:5.12.2]
	at java.base/java.util.stream.ForEachOps$ForEachOp$OfRef.accept(ForEachOps.java:184) ~[na:na]
	at java.base/java.util.stream.ReferencePipeline$3$1.accept(ReferencePipeline.java:197) ~[na:na]
	at java.base/java.util.stream.ForEachOps$ForEachOp$OfRef.accept(ForEachOps.java:184) ~[na:na]
	at java.base/java.util.stream.ForEachOps$ForEachOp$OfRef.accept(ForEachOps.java:184) ~[na:na]
	at java.base/java.util.stream.ReferencePipeline$3$1.accept(ReferencePipeline.java:197) ~[na:na]
	at java.base/java.util.Spliterators$ArraySpliterator.forEachRemaining(Spliterators.java:1024) ~[na:na]
	at java.base/java.util.stream.AbstractPipeline.copyInto(AbstractPipeline.java:509) ~[na:na]
	at java.base/java.util.stream.AbstractPipeline.wrapAndCopyInto(AbstractPipeline.java:499) ~[na:na]
	at java.base/java.util.stream.ForEachOps$ForEachOp.evaluateSequential(ForEachOps.java:151) ~[na:na]
	at java.base/java.util.stream.ForEachOps$ForEachOp$OfRef.evaluateSequential(ForEachOps.java:174) ~[na:na]
	at java.base/java.util.stream.AbstractPipeline.evaluate(AbstractPipeline.java:234) ~[na:na]
	at java.base/java.util.stream.ReferencePipeline.forEach(ReferencePipeline.java:596) ~[na:na]
	at java.base/java.util.stream.ReferencePipeline$7$1.accept(ReferencePipeline.java:276) ~[na:na]
	at java.base/java.util.ArrayList$ArrayListSpliterator.forEachRemaining(ArrayList.java:1708) ~[na:na]
	at java.base/java.util.stream.AbstractPipeline.copyInto(AbstractPipeline.java:509) ~[na:na]
	at java.base/java.util.stream.AbstractPipeline.wrapAndCopyInto(AbstractPipeline.java:499) ~[na:na]
	at java.base/java.util.stream.ForEachOps$ForEachOp.evaluateSequential(ForEachOps.java:151) ~[na:na]
	at java.base/java.util.stream.ForEachOps$ForEachOp$OfRef.evaluateSequential(ForEachOps.java:174) ~[na:na]
	at java.base/java.util.stream.AbstractPipeline.evaluate(AbstractPipeline.java:234) ~[na:na]
	at java.base/java.util.stream.ReferencePipeline.forEach(ReferencePipeline.java:596) ~[na:na]
	at java.base/java.util.stream.ReferencePipeline$7$1.accept(ReferencePipeline.java:276) ~[na:na]
	at java.base/java.util.stream.ReferencePipeline$3$1.accept(ReferencePipeline.java:197) ~[na:na]
	at java.base/java.util.stream.ReferencePipeline$3$1.accept(ReferencePipeline.java:197) ~[na:na]
	at java.base/java.util.stream.ReferencePipeline$3$1.accept(ReferencePipeline.java:197) ~[na:na]
	at java.base/java.util.ArrayList$ArrayListSpliterator.forEachRemaining(ArrayList.java:1708) ~[na:na]
	at java.base/java.util.stream.AbstractPipeline.copyInto(AbstractPipeline.java:509) ~[na:na]
	at java.base/java.util.stream.AbstractPipeline.wrapAndCopyInto(AbstractPipeline.java:499) ~[na:na]
	at java.base/java.util.stream.ForEachOps$ForEachOp.evaluateSequential(ForEachOps.java:151) ~[na:na]
	at java.base/java.util.stream.ForEachOps$ForEachOp$OfRef.evaluateSequential(ForEachOps.java:174) ~[na:na]
	at java.base/java.util.stream.AbstractPipeline.evaluate(AbstractPipeline.java:234) ~[na:na]
	at java.base/java.util.stream.ReferencePipeline.forEach(ReferencePipeline.java:596) ~[na:na]
	at org.junit.jupiter.engine.descriptor.TestTemplateTestDescriptor.executeForProvider(TestTemplateTestDescriptor.java:114) ~[junit-jupiter-engine-5.12.2.jar:5.12.2]
	at org.junit.jupiter.engine.descriptor.TestTemplateTestDescriptor.execute(TestTemplateTestDescriptor.java:103) ~[junit-jupiter-engine-5.12.2.jar:5.12.2]
	at org.junit.jupiter.engine.descriptor.TestTemplateTestDescriptor.execute(TestTemplateTestDescriptor.java:43) ~[junit-jupiter-engine-5.12.2.jar:5.12.2]
	at org.junit.platform.engine.support.hierarchical.NodeTestTask.lambda$executeRecursively$6(NodeTestTask.java:156) ~[junit-platform-engine-1.12.2.jar:1.12.2]
	at org.junit.platform.engine.support.hierarchical.ThrowableCollector.execute(ThrowableCollector.java:73) ~[junit-platform-engine-1.12.2.jar:1.12.2]
	at org.junit.platform.engine.support.hierarchical.NodeTestTask.lambda$executeRecursively$8(NodeTestTask.java:146) ~[junit-platform-engine-1.12.2.jar:1.12.2]
	at org.junit.platform.engine.support.hierarchical.Node.around(Node.java:137) ~[junit-platform-engine-1.12.2.jar:1.12.2]
	at org.junit.platform.engine.support.hierarchical.NodeTestTask.lambda$executeRecursively$9(NodeTestTask.java:144) ~[junit-platform-engine-1.12.2.jar:1.12.2]
	at org.junit.platform.engine.support.hierarchical.ThrowableCollector.execute(ThrowableCollector.java:73) ~[junit-platform-engine-1.12.2.jar:1.12.2]
	at org.junit.platform.engine.support.hierarchical.NodeTestTask.executeRecursively(NodeTestTask.java:143) ~[junit-platform-engine-1.12.2.jar:1.12.2]
	at org.junit.platform.engine.support.hierarchical.NodeTestTask.execute(NodeTestTask.java:100) ~[junit-platform-engine-1.12.2.jar:1.12.2]
	at java.base/java.util.ArrayList.forEach(ArrayList.java:1596) ~[na:na]
	at org.junit.platform.engine.support.hierarchical.SameThreadHierarchicalTestExecutorService.invokeAll(SameThreadHierarchicalTestExecutorService.java:41) ~[junit-platform-engine-1.12.2.jar:1.12.2]
	at org.junit.platform.engine.support.hierarchical.NodeTestTask.lambda$executeRecursively$6(NodeTestTask.java:160) ~[junit-platform-engine-1.12.2.jar:1.12.2]
	at org.junit.platform.engine.support.hierarchical.ThrowableCollector.execute(ThrowableCollector.java:73) ~[junit-platform-engine-1.12.2.jar:1.12.2]
	at org.junit.platform.engine.support.hierarchical.NodeTestTask.lambda$executeRecursively$8(NodeTestTask.java:146) ~[junit-platform-engine-1.12.2.jar:1.12.2]
	at org.junit.platform.engine.support.hierarchical.Node.around(Node.java:137) ~[junit-platform-engine-1.12.2.jar:1.12.2]
	at org.junit.platform.engine.support.hierarchical.NodeTestTask.lambda$executeRecursively$9(NodeTestTask.java:144) ~[junit-platform-engine-1.12.2.jar:1.12.2]
	at org.junit.platform.engine.support.hierarchical.ThrowableCollector.execute(ThrowableCollector.java:73) ~[junit-platform-engine-1.12.2.jar:1.12.2]
	at org.junit.platform.engine.support.hierarchical.NodeTestTask.executeRecursively(NodeTestTask.java:143) ~[junit-platform-engine-1.12.2.jar:1.12.2]
	at org.junit.platform.engine.support.hierarchical.NodeTestTask.execute(NodeTestTask.java:100) ~[junit-platform-engine-1.12.2.jar:1.12.2]
	at java.base/java.util.ArrayList.forEach(ArrayList.java:1596) ~[na:na]
	at org.junit.platform.engine.support.hierarchical.SameThreadHierarchicalTestExecutorService.invokeAll(SameThreadHierarchicalTestExecutorService.java:41) ~[junit-platform-engine-1.12.2.jar:1.12.2]
	at org.junit.platform.engine.support.hierarchical.NodeTestTask.lambda$executeRecursively$6(NodeTestTask.java:160) ~[junit-platform-engine-1.12.2.jar:1.12.2]
	at org.junit.platform.engine.support.hierarchical.ThrowableCollector.execute(ThrowableCollector.java:73) ~[junit-platform-engine-1.12.2.jar:1.12.2]
	at org.junit.platform.engine.support.hierarchical.NodeTestTask.lambda$executeRecursively$8(NodeTestTask.java:146) ~[junit-platform-engine-1.12.2.jar:1.12.2]
	at org.junit.platform.engine.support.hierarchical.Node.around(Node.java:137) ~[junit-platform-engine-1.12.2.jar:1.12.2]
	at org.junit.platform.engine.support.hierarchical.NodeTestTask.lambda$executeRecursively$9(NodeTestTask.java:144) ~[junit-platform-engine-1.12.2.jar:1.12.2]
	at org.junit.platform.engine.support.hierarchical.ThrowableCollector.execute(ThrowableCollector.java:73) ~[junit-platform-engine-1.12.2.jar:1.12.2]
	at org.junit.platform.engine.support.hierarchical.NodeTestTask.executeRecursively(NodeTestTask.java:143) ~[junit-platform-engine-1.12.2.jar:1.12.2]
	at org.junit.platform.engine.support.hierarchical.NodeTestTask.execute(NodeTestTask.java:100) ~[junit-platform-engine-1.12.2.jar:1.12.2]
	at org.junit.platform.engine.support.hierarchical.SameThreadHierarchicalTestExecutorService.submit(SameThreadHierarchicalTestExecutorService.java:35) ~[junit-platform-engine-1.12.2.jar:1.12.2]
	at org.junit.platform.engine.support.hierarchical.HierarchicalTestExecutor.execute(HierarchicalTestExecutor.java:57) ~[junit-platform-engine-1.12.2.jar:1.12.2]
	at org.junit.platform.engine.support.hierarchical.HierarchicalTestEngine.execute(HierarchicalTestEngine.java:54) ~[junit-platform-engine-1.12.2.jar:1.12.2]
	at org.junit.platform.launcher.core.EngineExecutionOrchestrator.execute(EngineExecutionOrchestrator.java:201) ~[junit-platform-launcher-1.12.2.jar:1.12.2]
	at org.junit.platform.launcher.core.EngineExecutionOrchestrator.execute(EngineExecutionOrchestrator.java:170) ~[junit-platform-launcher-1.12.2.jar:1.12.2]
	at org.junit.platform.launcher.core.EngineExecutionOrchestrator.execute(EngineExecutionOrchestrator.java:94) ~[junit-platform-launcher-1.12.2.jar:1.12.2]
	at org.junit.platform.launcher.core.EngineExecutionOrchestrator.lambda$execute$0(EngineExecutionOrchestrator.java:59) ~[junit-platform-launcher-1.12.2.jar:1.12.2]
	at org.junit.platform.launcher.core.EngineExecutionOrchestrator.withInterceptedStreams(EngineExecutionOrchestrator.java:142) ~[junit-platform-launcher-1.12.2.jar:1.12.2]
	at org.junit.platform.launcher.core.EngineExecutionOrchestrator.execute(EngineExecutionOrchestrator.java:58) ~[junit-platform-launcher-1.12.2.jar:1.12.2]
	at org.junit.platform.launcher.core.DefaultLauncher.execute(DefaultLauncher.java:103) ~[junit-platform-launcher-1.12.2.jar:1.12.2]
	at org.junit.platform.launcher.core.DefaultLauncher.execute(DefaultLauncher.java:85) ~[junit-platform-launcher-1.12.2.jar:1.12.2]
	at org.junit.platform.launcher.core.DelegatingLauncher.execute(DelegatingLauncher.java:47) ~[junit-platform-launcher-1.12.2.jar:1.12.2]
	at org.junit.platform.launcher.core.InterceptingLauncher.lambda$execute$1(InterceptingLauncher.java:39) ~[junit-platform-launcher-1.12.2.jar:1.12.2]
	at org.junit.platform.launcher.core.ClasspathAlignmentCheckingLauncherInterceptor.intercept(ClasspathAlignmentCheckingLauncherInterceptor.java:25) ~[junit-platform-launcher-1.12.2.jar:1.12.2]
	at org.junit.platform.launcher.core.InterceptingLauncher.execute(InterceptingLauncher.java:38) ~[junit-platform-launcher-1.12.2.jar:1.12.2]
	at org.junit.platform.launcher.core.DelegatingLauncher.execute(DelegatingLauncher.java:47) ~[junit-platform-launcher-1.12.2.jar:1.12.2]
	at org.apache.maven.surefire.junitplatform.LauncherAdapter.executeWithoutCancellationToken(LauncherAdapter.java:60) ~[surefire-junit-platform-3.5.6.jar:3.5.6]
	at org.apache.maven.surefire.junitplatform.LauncherAdapter.execute(LauncherAdapter.java:52) ~[surefire-junit-platform-3.5.6.jar:3.5.6]
	at org.apache.maven.surefire.junitplatform.JUnitPlatformProvider.execute(JUnitPlatformProvider.java:203) ~[surefire-junit-platform-3.5.6.jar:3.5.6]
	at org.apache.maven.surefire.junitplatform.JUnitPlatformProvider.invokeAllTests(JUnitPlatformProvider.java:168) ~[surefire-junit-platform-3.5.6.jar:3.5.6]
	at org.apache.maven.surefire.junitplatform.JUnitPlatformProvider.invoke(JUnitPlatformProvider.java:136) ~[surefire-junit-platform-3.5.6.jar:3.5.6]
	at org.apache.maven.surefire.booter.ForkedBooter.runSuitesInProcess(ForkedBooter.java:385) ~[surefire-booter-3.5.6.jar:3.5.6]
	at org.apache.maven.surefire.booter.ForkedBooter.execute(ForkedBooter.java:162) ~[surefire-booter-3.5.6.jar:3.5.6]
	at org.apache.maven.surefire.booter.ForkedBooter.run(ForkedBooter.java:507) ~[surefire-booter-3.5.6.jar:3.5.6]
	at org.apache.maven.surefire.booter.ForkedBooter.main(ForkedBooter.java:495) ~[surefire-booter-3.5.6.jar:3.5.6]
Caused by: org.springframework.beans.factory.BeanCreationException: Error creating bean with name 'catalog' defined in class path resource [lab/conference/options/OptionsConfig.class]: Failed to instantiate [lab.conference.options.Catalog]: Factory method 'catalog' threw exception with message: catalog file is not valid JSON
	at org.springframework.beans.factory.support.ConstructorResolver.instantiate(ConstructorResolver.java:657) ~[spring-beans-6.2.19.jar:6.2.19]
	at org.springframework.beans.factory.support.ConstructorResolver.instantiateUsingFactoryMethod(ConstructorResolver.java:645) ~[spring-beans-6.2.19.jar:6.2.19]
	at org.springframework.beans.factory.support.AbstractAutowireCapableBeanFactory.instantiateUsingFactoryMethod(AbstractAutowireCapableBeanFactory.java:1373) ~[spring-beans-6.2.19.jar:6.2.19]
	at org.springframework.beans.factory.support.AbstractAutowireCapableBeanFactory.createBeanInstance(AbstractAutowireCapableBeanFactory.java:1203) ~[spring-beans-6.2.19.jar:6.2.19]
	at org.springframework.beans.factory.support.AbstractAutowireCapableBeanFactory.doCreateBean(AbstractAutowireCapableBeanFactory.java:569) ~[spring-beans-6.2.19.jar:6.2.19]
	at org.springframework.beans.factory.support.AbstractAutowireCapableBeanFactory.createBean(AbstractAutowireCapableBeanFactory.java:529) ~[spring-beans-6.2.19.jar:6.2.19]
	at org.springframework.beans.factory.support.AbstractBeanFactory.lambda$doGetBean$0(AbstractBeanFactory.java:339) ~[spring-beans-6.2.19.jar:6.2.19]
	at org.springframework.beans.factory.support.DefaultSingletonBeanRegistry.getSingleton(DefaultSingletonBeanRegistry.java:373) ~[spring-beans-6.2.19.jar:6.2.19]
	at org.springframework.beans.factory.support.AbstractBeanFactory.doGetBean(AbstractBeanFactory.java:337) ~[spring-beans-6.2.19.jar:6.2.19]
	at org.springframework.beans.factory.support.AbstractBeanFactory.getBean(AbstractBeanFactory.java:202) ~[spring-beans-6.2.19.jar:6.2.19]
	at org.springframework.beans.factory.support.DefaultListableBeanFactory.doResolveDependency(DefaultListableBeanFactory.java:1715) ~[spring-beans-6.2.19.jar:6.2.19]
	at org.springframework.beans.factory.support.DefaultListableBeanFactory.resolveDependency(DefaultListableBeanFactory.java:1660) ~[spring-beans-6.2.19.jar:6.2.19]
	at org.springframework.beans.factory.support.ConstructorResolver.resolveAutowiredArgument(ConstructorResolver.java:913) ~[spring-beans-6.2.19.jar:6.2.19]
	at org.springframework.beans.factory.support.ConstructorResolver.createArgumentArray(ConstructorResolver.java:791) ~[spring-beans-6.2.19.jar:6.2.19]
	... 153 common frames omitted
Caused by: org.springframework.beans.BeanInstantiationException: Failed to instantiate [lab.conference.options.Catalog]: Factory method 'catalog' threw exception with message: catalog file is not valid JSON
	at org.springframework.beans.factory.support.SimpleInstantiationStrategy.lambda$instantiate$0(SimpleInstantiationStrategy.java:200) ~[spring-beans-6.2.19.jar:6.2.19]
	at org.springframework.beans.factory.support.SimpleInstantiationStrategy.instantiateWithFactoryMethod(SimpleInstantiationStrategy.java:89) ~[spring-beans-6.2.19.jar:6.2.19]
	at org.springframework.beans.factory.support.SimpleInstantiationStrategy.instantiate(SimpleInstantiationStrategy.java:169) ~[spring-beans-6.2.19.jar:6.2.19]
	at org.springframework.beans.factory.support.ConstructorResolver.instantiate(ConstructorResolver.java:653) ~[spring-beans-6.2.19.jar:6.2.19]
	... 166 common frames omitted
Caused by: lab.conference.options.InvalidCatalogException: catalog file is not valid JSON
	at lab.conference.options.CatalogLoader.load(CatalogLoader.java:39) ~[classes/:na]
	at lab.conference.options.OptionsConfig.catalog(OptionsConfig.java:17) ~[classes/:na]
	at lab.conference.options.OptionsConfig$$SpringCGLIB$$0.CGLIB$catalog$0(<generated>) ~[classes/:na]
	at lab.conference.options.OptionsConfig$$SpringCGLIB$$FastClass$$1.invoke(<generated>) ~[classes/:na]
	at org.springframework.cglib.proxy.MethodProxy.invokeSuper(MethodProxy.java:258) ~[spring-core-6.2.19.jar:6.2.19]
	at org.springframework.context.annotation.ConfigurationClassEnhancer$BeanMethodInterceptor.intercept(ConfigurationClassEnhancer.java:400) ~[spring-context-6.2.19.jar:6.2.19]
	at lab.conference.options.OptionsConfig$$SpringCGLIB$$0.catalog(<generated>) ~[classes/:na]
	at java.base/jdk.internal.reflect.DirectMethodHandleAccessor.invoke(DirectMethodHandleAccessor.java:103) ~[na:na]
	at java.base/java.lang.reflect.Method.invoke(Method.java:580) ~[na:na]
	at org.springframework.beans.factory.support.SimpleInstantiationStrategy.lambda$instantiate$0(SimpleInstantiationStrategy.java:172) ~[spring-beans-6.2.19.jar:6.2.19]
	... 169 common frames omitted
Caused by: com.fasterxml.jackson.core.io.JsonEOFException: Unexpected end-of-input: expected close marker for Array (start marker at [Source: REDACTED (`StreamReadFeature.INCLUDE_SOURCE_IN_LOCATION` disabled); line: 1, column: 65])
 at [Source: REDACTED (`StreamReadFeature.INCLUDE_SOURCE_IN_LOCATION` disabled); line: 2, column: 1]
	at com.fasterxml.jackson.core.base.ParserMinimalBase._reportInvalidEOF(ParserMinimalBase.java:643) ~[jackson-core-2.21.4.jar:2.21.4]
	at com.fasterxml.jackson.core.base.ParserBase._handleEOF(ParserBase.java:534) ~[jackson-core-2.21.4.jar:2.21.4]
	at com.fasterxml.jackson.core.base.ParserBase._eofAsNextChar(ParserBase.java:551) ~[jackson-core-2.21.4.jar:2.21.4]
	at com.fasterxml.jackson.core.json.UTF8StreamJsonParser._skipWSOrEnd2(UTF8StreamJsonParser.java:3232) ~[jackson-core-2.21.4.jar:2.21.4]
	at com.fasterxml.jackson.core.json.UTF8StreamJsonParser._skipWSOrEnd(UTF8StreamJsonParser.java:3202) ~[jackson-core-2.21.4.jar:2.21.4]
	at com.fasterxml.jackson.core.json.UTF8StreamJsonParser.nextToken(UTF8StreamJsonParser.java:716) ~[jackson-core-2.21.4.jar:2.21.4]
	at com.fasterxml.jackson.databind.deser.std.BaseNodeDeserializer._deserializeContainerNoRecursion(JsonNodeDeserializer.java:608) ~[jackson-databind-2.21.4.jar:2.21.4]
	at com.fasterxml.jackson.databind.deser.std.JsonNodeDeserializer.deserialize(JsonNodeDeserializer.java:99) ~[jackson-databind-2.21.4.jar:2.21.4]
	at com.fasterxml.jackson.databind.deser.std.JsonNodeDeserializer.deserialize(JsonNodeDeserializer.java:24) ~[jackson-databind-2.21.4.jar:2.21.4]
	at com.fasterxml.jackson.databind.deser.DefaultDeserializationContext.readRootValue(DefaultDeserializationContext.java:342) ~[jackson-databind-2.21.4.jar:2.21.4]
	at com.fasterxml.jackson.databind.ObjectMapper._readTreeAndClose(ObjectMapper.java:5094) ~[jackson-databind-2.21.4.jar:2.21.4]
	at com.fasterxml.jackson.databind.ObjectMapper.readTree(ObjectMapper.java:3363) ~[jackson-databind-2.21.4.jar:2.21.4]
	at lab.conference.options.CatalogLoader.load(CatalogLoader.java:37) ~[classes/:na]
	... 178 common frames omitted

2026-09-30T14:23:35.327+02:00  INFO 1862392 --- [conference-backend] [           main] o.a.maven.surefire.booter.ForkedBooter   : Starting ForkedBooter v3.5.6 using Java 21.0.12 with PID 1862392 (started by tjan-kazar in /home/tjan-kazar/storage/Work/lab/agentic_lab/02_output/backend)
2026-09-30T14:23:35.327+02:00  INFO 1862392 --- [conference-backend] [           main] o.a.maven.surefire.booter.ForkedBooter   : No active profile set, falling back to 1 default profile: "default"
2026-09-30T14:23:35.432+02:00  INFO 1862392 --- [conference-backend] [           main] .s.d.r.c.RepositoryConfigurationDelegate : Bootstrapping Spring Data JPA repositories in DEFAULT mode.
2026-09-30T14:23:35.438+02:00  INFO 1862392 --- [conference-backend] [           main] .s.d.r.c.RepositoryConfigurationDelegate : Finished Spring Data repository scanning in 6 ms. Found 2 JPA repository interfaces.
2026-09-30T14:23:35.482+02:00  INFO 1862392 --- [conference-backend] [           main] o.s.b.w.embedded.tomcat.TomcatWebServer  : Tomcat initialized with port 0 (http)
2026-09-30T14:23:35.484+02:00  INFO 1862392 --- [conference-backend] [           main] o.apache.catalina.core.StandardService   : Starting service [Tomcat]
2026-09-30T14:23:35.484+02:00  INFO 1862392 --- [conference-backend] [           main] o.apache.catalina.core.StandardEngine    : Starting Servlet engine: [Apache Tomcat/10.1.60]
2026-09-30T14:23:35.491+02:00  INFO 1862392 --- [conference-backend] [           main] o.a.c.c.C.[Tomcat-1].[localhost].[/]     : Initializing Spring embedded WebApplicationContext
2026-09-30T14:23:35.491+02:00  INFO 1862392 --- [conference-backend] [           main] w.s.c.ServletWebServerApplicationContext : Root WebApplicationContext: initialization completed in 163 ms
2026-09-30T14:23:35.545+02:00  INFO 1862392 --- [conference-backend] [           main] com.zaxxer.hikari.HikariDataSource       : HikariPool-16 - Starting...
2026-09-30T14:23:35.563+02:00  INFO 1862392 --- [conference-backend] [           main] com.zaxxer.hikari.pool.HikariPool        : HikariPool-16 - Added connection org.postgresql.jdbc.PgConnection@7a01d65a
2026-09-30T14:23:35.563+02:00  INFO 1862392 --- [conference-backend] [           main] com.zaxxer.hikari.HikariDataSource       : HikariPool-16 - Start completed.
2026-09-30T14:23:35.564+02:00  INFO 1862392 --- [conference-backend] [           main] org.flywaydb.core.FlywayExecutor         : Database: jdbc:postgresql://localhost:45139/conf_5ddd7ab3983a (PostgreSQL 16.14)
2026-09-30T14:23:35.575+02:00  INFO 1862392 --- [conference-backend] [           main] o.f.c.i.s.JdbcTableSchemaHistory         : Schema history table "public"."flyway_schema_history" does not exist yet
2026-09-30T14:23:35.576+02:00  INFO 1862392 --- [conference-backend] [           main] o.f.core.internal.command.DbValidate     : Successfully validated 1 migration (execution time 00:00.003s)
2026-09-30T14:23:35.585+02:00  INFO 1862392 --- [conference-backend] [           main] o.f.c.i.s.JdbcTableSchemaHistory         : Creating Schema History table "public"."flyway_schema_history" ...
2026-09-30T14:23:35.612+02:00  INFO 1862392 --- [conference-backend] [           main] o.f.core.internal.command.DbMigrate      : Current version of schema "public": << Empty Schema >>
2026-09-30T14:23:35.617+02:00  INFO 1862392 --- [conference-backend] [           main] o.f.core.internal.command.DbMigrate      : Migrating schema "public" to version "1 - registration schema"
2026-09-30T14:23:35.637+02:00  INFO 1862392 --- [conference-backend] [           main] o.f.core.internal.command.DbMigrate      : Successfully applied 1 migration to schema "public", now at version v1 (execution time 00:00.014s)
2026-09-30T14:23:35.647+02:00  INFO 1862392 --- [conference-backend] [           main] o.hibernate.jpa.internal.util.LogHelper  : HHH000204: Processing PersistenceUnitInfo [name: default]
2026-09-30T14:23:35.648+02:00  INFO 1862392 --- [conference-backend] [           main] o.h.c.internal.RegionFactoryInitiator    : HHH000026: Second-level cache disabled
2026-09-30T14:23:35.653+02:00  INFO 1862392 --- [conference-backend] [           main] o.s.o.j.p.SpringPersistenceUnitInfo      : No LoadTimeWeaver setup: ignoring JPA class transformer
2026-09-30T14:23:35.658+02:00  INFO 1862392 --- [conference-backend] [           main] org.hibernate.orm.connections.pooling    : HHH10001005: Database info:
	Database JDBC URL [Connecting through datasource 'HikariDataSource (HikariPool-16)']
	Database driver: undefined/unknown
	Database version: 16.14
	Autocommit mode: undefined/unknown
	Isolation level: undefined/unknown
	Minimum pool size: undefined/unknown
	Maximum pool size: undefined/unknown
2026-09-30T14:23:35.695+02:00  INFO 1862392 --- [conference-backend] [           main] o.h.e.t.j.p.i.JtaPlatformInitiator       : HHH000489: No JTA platform available (set 'hibernate.transaction.jta.platform' to enable JTA platform integration)
2026-09-30T14:23:35.707+02:00  INFO 1862392 --- [conference-backend] [           main] j.LocalContainerEntityManagerFactoryBean : Initialized JPA EntityManagerFactory for persistence unit 'default'
2026-09-30T14:23:35.739+02:00  WARN 1862392 --- [conference-backend] [           main] ConfigServletWebServerApplicationContext : Exception encountered during context initialization - cancelling refresh attempt: org.springframework.beans.factory.UnsatisfiedDependencyException: Error creating bean with name 'catalogController' defined in file [/home/tjan-kazar/storage/Work/lab/agentic_lab/02_output/backend/target/classes/lab/conference/registration/CatalogController.class]: Unsatisfied dependency expressed through constructor parameter 0: Error creating bean with name 'catalog' defined in class path resource [lab/conference/options/OptionsConfig.class]: Failed to instantiate [lab.conference.options.Catalog]: Factory method 'catalog' threw exception with message: duplicate option id: dup-id
2026-09-30T14:23:35.739+02:00  INFO 1862392 --- [conference-backend] [           main] j.LocalContainerEntityManagerFactoryBean : Closing JPA EntityManagerFactory for persistence unit 'default'
2026-09-30T14:23:35.739+02:00  INFO 1862392 --- [conference-backend] [           main] com.zaxxer.hikari.HikariDataSource       : HikariPool-16 - Shutdown initiated...
2026-09-30T14:23:35.749+02:00  INFO 1862392 --- [conference-backend] [           main] com.zaxxer.hikari.HikariDataSource       : HikariPool-16 - Shutdown completed.
2026-09-30T14:23:35.750+02:00  INFO 1862392 --- [conference-backend] [           main] o.apache.catalina.core.StandardService   : Stopping service [Tomcat]
2026-09-30T14:23:35.755+02:00  INFO 1862392 --- [conference-backend] [           main] .s.b.a.l.ConditionEvaluationReportLogger : 

Error starting ApplicationContext. To display the condition evaluation report re-run your application with 'debug' enabled.
2026-09-30T14:23:35.756+02:00 ERROR 1862392 --- [conference-backend] [           main] o.s.boot.SpringApplication               : Application run failed

org.springframework.beans.factory.UnsatisfiedDependencyException: Error creating bean with name 'catalogController' defined in file [/home/tjan-kazar/storage/Work/lab/agentic_lab/02_output/backend/target/classes/lab/conference/registration/CatalogController.class]: Unsatisfied dependency expressed through constructor parameter 0: Error creating bean with name 'catalog' defined in class path resource [lab/conference/options/OptionsConfig.class]: Failed to instantiate [lab.conference.options.Catalog]: Factory method 'catalog' threw exception with message: duplicate option id: dup-id
	at org.springframework.beans.factory.support.ConstructorResolver.createArgumentArray(ConstructorResolver.java:804) ~[spring-beans-6.2.19.jar:6.2.19]
	at org.springframework.beans.factory.support.ConstructorResolver.autowireConstructor(ConstructorResolver.java:240) ~[spring-beans-6.2.19.jar:6.2.19]
	at org.springframework.beans.factory.support.AbstractAutowireCapableBeanFactory.autowireConstructor(AbstractAutowireCapableBeanFactory.java:1393) ~[spring-beans-6.2.19.jar:6.2.19]
	at org.springframework.beans.factory.support.AbstractAutowireCapableBeanFactory.createBeanInstance(AbstractAutowireCapableBeanFactory.java:1230) ~[spring-beans-6.2.19.jar:6.2.19]
	at org.springframework.beans.factory.support.AbstractAutowireCapableBeanFactory.doCreateBean(AbstractAutowireCapableBeanFactory.java:569) ~[spring-beans-6.2.19.jar:6.2.19]
	at org.springframework.beans.factory.support.AbstractAutowireCapableBeanFactory.createBean(AbstractAutowireCapableBeanFactory.java:529) ~[spring-beans-6.2.19.jar:6.2.19]
	at org.springframework.beans.factory.support.AbstractBeanFactory.lambda$doGetBean$0(AbstractBeanFactory.java:339) ~[spring-beans-6.2.19.jar:6.2.19]
	at org.springframework.beans.factory.support.DefaultSingletonBeanRegistry.getSingleton(DefaultSingletonBeanRegistry.java:373) ~[spring-beans-6.2.19.jar:6.2.19]
	at org.springframework.beans.factory.support.AbstractBeanFactory.doGetBean(AbstractBeanFactory.java:337) ~[spring-beans-6.2.19.jar:6.2.19]
	at org.springframework.beans.factory.support.AbstractBeanFactory.getBean(AbstractBeanFactory.java:202) ~[spring-beans-6.2.19.jar:6.2.19]
	at org.springframework.beans.factory.support.DefaultListableBeanFactory.instantiateSingleton(DefaultListableBeanFactory.java:1235) ~[spring-beans-6.2.19.jar:6.2.19]
	at org.springframework.beans.factory.support.DefaultListableBeanFactory.preInstantiateSingleton(DefaultListableBeanFactory.java:1201) ~[spring-beans-6.2.19.jar:6.2.19]
	at org.springframework.beans.factory.support.DefaultListableBeanFactory.preInstantiateSingletons(DefaultListableBeanFactory.java:1130) ~[spring-beans-6.2.19.jar:6.2.19]
	at org.springframework.context.support.AbstractApplicationContext.finishBeanFactoryInitialization(AbstractApplicationContext.java:991) ~[spring-context-6.2.19.jar:6.2.19]
	at org.springframework.context.support.AbstractApplicationContext.refresh(AbstractApplicationContext.java:628) ~[spring-context-6.2.19.jar:6.2.19]
	at org.springframework.boot.web.servlet.context.ServletWebServerApplicationContext.refresh(ServletWebServerApplicationContext.java:146) ~[spring-boot-3.5.16.jar:3.5.16]
	at org.springframework.boot.SpringApplication.refresh(SpringApplication.java:752) ~[spring-boot-3.5.16.jar:3.5.16]
	at org.springframework.boot.SpringApplication.refreshContext(SpringApplication.java:439) ~[spring-boot-3.5.16.jar:3.5.16]
	at org.springframework.boot.SpringApplication.run(SpringApplication.java:318) ~[spring-boot-3.5.16.jar:3.5.16]
	at org.springframework.boot.builder.SpringApplicationBuilder.run(SpringApplicationBuilder.java:149) ~[spring-boot-3.5.16.jar:3.5.16]
	at lab.conference.acceptance.support.AppInstance.start(AppInstance.java:78) ~[test-classes/:na]
	at org.assertj.core.api.ThrowableAssert.catchThrowable(ThrowableAssert.java:66) ~[assertj-core-3.27.7.jar:na]
	at org.assertj.core.api.AssertionsForClassTypes.catchThrowable(AssertionsForClassTypes.java:908) ~[assertj-core-3.27.7.jar:na]
	at org.assertj.core.api.Assertions.catchThrowable(Assertions.java:1476) ~[assertj-core-3.27.7.jar:na]
	at org.assertj.core.api.Assertions.assertThatThrownBy(Assertions.java:1319) ~[assertj-core-3.27.7.jar:na]
	at lab.conference.acceptance.CatalogAcceptanceTest.ac_003_03_invalidCatalogPreventsStartup(CatalogAcceptanceTest.java:108) ~[test-classes/:na]
	at java.base/jdk.internal.reflect.DirectMethodHandleAccessor.invoke(DirectMethodHandleAccessor.java:103) ~[na:na]
	at java.base/java.lang.reflect.Method.invoke(Method.java:580) ~[na:na]
	at org.junit.platform.commons.util.ReflectionUtils.invokeMethod(ReflectionUtils.java:775) ~[junit-platform-commons-1.12.2.jar:1.12.2]
	at org.junit.platform.commons.support.ReflectionSupport.invokeMethod(ReflectionSupport.java:479) ~[junit-platform-commons-1.12.2.jar:1.12.2]
	at org.junit.jupiter.engine.execution.MethodInvocation.proceed(MethodInvocation.java:60) ~[junit-jupiter-engine-5.12.2.jar:5.12.2]
	at org.junit.jupiter.engine.execution.InvocationInterceptorChain$ValidatingInvocation.proceed(InvocationInterceptorChain.java:131) ~[junit-jupiter-engine-5.12.2.jar:5.12.2]
	at org.junit.jupiter.params.ArgumentCountValidator.interceptTestTemplateMethod(ArgumentCountValidator.java:45) ~[junit-jupiter-params-5.12.2.jar:5.12.2]
	at org.junit.jupiter.engine.execution.InterceptingExecutableInvoker$ReflectiveInterceptorCall.lambda$ofVoidMethod$0(InterceptingExecutableInvoker.java:112) ~[junit-jupiter-engine-5.12.2.jar:5.12.2]
	at org.junit.jupiter.engine.execution.InterceptingExecutableInvoker.lambda$invoke$0(InterceptingExecutableInvoker.java:94) ~[junit-jupiter-engine-5.12.2.jar:5.12.2]
	at org.junit.jupiter.engine.execution.InvocationInterceptorChain$InterceptedInvocation.proceed(InvocationInterceptorChain.java:106) ~[junit-jupiter-engine-5.12.2.jar:5.12.2]
	at org.junit.jupiter.engine.extension.TimeoutExtension.intercept(TimeoutExtension.java:161) ~[junit-jupiter-engine-5.12.2.jar:5.12.2]
	at org.junit.jupiter.engine.extension.TimeoutExtension.interceptTestableMethod(TimeoutExtension.java:152) ~[junit-jupiter-engine-5.12.2.jar:5.12.2]
	at org.junit.jupiter.engine.extension.TimeoutExtension.interceptTestTemplateMethod(TimeoutExtension.java:99) ~[junit-jupiter-engine-5.12.2.jar:5.12.2]
	at org.junit.jupiter.engine.execution.InterceptingExecutableInvoker$ReflectiveInterceptorCall.lambda$ofVoidMethod$0(InterceptingExecutableInvoker.java:112) ~[junit-jupiter-engine-5.12.2.jar:5.12.2]
	at org.junit.jupiter.engine.execution.InterceptingExecutableInvoker.lambda$invoke$0(InterceptingExecutableInvoker.java:94) ~[junit-jupiter-engine-5.12.2.jar:5.12.2]
	at org.junit.jupiter.engine.execution.InvocationInterceptorChain$InterceptedInvocation.proceed(InvocationInterceptorChain.java:106) ~[junit-jupiter-engine-5.12.2.jar:5.12.2]
	at org.junit.jupiter.engine.execution.InvocationInterceptorChain.proceed(InvocationInterceptorChain.java:64) ~[junit-jupiter-engine-5.12.2.jar:5.12.2]
	at org.junit.jupiter.engine.execution.InvocationInterceptorChain.chainAndInvoke(InvocationInterceptorChain.java:45) ~[junit-jupiter-engine-5.12.2.jar:5.12.2]
	at org.junit.jupiter.engine.execution.InvocationInterceptorChain.invoke(InvocationInterceptorChain.java:37) ~[junit-jupiter-engine-5.12.2.jar:5.12.2]
	at org.junit.jupiter.engine.execution.InterceptingExecutableInvoker.invoke(InterceptingExecutableInvoker.java:93) ~[junit-jupiter-engine-5.12.2.jar:5.12.2]
	at org.junit.jupiter.engine.execution.InterceptingExecutableInvoker.invoke(InterceptingExecutableInvoker.java:87) ~[junit-jupiter-engine-5.12.2.jar:5.12.2]
	at org.junit.jupiter.engine.descriptor.TestMethodTestDescriptor.lambda$invokeTestMethod$7(TestMethodTestDescriptor.java:216) ~[junit-jupiter-engine-5.12.2.jar:5.12.2]
	at org.junit.platform.engine.support.hierarchical.ThrowableCollector.execute(ThrowableCollector.java:73) ~[junit-platform-engine-1.12.2.jar:1.12.2]
	at org.junit.jupiter.engine.descriptor.TestMethodTestDescriptor.invokeTestMethod(TestMethodTestDescriptor.java:212) ~[junit-jupiter-engine-5.12.2.jar:5.12.2]
	at org.junit.jupiter.engine.descriptor.TestMethodTestDescriptor.execute(TestMethodTestDescriptor.java:137) ~[junit-jupiter-engine-5.12.2.jar:5.12.2]
	at org.junit.jupiter.engine.descriptor.TestMethodTestDescriptor.execute(TestMethodTestDescriptor.java:69) ~[junit-jupiter-engine-5.12.2.jar:5.12.2]
	at org.junit.platform.engine.support.hierarchical.NodeTestTask.lambda$executeRecursively$6(NodeTestTask.java:156) ~[junit-platform-engine-1.12.2.jar:1.12.2]
	at org.junit.platform.engine.support.hierarchical.ThrowableCollector.execute(ThrowableCollector.java:73) ~[junit-platform-engine-1.12.2.jar:1.12.2]
	at org.junit.platform.engine.support.hierarchical.NodeTestTask.lambda$executeRecursively$8(NodeTestTask.java:146) ~[junit-platform-engine-1.12.2.jar:1.12.2]
	at org.junit.platform.engine.support.hierarchical.Node.around(Node.java:137) ~[junit-platform-engine-1.12.2.jar:1.12.2]
	at org.junit.platform.engine.support.hierarchical.NodeTestTask.lambda$executeRecursively$9(NodeTestTask.java:144) ~[junit-platform-engine-1.12.2.jar:1.12.2]
	at org.junit.platform.engine.support.hierarchical.ThrowableCollector.execute(ThrowableCollector.java:73) ~[junit-platform-engine-1.12.2.jar:1.12.2]
	at org.junit.platform.engine.support.hierarchical.NodeTestTask.executeRecursively(NodeTestTask.java:143) ~[junit-platform-engine-1.12.2.jar:1.12.2]
	at org.junit.platform.engine.support.hierarchical.NodeTestTask.execute(NodeTestTask.java:100) ~[junit-platform-engine-1.12.2.jar:1.12.2]
	at org.junit.platform.engine.support.hierarchical.SameThreadHierarchicalTestExecutorService.submit(SameThreadHierarchicalTestExecutorService.java:35) ~[junit-platform-engine-1.12.2.jar:1.12.2]
	at org.junit.platform.engine.support.hierarchical.NodeTestTask$DefaultDynamicTestExecutor.execute(NodeTestTask.java:231) ~[junit-platform-engine-1.12.2.jar:1.12.2]
	at org.junit.platform.engine.support.hierarchical.NodeTestTask$DefaultDynamicTestExecutor.execute(NodeTestTask.java:209) ~[junit-platform-engine-1.12.2.jar:1.12.2]
	at org.junit.jupiter.engine.descriptor.TestTemplateTestDescriptor.execute(TestTemplateTestDescriptor.java:157) ~[junit-jupiter-engine-5.12.2.jar:5.12.2]
	at org.junit.jupiter.engine.descriptor.TestTemplateTestDescriptor.lambda$executeForProvider$0(TestTemplateTestDescriptor.java:115) ~[junit-jupiter-engine-5.12.2.jar:5.12.2]
	at java.base/java.util.Optional.ifPresent(Optional.java:178) ~[na:na]
	at org.junit.jupiter.engine.descriptor.TestTemplateTestDescriptor.lambda$executeForProvider$1(TestTemplateTestDescriptor.java:115) ~[junit-jupiter-engine-5.12.2.jar:5.12.2]
	at java.base/java.util.stream.ForEachOps$ForEachOp$OfRef.accept(ForEachOps.java:184) ~[na:na]
	at java.base/java.util.stream.ReferencePipeline$3$1.accept(ReferencePipeline.java:197) ~[na:na]
	at java.base/java.util.stream.ForEachOps$ForEachOp$OfRef.accept(ForEachOps.java:184) ~[na:na]
	at java.base/java.util.stream.ForEachOps$ForEachOp$OfRef.accept(ForEachOps.java:184) ~[na:na]
	at java.base/java.util.stream.ReferencePipeline$3$1.accept(ReferencePipeline.java:197) ~[na:na]
	at java.base/java.util.Spliterators$ArraySpliterator.forEachRemaining(Spliterators.java:1024) ~[na:na]
	at java.base/java.util.stream.AbstractPipeline.copyInto(AbstractPipeline.java:509) ~[na:na]
	at java.base/java.util.stream.AbstractPipeline.wrapAndCopyInto(AbstractPipeline.java:499) ~[na:na]
	at java.base/java.util.stream.ForEachOps$ForEachOp.evaluateSequential(ForEachOps.java:151) ~[na:na]
	at java.base/java.util.stream.ForEachOps$ForEachOp$OfRef.evaluateSequential(ForEachOps.java:174) ~[na:na]
	at java.base/java.util.stream.AbstractPipeline.evaluate(AbstractPipeline.java:234) ~[na:na]
	at java.base/java.util.stream.ReferencePipeline.forEach(ReferencePipeline.java:596) ~[na:na]
	at java.base/java.util.stream.ReferencePipeline$7$1.accept(ReferencePipeline.java:276) ~[na:na]
	at java.base/java.util.ArrayList$ArrayListSpliterator.forEachRemaining(ArrayList.java:1708) ~[na:na]
	at java.base/java.util.stream.AbstractPipeline.copyInto(AbstractPipeline.java:509) ~[na:na]
	at java.base/java.util.stream.AbstractPipeline.wrapAndCopyInto(AbstractPipeline.java:499) ~[na:na]
	at java.base/java.util.stream.ForEachOps$ForEachOp.evaluateSequential(ForEachOps.java:151) ~[na:na]
	at java.base/java.util.stream.ForEachOps$ForEachOp$OfRef.evaluateSequential(ForEachOps.java:174) ~[na:na]
	at java.base/java.util.stream.AbstractPipeline.evaluate(AbstractPipeline.java:234) ~[na:na]
	at java.base/java.util.stream.ReferencePipeline.forEach(ReferencePipeline.java:596) ~[na:na]
	at java.base/java.util.stream.ReferencePipeline$7$1.accept(ReferencePipeline.java:276) ~[na:na]
	at java.base/java.util.stream.ReferencePipeline$3$1.accept(ReferencePipeline.java:197) ~[na:na]
	at java.base/java.util.stream.ReferencePipeline$3$1.accept(ReferencePipeline.java:197) ~[na:na]
	at java.base/java.util.stream.ReferencePipeline$3$1.accept(ReferencePipeline.java:197) ~[na:na]
	at java.base/java.util.ArrayList$ArrayListSpliterator.forEachRemaining(ArrayList.java:1708) ~[na:na]
	at java.base/java.util.stream.AbstractPipeline.copyInto(AbstractPipeline.java:509) ~[na:na]
	at java.base/java.util.stream.AbstractPipeline.wrapAndCopyInto(AbstractPipeline.java:499) ~[na:na]
	at java.base/java.util.stream.ForEachOps$ForEachOp.evaluateSequential(ForEachOps.java:151) ~[na:na]
	at java.base/java.util.stream.ForEachOps$ForEachOp$OfRef.evaluateSequential(ForEachOps.java:174) ~[na:na]
	at java.base/java.util.stream.AbstractPipeline.evaluate(AbstractPipeline.java:234) ~[na:na]
	at java.base/java.util.stream.ReferencePipeline.forEach(ReferencePipeline.java:596) ~[na:na]
	at org.junit.jupiter.engine.descriptor.TestTemplateTestDescriptor.executeForProvider(TestTemplateTestDescriptor.java:114) ~[junit-jupiter-engine-5.12.2.jar:5.12.2]
	at org.junit.jupiter.engine.descriptor.TestTemplateTestDescriptor.execute(TestTemplateTestDescriptor.java:103) ~[junit-jupiter-engine-5.12.2.jar:5.12.2]
	at org.junit.jupiter.engine.descriptor.TestTemplateTestDescriptor.execute(TestTemplateTestDescriptor.java:43) ~[junit-jupiter-engine-5.12.2.jar:5.12.2]
	at org.junit.platform.engine.support.hierarchical.NodeTestTask.lambda$executeRecursively$6(NodeTestTask.java:156) ~[junit-platform-engine-1.12.2.jar:1.12.2]
	at org.junit.platform.engine.support.hierarchical.ThrowableCollector.execute(ThrowableCollector.java:73) ~[junit-platform-engine-1.12.2.jar:1.12.2]
	at org.junit.platform.engine.support.hierarchical.NodeTestTask.lambda$executeRecursively$8(NodeTestTask.java:146) ~[junit-platform-engine-1.12.2.jar:1.12.2]
	at org.junit.platform.engine.support.hierarchical.Node.around(Node.java:137) ~[junit-platform-engine-1.12.2.jar:1.12.2]
	at org.junit.platform.engine.support.hierarchical.NodeTestTask.lambda$executeRecursively$9(NodeTestTask.java:144) ~[junit-platform-engine-1.12.2.jar:1.12.2]
	at org.junit.platform.engine.support.hierarchical.ThrowableCollector.execute(ThrowableCollector.java:73) ~[junit-platform-engine-1.12.2.jar:1.12.2]
	at org.junit.platform.engine.support.hierarchical.NodeTestTask.executeRecursively(NodeTestTask.java:143) ~[junit-platform-engine-1.12.2.jar:1.12.2]
	at org.junit.platform.engine.support.hierarchical.NodeTestTask.execute(NodeTestTask.java:100) ~[junit-platform-engine-1.12.2.jar:1.12.2]
	at java.base/java.util.ArrayList.forEach(ArrayList.java:1596) ~[na:na]
	at org.junit.platform.engine.support.hierarchical.SameThreadHierarchicalTestExecutorService.invokeAll(SameThreadHierarchicalTestExecutorService.java:41) ~[junit-platform-engine-1.12.2.jar:1.12.2]
	at org.junit.platform.engine.support.hierarchical.NodeTestTask.lambda$executeRecursively$6(NodeTestTask.java:160) ~[junit-platform-engine-1.12.2.jar:1.12.2]
	at org.junit.platform.engine.support.hierarchical.ThrowableCollector.execute(ThrowableCollector.java:73) ~[junit-platform-engine-1.12.2.jar:1.12.2]
	at org.junit.platform.engine.support.hierarchical.NodeTestTask.lambda$executeRecursively$8(NodeTestTask.java:146) ~[junit-platform-engine-1.12.2.jar:1.12.2]
	at org.junit.platform.engine.support.hierarchical.Node.around(Node.java:137) ~[junit-platform-engine-1.12.2.jar:1.12.2]
	at org.junit.platform.engine.support.hierarchical.NodeTestTask.lambda$executeRecursively$9(NodeTestTask.java:144) ~[junit-platform-engine-1.12.2.jar:1.12.2]
	at org.junit.platform.engine.support.hierarchical.ThrowableCollector.execute(ThrowableCollector.java:73) ~[junit-platform-engine-1.12.2.jar:1.12.2]
	at org.junit.platform.engine.support.hierarchical.NodeTestTask.executeRecursively(NodeTestTask.java:143) ~[junit-platform-engine-1.12.2.jar:1.12.2]
	at org.junit.platform.engine.support.hierarchical.NodeTestTask.execute(NodeTestTask.java:100) ~[junit-platform-engine-1.12.2.jar:1.12.2]
	at java.base/java.util.ArrayList.forEach(ArrayList.java:1596) ~[na:na]
	at org.junit.platform.engine.support.hierarchical.SameThreadHierarchicalTestExecutorService.invokeAll(SameThreadHierarchicalTestExecutorService.java:41) ~[junit-platform-engine-1.12.2.jar:1.12.2]
	at org.junit.platform.engine.support.hierarchical.NodeTestTask.lambda$executeRecursively$6(NodeTestTask.java:160) ~[junit-platform-engine-1.12.2.jar:1.12.2]
	at org.junit.platform.engine.support.hierarchical.ThrowableCollector.execute(ThrowableCollector.java:73) ~[junit-platform-engine-1.12.2.jar:1.12.2]
	at org.junit.platform.engine.support.hierarchical.NodeTestTask.lambda$executeRecursively$8(NodeTestTask.java:146) ~[junit-platform-engine-1.12.2.jar:1.12.2]
	at org.junit.platform.engine.support.hierarchical.Node.around(Node.java:137) ~[junit-platform-engine-1.12.2.jar:1.12.2]
	at org.junit.platform.engine.support.hierarchical.NodeTestTask.lambda$executeRecursively$9(NodeTestTask.java:144) ~[junit-platform-engine-1.12.2.jar:1.12.2]
	at org.junit.platform.engine.support.hierarchical.ThrowableCollector.execute(ThrowableCollector.java:73) ~[junit-platform-engine-1.12.2.jar:1.12.2]
	at org.junit.platform.engine.support.hierarchical.NodeTestTask.executeRecursively(NodeTestTask.java:143) ~[junit-platform-engine-1.12.2.jar:1.12.2]
	at org.junit.platform.engine.support.hierarchical.NodeTestTask.execute(NodeTestTask.java:100) ~[junit-platform-engine-1.12.2.jar:1.12.2]
	at org.junit.platform.engine.support.hierarchical.SameThreadHierarchicalTestExecutorService.submit(SameThreadHierarchicalTestExecutorService.java:35) ~[junit-platform-engine-1.12.2.jar:1.12.2]
	at org.junit.platform.engine.support.hierarchical.HierarchicalTestExecutor.execute(HierarchicalTestExecutor.java:57) ~[junit-platform-engine-1.12.2.jar:1.12.2]
	at org.junit.platform.engine.support.hierarchical.HierarchicalTestEngine.execute(HierarchicalTestEngine.java:54) ~[junit-platform-engine-1.12.2.jar:1.12.2]
	at org.junit.platform.launcher.core.EngineExecutionOrchestrator.execute(EngineExecutionOrchestrator.java:201) ~[junit-platform-launcher-1.12.2.jar:1.12.2]
	at org.junit.platform.launcher.core.EngineExecutionOrchestrator.execute(EngineExecutionOrchestrator.java:170) ~[junit-platform-launcher-1.12.2.jar:1.12.2]
	at org.junit.platform.launcher.core.EngineExecutionOrchestrator.execute(EngineExecutionOrchestrator.java:94) ~[junit-platform-launcher-1.12.2.jar:1.12.2]
	at org.junit.platform.launcher.core.EngineExecutionOrchestrator.lambda$execute$0(EngineExecutionOrchestrator.java:59) ~[junit-platform-launcher-1.12.2.jar:1.12.2]
	at org.junit.platform.launcher.core.EngineExecutionOrchestrator.withInterceptedStreams(EngineExecutionOrchestrator.java:142) ~[junit-platform-launcher-1.12.2.jar:1.12.2]
	at org.junit.platform.launcher.core.EngineExecutionOrchestrator.execute(EngineExecutionOrchestrator.java:58) ~[junit-platform-launcher-1.12.2.jar:1.12.2]
	at org.junit.platform.launcher.core.DefaultLauncher.execute(DefaultLauncher.java:103) ~[junit-platform-launcher-1.12.2.jar:1.12.2]
	at org.junit.platform.launcher.core.DefaultLauncher.execute(DefaultLauncher.java:85) ~[junit-platform-launcher-1.12.2.jar:1.12.2]
	at org.junit.platform.launcher.core.DelegatingLauncher.execute(DelegatingLauncher.java:47) ~[junit-platform-launcher-1.12.2.jar:1.12.2]
	at org.junit.platform.launcher.core.InterceptingLauncher.lambda$execute$1(InterceptingLauncher.java:39) ~[junit-platform-launcher-1.12.2.jar:1.12.2]
	at org.junit.platform.launcher.core.ClasspathAlignmentCheckingLauncherInterceptor.intercept(ClasspathAlignmentCheckingLauncherInterceptor.java:25) ~[junit-platform-launcher-1.12.2.jar:1.12.2]
	at org.junit.platform.launcher.core.InterceptingLauncher.execute(InterceptingLauncher.java:38) ~[junit-platform-launcher-1.12.2.jar:1.12.2]
	at org.junit.platform.launcher.core.DelegatingLauncher.execute(DelegatingLauncher.java:47) ~[junit-platform-launcher-1.12.2.jar:1.12.2]
	at org.apache.maven.surefire.junitplatform.LauncherAdapter.executeWithoutCancellationToken(LauncherAdapter.java:60) ~[surefire-junit-platform-3.5.6.jar:3.5.6]
	at org.apache.maven.surefire.junitplatform.LauncherAdapter.execute(LauncherAdapter.java:52) ~[surefire-junit-platform-3.5.6.jar:3.5.6]
	at org.apache.maven.surefire.junitplatform.JUnitPlatformProvider.execute(JUnitPlatformProvider.java:203) ~[surefire-junit-platform-3.5.6.jar:3.5.6]
	at org.apache.maven.surefire.junitplatform.JUnitPlatformProvider.invokeAllTests(JUnitPlatformProvider.java:168) ~[surefire-junit-platform-3.5.6.jar:3.5.6]
	at org.apache.maven.surefire.junitplatform.JUnitPlatformProvider.invoke(JUnitPlatformProvider.java:136) ~[surefire-junit-platform-3.5.6.jar:3.5.6]
	at org.apache.maven.surefire.booter.ForkedBooter.runSuitesInProcess(ForkedBooter.java:385) ~[surefire-booter-3.5.6.jar:3.5.6]
	at org.apache.maven.surefire.booter.ForkedBooter.execute(ForkedBooter.java:162) ~[surefire-booter-3.5.6.jar:3.5.6]
	at org.apache.maven.surefire.booter.ForkedBooter.run(ForkedBooter.java:507) ~[surefire-booter-3.5.6.jar:3.5.6]
	at org.apache.maven.surefire.booter.ForkedBooter.main(ForkedBooter.java:495) ~[surefire-booter-3.5.6.jar:3.5.6]
Caused by: org.springframework.beans.factory.BeanCreationException: Error creating bean with name 'catalog' defined in class path resource [lab/conference/options/OptionsConfig.class]: Failed to instantiate [lab.conference.options.Catalog]: Factory method 'catalog' threw exception with message: duplicate option id: dup-id
	at org.springframework.beans.factory.support.ConstructorResolver.instantiate(ConstructorResolver.java:657) ~[spring-beans-6.2.19.jar:6.2.19]
	at org.springframework.beans.factory.support.ConstructorResolver.instantiateUsingFactoryMethod(ConstructorResolver.java:645) ~[spring-beans-6.2.19.jar:6.2.19]
	at org.springframework.beans.factory.support.AbstractAutowireCapableBeanFactory.instantiateUsingFactoryMethod(AbstractAutowireCapableBeanFactory.java:1373) ~[spring-beans-6.2.19.jar:6.2.19]
	at org.springframework.beans.factory.support.AbstractAutowireCapableBeanFactory.createBeanInstance(AbstractAutowireCapableBeanFactory.java:1203) ~[spring-beans-6.2.19.jar:6.2.19]
	at org.springframework.beans.factory.support.AbstractAutowireCapableBeanFactory.doCreateBean(AbstractAutowireCapableBeanFactory.java:569) ~[spring-beans-6.2.19.jar:6.2.19]
	at org.springframework.beans.factory.support.AbstractAutowireCapableBeanFactory.createBean(AbstractAutowireCapableBeanFactory.java:529) ~[spring-beans-6.2.19.jar:6.2.19]
	at org.springframework.beans.factory.support.AbstractBeanFactory.lambda$doGetBean$0(AbstractBeanFactory.java:339) ~[spring-beans-6.2.19.jar:6.2.19]
	at org.springframework.beans.factory.support.DefaultSingletonBeanRegistry.getSingleton(DefaultSingletonBeanRegistry.java:373) ~[spring-beans-6.2.19.jar:6.2.19]
	at org.springframework.beans.factory.support.AbstractBeanFactory.doGetBean(AbstractBeanFactory.java:337) ~[spring-beans-6.2.19.jar:6.2.19]
	at org.springframework.beans.factory.support.AbstractBeanFactory.getBean(AbstractBeanFactory.java:202) ~[spring-beans-6.2.19.jar:6.2.19]
	at org.springframework.beans.factory.support.DefaultListableBeanFactory.doResolveDependency(DefaultListableBeanFactory.java:1715) ~[spring-beans-6.2.19.jar:6.2.19]
	at org.springframework.beans.factory.support.DefaultListableBeanFactory.resolveDependency(DefaultListableBeanFactory.java:1660) ~[spring-beans-6.2.19.jar:6.2.19]
	at org.springframework.beans.factory.support.ConstructorResolver.resolveAutowiredArgument(ConstructorResolver.java:913) ~[spring-beans-6.2.19.jar:6.2.19]
	at org.springframework.beans.factory.support.ConstructorResolver.createArgumentArray(ConstructorResolver.java:791) ~[spring-beans-6.2.19.jar:6.2.19]
	... 153 common frames omitted
Caused by: org.springframework.beans.BeanInstantiationException: Failed to instantiate [lab.conference.options.Catalog]: Factory method 'catalog' threw exception with message: duplicate option id: dup-id
	at org.springframework.beans.factory.support.SimpleInstantiationStrategy.lambda$instantiate$0(SimpleInstantiationStrategy.java:200) ~[spring-beans-6.2.19.jar:6.2.19]
	at org.springframework.beans.factory.support.SimpleInstantiationStrategy.instantiateWithFactoryMethod(SimpleInstantiationStrategy.java:89) ~[spring-beans-6.2.19.jar:6.2.19]
	at org.springframework.beans.factory.support.SimpleInstantiationStrategy.instantiate(SimpleInstantiationStrategy.java:169) ~[spring-beans-6.2.19.jar:6.2.19]
	at org.springframework.beans.factory.support.ConstructorResolver.instantiate(ConstructorResolver.java:653) ~[spring-beans-6.2.19.jar:6.2.19]
	... 166 common frames omitted
Caused by: lab.conference.options.InvalidCatalogException: duplicate option id: dup-id
	at lab.conference.options.CatalogLoader.options(CatalogLoader.java:83) ~[classes/:na]
	at lab.conference.options.CatalogLoader.parse(CatalogLoader.java:60) ~[classes/:na]
	at lab.conference.options.CatalogLoader.load(CatalogLoader.java:43) ~[classes/:na]
	at lab.conference.options.OptionsConfig.catalog(OptionsConfig.java:17) ~[classes/:na]
	at lab.conference.options.OptionsConfig$$SpringCGLIB$$0.CGLIB$catalog$0(<generated>) ~[classes/:na]
	at lab.conference.options.OptionsConfig$$SpringCGLIB$$FastClass$$1.invoke(<generated>) ~[classes/:na]
	at org.springframework.cglib.proxy.MethodProxy.invokeSuper(MethodProxy.java:258) ~[spring-core-6.2.19.jar:6.2.19]
	at org.springframework.context.annotation.ConfigurationClassEnhancer$BeanMethodInterceptor.intercept(ConfigurationClassEnhancer.java:400) ~[spring-context-6.2.19.jar:6.2.19]
	at lab.conference.options.OptionsConfig$$SpringCGLIB$$0.catalog(<generated>) ~[classes/:na]
	at java.base/jdk.internal.reflect.DirectMethodHandleAccessor.invoke(DirectMethodHandleAccessor.java:103) ~[na:na]
	at java.base/java.lang.reflect.Method.invoke(Method.java:580) ~[na:na]
	at org.springframework.beans.factory.support.SimpleInstantiationStrategy.lambda$instantiate$0(SimpleInstantiationStrategy.java:172) ~[spring-beans-6.2.19.jar:6.2.19]
	... 169 common frames omitted

2026-09-30T14:23:35.886+02:00  INFO 1862392 --- [conference-backend] [           main] o.a.maven.surefire.booter.ForkedBooter   : Starting ForkedBooter v3.5.6 using Java 21.0.12 with PID 1862392 (started by tjan-kazar in /home/tjan-kazar/storage/Work/lab/agentic_lab/02_output/backend)
2026-09-30T14:23:35.887+02:00  INFO 1862392 --- [conference-backend] [           main] o.a.maven.surefire.booter.ForkedBooter   : No active profile set, falling back to 1 default profile: "default"
2026-09-30T14:23:35.991+02:00  INFO 1862392 --- [conference-backend] [           main] .s.d.r.c.RepositoryConfigurationDelegate : Bootstrapping Spring Data JPA repositories in DEFAULT mode.
2026-09-30T14:23:35.997+02:00  INFO 1862392 --- [conference-backend] [           main] .s.d.r.c.RepositoryConfigurationDelegate : Finished Spring Data repository scanning in 5 ms. Found 2 JPA repository interfaces.
2026-09-30T14:23:36.039+02:00  INFO 1862392 --- [conference-backend] [           main] o.s.b.w.embedded.tomcat.TomcatWebServer  : Tomcat initialized with port 0 (http)
2026-09-30T14:23:36.040+02:00  INFO 1862392 --- [conference-backend] [           main] o.apache.catalina.core.StandardService   : Starting service [Tomcat]
2026-09-30T14:23:36.040+02:00  INFO 1862392 --- [conference-backend] [           main] o.apache.catalina.core.StandardEngine    : Starting Servlet engine: [Apache Tomcat/10.1.60]
2026-09-30T14:23:36.049+02:00  INFO 1862392 --- [conference-backend] [           main] o.a.c.c.C.[Tomcat-2].[localhost].[/]     : Initializing Spring embedded WebApplicationContext
2026-09-30T14:23:36.049+02:00  INFO 1862392 --- [conference-backend] [           main] w.s.c.ServletWebServerApplicationContext : Root WebApplicationContext: initialization completed in 162 ms
2026-09-30T14:23:36.108+02:00  INFO 1862392 --- [conference-backend] [           main] com.zaxxer.hikari.HikariDataSource       : HikariPool-17 - Starting...
2026-09-30T14:23:36.127+02:00  INFO 1862392 --- [conference-backend] [           main] com.zaxxer.hikari.pool.HikariPool        : HikariPool-17 - Added connection org.postgresql.jdbc.PgConnection@3f3283ca
2026-09-30T14:23:36.128+02:00  INFO 1862392 --- [conference-backend] [           main] com.zaxxer.hikari.HikariDataSource       : HikariPool-17 - Start completed.
2026-09-30T14:23:36.129+02:00  INFO 1862392 --- [conference-backend] [           main] org.flywaydb.core.FlywayExecutor         : Database: jdbc:postgresql://localhost:45139/conf_7ef58e1da405 (PostgreSQL 16.14)
2026-09-30T14:23:36.148+02:00  INFO 1862392 --- [conference-backend] [           main] o.f.c.i.s.JdbcTableSchemaHistory         : Schema history table "public"."flyway_schema_history" does not exist yet
2026-09-30T14:23:36.150+02:00  INFO 1862392 --- [conference-backend] [           main] o.f.core.internal.command.DbValidate     : Successfully validated 1 migration (execution time 00:00.007s)
2026-09-30T14:23:36.159+02:00  INFO 1862392 --- [conference-backend] [           main] o.f.c.i.s.JdbcTableSchemaHistory         : Creating Schema History table "public"."flyway_schema_history" ...
2026-09-30T14:23:36.202+02:00  INFO 1862392 --- [conference-backend] [           main] o.f.core.internal.command.DbMigrate      : Current version of schema "public": << Empty Schema >>
2026-09-30T14:23:36.206+02:00  INFO 1862392 --- [conference-backend] [           main] o.f.core.internal.command.DbMigrate      : Migrating schema "public" to version "1 - registration schema"
2026-09-30T14:23:36.228+02:00  INFO 1862392 --- [conference-backend] [           main] o.f.core.internal.command.DbMigrate      : Successfully applied 1 migration to schema "public", now at version v1 (execution time 00:00.015s)
2026-09-30T14:23:36.243+02:00  INFO 1862392 --- [conference-backend] [           main] o.hibernate.jpa.internal.util.LogHelper  : HHH000204: Processing PersistenceUnitInfo [name: default]
2026-09-30T14:23:36.244+02:00  INFO 1862392 --- [conference-backend] [           main] o.h.c.internal.RegionFactoryInitiator    : HHH000026: Second-level cache disabled
2026-09-30T14:23:36.249+02:00  INFO 1862392 --- [conference-backend] [           main] o.s.o.j.p.SpringPersistenceUnitInfo      : No LoadTimeWeaver setup: ignoring JPA class transformer
2026-09-30T14:23:36.254+02:00  INFO 1862392 --- [conference-backend] [           main] org.hibernate.orm.connections.pooling    : HHH10001005: Database info:
	Database JDBC URL [Connecting through datasource 'HikariDataSource (HikariPool-17)']
	Database driver: undefined/unknown
	Database version: 16.14
	Autocommit mode: undefined/unknown
	Isolation level: undefined/unknown
	Minimum pool size: undefined/unknown
	Maximum pool size: undefined/unknown
2026-09-30T14:23:36.293+02:00  INFO 1862392 --- [conference-backend] [           main] o.h.e.t.j.p.i.JtaPlatformInitiator       : HHH000489: No JTA platform available (set 'hibernate.transaction.jta.platform' to enable JTA platform integration)
2026-09-30T14:23:36.304+02:00  INFO 1862392 --- [conference-backend] [           main] j.LocalContainerEntityManagerFactoryBean : Initialized JPA EntityManagerFactory for persistence unit 'default'
2026-09-30T14:23:36.339+02:00  WARN 1862392 --- [conference-backend] [           main] ConfigServletWebServerApplicationContext : Exception encountered during context initialization - cancelling refresh attempt: org.springframework.beans.factory.UnsatisfiedDependencyException: Error creating bean with name 'catalogController' defined in file [/home/tjan-kazar/storage/Work/lab/agentic_lab/02_output/backend/target/classes/lab/conference/registration/CatalogController.class]: Unsatisfied dependency expressed through constructor parameter 0: Error creating bean with name 'catalog' defined in class path resource [lab/conference/options/OptionsConfig.class]: Failed to instantiate [lab.conference.options.Catalog]: Factory method 'catalog' threw exception with message: unknown option group: tours
2026-09-30T14:23:36.339+02:00  INFO 1862392 --- [conference-backend] [           main] j.LocalContainerEntityManagerFactoryBean : Closing JPA EntityManagerFactory for persistence unit 'default'
2026-09-30T14:23:36.340+02:00  INFO 1862392 --- [conference-backend] [           main] com.zaxxer.hikari.HikariDataSource       : HikariPool-17 - Shutdown initiated...
2026-09-30T14:23:36.357+02:00  INFO 1862392 --- [conference-backend] [           main] com.zaxxer.hikari.HikariDataSource       : HikariPool-17 - Shutdown completed.
2026-09-30T14:23:36.358+02:00  INFO 1862392 --- [conference-backend] [           main] o.apache.catalina.core.StandardService   : Stopping service [Tomcat]
2026-09-30T14:23:36.364+02:00  INFO 1862392 --- [conference-backend] [           main] .s.b.a.l.ConditionEvaluationReportLogger : 

Error starting ApplicationContext. To display the condition evaluation report re-run your application with 'debug' enabled.
2026-09-30T14:23:36.365+02:00 ERROR 1862392 --- [conference-backend] [           main] o.s.boot.SpringApplication               : Application run failed

org.springframework.beans.factory.UnsatisfiedDependencyException: Error creating bean with name 'catalogController' defined in file [/home/tjan-kazar/storage/Work/lab/agentic_lab/02_output/backend/target/classes/lab/conference/registration/CatalogController.class]: Unsatisfied dependency expressed through constructor parameter 0: Error creating bean with name 'catalog' defined in class path resource [lab/conference/options/OptionsConfig.class]: Failed to instantiate [lab.conference.options.Catalog]: Factory method 'catalog' threw exception with message: unknown option group: tours
	at org.springframework.beans.factory.support.ConstructorResolver.createArgumentArray(ConstructorResolver.java:804) ~[spring-beans-6.2.19.jar:6.2.19]
	at org.springframework.beans.factory.support.ConstructorResolver.autowireConstructor(ConstructorResolver.java:240) ~[spring-beans-6.2.19.jar:6.2.19]
	at org.springframework.beans.factory.support.AbstractAutowireCapableBeanFactory.autowireConstructor(AbstractAutowireCapableBeanFactory.java:1393) ~[spring-beans-6.2.19.jar:6.2.19]
	at org.springframework.beans.factory.support.AbstractAutowireCapableBeanFactory.createBeanInstance(AbstractAutowireCapableBeanFactory.java:1230) ~[spring-beans-6.2.19.jar:6.2.19]
	at org.springframework.beans.factory.support.AbstractAutowireCapableBeanFactory.doCreateBean(AbstractAutowireCapableBeanFactory.java:569) ~[spring-beans-6.2.19.jar:6.2.19]
	at org.springframework.beans.factory.support.AbstractAutowireCapableBeanFactory.createBean(AbstractAutowireCapableBeanFactory.java:529) ~[spring-beans-6.2.19.jar:6.2.19]
	at org.springframework.beans.factory.support.AbstractBeanFactory.lambda$doGetBean$0(AbstractBeanFactory.java:339) ~[spring-beans-6.2.19.jar:6.2.19]
	at org.springframework.beans.factory.support.DefaultSingletonBeanRegistry.getSingleton(DefaultSingletonBeanRegistry.java:373) ~[spring-beans-6.2.19.jar:6.2.19]
	at org.springframework.beans.factory.support.AbstractBeanFactory.doGetBean(AbstractBeanFactory.java:337) ~[spring-beans-6.2.19.jar:6.2.19]
	at org.springframework.beans.factory.support.AbstractBeanFactory.getBean(AbstractBeanFactory.java:202) ~[spring-beans-6.2.19.jar:6.2.19]
	at org.springframework.beans.factory.support.DefaultListableBeanFactory.instantiateSingleton(DefaultListableBeanFactory.java:1235) ~[spring-beans-6.2.19.jar:6.2.19]
	at org.springframework.beans.factory.support.DefaultListableBeanFactory.preInstantiateSingleton(DefaultListableBeanFactory.java:1201) ~[spring-beans-6.2.19.jar:6.2.19]
	at org.springframework.beans.factory.support.DefaultListableBeanFactory.preInstantiateSingletons(DefaultListableBeanFactory.java:1130) ~[spring-beans-6.2.19.jar:6.2.19]
	at org.springframework.context.support.AbstractApplicationContext.finishBeanFactoryInitialization(AbstractApplicationContext.java:991) ~[spring-context-6.2.19.jar:6.2.19]
	at org.springframework.context.support.AbstractApplicationContext.refresh(AbstractApplicationContext.java:628) ~[spring-context-6.2.19.jar:6.2.19]
	at org.springframework.boot.web.servlet.context.ServletWebServerApplicationContext.refresh(ServletWebServerApplicationContext.java:146) ~[spring-boot-3.5.16.jar:3.5.16]
	at org.springframework.boot.SpringApplication.refresh(SpringApplication.java:752) ~[spring-boot-3.5.16.jar:3.5.16]
	at org.springframework.boot.SpringApplication.refreshContext(SpringApplication.java:439) ~[spring-boot-3.5.16.jar:3.5.16]
	at org.springframework.boot.SpringApplication.run(SpringApplication.java:318) ~[spring-boot-3.5.16.jar:3.5.16]
	at org.springframework.boot.builder.SpringApplicationBuilder.run(SpringApplicationBuilder.java:149) ~[spring-boot-3.5.16.jar:3.5.16]
	at lab.conference.acceptance.support.AppInstance.start(AppInstance.java:78) ~[test-classes/:na]
	at org.assertj.core.api.ThrowableAssert.catchThrowable(ThrowableAssert.java:66) ~[assertj-core-3.27.7.jar:na]
	at org.assertj.core.api.AssertionsForClassTypes.catchThrowable(AssertionsForClassTypes.java:908) ~[assertj-core-3.27.7.jar:na]
	at org.assertj.core.api.Assertions.catchThrowable(Assertions.java:1476) ~[assertj-core-3.27.7.jar:na]
	at org.assertj.core.api.Assertions.assertThatThrownBy(Assertions.java:1319) ~[assertj-core-3.27.7.jar:na]
	at lab.conference.acceptance.CatalogAcceptanceTest.ac_003_03_invalidCatalogPreventsStartup(CatalogAcceptanceTest.java:108) ~[test-classes/:na]
	at java.base/jdk.internal.reflect.DirectMethodHandleAccessor.invoke(DirectMethodHandleAccessor.java:103) ~[na:na]
	at java.base/java.lang.reflect.Method.invoke(Method.java:580) ~[na:na]
	at org.junit.platform.commons.util.ReflectionUtils.invokeMethod(ReflectionUtils.java:775) ~[junit-platform-commons-1.12.2.jar:1.12.2]
	at org.junit.platform.commons.support.ReflectionSupport.invokeMethod(ReflectionSupport.java:479) ~[junit-platform-commons-1.12.2.jar:1.12.2]
	at org.junit.jupiter.engine.execution.MethodInvocation.proceed(MethodInvocation.java:60) ~[junit-jupiter-engine-5.12.2.jar:5.12.2]
	at org.junit.jupiter.engine.execution.InvocationInterceptorChain$ValidatingInvocation.proceed(InvocationInterceptorChain.java:131) ~[junit-jupiter-engine-5.12.2.jar:5.12.2]
	at org.junit.jupiter.params.ArgumentCountValidator.interceptTestTemplateMethod(ArgumentCountValidator.java:45) ~[junit-jupiter-params-5.12.2.jar:5.12.2]
	at org.junit.jupiter.engine.execution.InterceptingExecutableInvoker$ReflectiveInterceptorCall.lambda$ofVoidMethod$0(InterceptingExecutableInvoker.java:112) ~[junit-jupiter-engine-5.12.2.jar:5.12.2]
	at org.junit.jupiter.engine.execution.InterceptingExecutableInvoker.lambda$invoke$0(InterceptingExecutableInvoker.java:94) ~[junit-jupiter-engine-5.12.2.jar:5.12.2]
	at org.junit.jupiter.engine.execution.InvocationInterceptorChain$InterceptedInvocation.proceed(InvocationInterceptorChain.java:106) ~[junit-jupiter-engine-5.12.2.jar:5.12.2]
	at org.junit.jupiter.engine.extension.TimeoutExtension.intercept(TimeoutExtension.java:161) ~[junit-jupiter-engine-5.12.2.jar:5.12.2]
	at org.junit.jupiter.engine.extension.TimeoutExtension.interceptTestableMethod(TimeoutExtension.java:152) ~[junit-jupiter-engine-5.12.2.jar:5.12.2]
	at org.junit.jupiter.engine.extension.TimeoutExtension.interceptTestTemplateMethod(TimeoutExtension.java:99) ~[junit-jupiter-engine-5.12.2.jar:5.12.2]
	at org.junit.jupiter.engine.execution.InterceptingExecutableInvoker$ReflectiveInterceptorCall.lambda$ofVoidMethod$0(InterceptingExecutableInvoker.java:112) ~[junit-jupiter-engine-5.12.2.jar:5.12.2]
	at org.junit.jupiter.engine.execution.InterceptingExecutableInvoker.lambda$invoke$0(InterceptingExecutableInvoker.java:94) ~[junit-jupiter-engine-5.12.2.jar:5.12.2]
	at org.junit.jupiter.engine.execution.InvocationInterceptorChain$InterceptedInvocation.proceed(InvocationInterceptorChain.java:106) ~[junit-jupiter-engine-5.12.2.jar:5.12.2]
	at org.junit.jupiter.engine.execution.InvocationInterceptorChain.proceed(InvocationInterceptorChain.java:64) ~[junit-jupiter-engine-5.12.2.jar:5.12.2]
	at org.junit.jupiter.engine.execution.InvocationInterceptorChain.chainAndInvoke(InvocationInterceptorChain.java:45) ~[junit-jupiter-engine-5.12.2.jar:5.12.2]
	at org.junit.jupiter.engine.execution.InvocationInterceptorChain.invoke(InvocationInterceptorChain.java:37) ~[junit-jupiter-engine-5.12.2.jar:5.12.2]
	at org.junit.jupiter.engine.execution.InterceptingExecutableInvoker.invoke(InterceptingExecutableInvoker.java:93) ~[junit-jupiter-engine-5.12.2.jar:5.12.2]
	at org.junit.jupiter.engine.execution.InterceptingExecutableInvoker.invoke(InterceptingExecutableInvoker.java:87) ~[junit-jupiter-engine-5.12.2.jar:5.12.2]
	at org.junit.jupiter.engine.descriptor.TestMethodTestDescriptor.lambda$invokeTestMethod$7(TestMethodTestDescriptor.java:216) ~[junit-jupiter-engine-5.12.2.jar:5.12.2]
	at org.junit.platform.engine.support.hierarchical.ThrowableCollector.execute(ThrowableCollector.java:73) ~[junit-platform-engine-1.12.2.jar:1.12.2]
	at org.junit.jupiter.engine.descriptor.TestMethodTestDescriptor.invokeTestMethod(TestMethodTestDescriptor.java:212) ~[junit-jupiter-engine-5.12.2.jar:5.12.2]
	at org.junit.jupiter.engine.descriptor.TestMethodTestDescriptor.execute(TestMethodTestDescriptor.java:137) ~[junit-jupiter-engine-5.12.2.jar:5.12.2]
	at org.junit.jupiter.engine.descriptor.TestMethodTestDescriptor.execute(TestMethodTestDescriptor.java:69) ~[junit-jupiter-engine-5.12.2.jar:5.12.2]
	at org.junit.platform.engine.support.hierarchical.NodeTestTask.lambda$executeRecursively$6(NodeTestTask.java:156) ~[junit-platform-engine-1.12.2.jar:1.12.2]
	at org.junit.platform.engine.support.hierarchical.ThrowableCollector.execute(ThrowableCollector.java:73) ~[junit-platform-engine-1.12.2.jar:1.12.2]
	at org.junit.platform.engine.support.hierarchical.NodeTestTask.lambda$executeRecursively$8(NodeTestTask.java:146) ~[junit-platform-engine-1.12.2.jar:1.12.2]
	at org.junit.platform.engine.support.hierarchical.Node.around(Node.java:137) ~[junit-platform-engine-1.12.2.jar:1.12.2]
	at org.junit.platform.engine.support.hierarchical.NodeTestTask.lambda$executeRecursively$9(NodeTestTask.java:144) ~[junit-platform-engine-1.12.2.jar:1.12.2]
	at org.junit.platform.engine.support.hierarchical.ThrowableCollector.execute(ThrowableCollector.java:73) ~[junit-platform-engine-1.12.2.jar:1.12.2]
	at org.junit.platform.engine.support.hierarchical.NodeTestTask.executeRecursively(NodeTestTask.java:143) ~[junit-platform-engine-1.12.2.jar:1.12.2]
	at org.junit.platform.engine.support.hierarchical.NodeTestTask.execute(NodeTestTask.java:100) ~[junit-platform-engine-1.12.2.jar:1.12.2]
	at org.junit.platform.engine.support.hierarchical.SameThreadHierarchicalTestExecutorService.submit(SameThreadHierarchicalTestExecutorService.java:35) ~[junit-platform-engine-1.12.2.jar:1.12.2]
	at org.junit.platform.engine.support.hierarchical.NodeTestTask$DefaultDynamicTestExecutor.execute(NodeTestTask.java:231) ~[junit-platform-engine-1.12.2.jar:1.12.2]
	at org.junit.platform.engine.support.hierarchical.NodeTestTask$DefaultDynamicTestExecutor.execute(NodeTestTask.java:209) ~[junit-platform-engine-1.12.2.jar:1.12.2]
	at org.junit.jupiter.engine.descriptor.TestTemplateTestDescriptor.execute(TestTemplateTestDescriptor.java:157) ~[junit-jupiter-engine-5.12.2.jar:5.12.2]
	at org.junit.jupiter.engine.descriptor.TestTemplateTestDescriptor.lambda$executeForProvider$0(TestTemplateTestDescriptor.java:115) ~[junit-jupiter-engine-5.12.2.jar:5.12.2]
	at java.base/java.util.Optional.ifPresent(Optional.java:178) ~[na:na]
	at org.junit.jupiter.engine.descriptor.TestTemplateTestDescriptor.lambda$executeForProvider$1(TestTemplateTestDescriptor.java:115) ~[junit-jupiter-engine-5.12.2.jar:5.12.2]
	at java.base/java.util.stream.ForEachOps$ForEachOp$OfRef.accept(ForEachOps.java:184) ~[na:na]
	at java.base/java.util.stream.ReferencePipeline$3$1.accept(ReferencePipeline.java:197) ~[na:na]
	at java.base/java.util.stream.ForEachOps$ForEachOp$OfRef.accept(ForEachOps.java:184) ~[na:na]
	at java.base/java.util.stream.ForEachOps$ForEachOp$OfRef.accept(ForEachOps.java:184) ~[na:na]
	at java.base/java.util.stream.ReferencePipeline$3$1.accept(ReferencePipeline.java:197) ~[na:na]
	at java.base/java.util.Spliterators$ArraySpliterator.forEachRemaining(Spliterators.java:1024) ~[na:na]
	at java.base/java.util.stream.AbstractPipeline.copyInto(AbstractPipeline.java:509) ~[na:na]
	at java.base/java.util.stream.AbstractPipeline.wrapAndCopyInto(AbstractPipeline.java:499) ~[na:na]
	at java.base/java.util.stream.ForEachOps$ForEachOp.evaluateSequential(ForEachOps.java:151) ~[na:na]
	at java.base/java.util.stream.ForEachOps$ForEachOp$OfRef.evaluateSequential(ForEachOps.java:174) ~[na:na]
	at java.base/java.util.stream.AbstractPipeline.evaluate(AbstractPipeline.java:234) ~[na:na]
	at java.base/java.util.stream.ReferencePipeline.forEach(ReferencePipeline.java:596) ~[na:na]
	at java.base/java.util.stream.ReferencePipeline$7$1.accept(ReferencePipeline.java:276) ~[na:na]
	at java.base/java.util.ArrayList$ArrayListSpliterator.forEachRemaining(ArrayList.java:1708) ~[na:na]
	at java.base/java.util.stream.AbstractPipeline.copyInto(AbstractPipeline.java:509) ~[na:na]
	at java.base/java.util.stream.AbstractPipeline.wrapAndCopyInto(AbstractPipeline.java:499) ~[na:na]
	at java.base/java.util.stream.ForEachOps$ForEachOp.evaluateSequential(ForEachOps.java:151) ~[na:na]
	at java.base/java.util.stream.ForEachOps$ForEachOp$OfRef.evaluateSequential(ForEachOps.java:174) ~[na:na]
	at java.base/java.util.stream.AbstractPipeline.evaluate(AbstractPipeline.java:234) ~[na:na]
	at java.base/java.util.stream.ReferencePipeline.forEach(ReferencePipeline.java:596) ~[na:na]
	at java.base/java.util.stream.ReferencePipeline$7$1.accept(ReferencePipeline.java:276) ~[na:na]
	at java.base/java.util.stream.ReferencePipeline$3$1.accept(ReferencePipeline.java:197) ~[na:na]
	at java.base/java.util.stream.ReferencePipeline$3$1.accept(ReferencePipeline.java:197) ~[na:na]
	at java.base/java.util.stream.ReferencePipeline$3$1.accept(ReferencePipeline.java:197) ~[na:na]
	at java.base/java.util.ArrayList$ArrayListSpliterator.forEachRemaining(ArrayList.java:1708) ~[na:na]
	at java.base/java.util.stream.AbstractPipeline.copyInto(AbstractPipeline.java:509) ~[na:na]
	at java.base/java.util.stream.AbstractPipeline.wrapAndCopyInto(AbstractPipeline.java:499) ~[na:na]
	at java.base/java.util.stream.ForEachOps$ForEachOp.evaluateSequential(ForEachOps.java:151) ~[na:na]
	at java.base/java.util.stream.ForEachOps$ForEachOp$OfRef.evaluateSequential(ForEachOps.java:174) ~[na:na]
	at java.base/java.util.stream.AbstractPipeline.evaluate(AbstractPipeline.java:234) ~[na:na]
	at java.base/java.util.stream.ReferencePipeline.forEach(ReferencePipeline.java:596) ~[na:na]
	at org.junit.jupiter.engine.descriptor.TestTemplateTestDescriptor.executeForProvider(TestTemplateTestDescriptor.java:114) ~[junit-jupiter-engine-5.12.2.jar:5.12.2]
	at org.junit.jupiter.engine.descriptor.TestTemplateTestDescriptor.execute(TestTemplateTestDescriptor.java:103) ~[junit-jupiter-engine-5.12.2.jar:5.12.2]
	at org.junit.jupiter.engine.descriptor.TestTemplateTestDescriptor.execute(TestTemplateTestDescriptor.java:43) ~[junit-jupiter-engine-5.12.2.jar:5.12.2]
	at org.junit.platform.engine.support.hierarchical.NodeTestTask.lambda$executeRecursively$6(NodeTestTask.java:156) ~[junit-platform-engine-1.12.2.jar:1.12.2]
	at org.junit.platform.engine.support.hierarchical.ThrowableCollector.execute(ThrowableCollector.java:73) ~[junit-platform-engine-1.12.2.jar:1.12.2]
	at org.junit.platform.engine.support.hierarchical.NodeTestTask.lambda$executeRecursively$8(NodeTestTask.java:146) ~[junit-platform-engine-1.12.2.jar:1.12.2]
	at org.junit.platform.engine.support.hierarchical.Node.around(Node.java:137) ~[junit-platform-engine-1.12.2.jar:1.12.2]
	at org.junit.platform.engine.support.hierarchical.NodeTestTask.lambda$executeRecursively$9(NodeTestTask.java:144) ~[junit-platform-engine-1.12.2.jar:1.12.2]
	at org.junit.platform.engine.support.hierarchical.ThrowableCollector.execute(ThrowableCollector.java:73) ~[junit-platform-engine-1.12.2.jar:1.12.2]
	at org.junit.platform.engine.support.hierarchical.NodeTestTask.executeRecursively(NodeTestTask.java:143) ~[junit-platform-engine-1.12.2.jar:1.12.2]
	at org.junit.platform.engine.support.hierarchical.NodeTestTask.execute(NodeTestTask.java:100) ~[junit-platform-engine-1.12.2.jar:1.12.2]
	at java.base/java.util.ArrayList.forEach(ArrayList.java:1596) ~[na:na]
	at org.junit.platform.engine.support.hierarchical.SameThreadHierarchicalTestExecutorService.invokeAll(SameThreadHierarchicalTestExecutorService.java:41) ~[junit-platform-engine-1.12.2.jar:1.12.2]
	at org.junit.platform.engine.support.hierarchical.NodeTestTask.lambda$executeRecursively$6(NodeTestTask.java:160) ~[junit-platform-engine-1.12.2.jar:1.12.2]
	at org.junit.platform.engine.support.hierarchical.ThrowableCollector.execute(ThrowableCollector.java:73) ~[junit-platform-engine-1.12.2.jar:1.12.2]
	at org.junit.platform.engine.support.hierarchical.NodeTestTask.lambda$executeRecursively$8(NodeTestTask.java:146) ~[junit-platform-engine-1.12.2.jar:1.12.2]
	at org.junit.platform.engine.support.hierarchical.Node.around(Node.java:137) ~[junit-platform-engine-1.12.2.jar:1.12.2]
	at org.junit.platform.engine.support.hierarchical.NodeTestTask.lambda$executeRecursively$9(NodeTestTask.java:144) ~[junit-platform-engine-1.12.2.jar:1.12.2]
	at org.junit.platform.engine.support.hierarchical.ThrowableCollector.execute(ThrowableCollector.java:73) ~[junit-platform-engine-1.12.2.jar:1.12.2]
	at org.junit.platform.engine.support.hierarchical.NodeTestTask.executeRecursively(NodeTestTask.java:143) ~[junit-platform-engine-1.12.2.jar:1.12.2]
	at org.junit.platform.engine.support.hierarchical.NodeTestTask.execute(NodeTestTask.java:100) ~[junit-platform-engine-1.12.2.jar:1.12.2]
	at java.base/java.util.ArrayList.forEach(ArrayList.java:1596) ~[na:na]
	at org.junit.platform.engine.support.hierarchical.SameThreadHierarchicalTestExecutorService.invokeAll(SameThreadHierarchicalTestExecutorService.java:41) ~[junit-platform-engine-1.12.2.jar:1.12.2]
	at org.junit.platform.engine.support.hierarchical.NodeTestTask.lambda$executeRecursively$6(NodeTestTask.java:160) ~[junit-platform-engine-1.12.2.jar:1.12.2]
	at org.junit.platform.engine.support.hierarchical.ThrowableCollector.execute(ThrowableCollector.java:73) ~[junit-platform-engine-1.12.2.jar:1.12.2]
	at org.junit.platform.engine.support.hierarchical.NodeTestTask.lambda$executeRecursively$8(NodeTestTask.java:146) ~[junit-platform-engine-1.12.2.jar:1.12.2]
	at org.junit.platform.engine.support.hierarchical.Node.around(Node.java:137) ~[junit-platform-engine-1.12.2.jar:1.12.2]
	at org.junit.platform.engine.support.hierarchical.NodeTestTask.lambda$executeRecursively$9(NodeTestTask.java:144) ~[junit-platform-engine-1.12.2.jar:1.12.2]
	at org.junit.platform.engine.support.hierarchical.ThrowableCollector.execute(ThrowableCollector.java:73) ~[junit-platform-engine-1.12.2.jar:1.12.2]
	at org.junit.platform.engine.support.hierarchical.NodeTestTask.executeRecursively(NodeTestTask.java:143) ~[junit-platform-engine-1.12.2.jar:1.12.2]
	at org.junit.platform.engine.support.hierarchical.NodeTestTask.execute(NodeTestTask.java:100) ~[junit-platform-engine-1.12.2.jar:1.12.2]
	at org.junit.platform.engine.support.hierarchical.SameThreadHierarchicalTestExecutorService.submit(SameThreadHierarchicalTestExecutorService.java:35) ~[junit-platform-engine-1.12.2.jar:1.12.2]
	at org.junit.platform.engine.support.hierarchical.HierarchicalTestExecutor.execute(HierarchicalTestExecutor.java:57) ~[junit-platform-engine-1.12.2.jar:1.12.2]
	at org.junit.platform.engine.support.hierarchical.HierarchicalTestEngine.execute(HierarchicalTestEngine.java:54) ~[junit-platform-engine-1.12.2.jar:1.12.2]
	at org.junit.platform.launcher.core.EngineExecutionOrchestrator.execute(EngineExecutionOrchestrator.java:201) ~[junit-platform-launcher-1.12.2.jar:1.12.2]
	at org.junit.platform.launcher.core.EngineExecutionOrchestrator.execute(EngineExecutionOrchestrator.java:170) ~[junit-platform-launcher-1.12.2.jar:1.12.2]
	at org.junit.platform.launcher.core.EngineExecutionOrchestrator.execute(EngineExecutionOrchestrator.java:94) ~[junit-platform-launcher-1.12.2.jar:1.12.2]
	at org.junit.platform.launcher.core.EngineExecutionOrchestrator.lambda$execute$0(EngineExecutionOrchestrator.java:59) ~[junit-platform-launcher-1.12.2.jar:1.12.2]
	at org.junit.platform.launcher.core.EngineExecutionOrchestrator.withInterceptedStreams(EngineExecutionOrchestrator.java:142) ~[junit-platform-launcher-1.12.2.jar:1.12.2]
	at org.junit.platform.launcher.core.EngineExecutionOrchestrator.execute(EngineExecutionOrchestrator.java:58) ~[junit-platform-launcher-1.12.2.jar:1.12.2]
	at org.junit.platform.launcher.core.DefaultLauncher.execute(DefaultLauncher.java:103) ~[junit-platform-launcher-1.12.2.jar:1.12.2]
	at org.junit.platform.launcher.core.DefaultLauncher.execute(DefaultLauncher.java:85) ~[junit-platform-launcher-1.12.2.jar:1.12.2]
	at org.junit.platform.launcher.core.DelegatingLauncher.execute(DelegatingLauncher.java:47) ~[junit-platform-launcher-1.12.2.jar:1.12.2]
	at org.junit.platform.launcher.core.InterceptingLauncher.lambda$execute$1(InterceptingLauncher.java:39) ~[junit-platform-launcher-1.12.2.jar:1.12.2]
	at org.junit.platform.launcher.core.ClasspathAlignmentCheckingLauncherInterceptor.intercept(ClasspathAlignmentCheckingLauncherInterceptor.java:25) ~[junit-platform-launcher-1.12.2.jar:1.12.2]
	at org.junit.platform.launcher.core.InterceptingLauncher.execute(InterceptingLauncher.java:38) ~[junit-platform-launcher-1.12.2.jar:1.12.2]
	at org.junit.platform.launcher.core.DelegatingLauncher.execute(DelegatingLauncher.java:47) ~[junit-platform-launcher-1.12.2.jar:1.12.2]
	at org.apache.maven.surefire.junitplatform.LauncherAdapter.executeWithoutCancellationToken(LauncherAdapter.java:60) ~[surefire-junit-platform-3.5.6.jar:3.5.6]
	at org.apache.maven.surefire.junitplatform.LauncherAdapter.execute(LauncherAdapter.java:52) ~[surefire-junit-platform-3.5.6.jar:3.5.6]
	at org.apache.maven.surefire.junitplatform.JUnitPlatformProvider.execute(JUnitPlatformProvider.java:203) ~[surefire-junit-platform-3.5.6.jar:3.5.6]
	at org.apache.maven.surefire.junitplatform.JUnitPlatformProvider.invokeAllTests(JUnitPlatformProvider.java:168) ~[surefire-junit-platform-3.5.6.jar:3.5.6]
	at org.apache.maven.surefire.junitplatform.JUnitPlatformProvider.invoke(JUnitPlatformProvider.java:136) ~[surefire-junit-platform-3.5.6.jar:3.5.6]
	at org.apache.maven.surefire.booter.ForkedBooter.runSuitesInProcess(ForkedBooter.java:385) ~[surefire-booter-3.5.6.jar:3.5.6]
	at org.apache.maven.surefire.booter.ForkedBooter.execute(ForkedBooter.java:162) ~[surefire-booter-3.5.6.jar:3.5.6]
	at org.apache.maven.surefire.booter.ForkedBooter.run(ForkedBooter.java:507) ~[surefire-booter-3.5.6.jar:3.5.6]
	at org.apache.maven.surefire.booter.ForkedBooter.main(ForkedBooter.java:495) ~[surefire-booter-3.5.6.jar:3.5.6]
Caused by: org.springframework.beans.factory.BeanCreationException: Error creating bean with name 'catalog' defined in class path resource [lab/conference/options/OptionsConfig.class]: Failed to instantiate [lab.conference.options.Catalog]: Factory method 'catalog' threw exception with message: unknown option group: tours
	at org.springframework.beans.factory.support.ConstructorResolver.instantiate(ConstructorResolver.java:657) ~[spring-beans-6.2.19.jar:6.2.19]
	at org.springframework.beans.factory.support.ConstructorResolver.instantiateUsingFactoryMethod(ConstructorResolver.java:645) ~[spring-beans-6.2.19.jar:6.2.19]
	at org.springframework.beans.factory.support.AbstractAutowireCapableBeanFactory.instantiateUsingFactoryMethod(AbstractAutowireCapableBeanFactory.java:1373) ~[spring-beans-6.2.19.jar:6.2.19]
	at org.springframework.beans.factory.support.AbstractAutowireCapableBeanFactory.createBeanInstance(AbstractAutowireCapableBeanFactory.java:1203) ~[spring-beans-6.2.19.jar:6.2.19]
	at org.springframework.beans.factory.support.AbstractAutowireCapableBeanFactory.doCreateBean(AbstractAutowireCapableBeanFactory.java:569) ~[spring-beans-6.2.19.jar:6.2.19]
	at org.springframework.beans.factory.support.AbstractAutowireCapableBeanFactory.createBean(AbstractAutowireCapableBeanFactory.java:529) ~[spring-beans-6.2.19.jar:6.2.19]
	at org.springframework.beans.factory.support.AbstractBeanFactory.lambda$doGetBean$0(AbstractBeanFactory.java:339) ~[spring-beans-6.2.19.jar:6.2.19]
	at org.springframework.beans.factory.support.DefaultSingletonBeanRegistry.getSingleton(DefaultSingletonBeanRegistry.java:373) ~[spring-beans-6.2.19.jar:6.2.19]
	at org.springframework.beans.factory.support.AbstractBeanFactory.doGetBean(AbstractBeanFactory.java:337) ~[spring-beans-6.2.19.jar:6.2.19]
	at org.springframework.beans.factory.support.AbstractBeanFactory.getBean(AbstractBeanFactory.java:202) ~[spring-beans-6.2.19.jar:6.2.19]
	at org.springframework.beans.factory.support.DefaultListableBeanFactory.doResolveDependency(DefaultListableBeanFactory.java:1715) ~[spring-beans-6.2.19.jar:6.2.19]
	at org.springframework.beans.factory.support.DefaultListableBeanFactory.resolveDependency(DefaultListableBeanFactory.java:1660) ~[spring-beans-6.2.19.jar:6.2.19]
	at org.springframework.beans.factory.support.ConstructorResolver.resolveAutowiredArgument(ConstructorResolver.java:913) ~[spring-beans-6.2.19.jar:6.2.19]
	at org.springframework.beans.factory.support.ConstructorResolver.createArgumentArray(ConstructorResolver.java:791) ~[spring-beans-6.2.19.jar:6.2.19]
	... 153 common frames omitted
Caused by: org.springframework.beans.BeanInstantiationException: Failed to instantiate [lab.conference.options.Catalog]: Factory method 'catalog' threw exception with message: unknown option group: tours
	at org.springframework.beans.factory.support.SimpleInstantiationStrategy.lambda$instantiate$0(SimpleInstantiationStrategy.java:200) ~[spring-beans-6.2.19.jar:6.2.19]
	at org.springframework.beans.factory.support.SimpleInstantiationStrategy.instantiateWithFactoryMethod(SimpleInstantiationStrategy.java:89) ~[spring-beans-6.2.19.jar:6.2.19]
	at org.springframework.beans.factory.support.SimpleInstantiationStrategy.instantiate(SimpleInstantiationStrategy.java:169) ~[spring-beans-6.2.19.jar:6.2.19]
	at org.springframework.beans.factory.support.ConstructorResolver.instantiate(ConstructorResolver.java:653) ~[spring-beans-6.2.19.jar:6.2.19]
	... 166 common frames omitted
Caused by: lab.conference.options.InvalidCatalogException: unknown option group: tours
	at lab.conference.options.CatalogLoader.lambda$parse$0(CatalogLoader.java:59) ~[classes/:na]
	at java.base/java.util.Optional.orElseThrow(Optional.java:403) ~[na:na]
	at lab.conference.options.CatalogLoader.parse(CatalogLoader.java:59) ~[classes/:na]
	at lab.conference.options.CatalogLoader.load(CatalogLoader.java:43) ~[classes/:na]
	at lab.conference.options.OptionsConfig.catalog(OptionsConfig.java:17) ~[classes/:na]
	at lab.conference.options.OptionsConfig$$SpringCGLIB$$0.CGLIB$catalog$0(<generated>) ~[classes/:na]
	at lab.conference.options.OptionsConfig$$SpringCGLIB$$FastClass$$1.invoke(<generated>) ~[classes/:na]
	at org.springframework.cglib.proxy.MethodProxy.invokeSuper(MethodProxy.java:258) ~[spring-core-6.2.19.jar:6.2.19]
	at org.springframework.context.annotation.ConfigurationClassEnhancer$BeanMethodInterceptor.intercept(ConfigurationClassEnhancer.java:400) ~[spring-context-6.2.19.jar:6.2.19]
	at lab.conference.options.OptionsConfig$$SpringCGLIB$$0.catalog(<generated>) ~[classes/:na]
	at java.base/jdk.internal.reflect.DirectMethodHandleAccessor.invoke(DirectMethodHandleAccessor.java:103) ~[na:na]
	at java.base/java.lang.reflect.Method.invoke(Method.java:580) ~[na:na]
	at org.springframework.beans.factory.support.SimpleInstantiationStrategy.lambda$instantiate$0(SimpleInstantiationStrategy.java:172) ~[spring-beans-6.2.19.jar:6.2.19]
	... 169 common frames omitted

2026-09-30T14:23:36.491+02:00  INFO 1862392 --- [conference-backend] [           main] o.a.maven.surefire.booter.ForkedBooter   : Starting ForkedBooter v3.5.6 using Java 21.0.12 with PID 1862392 (started by tjan-kazar in /home/tjan-kazar/storage/Work/lab/agentic_lab/02_output/backend)
2026-09-30T14:23:36.491+02:00  INFO 1862392 --- [conference-backend] [           main] o.a.maven.surefire.booter.ForkedBooter   : No active profile set, falling back to 1 default profile: "default"
2026-09-30T14:23:36.598+02:00  INFO 1862392 --- [conference-backend] [           main] .s.d.r.c.RepositoryConfigurationDelegate : Bootstrapping Spring Data JPA repositories in DEFAULT mode.
2026-09-30T14:23:36.605+02:00  INFO 1862392 --- [conference-backend] [           main] .s.d.r.c.RepositoryConfigurationDelegate : Finished Spring Data repository scanning in 6 ms. Found 2 JPA repository interfaces.
2026-09-30T14:23:36.643+02:00  INFO 1862392 --- [conference-backend] [           main] o.s.b.w.embedded.tomcat.TomcatWebServer  : Tomcat initialized with port 0 (http)
2026-09-30T14:23:36.644+02:00  INFO 1862392 --- [conference-backend] [           main] o.apache.catalina.core.StandardService   : Starting service [Tomcat]
2026-09-30T14:23:36.645+02:00  INFO 1862392 --- [conference-backend] [           main] o.apache.catalina.core.StandardEngine    : Starting Servlet engine: [Apache Tomcat/10.1.60]
2026-09-30T14:23:36.658+02:00  INFO 1862392 --- [conference-backend] [           main] o.a.c.c.C.[Tomcat-3].[localhost].[/]     : Initializing Spring embedded WebApplicationContext
2026-09-30T14:23:36.658+02:00  INFO 1862392 --- [conference-backend] [           main] w.s.c.ServletWebServerApplicationContext : Root WebApplicationContext: initialization completed in 166 ms
2026-09-30T14:23:36.699+02:00  INFO 1862392 --- [conference-backend] [           main] com.zaxxer.hikari.HikariDataSource       : HikariPool-18 - Starting...
2026-09-30T14:23:36.714+02:00  INFO 1862392 --- [conference-backend] [           main] com.zaxxer.hikari.pool.HikariPool        : HikariPool-18 - Added connection org.postgresql.jdbc.PgConnection@743c2e6d
2026-09-30T14:23:36.714+02:00  INFO 1862392 --- [conference-backend] [           main] com.zaxxer.hikari.HikariDataSource       : HikariPool-18 - Start completed.
2026-09-30T14:23:36.715+02:00  INFO 1862392 --- [conference-backend] [           main] org.flywaydb.core.FlywayExecutor         : Database: jdbc:postgresql://localhost:45139/conf_d334ca3f516e (PostgreSQL 16.14)
2026-09-30T14:23:36.724+02:00  INFO 1862392 --- [conference-backend] [           main] o.f.c.i.s.JdbcTableSchemaHistory         : Schema history table "public"."flyway_schema_history" does not exist yet
2026-09-30T14:23:36.725+02:00  INFO 1862392 --- [conference-backend] [           main] o.f.core.internal.command.DbValidate     : Successfully validated 1 migration (execution time 00:00.002s)
2026-09-30T14:23:36.733+02:00  INFO 1862392 --- [conference-backend] [           main] o.f.c.i.s.JdbcTableSchemaHistory         : Creating Schema History table "public"."flyway_schema_history" ...
2026-09-30T14:23:36.755+02:00  INFO 1862392 --- [conference-backend] [           main] o.f.core.internal.command.DbMigrate      : Current version of schema "public": << Empty Schema >>
2026-09-30T14:23:36.759+02:00  INFO 1862392 --- [conference-backend] [           main] o.f.core.internal.command.DbMigrate      : Migrating schema "public" to version "1 - registration schema"
2026-09-30T14:23:36.777+02:00  INFO 1862392 --- [conference-backend] [           main] o.f.core.internal.command.DbMigrate      : Successfully applied 1 migration to schema "public", now at version v1 (execution time 00:00.013s)
2026-09-30T14:23:36.787+02:00  INFO 1862392 --- [conference-backend] [           main] o.hibernate.jpa.internal.util.LogHelper  : HHH000204: Processing PersistenceUnitInfo [name: default]
2026-09-30T14:23:36.788+02:00  INFO 1862392 --- [conference-backend] [           main] o.h.c.internal.RegionFactoryInitiator    : HHH000026: Second-level cache disabled
2026-09-30T14:23:36.792+02:00  INFO 1862392 --- [conference-backend] [           main] o.s.o.j.p.SpringPersistenceUnitInfo      : No LoadTimeWeaver setup: ignoring JPA class transformer
2026-09-30T14:23:36.797+02:00  INFO 1862392 --- [conference-backend] [           main] org.hibernate.orm.connections.pooling    : HHH10001005: Database info:
	Database JDBC URL [Connecting through datasource 'HikariDataSource (HikariPool-18)']
	Database driver: undefined/unknown
	Database version: 16.14
	Autocommit mode: undefined/unknown
	Isolation level: undefined/unknown
	Minimum pool size: undefined/unknown
	Maximum pool size: undefined/unknown
2026-09-30T14:23:36.830+02:00  INFO 1862392 --- [conference-backend] [           main] o.h.e.t.j.p.i.JtaPlatformInitiator       : HHH000489: No JTA platform available (set 'hibernate.transaction.jta.platform' to enable JTA platform integration)
2026-09-30T14:23:36.842+02:00  INFO 1862392 --- [conference-backend] [           main] j.LocalContainerEntityManagerFactoryBean : Initialized JPA EntityManagerFactory for persistence unit 'default'
2026-09-30T14:23:36.872+02:00  WARN 1862392 --- [conference-backend] [           main] ConfigServletWebServerApplicationContext : Exception encountered during context initialization - cancelling refresh attempt: org.springframework.beans.factory.UnsatisfiedDependencyException: Error creating bean with name 'catalogController' defined in file [/home/tjan-kazar/storage/Work/lab/agentic_lab/02_output/backend/target/classes/lab/conference/registration/CatalogController.class]: Unsatisfied dependency expressed through constructor parameter 0: Error creating bean with name 'catalog' defined in class path resource [lab/conference/options/OptionsConfig.class]: Failed to instantiate [lab.conference.options.Catalog]: Factory method 'catalog' threw exception with message: missing or empty name
2026-09-30T14:23:36.872+02:00  INFO 1862392 --- [conference-backend] [           main] j.LocalContainerEntityManagerFactoryBean : Closing JPA EntityManagerFactory for persistence unit 'default'
2026-09-30T14:23:36.873+02:00  INFO 1862392 --- [conference-backend] [           main] com.zaxxer.hikari.HikariDataSource       : HikariPool-18 - Shutdown initiated...
2026-09-30T14:23:36.900+02:00  INFO 1862392 --- [conference-backend] [           main] com.zaxxer.hikari.HikariDataSource       : HikariPool-18 - Shutdown completed.
2026-09-30T14:23:36.901+02:00  INFO 1862392 --- [conference-backend] [           main] o.apache.catalina.core.StandardService   : Stopping service [Tomcat]
2026-09-30T14:23:36.905+02:00  INFO 1862392 --- [conference-backend] [           main] .s.b.a.l.ConditionEvaluationReportLogger : 

Error starting ApplicationContext. To display the condition evaluation report re-run your application with 'debug' enabled.
2026-09-30T14:23:36.906+02:00 ERROR 1862392 --- [conference-backend] [           main] o.s.boot.SpringApplication               : Application run failed

org.springframework.beans.factory.UnsatisfiedDependencyException: Error creating bean with name 'catalogController' defined in file [/home/tjan-kazar/storage/Work/lab/agentic_lab/02_output/backend/target/classes/lab/conference/registration/CatalogController.class]: Unsatisfied dependency expressed through constructor parameter 0: Error creating bean with name 'catalog' defined in class path resource [lab/conference/options/OptionsConfig.class]: Failed to instantiate [lab.conference.options.Catalog]: Factory method 'catalog' threw exception with message: missing or empty name
	at org.springframework.beans.factory.support.ConstructorResolver.createArgumentArray(ConstructorResolver.java:804) ~[spring-beans-6.2.19.jar:6.2.19]
	at org.springframework.beans.factory.support.ConstructorResolver.autowireConstructor(ConstructorResolver.java:240) ~[spring-beans-6.2.19.jar:6.2.19]
	at org.springframework.beans.factory.support.AbstractAutowireCapableBeanFactory.autowireConstructor(AbstractAutowireCapableBeanFactory.java:1393) ~[spring-beans-6.2.19.jar:6.2.19]
	at org.springframework.beans.factory.support.AbstractAutowireCapableBeanFactory.createBeanInstance(AbstractAutowireCapableBeanFactory.java:1230) ~[spring-beans-6.2.19.jar:6.2.19]
	at org.springframework.beans.factory.support.AbstractAutowireCapableBeanFactory.doCreateBean(AbstractAutowireCapableBeanFactory.java:569) ~[spring-beans-6.2.19.jar:6.2.19]
	at org.springframework.beans.factory.support.AbstractAutowireCapableBeanFactory.createBean(AbstractAutowireCapableBeanFactory.java:529) ~[spring-beans-6.2.19.jar:6.2.19]
	at org.springframework.beans.factory.support.AbstractBeanFactory.lambda$doGetBean$0(AbstractBeanFactory.java:339) ~[spring-beans-6.2.19.jar:6.2.19]
	at org.springframework.beans.factory.support.DefaultSingletonBeanRegistry.getSingleton(DefaultSingletonBeanRegistry.java:373) ~[spring-beans-6.2.19.jar:6.2.19]
	at org.springframework.beans.factory.support.AbstractBeanFactory.doGetBean(AbstractBeanFactory.java:337) ~[spring-beans-6.2.19.jar:6.2.19]
	at org.springframework.beans.factory.support.AbstractBeanFactory.getBean(AbstractBeanFactory.java:202) ~[spring-beans-6.2.19.jar:6.2.19]
	at org.springframework.beans.factory.support.DefaultListableBeanFactory.instantiateSingleton(DefaultListableBeanFactory.java:1235) ~[spring-beans-6.2.19.jar:6.2.19]
	at org.springframework.beans.factory.support.DefaultListableBeanFactory.preInstantiateSingleton(DefaultListableBeanFactory.java:1201) ~[spring-beans-6.2.19.jar:6.2.19]
	at org.springframework.beans.factory.support.DefaultListableBeanFactory.preInstantiateSingletons(DefaultListableBeanFactory.java:1130) ~[spring-beans-6.2.19.jar:6.2.19]
	at org.springframework.context.support.AbstractApplicationContext.finishBeanFactoryInitialization(AbstractApplicationContext.java:991) ~[spring-context-6.2.19.jar:6.2.19]
	at org.springframework.context.support.AbstractApplicationContext.refresh(AbstractApplicationContext.java:628) ~[spring-context-6.2.19.jar:6.2.19]
	at org.springframework.boot.web.servlet.context.ServletWebServerApplicationContext.refresh(ServletWebServerApplicationContext.java:146) ~[spring-boot-3.5.16.jar:3.5.16]
	at org.springframework.boot.SpringApplication.refresh(SpringApplication.java:752) ~[spring-boot-3.5.16.jar:3.5.16]
	at org.springframework.boot.SpringApplication.refreshContext(SpringApplication.java:439) ~[spring-boot-3.5.16.jar:3.5.16]
	at org.springframework.boot.SpringApplication.run(SpringApplication.java:318) ~[spring-boot-3.5.16.jar:3.5.16]
	at org.springframework.boot.builder.SpringApplicationBuilder.run(SpringApplicationBuilder.java:149) ~[spring-boot-3.5.16.jar:3.5.16]
	at lab.conference.acceptance.support.AppInstance.start(AppInstance.java:78) ~[test-classes/:na]
	at org.assertj.core.api.ThrowableAssert.catchThrowable(ThrowableAssert.java:66) ~[assertj-core-3.27.7.jar:na]
	at org.assertj.core.api.AssertionsForClassTypes.catchThrowable(AssertionsForClassTypes.java:908) ~[assertj-core-3.27.7.jar:na]
	at org.assertj.core.api.Assertions.catchThrowable(Assertions.java:1476) ~[assertj-core-3.27.7.jar:na]
	at org.assertj.core.api.Assertions.assertThatThrownBy(Assertions.java:1319) ~[assertj-core-3.27.7.jar:na]
	at lab.conference.acceptance.CatalogAcceptanceTest.ac_003_03_invalidCatalogPreventsStartup(CatalogAcceptanceTest.java:108) ~[test-classes/:na]
	at java.base/jdk.internal.reflect.DirectMethodHandleAccessor.invoke(DirectMethodHandleAccessor.java:103) ~[na:na]
	at java.base/java.lang.reflect.Method.invoke(Method.java:580) ~[na:na]
	at org.junit.platform.commons.util.ReflectionUtils.invokeMethod(ReflectionUtils.java:775) ~[junit-platform-commons-1.12.2.jar:1.12.2]
	at org.junit.platform.commons.support.ReflectionSupport.invokeMethod(ReflectionSupport.java:479) ~[junit-platform-commons-1.12.2.jar:1.12.2]
	at org.junit.jupiter.engine.execution.MethodInvocation.proceed(MethodInvocation.java:60) ~[junit-jupiter-engine-5.12.2.jar:5.12.2]
	at org.junit.jupiter.engine.execution.InvocationInterceptorChain$ValidatingInvocation.proceed(InvocationInterceptorChain.java:131) ~[junit-jupiter-engine-5.12.2.jar:5.12.2]
	at org.junit.jupiter.params.ArgumentCountValidator.interceptTestTemplateMethod(ArgumentCountValidator.java:45) ~[junit-jupiter-params-5.12.2.jar:5.12.2]
	at org.junit.jupiter.engine.execution.InterceptingExecutableInvoker$ReflectiveInterceptorCall.lambda$ofVoidMethod$0(InterceptingExecutableInvoker.java:112) ~[junit-jupiter-engine-5.12.2.jar:5.12.2]
	at org.junit.jupiter.engine.execution.InterceptingExecutableInvoker.lambda$invoke$0(InterceptingExecutableInvoker.java:94) ~[junit-jupiter-engine-5.12.2.jar:5.12.2]
	at org.junit.jupiter.engine.execution.InvocationInterceptorChain$InterceptedInvocation.proceed(InvocationInterceptorChain.java:106) ~[junit-jupiter-engine-5.12.2.jar:5.12.2]
	at org.junit.jupiter.engine.extension.TimeoutExtension.intercept(TimeoutExtension.java:161) ~[junit-jupiter-engine-5.12.2.jar:5.12.2]
	at org.junit.jupiter.engine.extension.TimeoutExtension.interceptTestableMethod(TimeoutExtension.java:152) ~[junit-jupiter-engine-5.12.2.jar:5.12.2]
	at org.junit.jupiter.engine.extension.TimeoutExtension.interceptTestTemplateMethod(TimeoutExtension.java:99) ~[junit-jupiter-engine-5.12.2.jar:5.12.2]
	at org.junit.jupiter.engine.execution.InterceptingExecutableInvoker$ReflectiveInterceptorCall.lambda$ofVoidMethod$0(InterceptingExecutableInvoker.java:112) ~[junit-jupiter-engine-5.12.2.jar:5.12.2]
	at org.junit.jupiter.engine.execution.InterceptingExecutableInvoker.lambda$invoke$0(InterceptingExecutableInvoker.java:94) ~[junit-jupiter-engine-5.12.2.jar:5.12.2]
	at org.junit.jupiter.engine.execution.InvocationInterceptorChain$InterceptedInvocation.proceed(InvocationInterceptorChain.java:106) ~[junit-jupiter-engine-5.12.2.jar:5.12.2]
	at org.junit.jupiter.engine.execution.InvocationInterceptorChain.proceed(InvocationInterceptorChain.java:64) ~[junit-jupiter-engine-5.12.2.jar:5.12.2]
	at org.junit.jupiter.engine.execution.InvocationInterceptorChain.chainAndInvoke(InvocationInterceptorChain.java:45) ~[junit-jupiter-engine-5.12.2.jar:5.12.2]
	at org.junit.jupiter.engine.execution.InvocationInterceptorChain.invoke(InvocationInterceptorChain.java:37) ~[junit-jupiter-engine-5.12.2.jar:5.12.2]
	at org.junit.jupiter.engine.execution.InterceptingExecutableInvoker.invoke(InterceptingExecutableInvoker.java:93) ~[junit-jupiter-engine-5.12.2.jar:5.12.2]
	at org.junit.jupiter.engine.execution.InterceptingExecutableInvoker.invoke(InterceptingExecutableInvoker.java:87) ~[junit-jupiter-engine-5.12.2.jar:5.12.2]
	at org.junit.jupiter.engine.descriptor.TestMethodTestDescriptor.lambda$invokeTestMethod$7(TestMethodTestDescriptor.java:216) ~[junit-jupiter-engine-5.12.2.jar:5.12.2]
	at org.junit.platform.engine.support.hierarchical.ThrowableCollector.execute(ThrowableCollector.java:73) ~[junit-platform-engine-1.12.2.jar:1.12.2]
	at org.junit.jupiter.engine.descriptor.TestMethodTestDescriptor.invokeTestMethod(TestMethodTestDescriptor.java:212) ~[junit-jupiter-engine-5.12.2.jar:5.12.2]
	at org.junit.jupiter.engine.descriptor.TestMethodTestDescriptor.execute(TestMethodTestDescriptor.java:137) ~[junit-jupiter-engine-5.12.2.jar:5.12.2]
	at org.junit.jupiter.engine.descriptor.TestMethodTestDescriptor.execute(TestMethodTestDescriptor.java:69) ~[junit-jupiter-engine-5.12.2.jar:5.12.2]
	at org.junit.platform.engine.support.hierarchical.NodeTestTask.lambda$executeRecursively$6(NodeTestTask.java:156) ~[junit-platform-engine-1.12.2.jar:1.12.2]
	at org.junit.platform.engine.support.hierarchical.ThrowableCollector.execute(ThrowableCollector.java:73) ~[junit-platform-engine-1.12.2.jar:1.12.2]
	at org.junit.platform.engine.support.hierarchical.NodeTestTask.lambda$executeRecursively$8(NodeTestTask.java:146) ~[junit-platform-engine-1.12.2.jar:1.12.2]
	at org.junit.platform.engine.support.hierarchical.Node.around(Node.java:137) ~[junit-platform-engine-1.12.2.jar:1.12.2]
	at org.junit.platform.engine.support.hierarchical.NodeTestTask.lambda$executeRecursively$9(NodeTestTask.java:144) ~[junit-platform-engine-1.12.2.jar:1.12.2]
	at org.junit.platform.engine.support.hierarchical.ThrowableCollector.execute(ThrowableCollector.java:73) ~[junit-platform-engine-1.12.2.jar:1.12.2]
	at org.junit.platform.engine.support.hierarchical.NodeTestTask.executeRecursively(NodeTestTask.java:143) ~[junit-platform-engine-1.12.2.jar:1.12.2]
	at org.junit.platform.engine.support.hierarchical.NodeTestTask.execute(NodeTestTask.java:100) ~[junit-platform-engine-1.12.2.jar:1.12.2]
	at org.junit.platform.engine.support.hierarchical.SameThreadHierarchicalTestExecutorService.submit(SameThreadHierarchicalTestExecutorService.java:35) ~[junit-platform-engine-1.12.2.jar:1.12.2]
	at org.junit.platform.engine.support.hierarchical.NodeTestTask$DefaultDynamicTestExecutor.execute(NodeTestTask.java:231) ~[junit-platform-engine-1.12.2.jar:1.12.2]
	at org.junit.platform.engine.support.hierarchical.NodeTestTask$DefaultDynamicTestExecutor.execute(NodeTestTask.java:209) ~[junit-platform-engine-1.12.2.jar:1.12.2]
	at org.junit.jupiter.engine.descriptor.TestTemplateTestDescriptor.execute(TestTemplateTestDescriptor.java:157) ~[junit-jupiter-engine-5.12.2.jar:5.12.2]
	at org.junit.jupiter.engine.descriptor.TestTemplateTestDescriptor.lambda$executeForProvider$0(TestTemplateTestDescriptor.java:115) ~[junit-jupiter-engine-5.12.2.jar:5.12.2]
	at java.base/java.util.Optional.ifPresent(Optional.java:178) ~[na:na]
	at org.junit.jupiter.engine.descriptor.TestTemplateTestDescriptor.lambda$executeForProvider$1(TestTemplateTestDescriptor.java:115) ~[junit-jupiter-engine-5.12.2.jar:5.12.2]
	at java.base/java.util.stream.ForEachOps$ForEachOp$OfRef.accept(ForEachOps.java:184) ~[na:na]
	at java.base/java.util.stream.ReferencePipeline$3$1.accept(ReferencePipeline.java:197) ~[na:na]
	at java.base/java.util.stream.ForEachOps$ForEachOp$OfRef.accept(ForEachOps.java:184) ~[na:na]
	at java.base/java.util.stream.ForEachOps$ForEachOp$OfRef.accept(ForEachOps.java:184) ~[na:na]
	at java.base/java.util.stream.ReferencePipeline$3$1.accept(ReferencePipeline.java:197) ~[na:na]
	at java.base/java.util.Spliterators$ArraySpliterator.forEachRemaining(Spliterators.java:1024) ~[na:na]
	at java.base/java.util.stream.AbstractPipeline.copyInto(AbstractPipeline.java:509) ~[na:na]
	at java.base/java.util.stream.AbstractPipeline.wrapAndCopyInto(AbstractPipeline.java:499) ~[na:na]
	at java.base/java.util.stream.ForEachOps$ForEachOp.evaluateSequential(ForEachOps.java:151) ~[na:na]
	at java.base/java.util.stream.ForEachOps$ForEachOp$OfRef.evaluateSequential(ForEachOps.java:174) ~[na:na]
	at java.base/java.util.stream.AbstractPipeline.evaluate(AbstractPipeline.java:234) ~[na:na]
	at java.base/java.util.stream.ReferencePipeline.forEach(ReferencePipeline.java:596) ~[na:na]
	at java.base/java.util.stream.ReferencePipeline$7$1.accept(ReferencePipeline.java:276) ~[na:na]
	at java.base/java.util.ArrayList$ArrayListSpliterator.forEachRemaining(ArrayList.java:1708) ~[na:na]
	at java.base/java.util.stream.AbstractPipeline.copyInto(AbstractPipeline.java:509) ~[na:na]
	at java.base/java.util.stream.AbstractPipeline.wrapAndCopyInto(AbstractPipeline.java:499) ~[na:na]
	at java.base/java.util.stream.ForEachOps$ForEachOp.evaluateSequential(ForEachOps.java:151) ~[na:na]
	at java.base/java.util.stream.ForEachOps$ForEachOp$OfRef.evaluateSequential(ForEachOps.java:174) ~[na:na]
	at java.base/java.util.stream.AbstractPipeline.evaluate(AbstractPipeline.java:234) ~[na:na]
	at java.base/java.util.stream.ReferencePipeline.forEach(ReferencePipeline.java:596) ~[na:na]
	at java.base/java.util.stream.ReferencePipeline$7$1.accept(ReferencePipeline.java:276) ~[na:na]
	at java.base/java.util.stream.ReferencePipeline$3$1.accept(ReferencePipeline.java:197) ~[na:na]
	at java.base/java.util.stream.ReferencePipeline$3$1.accept(ReferencePipeline.java:197) ~[na:na]
	at java.base/java.util.stream.ReferencePipeline$3$1.accept(ReferencePipeline.java:197) ~[na:na]
	at java.base/java.util.ArrayList$ArrayListSpliterator.forEachRemaining(ArrayList.java:1708) ~[na:na]
	at java.base/java.util.stream.AbstractPipeline.copyInto(AbstractPipeline.java:509) ~[na:na]
	at java.base/java.util.stream.AbstractPipeline.wrapAndCopyInto(AbstractPipeline.java:499) ~[na:na]
	at java.base/java.util.stream.ForEachOps$ForEachOp.evaluateSequential(ForEachOps.java:151) ~[na:na]
	at java.base/java.util.stream.ForEachOps$ForEachOp$OfRef.evaluateSequential(ForEachOps.java:174) ~[na:na]
	at java.base/java.util.stream.AbstractPipeline.evaluate(AbstractPipeline.java:234) ~[na:na]
	at java.base/java.util.stream.ReferencePipeline.forEach(ReferencePipeline.java:596) ~[na:na]
	at org.junit.jupiter.engine.descriptor.TestTemplateTestDescriptor.executeForProvider(TestTemplateTestDescriptor.java:114) ~[junit-jupiter-engine-5.12.2.jar:5.12.2]
	at org.junit.jupiter.engine.descriptor.TestTemplateTestDescriptor.execute(TestTemplateTestDescriptor.java:103) ~[junit-jupiter-engine-5.12.2.jar:5.12.2]
	at org.junit.jupiter.engine.descriptor.TestTemplateTestDescriptor.execute(TestTemplateTestDescriptor.java:43) ~[junit-jupiter-engine-5.12.2.jar:5.12.2]
	at org.junit.platform.engine.support.hierarchical.NodeTestTask.lambda$executeRecursively$6(NodeTestTask.java:156) ~[junit-platform-engine-1.12.2.jar:1.12.2]
	at org.junit.platform.engine.support.hierarchical.ThrowableCollector.execute(ThrowableCollector.java:73) ~[junit-platform-engine-1.12.2.jar:1.12.2]
	at org.junit.platform.engine.support.hierarchical.NodeTestTask.lambda$executeRecursively$8(NodeTestTask.java:146) ~[junit-platform-engine-1.12.2.jar:1.12.2]
	at org.junit.platform.engine.support.hierarchical.Node.around(Node.java:137) ~[junit-platform-engine-1.12.2.jar:1.12.2]
	at org.junit.platform.engine.support.hierarchical.NodeTestTask.lambda$executeRecursively$9(NodeTestTask.java:144) ~[junit-platform-engine-1.12.2.jar:1.12.2]
	at org.junit.platform.engine.support.hierarchical.ThrowableCollector.execute(ThrowableCollector.java:73) ~[junit-platform-engine-1.12.2.jar:1.12.2]
	at org.junit.platform.engine.support.hierarchical.NodeTestTask.executeRecursively(NodeTestTask.java:143) ~[junit-platform-engine-1.12.2.jar:1.12.2]
	at org.junit.platform.engine.support.hierarchical.NodeTestTask.execute(NodeTestTask.java:100) ~[junit-platform-engine-1.12.2.jar:1.12.2]
	at java.base/java.util.ArrayList.forEach(ArrayList.java:1596) ~[na:na]
	at org.junit.platform.engine.support.hierarchical.SameThreadHierarchicalTestExecutorService.invokeAll(SameThreadHierarchicalTestExecutorService.java:41) ~[junit-platform-engine-1.12.2.jar:1.12.2]
	at org.junit.platform.engine.support.hierarchical.NodeTestTask.lambda$executeRecursively$6(NodeTestTask.java:160) ~[junit-platform-engine-1.12.2.jar:1.12.2]
	at org.junit.platform.engine.support.hierarchical.ThrowableCollector.execute(ThrowableCollector.java:73) ~[junit-platform-engine-1.12.2.jar:1.12.2]
	at org.junit.platform.engine.support.hierarchical.NodeTestTask.lambda$executeRecursively$8(NodeTestTask.java:146) ~[junit-platform-engine-1.12.2.jar:1.12.2]
	at org.junit.platform.engine.support.hierarchical.Node.around(Node.java:137) ~[junit-platform-engine-1.12.2.jar:1.12.2]
	at org.junit.platform.engine.support.hierarchical.NodeTestTask.lambda$executeRecursively$9(NodeTestTask.java:144) ~[junit-platform-engine-1.12.2.jar:1.12.2]
	at org.junit.platform.engine.support.hierarchical.ThrowableCollector.execute(ThrowableCollector.java:73) ~[junit-platform-engine-1.12.2.jar:1.12.2]
	at org.junit.platform.engine.support.hierarchical.NodeTestTask.executeRecursively(NodeTestTask.java:143) ~[junit-platform-engine-1.12.2.jar:1.12.2]
	at org.junit.platform.engine.support.hierarchical.NodeTestTask.execute(NodeTestTask.java:100) ~[junit-platform-engine-1.12.2.jar:1.12.2]
	at java.base/java.util.ArrayList.forEach(ArrayList.java:1596) ~[na:na]
	at org.junit.platform.engine.support.hierarchical.SameThreadHierarchicalTestExecutorService.invokeAll(SameThreadHierarchicalTestExecutorService.java:41) ~[junit-platform-engine-1.12.2.jar:1.12.2]
	at org.junit.platform.engine.support.hierarchical.NodeTestTask.lambda$executeRecursively$6(NodeTestTask.java:160) ~[junit-platform-engine-1.12.2.jar:1.12.2]
	at org.junit.platform.engine.support.hierarchical.ThrowableCollector.execute(ThrowableCollector.java:73) ~[junit-platform-engine-1.12.2.jar:1.12.2]
	at org.junit.platform.engine.support.hierarchical.NodeTestTask.lambda$executeRecursively$8(NodeTestTask.java:146) ~[junit-platform-engine-1.12.2.jar:1.12.2]
	at org.junit.platform.engine.support.hierarchical.Node.around(Node.java:137) ~[junit-platform-engine-1.12.2.jar:1.12.2]
	at org.junit.platform.engine.support.hierarchical.NodeTestTask.lambda$executeRecursively$9(NodeTestTask.java:144) ~[junit-platform-engine-1.12.2.jar:1.12.2]
	at org.junit.platform.engine.support.hierarchical.ThrowableCollector.execute(ThrowableCollector.java:73) ~[junit-platform-engine-1.12.2.jar:1.12.2]
	at org.junit.platform.engine.support.hierarchical.NodeTestTask.executeRecursively(NodeTestTask.java:143) ~[junit-platform-engine-1.12.2.jar:1.12.2]
	at org.junit.platform.engine.support.hierarchical.NodeTestTask.execute(NodeTestTask.java:100) ~[junit-platform-engine-1.12.2.jar:1.12.2]
	at org.junit.platform.engine.support.hierarchical.SameThreadHierarchicalTestExecutorService.submit(SameThreadHierarchicalTestExecutorService.java:35) ~[junit-platform-engine-1.12.2.jar:1.12.2]
	at org.junit.platform.engine.support.hierarchical.HierarchicalTestExecutor.execute(HierarchicalTestExecutor.java:57) ~[junit-platform-engine-1.12.2.jar:1.12.2]
	at org.junit.platform.engine.support.hierarchical.HierarchicalTestEngine.execute(HierarchicalTestEngine.java:54) ~[junit-platform-engine-1.12.2.jar:1.12.2]
	at org.junit.platform.launcher.core.EngineExecutionOrchestrator.execute(EngineExecutionOrchestrator.java:201) ~[junit-platform-launcher-1.12.2.jar:1.12.2]
	at org.junit.platform.launcher.core.EngineExecutionOrchestrator.execute(EngineExecutionOrchestrator.java:170) ~[junit-platform-launcher-1.12.2.jar:1.12.2]
	at org.junit.platform.launcher.core.EngineExecutionOrchestrator.execute(EngineExecutionOrchestrator.java:94) ~[junit-platform-launcher-1.12.2.jar:1.12.2]
	at org.junit.platform.launcher.core.EngineExecutionOrchestrator.lambda$execute$0(EngineExecutionOrchestrator.java:59) ~[junit-platform-launcher-1.12.2.jar:1.12.2]
	at org.junit.platform.launcher.core.EngineExecutionOrchestrator.withInterceptedStreams(EngineExecutionOrchestrator.java:142) ~[junit-platform-launcher-1.12.2.jar:1.12.2]
	at org.junit.platform.launcher.core.EngineExecutionOrchestrator.execute(EngineExecutionOrchestrator.java:58) ~[junit-platform-launcher-1.12.2.jar:1.12.2]
	at org.junit.platform.launcher.core.DefaultLauncher.execute(DefaultLauncher.java:103) ~[junit-platform-launcher-1.12.2.jar:1.12.2]
	at org.junit.platform.launcher.core.DefaultLauncher.execute(DefaultLauncher.java:85) ~[junit-platform-launcher-1.12.2.jar:1.12.2]
	at org.junit.platform.launcher.core.DelegatingLauncher.execute(DelegatingLauncher.java:47) ~[junit-platform-launcher-1.12.2.jar:1.12.2]
	at org.junit.platform.launcher.core.InterceptingLauncher.lambda$execute$1(InterceptingLauncher.java:39) ~[junit-platform-launcher-1.12.2.jar:1.12.2]
	at org.junit.platform.launcher.core.ClasspathAlignmentCheckingLauncherInterceptor.intercept(ClasspathAlignmentCheckingLauncherInterceptor.java:25) ~[junit-platform-launcher-1.12.2.jar:1.12.2]
	at org.junit.platform.launcher.core.InterceptingLauncher.execute(InterceptingLauncher.java:38) ~[junit-platform-launcher-1.12.2.jar:1.12.2]
	at org.junit.platform.launcher.core.DelegatingLauncher.execute(DelegatingLauncher.java:47) ~[junit-platform-launcher-1.12.2.jar:1.12.2]
	at org.apache.maven.surefire.junitplatform.LauncherAdapter.executeWithoutCancellationToken(LauncherAdapter.java:60) ~[surefire-junit-platform-3.5.6.jar:3.5.6]
	at org.apache.maven.surefire.junitplatform.LauncherAdapter.execute(LauncherAdapter.java:52) ~[surefire-junit-platform-3.5.6.jar:3.5.6]
	at org.apache.maven.surefire.junitplatform.JUnitPlatformProvider.execute(JUnitPlatformProvider.java:203) ~[surefire-junit-platform-3.5.6.jar:3.5.6]
	at org.apache.maven.surefire.junitplatform.JUnitPlatformProvider.invokeAllTests(JUnitPlatformProvider.java:168) ~[surefire-junit-platform-3.5.6.jar:3.5.6]
	at org.apache.maven.surefire.junitplatform.JUnitPlatformProvider.invoke(JUnitPlatformProvider.java:136) ~[surefire-junit-platform-3.5.6.jar:3.5.6]
	at org.apache.maven.surefire.booter.ForkedBooter.runSuitesInProcess(ForkedBooter.java:385) ~[surefire-booter-3.5.6.jar:3.5.6]
	at org.apache.maven.surefire.booter.ForkedBooter.execute(ForkedBooter.java:162) ~[surefire-booter-3.5.6.jar:3.5.6]
	at org.apache.maven.surefire.booter.ForkedBooter.run(ForkedBooter.java:507) ~[surefire-booter-3.5.6.jar:3.5.6]
	at org.apache.maven.surefire.booter.ForkedBooter.main(ForkedBooter.java:495) ~[surefire-booter-3.5.6.jar:3.5.6]
Caused by: org.springframework.beans.factory.BeanCreationException: Error creating bean with name 'catalog' defined in class path resource [lab/conference/options/OptionsConfig.class]: Failed to instantiate [lab.conference.options.Catalog]: Factory method 'catalog' threw exception with message: missing or empty name
	at org.springframework.beans.factory.support.ConstructorResolver.instantiate(ConstructorResolver.java:657) ~[spring-beans-6.2.19.jar:6.2.19]
	at org.springframework.beans.factory.support.ConstructorResolver.instantiateUsingFactoryMethod(ConstructorResolver.java:645) ~[spring-beans-6.2.19.jar:6.2.19]
	at org.springframework.beans.factory.support.AbstractAutowireCapableBeanFactory.instantiateUsingFactoryMethod(AbstractAutowireCapableBeanFactory.java:1373) ~[spring-beans-6.2.19.jar:6.2.19]
	at org.springframework.beans.factory.support.AbstractAutowireCapableBeanFactory.createBeanInstance(AbstractAutowireCapableBeanFactory.java:1203) ~[spring-beans-6.2.19.jar:6.2.19]
	at org.springframework.beans.factory.support.AbstractAutowireCapableBeanFactory.doCreateBean(AbstractAutowireCapableBeanFactory.java:569) ~[spring-beans-6.2.19.jar:6.2.19]
	at org.springframework.beans.factory.support.AbstractAutowireCapableBeanFactory.createBean(AbstractAutowireCapableBeanFactory.java:529) ~[spring-beans-6.2.19.jar:6.2.19]
	at org.springframework.beans.factory.support.AbstractBeanFactory.lambda$doGetBean$0(AbstractBeanFactory.java:339) ~[spring-beans-6.2.19.jar:6.2.19]
	at org.springframework.beans.factory.support.DefaultSingletonBeanRegistry.getSingleton(DefaultSingletonBeanRegistry.java:373) ~[spring-beans-6.2.19.jar:6.2.19]
	at org.springframework.beans.factory.support.AbstractBeanFactory.doGetBean(AbstractBeanFactory.java:337) ~[spring-beans-6.2.19.jar:6.2.19]
	at org.springframework.beans.factory.support.AbstractBeanFactory.getBean(AbstractBeanFactory.java:202) ~[spring-beans-6.2.19.jar:6.2.19]
	at org.springframework.beans.factory.support.DefaultListableBeanFactory.doResolveDependency(DefaultListableBeanFactory.java:1715) ~[spring-beans-6.2.19.jar:6.2.19]
	at org.springframework.beans.factory.support.DefaultListableBeanFactory.resolveDependency(DefaultListableBeanFactory.java:1660) ~[spring-beans-6.2.19.jar:6.2.19]
	at org.springframework.beans.factory.support.ConstructorResolver.resolveAutowiredArgument(ConstructorResolver.java:913) ~[spring-beans-6.2.19.jar:6.2.19]
	at org.springframework.beans.factory.support.ConstructorResolver.createArgumentArray(ConstructorResolver.java:791) ~[spring-beans-6.2.19.jar:6.2.19]
	... 153 common frames omitted
Caused by: org.springframework.beans.BeanInstantiationException: Failed to instantiate [lab.conference.options.Catalog]: Factory method 'catalog' threw exception with message: missing or empty name
	at org.springframework.beans.factory.support.SimpleInstantiationStrategy.lambda$instantiate$0(SimpleInstantiationStrategy.java:200) ~[spring-beans-6.2.19.jar:6.2.19]
	at org.springframework.beans.factory.support.SimpleInstantiationStrategy.instantiateWithFactoryMethod(SimpleInstantiationStrategy.java:89) ~[spring-beans-6.2.19.jar:6.2.19]
	at org.springframework.beans.factory.support.SimpleInstantiationStrategy.instantiate(SimpleInstantiationStrategy.java:169) ~[spring-beans-6.2.19.jar:6.2.19]
	at org.springframework.beans.factory.support.ConstructorResolver.instantiate(ConstructorResolver.java:653) ~[spring-beans-6.2.19.jar:6.2.19]
	... 166 common frames omitted
Caused by: lab.conference.options.InvalidCatalogException: missing or empty name
	at lab.conference.options.CatalogLoader.text(CatalogLoader.java:118) ~[classes/:na]
	at lab.conference.options.CatalogLoader.options(CatalogLoader.java:85) ~[classes/:na]
	at lab.conference.options.CatalogLoader.parse(CatalogLoader.java:60) ~[classes/:na]
	at lab.conference.options.CatalogLoader.load(CatalogLoader.java:43) ~[classes/:na]
	at lab.conference.options.OptionsConfig.catalog(OptionsConfig.java:17) ~[classes/:na]
	at lab.conference.options.OptionsConfig$$SpringCGLIB$$0.CGLIB$catalog$0(<generated>) ~[classes/:na]
	at lab.conference.options.OptionsConfig$$SpringCGLIB$$FastClass$$1.invoke(<generated>) ~[classes/:na]
	at org.springframework.cglib.proxy.MethodProxy.invokeSuper(MethodProxy.java:258) ~[spring-core-6.2.19.jar:6.2.19]
	at org.springframework.context.annotation.ConfigurationClassEnhancer$BeanMethodInterceptor.intercept(ConfigurationClassEnhancer.java:400) ~[spring-context-6.2.19.jar:6.2.19]
	at lab.conference.options.OptionsConfig$$SpringCGLIB$$0.catalog(<generated>) ~[classes/:na]
	at java.base/jdk.internal.reflect.DirectMethodHandleAccessor.invoke(DirectMethodHandleAccessor.java:103) ~[na:na]
	at java.base/java.lang.reflect.Method.invoke(Method.java:580) ~[na:na]
	at org.springframework.beans.factory.support.SimpleInstantiationStrategy.lambda$instantiate$0(SimpleInstantiationStrategy.java:172) ~[spring-beans-6.2.19.jar:6.2.19]
	... 169 common frames omitted

2026-09-30T14:23:37.037+02:00  INFO 1862392 --- [conference-backend] [           main] o.a.maven.surefire.booter.ForkedBooter   : Starting ForkedBooter v3.5.6 using Java 21.0.12 with PID 1862392 (started by tjan-kazar in /home/tjan-kazar/storage/Work/lab/agentic_lab/02_output/backend)
2026-09-30T14:23:37.037+02:00  INFO 1862392 --- [conference-backend] [           main] o.a.maven.surefire.booter.ForkedBooter   : No active profile set, falling back to 1 default profile: "default"
2026-09-30T14:23:37.153+02:00  INFO 1862392 --- [conference-backend] [           main] .s.d.r.c.RepositoryConfigurationDelegate : Bootstrapping Spring Data JPA repositories in DEFAULT mode.
2026-09-30T14:23:37.160+02:00  INFO 1862392 --- [conference-backend] [           main] .s.d.r.c.RepositoryConfigurationDelegate : Finished Spring Data repository scanning in 6 ms. Found 2 JPA repository interfaces.
2026-09-30T14:23:37.199+02:00  INFO 1862392 --- [conference-backend] [           main] o.s.b.w.embedded.tomcat.TomcatWebServer  : Tomcat initialized with port 0 (http)
2026-09-30T14:23:37.200+02:00  INFO 1862392 --- [conference-backend] [           main] o.apache.catalina.core.StandardService   : Starting service [Tomcat]
2026-09-30T14:23:37.200+02:00  INFO 1862392 --- [conference-backend] [           main] o.apache.catalina.core.StandardEngine    : Starting Servlet engine: [Apache Tomcat/10.1.60]
2026-09-30T14:23:37.208+02:00  INFO 1862392 --- [conference-backend] [           main] o.a.c.c.C.[Tomcat-4].[localhost].[/]     : Initializing Spring embedded WebApplicationContext
2026-09-30T14:23:37.208+02:00  INFO 1862392 --- [conference-backend] [           main] w.s.c.ServletWebServerApplicationContext : Root WebApplicationContext: initialization completed in 170 ms
2026-09-30T14:23:37.253+02:00  INFO 1862392 --- [conference-backend] [           main] com.zaxxer.hikari.HikariDataSource       : HikariPool-19 - Starting...
2026-09-30T14:23:37.269+02:00  INFO 1862392 --- [conference-backend] [           main] com.zaxxer.hikari.pool.HikariPool        : HikariPool-19 - Added connection org.postgresql.jdbc.PgConnection@59d61056
2026-09-30T14:23:37.269+02:00  INFO 1862392 --- [conference-backend] [           main] com.zaxxer.hikari.HikariDataSource       : HikariPool-19 - Start completed.
2026-09-30T14:23:37.270+02:00  INFO 1862392 --- [conference-backend] [           main] org.flywaydb.core.FlywayExecutor         : Database: jdbc:postgresql://localhost:45139/conf_514ae7352b8c (PostgreSQL 16.14)
2026-09-30T14:23:37.279+02:00  INFO 1862392 --- [conference-backend] [           main] o.f.c.i.s.JdbcTableSchemaHistory         : Schema history table "public"."flyway_schema_history" does not exist yet
2026-09-30T14:23:37.280+02:00  INFO 1862392 --- [conference-backend] [           main] o.f.core.internal.command.DbValidate     : Successfully validated 1 migration (execution time 00:00.003s)
2026-09-30T14:23:37.288+02:00  INFO 1862392 --- [conference-backend] [           main] o.f.c.i.s.JdbcTableSchemaHistory         : Creating Schema History table "public"."flyway_schema_history" ...
2026-09-30T14:23:37.316+02:00  INFO 1862392 --- [conference-backend] [           main] o.f.core.internal.command.DbMigrate      : Current version of schema "public": << Empty Schema >>
2026-09-30T14:23:37.320+02:00  INFO 1862392 --- [conference-backend] [           main] o.f.core.internal.command.DbMigrate      : Migrating schema "public" to version "1 - registration schema"
2026-09-30T14:23:37.340+02:00  INFO 1862392 --- [conference-backend] [           main] o.f.core.internal.command.DbMigrate      : Successfully applied 1 migration to schema "public", now at version v1 (execution time 00:00.014s)
2026-09-30T14:23:37.350+02:00  INFO 1862392 --- [conference-backend] [           main] o.hibernate.jpa.internal.util.LogHelper  : HHH000204: Processing PersistenceUnitInfo [name: default]
2026-09-30T14:23:37.352+02:00  INFO 1862392 --- [conference-backend] [           main] o.h.c.internal.RegionFactoryInitiator    : HHH000026: Second-level cache disabled
2026-09-30T14:23:37.356+02:00  INFO 1862392 --- [conference-backend] [           main] o.s.o.j.p.SpringPersistenceUnitInfo      : No LoadTimeWeaver setup: ignoring JPA class transformer
2026-09-30T14:23:37.362+02:00  INFO 1862392 --- [conference-backend] [           main] org.hibernate.orm.connections.pooling    : HHH10001005: Database info:
	Database JDBC URL [Connecting through datasource 'HikariDataSource (HikariPool-19)']
	Database driver: undefined/unknown
	Database version: 16.14
	Autocommit mode: undefined/unknown
	Isolation level: undefined/unknown
	Minimum pool size: undefined/unknown
	Maximum pool size: undefined/unknown
2026-09-30T14:23:37.398+02:00  INFO 1862392 --- [conference-backend] [           main] o.h.e.t.j.p.i.JtaPlatformInitiator       : HHH000489: No JTA platform available (set 'hibernate.transaction.jta.platform' to enable JTA platform integration)
2026-09-30T14:23:37.410+02:00  INFO 1862392 --- [conference-backend] [           main] j.LocalContainerEntityManagerFactoryBean : Initialized JPA EntityManagerFactory for persistence unit 'default'
2026-09-30T14:23:37.463+02:00  INFO 1862392 --- [conference-backend] [           main] r$InitializeUserDetailsManagerConfigurer : Global AuthenticationManager configured with UserDetailsService bean with name organizer
2026-09-30T14:23:37.516+02:00  INFO 1862392 --- [conference-backend] [           main] o.s.b.a.e.web.EndpointLinksResolver      : Exposing 1 endpoint beneath base path '/actuator'
2026-09-30T14:23:37.571+02:00  INFO 1862392 --- [conference-backend] [           main] o.s.b.w.embedded.tomcat.TomcatWebServer  : Tomcat started on port 34005 (http) with context path '/'
2026-09-30T14:23:37.575+02:00  INFO 1862392 --- [conference-backend] [           main] o.a.maven.surefire.booter.ForkedBooter   : Started ForkedBooter in 0.551 seconds (process running for 242.239)
2026-09-30T14:23:37.583+02:00  INFO 1862392 --- [conference-backend] [-auto-19-exec-1] o.a.c.c.C.[Tomcat-4].[localhost].[/]     : Initializing Spring DispatcherServlet 'dispatcherServlet'
2026-09-30T14:23:37.583+02:00  INFO 1862392 --- [conference-backend] [-auto-19-exec-1] o.s.web.servlet.DispatcherServlet        : Initializing Servlet 'dispatcherServlet'
2026-09-30T14:23:37.584+02:00  INFO 1862392 --- [conference-backend] [-auto-19-exec-1] o.s.web.servlet.DispatcherServlet        : Completed initialization in 1 ms
2026-09-30T14:23:37.594+02:00  INFO 1862392 --- [conference-backend] [           main] o.s.b.w.e.tomcat.GracefulShutdown        : Commencing graceful shutdown. Waiting for active requests to complete
2026-09-30T14:23:37.594+02:00  INFO 1862392 --- [conference-backend] [tomcat-shutdown] o.s.b.w.e.tomcat.GracefulShutdown        : Graceful shutdown complete
2026-09-30T14:23:37.596+02:00  INFO 1862392 --- [conference-backend] [           main] j.LocalContainerEntityManagerFactoryBean : Closing JPA EntityManagerFactory for persistence unit 'default'
2026-09-30T14:23:37.596+02:00  INFO 1862392 --- [conference-backend] [           main] com.zaxxer.hikari.HikariDataSource       : HikariPool-19 - Shutdown initiated...
2026-09-30T14:23:37.635+02:00  INFO 1862392 --- [conference-backend] [           main] com.zaxxer.hikari.HikariDataSource       : HikariPool-19 - Shutdown completed.
2026-09-30T14:23:37.769+02:00  INFO 1862392 --- [conference-backend] [           main] o.a.maven.surefire.booter.ForkedBooter   : Starting ForkedBooter v3.5.6 using Java 21.0.12 with PID 1862392 (started by tjan-kazar in /home/tjan-kazar/storage/Work/lab/agentic_lab/02_output/backend)
2026-09-30T14:23:37.769+02:00  INFO 1862392 --- [conference-backend] [           main] o.a.maven.surefire.booter.ForkedBooter   : No active profile set, falling back to 1 default profile: "default"
2026-09-30T14:23:37.895+02:00  INFO 1862392 --- [conference-backend] [           main] .s.d.r.c.RepositoryConfigurationDelegate : Bootstrapping Spring Data JPA repositories in DEFAULT mode.
2026-09-30T14:23:37.906+02:00  INFO 1862392 --- [conference-backend] [           main] .s.d.r.c.RepositoryConfigurationDelegate : Finished Spring Data repository scanning in 10 ms. Found 2 JPA repository interfaces.
2026-09-30T14:23:37.961+02:00  INFO 1862392 --- [conference-backend] [           main] o.s.b.w.embedded.tomcat.TomcatWebServer  : Tomcat initialized with port 0 (http)
2026-09-30T14:23:37.962+02:00  INFO 1862392 --- [conference-backend] [           main] o.apache.catalina.core.StandardService   : Starting service [Tomcat]
2026-09-30T14:23:37.963+02:00  INFO 1862392 --- [conference-backend] [           main] o.apache.catalina.core.StandardEngine    : Starting Servlet engine: [Apache Tomcat/10.1.60]
2026-09-30T14:23:37.973+02:00  INFO 1862392 --- [conference-backend] [           main] o.a.c.c.C.[Tomcat-4].[localhost].[/]     : Initializing Spring embedded WebApplicationContext
2026-09-30T14:23:37.973+02:00  INFO 1862392 --- [conference-backend] [           main] w.s.c.ServletWebServerApplicationContext : Root WebApplicationContext: initialization completed in 204 ms
2026-09-30T14:23:38.044+02:00  INFO 1862392 --- [conference-backend] [           main] com.zaxxer.hikari.HikariDataSource       : HikariPool-20 - Starting...
2026-09-30T14:23:38.064+02:00  INFO 1862392 --- [conference-backend] [           main] com.zaxxer.hikari.pool.HikariPool        : HikariPool-20 - Added connection org.postgresql.jdbc.PgConnection@a2e1187
2026-09-30T14:23:38.064+02:00  INFO 1862392 --- [conference-backend] [           main] com.zaxxer.hikari.HikariDataSource       : HikariPool-20 - Start completed.
2026-09-30T14:23:38.066+02:00  INFO 1862392 --- [conference-backend] [           main] org.flywaydb.core.FlywayExecutor         : Database: jdbc:postgresql://localhost:45139/conf_863cabb7d218 (PostgreSQL 16.14)
2026-09-30T14:23:38.077+02:00  INFO 1862392 --- [conference-backend] [           main] o.f.c.i.s.JdbcTableSchemaHistory         : Schema history table "public"."flyway_schema_history" does not exist yet
2026-09-30T14:23:38.078+02:00  INFO 1862392 --- [conference-backend] [           main] o.f.core.internal.command.DbValidate     : Successfully validated 1 migration (execution time 00:00.003s)
2026-09-30T14:23:38.088+02:00  INFO 1862392 --- [conference-backend] [           main] o.f.c.i.s.JdbcTableSchemaHistory         : Creating Schema History table "public"."flyway_schema_history" ...
2026-09-30T14:23:38.115+02:00  INFO 1862392 --- [conference-backend] [           main] o.f.core.internal.command.DbMigrate      : Current version of schema "public": << Empty Schema >>
2026-09-30T14:23:38.119+02:00  INFO 1862392 --- [conference-backend] [           main] o.f.core.internal.command.DbMigrate      : Migrating schema "public" to version "1 - registration schema"
2026-09-30T14:23:38.137+02:00  INFO 1862392 --- [conference-backend] [           main] o.f.core.internal.command.DbMigrate      : Successfully applied 1 migration to schema "public", now at version v1 (execution time 00:00.013s)
2026-09-30T14:23:38.148+02:00  INFO 1862392 --- [conference-backend] [           main] o.hibernate.jpa.internal.util.LogHelper  : HHH000204: Processing PersistenceUnitInfo [name: default]
2026-09-30T14:23:38.149+02:00  INFO 1862392 --- [conference-backend] [           main] o.h.c.internal.RegionFactoryInitiator    : HHH000026: Second-level cache disabled
2026-09-30T14:23:38.154+02:00  INFO 1862392 --- [conference-backend] [           main] o.s.o.j.p.SpringPersistenceUnitInfo      : No LoadTimeWeaver setup: ignoring JPA class transformer
2026-09-30T14:23:38.159+02:00  INFO 1862392 --- [conference-backend] [           main] org.hibernate.orm.connections.pooling    : HHH10001005: Database info:
	Database JDBC URL [Connecting through datasource 'HikariDataSource (HikariPool-20)']
	Database driver: undefined/unknown
	Database version: 16.14
	Autocommit mode: undefined/unknown
	Isolation level: undefined/unknown
	Minimum pool size: undefined/unknown
	Maximum pool size: undefined/unknown
2026-09-30T14:23:38.197+02:00  INFO 1862392 --- [conference-backend] [           main] o.h.e.t.j.p.i.JtaPlatformInitiator       : HHH000489: No JTA platform available (set 'hibernate.transaction.jta.platform' to enable JTA platform integration)
2026-09-30T14:23:38.209+02:00  INFO 1862392 --- [conference-backend] [           main] j.LocalContainerEntityManagerFactoryBean : Initialized JPA EntityManagerFactory for persistence unit 'default'
2026-09-30T14:23:38.241+02:00  WARN 1862392 --- [conference-backend] [           main] ConfigServletWebServerApplicationContext : Exception encountered during context initialization - cancelling refresh attempt: org.springframework.beans.factory.UnsatisfiedDependencyException: Error creating bean with name 'catalogController' defined in file [/home/tjan-kazar/storage/Work/lab/agentic_lab/02_output/backend/target/classes/lab/conference/registration/CatalogController.class]: Unsatisfied dependency expressed through constructor parameter 0: Error creating bean with name 'catalog' defined in class path resource [lab/conference/options/OptionsConfig.class]: Failed to instantiate [lab.conference.options.Catalog]: Factory method 'catalog' threw exception with message: catalog file not found: CONFERENCE_CONFIG_PATH
2026-09-30T14:23:38.241+02:00  INFO 1862392 --- [conference-backend] [           main] j.LocalContainerEntityManagerFactoryBean : Closing JPA EntityManagerFactory for persistence unit 'default'
2026-09-30T14:23:38.241+02:00  INFO 1862392 --- [conference-backend] [           main] com.zaxxer.hikari.HikariDataSource       : HikariPool-20 - Shutdown initiated...
2026-09-30T14:23:38.252+02:00  INFO 1862392 --- [conference-backend] [           main] com.zaxxer.hikari.HikariDataSource       : HikariPool-20 - Shutdown completed.
2026-09-30T14:23:38.254+02:00  INFO 1862392 --- [conference-backend] [           main] o.apache.catalina.core.StandardService   : Stopping service [Tomcat]
2026-09-30T14:23:38.276+02:00  INFO 1862392 --- [conference-backend] [           main] .s.b.a.l.ConditionEvaluationReportLogger : 

Error starting ApplicationContext. To display the condition evaluation report re-run your application with 'debug' enabled.
2026-09-30T14:23:38.279+02:00 ERROR 1862392 --- [conference-backend] [           main] o.s.boot.SpringApplication               : Application run failed

org.springframework.beans.factory.UnsatisfiedDependencyException: Error creating bean with name 'catalogController' defined in file [/home/tjan-kazar/storage/Work/lab/agentic_lab/02_output/backend/target/classes/lab/conference/registration/CatalogController.class]: Unsatisfied dependency expressed through constructor parameter 0: Error creating bean with name 'catalog' defined in class path resource [lab/conference/options/OptionsConfig.class]: Failed to instantiate [lab.conference.options.Catalog]: Factory method 'catalog' threw exception with message: catalog file not found: CONFERENCE_CONFIG_PATH
	at org.springframework.beans.factory.support.ConstructorResolver.createArgumentArray(ConstructorResolver.java:804) ~[spring-beans-6.2.19.jar:6.2.19]
	at org.springframework.beans.factory.support.ConstructorResolver.autowireConstructor(ConstructorResolver.java:240) ~[spring-beans-6.2.19.jar:6.2.19]
	at org.springframework.beans.factory.support.AbstractAutowireCapableBeanFactory.autowireConstructor(AbstractAutowireCapableBeanFactory.java:1393) ~[spring-beans-6.2.19.jar:6.2.19]
	at org.springframework.beans.factory.support.AbstractAutowireCapableBeanFactory.createBeanInstance(AbstractAutowireCapableBeanFactory.java:1230) ~[spring-beans-6.2.19.jar:6.2.19]
	at org.springframework.beans.factory.support.AbstractAutowireCapableBeanFactory.doCreateBean(AbstractAutowireCapableBeanFactory.java:569) ~[spring-beans-6.2.19.jar:6.2.19]
	at org.springframework.beans.factory.support.AbstractAutowireCapableBeanFactory.createBean(AbstractAutowireCapableBeanFactory.java:529) ~[spring-beans-6.2.19.jar:6.2.19]
	at org.springframework.beans.factory.support.AbstractBeanFactory.lambda$doGetBean$0(AbstractBeanFactory.java:339) ~[spring-beans-6.2.19.jar:6.2.19]
	at org.springframework.beans.factory.support.DefaultSingletonBeanRegistry.getSingleton(DefaultSingletonBeanRegistry.java:373) ~[spring-beans-6.2.19.jar:6.2.19]
	at org.springframework.beans.factory.support.AbstractBeanFactory.doGetBean(AbstractBeanFactory.java:337) ~[spring-beans-6.2.19.jar:6.2.19]
	at org.springframework.beans.factory.support.AbstractBeanFactory.getBean(AbstractBeanFactory.java:202) ~[spring-beans-6.2.19.jar:6.2.19]
	at org.springframework.beans.factory.support.DefaultListableBeanFactory.instantiateSingleton(DefaultListableBeanFactory.java:1235) ~[spring-beans-6.2.19.jar:6.2.19]
	at org.springframework.beans.factory.support.DefaultListableBeanFactory.preInstantiateSingleton(DefaultListableBeanFactory.java:1201) ~[spring-beans-6.2.19.jar:6.2.19]
	at org.springframework.beans.factory.support.DefaultListableBeanFactory.preInstantiateSingletons(DefaultListableBeanFactory.java:1130) ~[spring-beans-6.2.19.jar:6.2.19]
	at org.springframework.context.support.AbstractApplicationContext.finishBeanFactoryInitialization(AbstractApplicationContext.java:991) ~[spring-context-6.2.19.jar:6.2.19]
	at org.springframework.context.support.AbstractApplicationContext.refresh(AbstractApplicationContext.java:628) ~[spring-context-6.2.19.jar:6.2.19]
	at org.springframework.boot.web.servlet.context.ServletWebServerApplicationContext.refresh(ServletWebServerApplicationContext.java:146) ~[spring-boot-3.5.16.jar:3.5.16]
	at org.springframework.boot.SpringApplication.refresh(SpringApplication.java:752) ~[spring-boot-3.5.16.jar:3.5.16]
	at org.springframework.boot.SpringApplication.refreshContext(SpringApplication.java:439) ~[spring-boot-3.5.16.jar:3.5.16]
	at org.springframework.boot.SpringApplication.run(SpringApplication.java:318) ~[spring-boot-3.5.16.jar:3.5.16]
	at org.springframework.boot.builder.SpringApplicationBuilder.run(SpringApplicationBuilder.java:149) ~[spring-boot-3.5.16.jar:3.5.16]
	at lab.conference.acceptance.support.AppInstance.start(AppInstance.java:78) ~[test-classes/:na]
	at org.assertj.core.api.ThrowableAssert.catchThrowable(ThrowableAssert.java:66) ~[assertj-core-3.27.7.jar:na]
	at org.assertj.core.api.AssertionsForClassTypes.catchThrowable(AssertionsForClassTypes.java:908) ~[assertj-core-3.27.7.jar:na]
	at org.assertj.core.api.Assertions.catchThrowable(Assertions.java:1476) ~[assertj-core-3.27.7.jar:na]
	at org.assertj.core.api.Assertions.assertThatThrownBy(Assertions.java:1319) ~[assertj-core-3.27.7.jar:na]
	at lab.conference.acceptance.CatalogAcceptanceTest.ac_003_03_missingCatalogFilePreventsStartup(CatalogAcceptanceTest.java:118) ~[test-classes/:na]
	at java.base/jdk.internal.reflect.DirectMethodHandleAccessor.invoke(DirectMethodHandleAccessor.java:103) ~[na:na]
	at java.base/java.lang.reflect.Method.invoke(Method.java:580) ~[na:na]
	at org.junit.platform.commons.util.ReflectionUtils.invokeMethod(ReflectionUtils.java:775) ~[junit-platform-commons-1.12.2.jar:1.12.2]
	at org.junit.platform.commons.support.ReflectionSupport.invokeMethod(ReflectionSupport.java:479) ~[junit-platform-commons-1.12.2.jar:1.12.2]
	at org.junit.jupiter.engine.execution.MethodInvocation.proceed(MethodInvocation.java:60) ~[junit-jupiter-engine-5.12.2.jar:5.12.2]
	at org.junit.jupiter.engine.execution.InvocationInterceptorChain$ValidatingInvocation.proceed(InvocationInterceptorChain.java:131) ~[junit-jupiter-engine-5.12.2.jar:5.12.2]
	at org.junit.jupiter.engine.extension.TimeoutExtension.intercept(TimeoutExtension.java:161) ~[junit-jupiter-engine-5.12.2.jar:5.12.2]
	at org.junit.jupiter.engine.extension.TimeoutExtension.interceptTestableMethod(TimeoutExtension.java:152) ~[junit-jupiter-engine-5.12.2.jar:5.12.2]
	at org.junit.jupiter.engine.extension.TimeoutExtension.interceptTestMethod(TimeoutExtension.java:91) ~[junit-jupiter-engine-5.12.2.jar:5.12.2]
	at org.junit.jupiter.engine.execution.InterceptingExecutableInvoker$ReflectiveInterceptorCall.lambda$ofVoidMethod$0(InterceptingExecutableInvoker.java:112) ~[junit-jupiter-engine-5.12.2.jar:5.12.2]
	at org.junit.jupiter.engine.execution.InterceptingExecutableInvoker.lambda$invoke$0(InterceptingExecutableInvoker.java:94) ~[junit-jupiter-engine-5.12.2.jar:5.12.2]
	at org.junit.jupiter.engine.execution.InvocationInterceptorChain$InterceptedInvocation.proceed(InvocationInterceptorChain.java:106) ~[junit-jupiter-engine-5.12.2.jar:5.12.2]
	at org.junit.jupiter.engine.execution.InvocationInterceptorChain.proceed(InvocationInterceptorChain.java:64) ~[junit-jupiter-engine-5.12.2.jar:5.12.2]
	at org.junit.jupiter.engine.execution.InvocationInterceptorChain.chainAndInvoke(InvocationInterceptorChain.java:45) ~[junit-jupiter-engine-5.12.2.jar:5.12.2]
	at org.junit.jupiter.engine.execution.InvocationInterceptorChain.invoke(InvocationInterceptorChain.java:37) ~[junit-jupiter-engine-5.12.2.jar:5.12.2]
	at org.junit.jupiter.engine.execution.InterceptingExecutableInvoker.invoke(InterceptingExecutableInvoker.java:93) ~[junit-jupiter-engine-5.12.2.jar:5.12.2]
	at org.junit.jupiter.engine.execution.InterceptingExecutableInvoker.invoke(InterceptingExecutableInvoker.java:87) ~[junit-jupiter-engine-5.12.2.jar:5.12.2]
	at org.junit.jupiter.engine.descriptor.TestMethodTestDescriptor.lambda$invokeTestMethod$7(TestMethodTestDescriptor.java:216) ~[junit-jupiter-engine-5.12.2.jar:5.12.2]
	at org.junit.platform.engine.support.hierarchical.ThrowableCollector.execute(ThrowableCollector.java:73) ~[junit-platform-engine-1.12.2.jar:1.12.2]
	at org.junit.jupiter.engine.descriptor.TestMethodTestDescriptor.invokeTestMethod(TestMethodTestDescriptor.java:212) ~[junit-jupiter-engine-5.12.2.jar:5.12.2]
	at org.junit.jupiter.engine.descriptor.TestMethodTestDescriptor.execute(TestMethodTestDescriptor.java:137) ~[junit-jupiter-engine-5.12.2.jar:5.12.2]
	at org.junit.jupiter.engine.descriptor.TestMethodTestDescriptor.execute(TestMethodTestDescriptor.java:69) ~[junit-jupiter-engine-5.12.2.jar:5.12.2]
	at org.junit.platform.engine.support.hierarchical.NodeTestTask.lambda$executeRecursively$6(NodeTestTask.java:156) ~[junit-platform-engine-1.12.2.jar:1.12.2]
	at org.junit.platform.engine.support.hierarchical.ThrowableCollector.execute(ThrowableCollector.java:73) ~[junit-platform-engine-1.12.2.jar:1.12.2]
	at org.junit.platform.engine.support.hierarchical.NodeTestTask.lambda$executeRecursively$8(NodeTestTask.java:146) ~[junit-platform-engine-1.12.2.jar:1.12.2]
	at org.junit.platform.engine.support.hierarchical.Node.around(Node.java:137) ~[junit-platform-engine-1.12.2.jar:1.12.2]
	at org.junit.platform.engine.support.hierarchical.NodeTestTask.lambda$executeRecursively$9(NodeTestTask.java:144) ~[junit-platform-engine-1.12.2.jar:1.12.2]
	at org.junit.platform.engine.support.hierarchical.ThrowableCollector.execute(ThrowableCollector.java:73) ~[junit-platform-engine-1.12.2.jar:1.12.2]
	at org.junit.platform.engine.support.hierarchical.NodeTestTask.executeRecursively(NodeTestTask.java:143) ~[junit-platform-engine-1.12.2.jar:1.12.2]
	at org.junit.platform.engine.support.hierarchical.NodeTestTask.execute(NodeTestTask.java:100) ~[junit-platform-engine-1.12.2.jar:1.12.2]
	at java.base/java.util.ArrayList.forEach(ArrayList.java:1596) ~[na:na]
	at org.junit.platform.engine.support.hierarchical.SameThreadHierarchicalTestExecutorService.invokeAll(SameThreadHierarchicalTestExecutorService.java:41) ~[junit-platform-engine-1.12.2.jar:1.12.2]
	at org.junit.platform.engine.support.hierarchical.NodeTestTask.lambda$executeRecursively$6(NodeTestTask.java:160) ~[junit-platform-engine-1.12.2.jar:1.12.2]
	at org.junit.platform.engine.support.hierarchical.ThrowableCollector.execute(ThrowableCollector.java:73) ~[junit-platform-engine-1.12.2.jar:1.12.2]
	at org.junit.platform.engine.support.hierarchical.NodeTestTask.lambda$executeRecursively$8(NodeTestTask.java:146) ~[junit-platform-engine-1.12.2.jar:1.12.2]
	at org.junit.platform.engine.support.hierarchical.Node.around(Node.java:137) ~[junit-platform-engine-1.12.2.jar:1.12.2]
	at org.junit.platform.engine.support.hierarchical.NodeTestTask.lambda$executeRecursively$9(NodeTestTask.java:144) ~[junit-platform-engine-1.12.2.jar:1.12.2]
	at org.junit.platform.engine.support.hierarchical.ThrowableCollector.execute(ThrowableCollector.java:73) ~[junit-platform-engine-1.12.2.jar:1.12.2]
	at org.junit.platform.engine.support.hierarchical.NodeTestTask.executeRecursively(NodeTestTask.java:143) ~[junit-platform-engine-1.12.2.jar:1.12.2]
	at org.junit.platform.engine.support.hierarchical.NodeTestTask.execute(NodeTestTask.java:100) ~[junit-platform-engine-1.12.2.jar:1.12.2]
	at java.base/java.util.ArrayList.forEach(ArrayList.java:1596) ~[na:na]
	at org.junit.platform.engine.support.hierarchical.SameThreadHierarchicalTestExecutorService.invokeAll(SameThreadHierarchicalTestExecutorService.java:41) ~[junit-platform-engine-1.12.2.jar:1.12.2]
	at org.junit.platform.engine.support.hierarchical.NodeTestTask.lambda$executeRecursively$6(NodeTestTask.java:160) ~[junit-platform-engine-1.12.2.jar:1.12.2]
	at org.junit.platform.engine.support.hierarchical.ThrowableCollector.execute(ThrowableCollector.java:73) ~[junit-platform-engine-1.12.2.jar:1.12.2]
	at org.junit.platform.engine.support.hierarchical.NodeTestTask.lambda$executeRecursively$8(NodeTestTask.java:146) ~[junit-platform-engine-1.12.2.jar:1.12.2]
	at org.junit.platform.engine.support.hierarchical.Node.around(Node.java:137) ~[junit-platform-engine-1.12.2.jar:1.12.2]
	at org.junit.platform.engine.support.hierarchical.NodeTestTask.lambda$executeRecursively$9(NodeTestTask.java:144) ~[junit-platform-engine-1.12.2.jar:1.12.2]
	at org.junit.platform.engine.support.hierarchical.ThrowableCollector.execute(ThrowableCollector.java:73) ~[junit-platform-engine-1.12.2.jar:1.12.2]
	at org.junit.platform.engine.support.hierarchical.NodeTestTask.executeRecursively(NodeTestTask.java:143) ~[junit-platform-engine-1.12.2.jar:1.12.2]
	at org.junit.platform.engine.support.hierarchical.NodeTestTask.execute(NodeTestTask.java:100) ~[junit-platform-engine-1.12.2.jar:1.12.2]
	at org.junit.platform.engine.support.hierarchical.SameThreadHierarchicalTestExecutorService.submit(SameThreadHierarchicalTestExecutorService.java:35) ~[junit-platform-engine-1.12.2.jar:1.12.2]
	at org.junit.platform.engine.support.hierarchical.HierarchicalTestExecutor.execute(HierarchicalTestExecutor.java:57) ~[junit-platform-engine-1.12.2.jar:1.12.2]
	at org.junit.platform.engine.support.hierarchical.HierarchicalTestEngine.execute(HierarchicalTestEngine.java:54) ~[junit-platform-engine-1.12.2.jar:1.12.2]
	at org.junit.platform.launcher.core.EngineExecutionOrchestrator.execute(EngineExecutionOrchestrator.java:201) ~[junit-platform-launcher-1.12.2.jar:1.12.2]
	at org.junit.platform.launcher.core.EngineExecutionOrchestrator.execute(EngineExecutionOrchestrator.java:170) ~[junit-platform-launcher-1.12.2.jar:1.12.2]
	at org.junit.platform.launcher.core.EngineExecutionOrchestrator.execute(EngineExecutionOrchestrator.java:94) ~[junit-platform-launcher-1.12.2.jar:1.12.2]
	at org.junit.platform.launcher.core.EngineExecutionOrchestrator.lambda$execute$0(EngineExecutionOrchestrator.java:59) ~[junit-platform-launcher-1.12.2.jar:1.12.2]
	at org.junit.platform.launcher.core.EngineExecutionOrchestrator.withInterceptedStreams(EngineExecutionOrchestrator.java:142) ~[junit-platform-launcher-1.12.2.jar:1.12.2]
	at org.junit.platform.launcher.core.EngineExecutionOrchestrator.execute(EngineExecutionOrchestrator.java:58) ~[junit-platform-launcher-1.12.2.jar:1.12.2]
	at org.junit.platform.launcher.core.DefaultLauncher.execute(DefaultLauncher.java:103) ~[junit-platform-launcher-1.12.2.jar:1.12.2]
	at org.junit.platform.launcher.core.DefaultLauncher.execute(DefaultLauncher.java:85) ~[junit-platform-launcher-1.12.2.jar:1.12.2]
	at org.junit.platform.launcher.core.DelegatingLauncher.execute(DelegatingLauncher.java:47) ~[junit-platform-launcher-1.12.2.jar:1.12.2]
	at org.junit.platform.launcher.core.InterceptingLauncher.lambda$execute$1(InterceptingLauncher.java:39) ~[junit-platform-launcher-1.12.2.jar:1.12.2]
	at org.junit.platform.launcher.core.ClasspathAlignmentCheckingLauncherInterceptor.intercept(ClasspathAlignmentCheckingLauncherInterceptor.java:25) ~[junit-platform-launcher-1.12.2.jar:1.12.2]
	at org.junit.platform.launcher.core.InterceptingLauncher.execute(InterceptingLauncher.java:38) ~[junit-platform-launcher-1.12.2.jar:1.12.2]
	at org.junit.platform.launcher.core.DelegatingLauncher.execute(DelegatingLauncher.java:47) ~[junit-platform-launcher-1.12.2.jar:1.12.2]
	at org.apache.maven.surefire.junitplatform.LauncherAdapter.executeWithoutCancellationToken(LauncherAdapter.java:60) ~[surefire-junit-platform-3.5.6.jar:3.5.6]
	at org.apache.maven.surefire.junitplatform.LauncherAdapter.execute(LauncherAdapter.java:52) ~[surefire-junit-platform-3.5.6.jar:3.5.6]
	at org.apache.maven.surefire.junitplatform.JUnitPlatformProvider.execute(JUnitPlatformProvider.java:203) ~[surefire-junit-platform-3.5.6.jar:3.5.6]
	at org.apache.maven.surefire.junitplatform.JUnitPlatformProvider.invokeAllTests(JUnitPlatformProvider.java:168) ~[surefire-junit-platform-3.5.6.jar:3.5.6]
	at org.apache.maven.surefire.junitplatform.JUnitPlatformProvider.invoke(JUnitPlatformProvider.java:136) ~[surefire-junit-platform-3.5.6.jar:3.5.6]
	at org.apache.maven.surefire.booter.ForkedBooter.runSuitesInProcess(ForkedBooter.java:385) ~[surefire-booter-3.5.6.jar:3.5.6]
	at org.apache.maven.surefire.booter.ForkedBooter.execute(ForkedBooter.java:162) ~[surefire-booter-3.5.6.jar:3.5.6]
	at org.apache.maven.surefire.booter.ForkedBooter.run(ForkedBooter.java:507) ~[surefire-booter-3.5.6.jar:3.5.6]
	at org.apache.maven.surefire.booter.ForkedBooter.main(ForkedBooter.java:495) ~[surefire-booter-3.5.6.jar:3.5.6]
Caused by: org.springframework.beans.factory.BeanCreationException: Error creating bean with name 'catalog' defined in class path resource [lab/conference/options/OptionsConfig.class]: Failed to instantiate [lab.conference.options.Catalog]: Factory method 'catalog' threw exception with message: catalog file not found: CONFERENCE_CONFIG_PATH
	at org.springframework.beans.factory.support.ConstructorResolver.instantiate(ConstructorResolver.java:657) ~[spring-beans-6.2.19.jar:6.2.19]
	at org.springframework.beans.factory.support.ConstructorResolver.instantiateUsingFactoryMethod(ConstructorResolver.java:645) ~[spring-beans-6.2.19.jar:6.2.19]
	at org.springframework.beans.factory.support.AbstractAutowireCapableBeanFactory.instantiateUsingFactoryMethod(AbstractAutowireCapableBeanFactory.java:1373) ~[spring-beans-6.2.19.jar:6.2.19]
	at org.springframework.beans.factory.support.AbstractAutowireCapableBeanFactory.createBeanInstance(AbstractAutowireCapableBeanFactory.java:1203) ~[spring-beans-6.2.19.jar:6.2.19]
	at org.springframework.beans.factory.support.AbstractAutowireCapableBeanFactory.doCreateBean(AbstractAutowireCapableBeanFactory.java:569) ~[spring-beans-6.2.19.jar:6.2.19]
	at org.springframework.beans.factory.support.AbstractAutowireCapableBeanFactory.createBean(AbstractAutowireCapableBeanFactory.java:529) ~[spring-beans-6.2.19.jar:6.2.19]
	at org.springframework.beans.factory.support.AbstractBeanFactory.lambda$doGetBean$0(AbstractBeanFactory.java:339) ~[spring-beans-6.2.19.jar:6.2.19]
	at org.springframework.beans.factory.support.DefaultSingletonBeanRegistry.getSingleton(DefaultSingletonBeanRegistry.java:373) ~[spring-beans-6.2.19.jar:6.2.19]
	at org.springframework.beans.factory.support.AbstractBeanFactory.doGetBean(AbstractBeanFactory.java:337) ~[spring-beans-6.2.19.jar:6.2.19]
	at org.springframework.beans.factory.support.AbstractBeanFactory.getBean(AbstractBeanFactory.java:202) ~[spring-beans-6.2.19.jar:6.2.19]
	at org.springframework.beans.factory.support.DefaultListableBeanFactory.doResolveDependency(DefaultListableBeanFactory.java:1715) ~[spring-beans-6.2.19.jar:6.2.19]
	at org.springframework.beans.factory.support.DefaultListableBeanFactory.resolveDependency(DefaultListableBeanFactory.java:1660) ~[spring-beans-6.2.19.jar:6.2.19]
	at org.springframework.beans.factory.support.ConstructorResolver.resolveAutowiredArgument(ConstructorResolver.java:913) ~[spring-beans-6.2.19.jar:6.2.19]
	at org.springframework.beans.factory.support.ConstructorResolver.createArgumentArray(ConstructorResolver.java:791) ~[spring-beans-6.2.19.jar:6.2.19]
	... 100 common frames omitted
Caused by: org.springframework.beans.BeanInstantiationException: Failed to instantiate [lab.conference.options.Catalog]: Factory method 'catalog' threw exception with message: catalog file not found: CONFERENCE_CONFIG_PATH
	at org.springframework.beans.factory.support.SimpleInstantiationStrategy.lambda$instantiate$0(SimpleInstantiationStrategy.java:200) ~[spring-beans-6.2.19.jar:6.2.19]
	at org.springframework.beans.factory.support.SimpleInstantiationStrategy.instantiateWithFactoryMethod(SimpleInstantiationStrategy.java:89) ~[spring-beans-6.2.19.jar:6.2.19]
	at org.springframework.beans.factory.support.SimpleInstantiationStrategy.instantiate(SimpleInstantiationStrategy.java:169) ~[spring-beans-6.2.19.jar:6.2.19]
	at org.springframework.beans.factory.support.ConstructorResolver.instantiate(ConstructorResolver.java:653) ~[spring-beans-6.2.19.jar:6.2.19]
	... 113 common frames omitted
Caused by: lab.conference.options.InvalidCatalogException: catalog file not found: CONFERENCE_CONFIG_PATH
	at lab.conference.options.CatalogLoader.load(CatalogLoader.java:33) ~[classes/:na]
	at lab.conference.options.OptionsConfig.catalog(OptionsConfig.java:17) ~[classes/:na]
	at lab.conference.options.OptionsConfig$$SpringCGLIB$$0.CGLIB$catalog$0(<generated>) ~[classes/:na]
	at lab.conference.options.OptionsConfig$$SpringCGLIB$$FastClass$$1.invoke(<generated>) ~[classes/:na]
	at org.springframework.cglib.proxy.MethodProxy.invokeSuper(MethodProxy.java:258) ~[spring-core-6.2.19.jar:6.2.19]
	at org.springframework.context.annotation.ConfigurationClassEnhancer$BeanMethodInterceptor.intercept(ConfigurationClassEnhancer.java:400) ~[spring-context-6.2.19.jar:6.2.19]
	at lab.conference.options.OptionsConfig$$SpringCGLIB$$0.catalog(<generated>) ~[classes/:na]
	at java.base/jdk.internal.reflect.DirectMethodHandleAccessor.invoke(DirectMethodHandleAccessor.java:103) ~[na:na]
	at java.base/java.lang.reflect.Method.invoke(Method.java:580) ~[na:na]
	at org.springframework.beans.factory.support.SimpleInstantiationStrategy.lambda$instantiate$0(SimpleInstantiationStrategy.java:172) ~[spring-beans-6.2.19.jar:6.2.19]
	... 116 common frames omitted

2026-09-30T14:23:38.595+02:00  INFO 1862392 --- [conference-backend] [           main] o.a.maven.surefire.booter.ForkedBooter   : Starting ForkedBooter v3.5.6 using Java 21.0.12 with PID 1862392 (started by tjan-kazar in /home/tjan-kazar/storage/Work/lab/agentic_lab/02_output/backend)
2026-09-30T14:23:38.595+02:00  INFO 1862392 --- [conference-backend] [           main] o.a.maven.surefire.booter.ForkedBooter   : No active profile set, falling back to 1 default profile: "default"
2026-09-30T14:23:38.697+02:00  INFO 1862392 --- [conference-backend] [           main] .s.d.r.c.RepositoryConfigurationDelegate : Bootstrapping Spring Data JPA repositories in DEFAULT mode.
2026-09-30T14:23:38.704+02:00  INFO 1862392 --- [conference-backend] [           main] .s.d.r.c.RepositoryConfigurationDelegate : Finished Spring Data repository scanning in 5 ms. Found 2 JPA repository interfaces.
2026-09-30T14:23:38.741+02:00  INFO 1862392 --- [conference-backend] [           main] o.s.b.w.embedded.tomcat.TomcatWebServer  : Tomcat initialized with port 0 (http)
2026-09-30T14:23:38.742+02:00  INFO 1862392 --- [conference-backend] [           main] o.apache.catalina.core.StandardService   : Starting service [Tomcat]
2026-09-30T14:23:38.742+02:00  INFO 1862392 --- [conference-backend] [           main] o.apache.catalina.core.StandardEngine    : Starting Servlet engine: [Apache Tomcat/10.1.60]
2026-09-30T14:23:38.749+02:00  INFO 1862392 --- [conference-backend] [           main] o.a.c.c.C.[Tomcat-5].[localhost].[/]     : Initializing Spring embedded WebApplicationContext
2026-09-30T14:23:38.749+02:00  INFO 1862392 --- [conference-backend] [           main] w.s.c.ServletWebServerApplicationContext : Root WebApplicationContext: initialization completed in 153 ms
2026-09-30T14:23:38.789+02:00  INFO 1862392 --- [conference-backend] [           main] com.zaxxer.hikari.HikariDataSource       : HikariPool-21 - Starting...
2026-09-30T14:23:38.805+02:00  INFO 1862392 --- [conference-backend] [           main] com.zaxxer.hikari.pool.HikariPool        : HikariPool-21 - Added connection org.postgresql.jdbc.PgConnection@49c97427
2026-09-30T14:23:38.805+02:00  INFO 1862392 --- [conference-backend] [           main] com.zaxxer.hikari.HikariDataSource       : HikariPool-21 - Start completed.
2026-09-30T14:23:38.807+02:00  INFO 1862392 --- [conference-backend] [           main] org.flywaydb.core.FlywayExecutor         : Database: jdbc:postgresql://localhost:45139/conf_b4369b04b700 (PostgreSQL 16.14)
2026-09-30T14:23:38.816+02:00  INFO 1862392 --- [conference-backend] [           main] o.f.c.i.s.JdbcTableSchemaHistory         : Schema history table "public"."flyway_schema_history" does not exist yet
2026-09-30T14:23:38.816+02:00  INFO 1862392 --- [conference-backend] [           main] o.f.core.internal.command.DbValidate     : Successfully validated 1 migration (execution time 00:00.002s)
2026-09-30T14:23:38.825+02:00  INFO 1862392 --- [conference-backend] [           main] o.f.c.i.s.JdbcTableSchemaHistory         : Creating Schema History table "public"."flyway_schema_history" ...
2026-09-30T14:23:38.849+02:00  INFO 1862392 --- [conference-backend] [           main] o.f.core.internal.command.DbMigrate      : Current version of schema "public": << Empty Schema >>
2026-09-30T14:23:38.853+02:00  INFO 1862392 --- [conference-backend] [           main] o.f.core.internal.command.DbMigrate      : Migrating schema "public" to version "1 - registration schema"
2026-09-30T14:23:38.873+02:00  INFO 1862392 --- [conference-backend] [           main] o.f.core.internal.command.DbMigrate      : Successfully applied 1 migration to schema "public", now at version v1 (execution time 00:00.014s)
2026-09-30T14:23:38.884+02:00  INFO 1862392 --- [conference-backend] [           main] o.hibernate.jpa.internal.util.LogHelper  : HHH000204: Processing PersistenceUnitInfo [name: default]
2026-09-30T14:23:38.885+02:00  INFO 1862392 --- [conference-backend] [           main] o.h.c.internal.RegionFactoryInitiator    : HHH000026: Second-level cache disabled
2026-09-30T14:23:38.889+02:00  INFO 1862392 --- [conference-backend] [           main] o.s.o.j.p.SpringPersistenceUnitInfo      : No LoadTimeWeaver setup: ignoring JPA class transformer
2026-09-30T14:23:38.895+02:00  INFO 1862392 --- [conference-backend] [           main] org.hibernate.orm.connections.pooling    : HHH10001005: Database info:
	Database JDBC URL [Connecting through datasource 'HikariDataSource (HikariPool-21)']
	Database driver: undefined/unknown
	Database version: 16.14
	Autocommit mode: undefined/unknown
	Isolation level: undefined/unknown
	Minimum pool size: undefined/unknown
	Maximum pool size: undefined/unknown
2026-09-30T14:23:38.927+02:00  INFO 1862392 --- [conference-backend] [           main] o.h.e.t.j.p.i.JtaPlatformInitiator       : HHH000489: No JTA platform available (set 'hibernate.transaction.jta.platform' to enable JTA platform integration)
2026-09-30T14:23:38.938+02:00  INFO 1862392 --- [conference-backend] [           main] j.LocalContainerEntityManagerFactoryBean : Initialized JPA EntityManagerFactory for persistence unit 'default'
2026-09-30T14:23:38.988+02:00  INFO 1862392 --- [conference-backend] [           main] r$InitializeUserDetailsManagerConfigurer : Global AuthenticationManager configured with UserDetailsService bean with name organizer
2026-09-30T14:23:39.036+02:00  INFO 1862392 --- [conference-backend] [           main] o.s.b.a.e.web.EndpointLinksResolver      : Exposing 1 endpoint beneath base path '/actuator'
2026-09-30T14:23:39.084+02:00  INFO 1862392 --- [conference-backend] [           main] o.s.b.w.embedded.tomcat.TomcatWebServer  : Tomcat started on port 33843 (http) with context path '/'
2026-09-30T14:23:39.089+02:00  INFO 1862392 --- [conference-backend] [           main] o.a.maven.surefire.booter.ForkedBooter   : Started ForkedBooter in 0.507 seconds (process running for 243.753)
2026-09-30T14:23:39.097+02:00  INFO 1862392 --- [conference-backend] [-auto-21-exec-1] o.a.c.c.C.[Tomcat-5].[localhost].[/]     : Initializing Spring DispatcherServlet 'dispatcherServlet'
2026-09-30T14:23:39.097+02:00  INFO 1862392 --- [conference-backend] [-auto-21-exec-1] o.s.web.servlet.DispatcherServlet        : Initializing Servlet 'dispatcherServlet'
2026-09-30T14:23:39.098+02:00  INFO 1862392 --- [conference-backend] [-auto-21-exec-1] o.s.web.servlet.DispatcherServlet        : Completed initialization in 1 ms
2026-09-30T14:23:39.142+02:00  INFO 1862392 --- [conference-backend] [-auto-21-exec-3] l.c.registration.RegistrationService     : Registration e3d3f413-dc14-4e40-8038-c3ddbfe49b01 accepted (student)
2026-09-30T14:23:39.144+02:00  INFO 1862392 --- [conference-backend] [           main] o.s.b.w.e.tomcat.GracefulShutdown        : Commencing graceful shutdown. Waiting for active requests to complete
2026-09-30T14:23:39.145+02:00  INFO 1862392 --- [conference-backend] [tomcat-shutdown] o.s.b.w.e.tomcat.GracefulShutdown        : Graceful shutdown complete
2026-09-30T14:23:39.146+02:00  INFO 1862392 --- [conference-backend] [           main] j.LocalContainerEntityManagerFactoryBean : Closing JPA EntityManagerFactory for persistence unit 'default'
2026-09-30T14:23:39.146+02:00  INFO 1862392 --- [conference-backend] [           main] com.zaxxer.hikari.HikariDataSource       : HikariPool-21 - Shutdown initiated...
2026-09-30T14:23:39.172+02:00  INFO 1862392 --- [conference-backend] [           main] com.zaxxer.hikari.HikariDataSource       : HikariPool-21 - Shutdown completed.
2026-09-30T14:23:39.410+02:00  INFO 1862392 --- [conference-backend] [           main] o.a.maven.surefire.booter.ForkedBooter   : Starting ForkedBooter v3.5.6 using Java 21.0.12 with PID 1862392 (started by tjan-kazar in /home/tjan-kazar/storage/Work/lab/agentic_lab/02_output/backend)
2026-09-30T14:23:39.410+02:00  INFO 1862392 --- [conference-backend] [           main] o.a.maven.surefire.booter.ForkedBooter   : No active profile set, falling back to 1 default profile: "default"
2026-09-30T14:23:39.520+02:00  INFO 1862392 --- [conference-backend] [           main] .s.d.r.c.RepositoryConfigurationDelegate : Bootstrapping Spring Data JPA repositories in DEFAULT mode.
2026-09-30T14:23:39.529+02:00  INFO 1862392 --- [conference-backend] [           main] .s.d.r.c.RepositoryConfigurationDelegate : Finished Spring Data repository scanning in 7 ms. Found 2 JPA repository interfaces.
2026-09-30T14:23:39.566+02:00  INFO 1862392 --- [conference-backend] [           main] o.s.b.w.embedded.tomcat.TomcatWebServer  : Tomcat initialized with port 0 (http)
2026-09-30T14:23:39.567+02:00  INFO 1862392 --- [conference-backend] [           main] o.apache.catalina.core.StandardService   : Starting service [Tomcat]
2026-09-30T14:23:39.567+02:00  INFO 1862392 --- [conference-backend] [           main] o.apache.catalina.core.StandardEngine    : Starting Servlet engine: [Apache Tomcat/10.1.60]
2026-09-30T14:23:39.574+02:00  INFO 1862392 --- [conference-backend] [           main] o.a.c.c.C.[Tomcat-5].[localhost].[/]     : Initializing Spring embedded WebApplicationContext
2026-09-30T14:23:39.574+02:00  INFO 1862392 --- [conference-backend] [           main] w.s.c.ServletWebServerApplicationContext : Root WebApplicationContext: initialization completed in 163 ms
2026-09-30T14:23:39.613+02:00  INFO 1862392 --- [conference-backend] [           main] com.zaxxer.hikari.HikariDataSource       : HikariPool-22 - Starting...
2026-09-30T14:23:39.628+02:00  INFO 1862392 --- [conference-backend] [           main] com.zaxxer.hikari.pool.HikariPool        : HikariPool-22 - Added connection org.postgresql.jdbc.PgConnection@79c12cce
2026-09-30T14:23:39.628+02:00  INFO 1862392 --- [conference-backend] [           main] com.zaxxer.hikari.HikariDataSource       : HikariPool-22 - Start completed.
2026-09-30T14:23:39.630+02:00  INFO 1862392 --- [conference-backend] [           main] org.flywaydb.core.FlywayExecutor         : Database: jdbc:postgresql://localhost:45139/conf_2b7b48cc230c (PostgreSQL 16.14)
2026-09-30T14:23:39.638+02:00  INFO 1862392 --- [conference-backend] [           main] o.f.c.i.s.JdbcTableSchemaHistory         : Schema history table "public"."flyway_schema_history" does not exist yet
2026-09-30T14:23:39.639+02:00  INFO 1862392 --- [conference-backend] [           main] o.f.core.internal.command.DbValidate     : Successfully validated 1 migration (execution time 00:00.002s)
2026-09-30T14:23:39.647+02:00  INFO 1862392 --- [conference-backend] [           main] o.f.c.i.s.JdbcTableSchemaHistory         : Creating Schema History table "public"."flyway_schema_history" ...
2026-09-30T14:23:39.671+02:00  INFO 1862392 --- [conference-backend] [           main] o.f.core.internal.command.DbMigrate      : Current version of schema "public": << Empty Schema >>
2026-09-30T14:23:39.675+02:00  INFO 1862392 --- [conference-backend] [           main] o.f.core.internal.command.DbMigrate      : Migrating schema "public" to version "1 - registration schema"
2026-09-30T14:23:39.693+02:00  INFO 1862392 --- [conference-backend] [           main] o.f.core.internal.command.DbMigrate      : Successfully applied 1 migration to schema "public", now at version v1 (execution time 00:00.012s)
2026-09-30T14:23:39.703+02:00  INFO 1862392 --- [conference-backend] [           main] o.hibernate.jpa.internal.util.LogHelper  : HHH000204: Processing PersistenceUnitInfo [name: default]
2026-09-30T14:23:39.704+02:00  INFO 1862392 --- [conference-backend] [           main] o.h.c.internal.RegionFactoryInitiator    : HHH000026: Second-level cache disabled
2026-09-30T14:23:39.709+02:00  INFO 1862392 --- [conference-backend] [           main] o.s.o.j.p.SpringPersistenceUnitInfo      : No LoadTimeWeaver setup: ignoring JPA class transformer
2026-09-30T14:23:39.714+02:00  INFO 1862392 --- [conference-backend] [           main] org.hibernate.orm.connections.pooling    : HHH10001005: Database info:
	Database JDBC URL [Connecting through datasource 'HikariDataSource (HikariPool-22)']
	Database driver: undefined/unknown
	Database version: 16.14
	Autocommit mode: undefined/unknown
	Isolation level: undefined/unknown
	Minimum pool size: undefined/unknown
	Maximum pool size: undefined/unknown
2026-09-30T14:23:39.743+02:00  INFO 1862392 --- [conference-backend] [           main] o.h.e.t.j.p.i.JtaPlatformInitiator       : HHH000489: No JTA platform available (set 'hibernate.transaction.jta.platform' to enable JTA platform integration)
2026-09-30T14:23:39.754+02:00  INFO 1862392 --- [conference-backend] [           main] j.LocalContainerEntityManagerFactoryBean : Initialized JPA EntityManagerFactory for persistence unit 'default'
2026-09-30T14:23:39.793+02:00  INFO 1862392 --- [conference-backend] [           main] r$InitializeUserDetailsManagerConfigurer : Global AuthenticationManager configured with UserDetailsService bean with name organizer
2026-09-30T14:23:39.844+02:00  INFO 1862392 --- [conference-backend] [           main] o.s.b.a.e.web.EndpointLinksResolver      : Exposing 1 endpoint beneath base path '/actuator'
2026-09-30T14:23:39.893+02:00  INFO 1862392 --- [conference-backend] [           main] o.s.b.w.embedded.tomcat.TomcatWebServer  : Tomcat started on port 42931 (http) with context path '/'
2026-09-30T14:23:39.897+02:00  INFO 1862392 --- [conference-backend] [           main] o.a.maven.surefire.booter.ForkedBooter   : Started ForkedBooter in 0.499 seconds (process running for 244.561)
2026-09-30T14:23:39.903+02:00  INFO 1862392 --- [conference-backend] [-auto-22-exec-1] o.a.c.c.C.[Tomcat-5].[localhost].[/]     : Initializing Spring DispatcherServlet 'dispatcherServlet'
2026-09-30T14:23:39.903+02:00  INFO 1862392 --- [conference-backend] [-auto-22-exec-1] o.s.web.servlet.DispatcherServlet        : Initializing Servlet 'dispatcherServlet'
2026-09-30T14:23:39.904+02:00  INFO 1862392 --- [conference-backend] [-auto-22-exec-1] o.s.web.servlet.DispatcherServlet        : Completed initialization in 1 ms
2026-09-30T14:23:39.937+02:00  INFO 1862392 --- [conference-backend] [-auto-22-exec-1] l.c.registration.RegistrationService     : Registration b932d18d-a6cf-4f1b-bac5-fb19c8a17022 accepted (external)
2026-09-30T14:23:39.939+02:00  INFO 1862392 --- [conference-backend] [           main] o.s.b.w.e.tomcat.GracefulShutdown        : Commencing graceful shutdown. Waiting for active requests to complete
2026-09-30T14:23:39.940+02:00  INFO 1862392 --- [conference-backend] [tomcat-shutdown] o.s.b.w.e.tomcat.GracefulShutdown        : Graceful shutdown complete
2026-09-30T14:23:39.943+02:00  INFO 1862392 --- [conference-backend] [           main] j.LocalContainerEntityManagerFactoryBean : Closing JPA EntityManagerFactory for persistence unit 'default'
2026-09-30T14:23:39.943+02:00  INFO 1862392 --- [conference-backend] [           main] com.zaxxer.hikari.HikariDataSource       : HikariPool-22 - Shutdown initiated...
2026-09-30T14:23:39.947+02:00  INFO 1862392 --- [conference-backend] [           main] com.zaxxer.hikari.HikariDataSource       : HikariPool-22 - Shutdown completed.
2026-09-30T14:23:40.027+02:00  INFO 1862392 --- [conference-backend] [           main] o.a.maven.surefire.booter.ForkedBooter   : Starting ForkedBooter v3.5.6 using Java 21.0.12 with PID 1862392 (started by tjan-kazar in /home/tjan-kazar/storage/Work/lab/agentic_lab/02_output/backend)
2026-09-30T14:23:40.027+02:00  INFO 1862392 --- [conference-backend] [           main] o.a.maven.surefire.booter.ForkedBooter   : No active profile set, falling back to 1 default profile: "default"
2026-09-30T14:23:40.121+02:00  INFO 1862392 --- [conference-backend] [           main] .s.d.r.c.RepositoryConfigurationDelegate : Bootstrapping Spring Data JPA repositories in DEFAULT mode.
2026-09-30T14:23:40.128+02:00  INFO 1862392 --- [conference-backend] [           main] .s.d.r.c.RepositoryConfigurationDelegate : Finished Spring Data repository scanning in 5 ms. Found 2 JPA repository interfaces.
2026-09-30T14:23:40.162+02:00  INFO 1862392 --- [conference-backend] [           main] o.s.b.w.embedded.tomcat.TomcatWebServer  : Tomcat initialized with port 0 (http)
2026-09-30T14:23:40.163+02:00  INFO 1862392 --- [conference-backend] [           main] o.apache.catalina.core.StandardService   : Starting service [Tomcat]
2026-09-30T14:23:40.163+02:00  INFO 1862392 --- [conference-backend] [           main] o.apache.catalina.core.StandardEngine    : Starting Servlet engine: [Apache Tomcat/10.1.60]
2026-09-30T14:23:40.169+02:00  INFO 1862392 --- [conference-backend] [           main] o.a.c.c.C.[Tomcat-5].[localhost].[/]     : Initializing Spring embedded WebApplicationContext
2026-09-30T14:23:40.170+02:00  INFO 1862392 --- [conference-backend] [           main] w.s.c.ServletWebServerApplicationContext : Root WebApplicationContext: initialization completed in 142 ms
2026-09-30T14:23:40.207+02:00  INFO 1862392 --- [conference-backend] [           main] com.zaxxer.hikari.HikariDataSource       : HikariPool-23 - Starting...
2026-09-30T14:23:40.221+02:00  INFO 1862392 --- [conference-backend] [           main] com.zaxxer.hikari.pool.HikariPool        : HikariPool-23 - Added connection org.postgresql.jdbc.PgConnection@2475cf3e
2026-09-30T14:23:40.221+02:00  INFO 1862392 --- [conference-backend] [           main] com.zaxxer.hikari.HikariDataSource       : HikariPool-23 - Start completed.
2026-09-30T14:23:40.222+02:00  INFO 1862392 --- [conference-backend] [           main] org.flywaydb.core.FlywayExecutor         : Database: jdbc:postgresql://localhost:45139/conf_2b7b48cc230c (PostgreSQL 16.14)
2026-09-30T14:23:40.233+02:00  INFO 1862392 --- [conference-backend] [           main] o.f.core.internal.command.DbValidate     : Successfully validated 1 migration (execution time 00:00.004s)
2026-09-30T14:23:40.252+02:00  INFO 1862392 --- [conference-backend] [           main] o.f.core.internal.command.DbMigrate      : Current version of schema "public": 1
2026-09-30T14:23:40.252+02:00  INFO 1862392 --- [conference-backend] [           main] o.f.core.internal.command.DbMigrate      : Schema "public" is up to date. No migration necessary.
2026-09-30T14:23:40.262+02:00  INFO 1862392 --- [conference-backend] [           main] o.hibernate.jpa.internal.util.LogHelper  : HHH000204: Processing PersistenceUnitInfo [name: default]
2026-09-30T14:23:40.263+02:00  INFO 1862392 --- [conference-backend] [           main] o.h.c.internal.RegionFactoryInitiator    : HHH000026: Second-level cache disabled
2026-09-30T14:23:40.268+02:00  INFO 1862392 --- [conference-backend] [           main] o.s.o.j.p.SpringPersistenceUnitInfo      : No LoadTimeWeaver setup: ignoring JPA class transformer
2026-09-30T14:23:40.273+02:00  INFO 1862392 --- [conference-backend] [           main] org.hibernate.orm.connections.pooling    : HHH10001005: Database info:
	Database JDBC URL [Connecting through datasource 'HikariDataSource (HikariPool-23)']
	Database driver: undefined/unknown
	Database version: 16.14
	Autocommit mode: undefined/unknown
	Isolation level: undefined/unknown
	Minimum pool size: undefined/unknown
	Maximum pool size: undefined/unknown
2026-09-30T14:23:40.301+02:00  INFO 1862392 --- [conference-backend] [           main] o.h.e.t.j.p.i.JtaPlatformInitiator       : HHH000489: No JTA platform available (set 'hibernate.transaction.jta.platform' to enable JTA platform integration)
2026-09-30T14:23:40.313+02:00  INFO 1862392 --- [conference-backend] [           main] j.LocalContainerEntityManagerFactoryBean : Initialized JPA EntityManagerFactory for persistence unit 'default'
2026-09-30T14:23:40.351+02:00  INFO 1862392 --- [conference-backend] [           main] r$InitializeUserDetailsManagerConfigurer : Global AuthenticationManager configured with UserDetailsService bean with name organizer
2026-09-30T14:23:40.395+02:00  INFO 1862392 --- [conference-backend] [           main] o.s.b.a.e.web.EndpointLinksResolver      : Exposing 1 endpoint beneath base path '/actuator'
2026-09-30T14:23:40.462+02:00  INFO 1862392 --- [conference-backend] [           main] o.s.b.w.embedded.tomcat.TomcatWebServer  : Tomcat started on port 40461 (http) with context path '/'
2026-09-30T14:23:40.468+02:00  INFO 1862392 --- [conference-backend] [           main] o.a.maven.surefire.booter.ForkedBooter   : Started ForkedBooter in 0.452 seconds (process running for 245.132)
2026-09-30T14:23:40.481+02:00  INFO 1862392 --- [conference-backend] [-auto-23-exec-1] o.a.c.c.C.[Tomcat-5].[localhost].[/]     : Initializing Spring DispatcherServlet 'dispatcherServlet'
2026-09-30T14:23:40.481+02:00  INFO 1862392 --- [conference-backend] [-auto-23-exec-1] o.s.web.servlet.DispatcherServlet        : Initializing Servlet 'dispatcherServlet'
2026-09-30T14:23:40.482+02:00  INFO 1862392 --- [conference-backend] [-auto-23-exec-1] o.s.web.servlet.DispatcherServlet        : Completed initialization in 1 ms
2026-09-30T14:23:40.524+02:00  INFO 1862392 --- [conference-backend] [-auto-23-exec-2] l.c.registration.RegistrationService     : Registration eb01cd33-270a-439b-b309-0671690ca750 accepted (external)
2026-09-30T14:23:40.532+02:00  INFO 1862392 --- [conference-backend] [           main] o.s.b.w.e.tomcat.GracefulShutdown        : Commencing graceful shutdown. Waiting for active requests to complete
2026-09-30T14:23:40.533+02:00  INFO 1862392 --- [conference-backend] [tomcat-shutdown] o.s.b.w.e.tomcat.GracefulShutdown        : Graceful shutdown complete
2026-09-30T14:23:40.534+02:00  INFO 1862392 --- [conference-backend] [           main] j.LocalContainerEntityManagerFactoryBean : Closing JPA EntityManagerFactory for persistence unit 'default'
2026-09-30T14:23:40.534+02:00  INFO 1862392 --- [conference-backend] [           main] com.zaxxer.hikari.HikariDataSource       : HikariPool-23 - Shutdown initiated...
2026-09-30T14:23:40.544+02:00  INFO 1862392 --- [conference-backend] [           main] com.zaxxer.hikari.HikariDataSource       : HikariPool-23 - Shutdown completed.
[INFO] Tests run: 8, Failures: 0, Errors: 0, Skipped: 0, Time elapsed: 5.936 s -- in lab.conference.acceptance.CatalogAcceptanceTest
[INFO] Running lab.conference.ApiHardeningIT
2026-09-30T14:23:40.684+02:00  INFO 1862392 --- [conference-backend] [           main] o.a.maven.surefire.booter.ForkedBooter   : Starting ForkedBooter v3.5.6 using Java 21.0.12 with PID 1862392 (started by tjan-kazar in /home/tjan-kazar/storage/Work/lab/agentic_lab/02_output/backend)
2026-09-30T14:23:40.684+02:00  INFO 1862392 --- [conference-backend] [           main] o.a.maven.surefire.booter.ForkedBooter   : No active profile set, falling back to 1 default profile: "default"
2026-09-30T14:23:40.780+02:00  INFO 1862392 --- [conference-backend] [           main] .s.d.r.c.RepositoryConfigurationDelegate : Bootstrapping Spring Data JPA repositories in DEFAULT mode.
2026-09-30T14:23:40.786+02:00  INFO 1862392 --- [conference-backend] [           main] .s.d.r.c.RepositoryConfigurationDelegate : Finished Spring Data repository scanning in 5 ms. Found 2 JPA repository interfaces.
2026-09-30T14:23:40.822+02:00  INFO 1862392 --- [conference-backend] [           main] o.s.b.w.embedded.tomcat.TomcatWebServer  : Tomcat initialized with port 0 (http)
2026-09-30T14:23:40.823+02:00  INFO 1862392 --- [conference-backend] [           main] o.apache.catalina.core.StandardService   : Starting service [Tomcat]
2026-09-30T14:23:40.823+02:00  INFO 1862392 --- [conference-backend] [           main] o.apache.catalina.core.StandardEngine    : Starting Servlet engine: [Apache Tomcat/10.1.60]
2026-09-30T14:23:40.830+02:00  INFO 1862392 --- [conference-backend] [           main] o.a.c.c.C.[Tomcat-5].[localhost].[/]     : Initializing Spring embedded WebApplicationContext
2026-09-30T14:23:40.830+02:00  INFO 1862392 --- [conference-backend] [           main] w.s.c.ServletWebServerApplicationContext : Root WebApplicationContext: initialization completed in 145 ms
2026-09-30T14:23:40.868+02:00  INFO 1862392 --- [conference-backend] [           main] com.zaxxer.hikari.HikariDataSource       : HikariPool-24 - Starting...
2026-09-30T14:23:40.883+02:00  INFO 1862392 --- [conference-backend] [           main] com.zaxxer.hikari.pool.HikariPool        : HikariPool-24 - Added connection org.postgresql.jdbc.PgConnection@7eaf5fb7
2026-09-30T14:23:40.883+02:00  INFO 1862392 --- [conference-backend] [           main] com.zaxxer.hikari.HikariDataSource       : HikariPool-24 - Start completed.
2026-09-30T14:23:40.885+02:00  INFO 1862392 --- [conference-backend] [           main] org.flywaydb.core.FlywayExecutor         : Database: jdbc:postgresql://localhost:45139/conf_32d82715842d (PostgreSQL 16.14)
2026-09-30T14:23:40.893+02:00  INFO 1862392 --- [conference-backend] [           main] o.f.c.i.s.JdbcTableSchemaHistory         : Schema history table "public"."flyway_schema_history" does not exist yet
2026-09-30T14:23:40.894+02:00  INFO 1862392 --- [conference-backend] [           main] o.f.core.internal.command.DbValidate     : Successfully validated 1 migration (execution time 00:00.002s)
2026-09-30T14:23:40.901+02:00  INFO 1862392 --- [conference-backend] [           main] o.f.c.i.s.JdbcTableSchemaHistory         : Creating Schema History table "public"."flyway_schema_history" ...
2026-09-30T14:23:40.929+02:00  INFO 1862392 --- [conference-backend] [           main] o.f.core.internal.command.DbMigrate      : Current version of schema "public": << Empty Schema >>
2026-09-30T14:23:40.933+02:00  INFO 1862392 --- [conference-backend] [           main] o.f.core.internal.command.DbMigrate      : Migrating schema "public" to version "1 - registration schema"
2026-09-30T14:23:40.955+02:00  INFO 1862392 --- [conference-backend] [           main] o.f.core.internal.command.DbMigrate      : Successfully applied 1 migration to schema "public", now at version v1 (execution time 00:00.014s)
2026-09-30T14:23:40.966+02:00  INFO 1862392 --- [conference-backend] [           main] o.hibernate.jpa.internal.util.LogHelper  : HHH000204: Processing PersistenceUnitInfo [name: default]
2026-09-30T14:23:40.967+02:00  INFO 1862392 --- [conference-backend] [           main] o.h.c.internal.RegionFactoryInitiator    : HHH000026: Second-level cache disabled
2026-09-30T14:23:40.972+02:00  INFO 1862392 --- [conference-backend] [           main] o.s.o.j.p.SpringPersistenceUnitInfo      : No LoadTimeWeaver setup: ignoring JPA class transformer
2026-09-30T14:23:40.978+02:00  INFO 1862392 --- [conference-backend] [           main] org.hibernate.orm.connections.pooling    : HHH10001005: Database info:
	Database JDBC URL [Connecting through datasource 'HikariDataSource (HikariPool-24)']
	Database driver: undefined/unknown
	Database version: 16.14
	Autocommit mode: undefined/unknown
	Isolation level: undefined/unknown
	Minimum pool size: undefined/unknown
	Maximum pool size: undefined/unknown
2026-09-30T14:23:41.012+02:00  INFO 1862392 --- [conference-backend] [           main] o.h.e.t.j.p.i.JtaPlatformInitiator       : HHH000489: No JTA platform available (set 'hibernate.transaction.jta.platform' to enable JTA platform integration)
2026-09-30T14:23:41.024+02:00  INFO 1862392 --- [conference-backend] [           main] j.LocalContainerEntityManagerFactoryBean : Initialized JPA EntityManagerFactory for persistence unit 'default'
2026-09-30T14:23:41.065+02:00  INFO 1862392 --- [conference-backend] [           main] r$InitializeUserDetailsManagerConfigurer : Global AuthenticationManager configured with UserDetailsService bean with name organizer
2026-09-30T14:23:41.111+02:00  INFO 1862392 --- [conference-backend] [           main] o.s.b.a.e.web.EndpointLinksResolver      : Exposing 1 endpoint beneath base path '/actuator'
2026-09-30T14:23:41.163+02:00  INFO 1862392 --- [conference-backend] [           main] o.s.b.w.embedded.tomcat.TomcatWebServer  : Tomcat started on port 35749 (http) with context path '/'
2026-09-30T14:23:41.167+02:00  INFO 1862392 --- [conference-backend] [           main] o.a.maven.surefire.booter.ForkedBooter   : Started ForkedBooter in 0.496 seconds (process running for 245.832)
2026-09-30T14:23:41.177+02:00  INFO 1862392 --- [conference-backend] [-auto-24-exec-1] o.a.c.c.C.[Tomcat-5].[localhost].[/]     : Initializing Spring DispatcherServlet 'dispatcherServlet'
2026-09-30T14:23:41.177+02:00  INFO 1862392 --- [conference-backend] [-auto-24-exec-1] o.s.web.servlet.DispatcherServlet        : Initializing Servlet 'dispatcherServlet'
2026-09-30T14:23:41.178+02:00  INFO 1862392 --- [conference-backend] [-auto-24-exec-1] o.s.web.servlet.DispatcherServlet        : Completed initialization in 1 ms
2026-09-30T14:23:41.306+02:00  INFO 1862392 --- [conference-backend] [           main] o.s.b.w.e.tomcat.GracefulShutdown        : Commencing graceful shutdown. Waiting for active requests to complete
2026-09-30T14:23:41.307+02:00  INFO 1862392 --- [conference-backend] [tomcat-shutdown] o.s.b.w.e.tomcat.GracefulShutdown        : Graceful shutdown complete
2026-09-30T14:23:41.310+02:00  INFO 1862392 --- [conference-backend] [           main] j.LocalContainerEntityManagerFactoryBean : Closing JPA EntityManagerFactory for persistence unit 'default'
2026-09-30T14:23:41.310+02:00  INFO 1862392 --- [conference-backend] [           main] com.zaxxer.hikari.HikariDataSource       : HikariPool-24 - Shutdown initiated...
2026-09-30T14:23:41.339+02:00  INFO 1862392 --- [conference-backend] [           main] com.zaxxer.hikari.HikariDataSource       : HikariPool-24 - Shutdown completed.
[INFO] Tests run: 5, Failures: 0, Errors: 0, Skipped: 0, Time elapsed: 0.791 s -- in lab.conference.ApiHardeningIT
[INFO] 
[INFO] Results:
[INFO] 
[INFO] Tests run: 114, Failures: 0, Errors: 0, Skipped: 0
[INFO] 
[INFO] 
[INFO] --- jacoco:0.8.13:report-integration (report-integration) @ conference-backend ---
[INFO] Loading execution data file /home/tjan-kazar/storage/Work/lab/agentic_lab/02_output/backend/target/jacoco-it.exec
[INFO] Analyzed bundle 'conference-backend' with 60 classes
[INFO] 
[INFO] --- failsafe:3.5.6:verify (default) @ conference-backend ---
[INFO] 
[INFO] --- spotless:2.44.3:check (spotless-check) @ conference-backend ---
[INFO] Spotless.Java is keeping 91 files clean - 0 needs changes to be clean, 0 were already clean, 91 were skipped because caching determined they were already clean
[INFO] 
[INFO] >>> spotbugs:4.9.3.0:check (spotbugs-check) > :spotbugs @ conference-backend >>>
[INFO] 
[INFO] --- spotbugs:4.9.3.0:spotbugs (spotbugs) @ conference-backend ---
[INFO] Fork Value is true
[INFO] Done SpotBugs Analysis....
[WARNING] Unable to find a URL to the parent project. The parent menu will NOT be added.
[INFO] Rendering content with org.apache.maven.skins:maven-fluido-skin:jar:2.0.0-M9 skin
[INFO] 
[INFO] <<< spotbugs:4.9.3.0:check (spotbugs-check) < :spotbugs @ conference-backend <<<
[INFO] 
[INFO] 
[INFO] --- spotbugs:4.9.3.0:check (spotbugs-check) @ conference-backend ---
[INFO] BugInstance size is 0
[INFO] Error size is 0
[INFO] No errors/warnings found
[INFO] 
[INFO] >>> pmd:3.26.0:check (pmd-check) > :pmd @ conference-backend >>>
[INFO] 
[INFO] --- pmd:3.26.0:pmd (pmd) @ conference-backend ---
[WARNING] Unable to locate Source XRef to link to -- DISABLED
[WARNING] Unable to locate Source XRef to link to -- DISABLED
[INFO] PMD version: 7.7.0
[WARNING] Unable to find a URL to the parent project. The parent menu will NOT be added.
[INFO] Rendering content with org.apache.maven.skins:maven-fluido-skin:jar:2.0.0-M9 skin
[INFO] 
[INFO] <<< pmd:3.26.0:check (pmd-check) < :pmd @ conference-backend <<<
[INFO] 
[INFO] 
[INFO] --- pmd:3.26.0:check (pmd-check) @ conference-backend ---
[INFO] 
[INFO] >>> pmd:3.26.0:cpd-check (pmd-check) > :cpd @ conference-backend >>>
[INFO] 
[INFO] --- pmd:3.26.0:cpd (cpd) @ conference-backend ---
[WARNING] Unable to locate Source XRef to link to -- DISABLED
[WARNING] Unable to locate Source XRef to link to -- DISABLED
[WARNING] Unable to find a URL to the parent project. The parent menu will NOT be added.
[INFO] Rendering content with org.apache.maven.skins:maven-fluido-skin:jar:2.0.0-M9 skin
[INFO] 
[INFO] <<< pmd:3.26.0:cpd-check (pmd-check) < :cpd @ conference-backend <<<
[INFO] 
[INFO] 
[INFO] --- pmd:3.26.0:cpd-check (pmd-check) @ conference-backend ---
[INFO] ------------------------------------------------------------------------
[INFO] BUILD SUCCESS
[INFO] ------------------------------------------------------------------------
[INFO] Total time:  04:33 min
[INFO] Finished at: 2026-09-30T14:23:55+02:00
[INFO] ------------------------------------------------------------------------
exit=0
