START 2026-09-24T21:42:01.0503306+02:00
=== conference-registration-backend:latest
docker : Unable to find image 'aquasec/trivy:latest' locally
At line:1 char:776
+ ... trivy.log"; docker run --rm -v //var/run/docker.sock:/var/run/docker. ...
+                 ~~~~~~~~~~~~~~~~~~~~~~~~~~~~~~~~~~~~~~~~~~~~~~~~~~~~~~~~~
    + CategoryInfo          : NotSpecified: (Unable to find ...latest' locally:String) [], RemoteException
    + FullyQualifiedErrorId : NativeCommandError
 
latest: Pulling from aquasec/trivy
99f1ca71a2b5: Pulling fs layer
55afa1ecc21d: Pulling fs layer
0c664a59f299: Pulling fs layer
9b17763e725d: Pulling fs layer
99f1ca71a2b5: Download complete
55afa1ecc21d: Download complete
44136fa355b3: Already exists
d52de991631c: Download complete
55afa1ecc21d: Pull complete
0c664a59f299: Download complete
e653b5f3db1d: Download complete
0c664a59f299: Pull complete
9b17763e725d: Download complete
99f1ca71a2b5: Pull complete
9b17763e725d: Pull complete
Digest: sha256:62b1e65e8869bc4b4c6aa4fa2b21595256c7c2f6018a9d9ad61caf87187c1969
Status: Downloaded newer image for aquasec/trivy:latest
2026-09-24T19:42:06Z	INFO	[vulndb] Need to update DB
2026-09-24T19:42:06Z	INFO	[vulndb] Downloading vulnerability DB...
2026-09-24T19:42:06Z	INFO	[vulndb] Downloading artifact...	repo="mirror.gcr.io/aquasec/trivy-db:2"
2.12 MiB / 116.97 MiB [->____________________________________________________________] 1.82% ? p/s ?6.97 MiB / 116.97 
MiB [--->__________________________________________________________] 5.96% ? p/s ?12.53 MiB / 116.97 MiB 
[------>_____________________________________________________] 10.71% ? p/s ?17.78 MiB / 116.97 MiB 
[------->_______________________________________] 15.20% 26.09 MiB p/s ETA 3s23.59 MiB / 116.97 MiB 
[--------->_____________________________________] 20.17% 26.09 MiB p/s ETA 3s29.06 MiB / 116.97 MiB 
[----------->___________________________________] 24.85% 26.09 MiB p/s ETA 3s34.84 MiB / 116.97 MiB 
[-------------->________________________________] 29.79% 26.24 MiB p/s ETA 3s40.31 MiB / 116.97 MiB 
[---------------->______________________________] 34.46% 26.24 MiB p/s ETA 2s44.44 MiB / 116.97 MiB 
[----------------->_____________________________] 37.99% 26.24 MiB p/s ETA 2s49.97 MiB / 116.97 MiB 
[-------------------->__________________________] 42.72% 26.17 MiB p/s ETA 2s55.69 MiB / 116.97 MiB 
[---------------------->________________________] 47.61% 26.17 MiB p/s ETA 2s60.94 MiB / 116.97 MiB 
[------------------------>______________________] 52.10% 26.17 MiB p/s ETA 2s65.69 MiB / 116.97 MiB 
[-------------------------->____________________] 56.16% 26.17 MiB p/s ETA 1s71.31 MiB / 116.97 MiB 
[---------------------------->__________________] 60.97% 26.17 MiB p/s ETA 1s77.47 MiB / 116.97 MiB 
[------------------------------->_______________] 66.23% 26.17 MiB p/s ETA 1s82.87 MiB / 116.97 MiB 
[--------------------------------->_____________] 70.85% 26.33 MiB p/s ETA 1s88.47 MiB / 116.97 MiB 
[----------------------------------->___________] 75.64% 26.33 MiB p/s ETA 1s94.19 MiB / 116.97 MiB 
[------------------------------------->_________] 80.52% 26.33 MiB p/s ETA 0s99.37 MiB / 116.97 MiB 
[--------------------------------------->_______] 84.96% 26.41 MiB p/s ETA 0s105.31 MiB / 116.97 MiB 
[----------------------------------------->____] 90.04% 26.41 MiB p/s ETA 0s110.41 MiB / 116.97 MiB 
[------------------------------------------->__] 94.39% 26.41 MiB p/s ETA 0s114.87 MiB / 116.97 MiB 
[--------------------------------------------->] 98.21% 26.37 MiB p/s ETA 0s116.97 MiB / 116.97 MiB 
[-------------------------------------------->] 100.00% 26.37 MiB p/s ETA 0s116.97 MiB / 116.97 MiB 
[-------------------------------------------->] 100.00% 26.37 MiB p/s ETA 0s116.97 MiB / 116.97 MiB 
[-------------------------------------------->] 100.00% 24.89 MiB p/s ETA 0s116.97 MiB / 116.97 MiB 
[-------------------------------------------->] 100.00% 24.89 MiB p/s ETA 0s116.97 MiB / 116.97 MiB 
[-------------------------------------------->] 100.00% 24.89 MiB p/s ETA 0s116.97 MiB / 116.97 MiB 
[-------------------------------------------->] 100.00% 23.29 MiB p/s ETA 0s116.97 MiB / 116.97 MiB 
[-------------------------------------------->] 100.00% 23.29 MiB p/s ETA 0s116.97 MiB / 116.97 MiB 
[-------------------------------------------->] 100.00% 23.29 MiB p/s ETA 0s116.97 MiB / 116.97 MiB 
[-------------------------------------------->] 100.00% 21.79 MiB p/s ETA 0s116.97 MiB / 116.97 MiB 
[-------------------------------------------->] 100.00% 21.79 MiB p/s ETA 0s116.97 MiB / 116.97 MiB 
[-------------------------------------------->] 100.00% 21.79 MiB p/s ETA 0s116.97 MiB / 116.97 MiB 
[-------------------------------------------->] 100.00% 20.38 MiB p/s ETA 0s116.97 MiB / 116.97 MiB 
[-------------------------------------------->] 100.00% 20.38 MiB p/s ETA 0s116.97 MiB / 116.97 MiB 
[-------------------------------------------->] 100.00% 20.38 MiB p/s ETA 0s116.97 MiB / 116.97 MiB 
[-------------------------------------------->] 100.00% 19.07 MiB p/s ETA 0s116.97 MiB / 116.97 MiB 
[-------------------------------------------->] 100.00% 19.07 MiB p/s ETA 0s116.97 MiB / 116.97 MiB 
[-------------------------------------------->] 100.00% 19.07 MiB p/s ETA 0s116.97 MiB / 116.97 MiB 
[-------------------------------------------->] 100.00% 17.84 MiB p/s ETA 0s116.97 MiB / 116.97 MiB 
[-----------------------------------------------] 100.00% 14.63 MiB p/s 8.2s2026-09-24T19:42:15Z	INFO	[vulndb] 
Artifact successfully downloaded	repo="mirror.gcr.io/aquasec/trivy-db:2"
2026-09-24T19:42:15Z	INFO	[vuln] Vulnerability scanning is enabled
2026-09-24T19:42:19Z	INFO	[javadb] Downloading Java DB...
2026-09-24T19:42:19Z	INFO	[javadb] Downloading artifact...	repo="mirror.gcr.io/aquasec/trivy-java-db:1"
1.98 MiB / 923.61 MiB [>_____________________________________________________________] 0.21% ? p/s ?7.48 MiB / 923.61 
MiB [>_____________________________________________________________] 0.81% ? p/s ?12.05 MiB / 923.61 MiB 
[>____________________________________________________________] 1.30% ? p/s ?17.20 MiB / 923.61 MiB 
[>______________________________________________] 1.86% 25.36 MiB p/s ETA 35s22.11 MiB / 923.61 MiB 
[->_____________________________________________] 2.39% 25.36 MiB p/s ETA 35s28.26 MiB / 923.61 MiB 
[->_____________________________________________] 3.06% 25.36 MiB p/s ETA 35s33.51 MiB / 923.61 MiB 
[->_____________________________________________] 3.63% 25.48 MiB p/s ETA 34s38.98 MiB / 923.61 MiB 
[->_____________________________________________] 4.22% 25.48 MiB p/s ETA 34s43.86 MiB / 923.61 MiB 
[-->____________________________________________] 4.75% 25.48 MiB p/s ETA 34s48.80 MiB / 923.61 MiB 
[-->____________________________________________] 5.28% 25.48 MiB p/s ETA 34s53.95 MiB / 923.61 MiB 
[-->____________________________________________] 5.84% 25.48 MiB p/s ETA 34s58.64 MiB / 923.61 MiB 
[-->____________________________________________] 6.35% 25.48 MiB p/s ETA 33s64.20 MiB / 923.61 MiB 
[--->___________________________________________] 6.95% 25.49 MiB p/s ETA 33s69.42 MiB / 923.61 MiB 
[--->___________________________________________] 7.52% 25.49 MiB p/s ETA 33s74.80 MiB / 923.61 MiB 
[--->___________________________________________] 8.10% 25.49 MiB p/s ETA 33s80.01 MiB / 923.61 MiB 
[---->__________________________________________] 8.66% 25.55 MiB p/s ETA 33s85.98 MiB / 923.61 MiB 
[---->__________________________________________] 9.31% 25.55 MiB p/s ETA 32s91.70 MiB / 923.61 MiB 
[---->__________________________________________] 9.93% 25.55 MiB p/s ETA 32s96.95 MiB / 923.61 MiB 
[---->_________________________________________] 10.50% 25.72 MiB p/s ETA 32s102.11 MiB / 923.61 MiB 
[---->________________________________________] 11.06% 25.72 MiB p/s ETA 31s107.58 MiB / 923.61 MiB 
[----->_______________________________________] 11.65% 25.72 MiB p/s ETA 31s113.14 MiB / 923.61 MiB 
[----->_______________________________________] 12.25% 25.80 MiB p/s ETA 31s118.86 MiB / 923.61 MiB 
[----->_______________________________________] 12.87% 25.80 MiB p/s ETA 31s124.92 MiB / 923.61 MiB 
[------>______________________________________] 13.53% 25.80 MiB p/s ETA 30s130.48 MiB / 923.61 MiB 
[------>______________________________________] 14.13% 26.00 MiB p/s ETA 30s135.58 MiB / 923.61 MiB 
[------>______________________________________] 14.68% 26.00 MiB p/s ETA 30s141.39 MiB / 923.61 MiB 
[------>______________________________________] 15.31% 26.00 MiB p/s ETA 30s146.39 MiB / 923.61 MiB 
[------->_____________________________________] 15.85% 26.04 MiB p/s ETA 29s151.61 MiB / 923.61 MiB 
[------->_____________________________________] 16.41% 26.04 MiB p/s ETA 29s155.89 MiB / 923.61 MiB 
[------->_____________________________________] 16.88% 26.04 MiB p/s ETA 29s160.95 MiB / 923.61 MiB 
[------->_____________________________________] 17.43% 25.92 MiB p/s ETA 29s166.67 MiB / 923.61 MiB 
[-------->____________________________________] 18.05% 25.92 MiB p/s ETA 29s172.51 MiB / 923.61 MiB 
[-------->____________________________________] 18.68% 25.92 MiB p/s ETA 28s177.14 MiB / 923.61 MiB 
[-------->____________________________________] 19.18% 25.99 MiB p/s ETA 28s182.51 MiB / 923.61 MiB 
[-------->____________________________________] 19.76% 25.99 MiB p/s ETA 28s187.55 MiB / 923.61 MiB 
[--------->___________________________________] 20.31% 25.99 MiB p/s ETA 28s192.95 MiB / 923.61 MiB 
[--------->___________________________________] 20.89% 26.01 MiB p/s ETA 28s198.05 MiB / 923.61 MiB 
[--------->___________________________________] 21.44% 26.01 MiB p/s ETA 27s203.01 MiB / 923.61 MiB 
[--------->___________________________________] 21.98% 26.01 MiB p/s ETA 27s209.05 MiB / 923.61 MiB 
[---------->__________________________________] 22.63% 26.07 MiB p/s ETA 27s214.01 MiB / 923.61 MiB 
[---------->__________________________________] 23.17% 26.07 MiB p/s ETA 27s220.01 MiB / 923.61 MiB 
[---------->__________________________________] 23.82% 26.07 MiB p/s ETA 26s225.67 MiB / 923.61 MiB 
[---------->__________________________________] 24.43% 26.17 MiB p/s ETA 26s231.30 MiB / 923.61 MiB 
[----------->_________________________________] 25.04% 26.17 MiB p/s ETA 26s237.55 MiB / 923.61 MiB 
[----------->_________________________________] 25.72% 26.17 MiB p/s ETA 26s243.26 MiB / 923.61 MiB 
[----------->_________________________________] 26.34% 26.37 MiB p/s ETA 25s248.76 MiB / 923.61 MiB 
[------------>________________________________] 26.93% 26.37 MiB p/s ETA 25s254.95 MiB / 923.61 MiB 
[------------>________________________________] 27.60% 26.37 MiB p/s ETA 25s260.92 MiB / 923.61 MiB 
[------------>________________________________] 28.25% 26.57 MiB p/s ETA 24s267.23 MiB / 923.61 MiB 
[------------->_______________________________] 28.93% 26.57 MiB p/s ETA 24s272.70 MiB / 923.61 MiB 
[------------->_______________________________] 29.53% 26.57 MiB p/s ETA 24s277.55 MiB / 923.61 MiB 
[------------->_______________________________] 30.05% 26.65 MiB p/s ETA 24s282.98 MiB / 923.61 MiB 
[------------->_______________________________] 30.64% 26.65 MiB p/s ETA 24s288.61 MiB / 923.61 MiB 
[-------------->______________________________] 31.25% 26.65 MiB p/s ETA 23s293.42 MiB / 923.61 MiB 
[-------------->______________________________] 31.77% 26.63 MiB p/s ETA 23s299.33 MiB / 923.61 MiB 
[-------------->______________________________] 32.41% 26.63 MiB p/s ETA 23s304.86 MiB / 923.61 MiB 
[-------------->______________________________] 33.01% 26.63 MiB p/s ETA 23s311.17 MiB / 923.61 MiB 
[--------------->_____________________________] 33.69% 26.82 MiB p/s ETA 22s316.95 MiB / 923.61 MiB 
[--------------->_____________________________] 34.32% 26.82 MiB p/s ETA 22s322.26 MiB / 923.61 MiB 
[--------------->_____________________________] 34.89% 26.82 MiB p/s ETA 22s326.98 MiB / 923.61 MiB 
[--------------->_____________________________] 35.40% 26.79 MiB p/s ETA 22s332.23 MiB / 923.61 MiB 
[---------------->____________________________] 35.97% 26.79 MiB p/s ETA 22s338.26 MiB / 923.61 MiB 
[---------------->____________________________] 36.62% 26.79 MiB p/s ETA 21s343.20 MiB / 923.61 MiB 
[---------------->____________________________] 37.16% 26.81 MiB p/s ETA 21s348.67 MiB / 923.61 MiB 
[---------------->____________________________] 37.75% 26.81 MiB p/s ETA 21s354.26 MiB / 923.61 MiB 
[----------------->___________________________] 38.36% 26.81 MiB p/s ETA 21s359.23 MiB / 923.61 MiB 
[----------------->___________________________] 38.89% 26.80 MiB p/s ETA 21s365.14 MiB / 923.61 MiB 
[----------------->___________________________] 39.53% 26.80 MiB p/s ETA 20s370.26 MiB / 923.61 MiB 
[------------------>__________________________] 40.09% 26.80 MiB p/s ETA 20s375.83 MiB / 923.61 MiB 
[------------------>__________________________] 40.69% 26.86 MiB p/s ETA 20s381.83 MiB / 923.61 MiB 
[------------------>__________________________] 41.34% 26.86 MiB p/s ETA 20s387.55 MiB / 923.61 MiB 
[------------------>__________________________] 41.96% 26.86 MiB p/s ETA 19s392.70 MiB / 923.61 MiB 
[------------------->_________________________] 42.52% 26.94 MiB p/s ETA 19s398.23 MiB / 923.61 MiB 
[------------------->_________________________] 43.12% 26.94 MiB p/s ETA 19s403.05 MiB / 923.61 MiB 
[------------------->_________________________] 43.64% 26.94 MiB p/s ETA 19s408.36 MiB / 923.61 MiB 
[------------------->_________________________] 44.21% 26.89 MiB p/s ETA 19s414.48 MiB / 923.61 MiB 
[-------------------->________________________] 44.88% 26.89 MiB p/s ETA 18s419.61 MiB / 923.61 MiB 
[-------------------->________________________] 45.43% 26.89 MiB p/s ETA 18s424.95 MiB / 923.61 MiB 
[-------------------->________________________] 46.01% 26.93 MiB p/s ETA 18s430.45 MiB / 923.61 MiB 
[-------------------->________________________] 46.61% 26.93 MiB p/s ETA 18s435.33 MiB / 923.61 MiB 
[--------------------->_______________________] 47.13% 26.93 MiB p/s ETA 18s439.80 MiB / 923.61 MiB 
[--------------------->_______________________] 47.62% 26.79 MiB p/s ETA 18s446.08 MiB / 923.61 MiB 
[--------------------->_______________________] 48.30% 26.79 MiB p/s ETA 17s451.23 MiB / 923.61 MiB 
[--------------------->_______________________] 48.86% 26.79 MiB p/s ETA 17s456.20 MiB / 923.61 MiB 
[---------------------->______________________] 49.39% 26.83 MiB p/s ETA 17s461.80 MiB / 923.61 MiB 
[---------------------->______________________] 50.00% 26.83 MiB p/s ETA 17s466.55 MiB / 923.61 MiB 
[---------------------->______________________] 50.51% 26.83 MiB p/s ETA 17s471.61 MiB / 923.61 MiB 
[---------------------->______________________] 51.06% 26.75 MiB p/s ETA 16s477.01 MiB / 923.61 MiB 
[----------------------->_____________________] 51.65% 26.75 MiB p/s ETA 16s482.36 MiB / 923.61 MiB 
[----------------------->_____________________] 52.23% 26.75 MiB p/s ETA 16s488.05 MiB / 923.61 MiB 
[----------------------->_____________________] 52.84% 26.80 MiB p/s ETA 16s493.64 MiB / 923.61 MiB 
[------------------------>____________________] 53.45% 26.80 MiB p/s ETA 16s499.67 MiB / 923.61 MiB 
[------------------------>____________________] 54.10% 26.80 MiB p/s ETA 15s505.45 MiB / 923.61 MiB 
[------------------------>____________________] 54.73% 26.94 MiB p/s ETA 15s511.08 MiB / 923.61 MiB 
[------------------------>____________________] 55.33% 26.94 MiB p/s ETA 15s516.73 MiB / 923.61 MiB 
[------------------------->___________________] 55.95% 26.94 MiB p/s ETA 15s522.39 MiB / 923.61 MiB 
[------------------------->___________________] 56.56% 27.02 MiB p/s ETA 14s527.55 MiB / 923.61 MiB 
[------------------------->___________________] 57.12% 27.02 MiB p/s ETA 14s532.89 MiB / 923.61 MiB 
[------------------------->___________________] 57.70% 27.02 MiB p/s ETA 14s537.92 MiB / 923.61 MiB 
[-------------------------->__________________] 58.24% 26.95 MiB p/s ETA 14s543.33 MiB / 923.61 MiB 
[-------------------------->__________________] 58.83% 26.95 MiB p/s ETA 14s548.23 MiB / 923.61 MiB 
[-------------------------->__________________] 59.36% 26.95 MiB p/s ETA 13s553.45 MiB / 923.61 MiB 
[-------------------------->__________________] 59.92% 26.88 MiB p/s ETA 13s558.70 MiB / 923.61 MiB 
[--------------------------->_________________] 60.49% 26.88 MiB p/s ETA 13s564.58 MiB / 923.61 MiB 
[--------------------------->_________________] 61.13% 26.88 MiB p/s ETA 13s570.39 MiB / 923.61 MiB 
[--------------------------->_________________] 61.76% 26.97 MiB p/s ETA 13s574.86 MiB / 923.61 MiB 
[---------------------------->________________] 62.24% 26.97 MiB p/s ETA 12s580.39 MiB / 923.61 MiB 
[---------------------------->________________] 62.84% 26.97 MiB p/s ETA 12s584.80 MiB / 923.61 MiB 
[---------------------------->________________] 63.32% 26.78 MiB p/s ETA 12s590.42 MiB / 923.61 MiB 
[---------------------------->________________] 63.93% 26.78 MiB p/s ETA 12s596.23 MiB / 923.61 MiB 
[----------------------------->_______________] 64.55% 26.78 MiB p/s ETA 12s601.73 MiB / 923.61 MiB 
[----------------------------->_______________] 65.15% 26.87 MiB p/s ETA 11s607.01 MiB / 923.61 MiB 
[----------------------------->_______________] 65.72% 26.87 MiB p/s ETA 11s612.17 MiB / 923.61 MiB 
[----------------------------->_______________] 66.28% 26.87 MiB p/s ETA 11s617.92 MiB / 923.61 MiB 
[------------------------------>______________] 66.90% 26.88 MiB p/s ETA 11s623.58 MiB / 923.61 MiB 
[------------------------------>______________] 67.52% 26.88 MiB p/s ETA 11s628.95 MiB / 923.61 MiB 
[------------------------------>______________] 68.10% 26.88 MiB p/s ETA 10s634.48 MiB / 923.61 MiB 
[------------------------------>______________] 68.70% 26.92 MiB p/s ETA 10s639.51 MiB / 923.61 MiB 
[------------------------------->_____________] 69.24% 26.92 MiB p/s ETA 10s644.86 MiB / 923.61 MiB 
[------------------------------->_____________] 69.82% 26.92 MiB p/s ETA 10s649.95 MiB / 923.61 MiB 
[------------------------------->_____________] 70.37% 26.85 MiB p/s ETA 10s654.95 MiB / 923.61 MiB 
[------------------------------->_____________] 70.91% 26.85 MiB p/s ETA 10s660.08 MiB / 923.61 MiB 
[-------------------------------->_____________] 71.47% 26.85 MiB p/s ETA 9s665.42 MiB / 923.61 MiB 
[--------------------------------->____________] 72.05% 26.78 MiB p/s ETA 9s670.98 MiB / 923.61 MiB 
[--------------------------------->____________] 72.65% 26.78 MiB p/s ETA 9s675.42 MiB / 923.61 MiB 
[--------------------------------->____________] 73.13% 26.78 MiB p/s ETA 9s680.30 MiB / 923.61 MiB 
[--------------------------------->____________] 73.66% 26.65 MiB p/s ETA 9s685.20 MiB / 923.61 MiB 
[---------------------------------->___________] 74.19% 26.65 MiB p/s ETA 8s690.36 MiB / 923.61 MiB 
[---------------------------------->___________] 74.75% 26.65 MiB p/s ETA 8s694.73 MiB / 923.61 MiB 
[---------------------------------->___________] 75.22% 26.49 MiB p/s ETA 8s700.14 MiB / 923.61 MiB 
[---------------------------------->___________] 75.80% 26.49 MiB p/s ETA 8s705.76 MiB / 923.61 MiB 
[----------------------------------->__________] 76.41% 26.49 MiB p/s ETA 8s711.80 MiB / 923.61 MiB 
[----------------------------------->__________] 77.07% 26.61 MiB p/s ETA 7s717.45 MiB / 923.61 MiB 
[----------------------------------->__________] 77.68% 26.61 MiB p/s ETA 7s723.80 MiB / 923.61 MiB 
[------------------------------------>_________] 78.37% 26.61 MiB p/s ETA 7s728.92 MiB / 923.61 MiB 
[------------------------------------>_________] 78.92% 26.74 MiB p/s ETA 7s734.36 MiB / 923.61 MiB 
[------------------------------------>_________] 79.51% 26.74 MiB p/s ETA 7s739.70 MiB / 923.61 MiB 
[------------------------------------>_________] 80.09% 26.74 MiB p/s ETA 6s745.30 MiB / 923.61 MiB 
[------------------------------------->________] 80.69% 26.77 MiB p/s ETA 6s750.61 MiB / 923.61 MiB 
[------------------------------------->________] 81.27% 26.77 MiB p/s ETA 6s755.92 MiB / 923.61 MiB 
[------------------------------------->________] 81.84% 26.77 MiB p/s ETA 6s761.45 MiB / 923.61 MiB 
[------------------------------------->________] 82.44% 26.78 MiB p/s ETA 6s766.05 MiB / 923.61 MiB 
[-------------------------------------->_______] 82.94% 26.78 MiB p/s ETA 5s771.01 MiB / 923.61 MiB 
[-------------------------------------->_______] 83.48% 26.78 MiB p/s ETA 5s777.01 MiB / 923.61 MiB 
[-------------------------------------->_______] 84.13% 26.73 MiB p/s ETA 5s782.92 MiB / 923.61 MiB 
[-------------------------------------->_______] 84.77% 26.73 MiB p/s ETA 5s788.76 MiB / 923.61 MiB 
[--------------------------------------->______] 85.40% 26.73 MiB p/s ETA 5s793.55 MiB / 923.61 MiB 
[--------------------------------------->______] 85.92% 26.78 MiB p/s ETA 4s798.92 MiB / 923.61 MiB 
[--------------------------------------->______] 86.50% 26.78 MiB p/s ETA 4s804.11 MiB / 923.61 MiB 
[---------------------------------------->_____] 87.06% 26.78 MiB p/s ETA 4s809.64 MiB / 923.61 MiB 
[---------------------------------------->_____] 87.66% 26.78 MiB p/s ETA 4s814.95 MiB / 923.61 MiB 
[---------------------------------------->_____] 88.24% 26.78 MiB p/s ETA 4s820.17 MiB / 923.61 MiB 
[---------------------------------------->_____] 88.80% 26.78 MiB p/s ETA 3s825.51 MiB / 923.61 MiB 
[----------------------------------------->____] 89.38% 26.76 MiB p/s ETA 3s830.67 MiB / 923.61 MiB 
[----------------------------------------->____] 89.94% 26.76 MiB p/s ETA 3s836.70 MiB / 923.61 MiB 
[----------------------------------------->____] 90.59% 26.76 MiB p/s ETA 3s842.51 MiB / 923.61 MiB 
[----------------------------------------->____] 91.22% 26.86 MiB p/s ETA 3s848.58 MiB / 923.61 MiB 
[------------------------------------------>___] 91.88% 26.86 MiB p/s ETA 2s853.42 MiB / 923.61 MiB 
[------------------------------------------>___] 92.40% 26.86 MiB p/s ETA 2s858.23 MiB / 923.61 MiB 
[------------------------------------------>___] 92.92% 26.82 MiB p/s ETA 2s862.86 MiB / 923.61 MiB 
[------------------------------------------>___] 93.42% 26.82 MiB p/s ETA 2s868.11 MiB / 923.61 MiB 
[------------------------------------------->__] 93.99% 26.82 MiB p/s ETA 2s873.73 MiB / 923.61 MiB 
[------------------------------------------->__] 94.60% 26.76 MiB p/s ETA 1s879.01 MiB / 923.61 MiB 
[------------------------------------------->__] 95.17% 26.76 MiB p/s ETA 1s883.80 MiB / 923.61 MiB 
[-------------------------------------------->_] 95.69% 26.76 MiB p/s ETA 1s888.67 MiB / 923.61 MiB 
[-------------------------------------------->_] 96.22% 26.64 MiB p/s ETA 1s894.20 MiB / 923.61 MiB 
[-------------------------------------------->_] 96.82% 26.64 MiB p/s ETA 1s899.20 MiB / 923.61 MiB 
[-------------------------------------------->_] 97.36% 26.64 MiB p/s ETA 0s904.14 MiB / 923.61 MiB 
[--------------------------------------------->] 97.89% 26.58 MiB p/s ETA 0s909.76 MiB / 923.61 MiB 
[--------------------------------------------->] 98.50% 26.58 MiB p/s ETA 0s915.20 MiB / 923.61 MiB 
[--------------------------------------------->] 99.09% 26.58 MiB p/s ETA 0s920.58 MiB / 923.61 MiB 
[--------------------------------------------->] 99.67% 26.63 MiB p/s ETA 0s923.61 MiB / 923.61 MiB 
[-------------------------------------------->] 100.00% 26.63 MiB p/s ETA 0s923.61 MiB / 923.61 MiB 
[-------------------------------------------->] 100.00% 26.63 MiB p/s ETA 0s923.61 MiB / 923.61 MiB 
[-------------------------------------------->] 100.00% 25.24 MiB p/s ETA 0s923.61 MiB / 923.61 MiB 
[-------------------------------------------->] 100.00% 25.24 MiB p/s ETA 0s923.61 MiB / 923.61 MiB 
[-------------------------------------------->] 100.00% 25.24 MiB p/s ETA 0s923.61 MiB / 923.61 MiB 
[-------------------------------------------->] 100.00% 23.61 MiB p/s ETA 0s923.61 MiB / 923.61 MiB 
[-------------------------------------------->] 100.00% 23.61 MiB p/s ETA 0s923.61 MiB / 923.61 MiB 
[-------------------------------------------->] 100.00% 23.61 MiB p/s ETA 0s923.61 MiB / 923.61 MiB 
[-------------------------------------------->] 100.00% 22.09 MiB p/s ETA 0s923.61 MiB / 923.61 MiB 
[-------------------------------------------->] 100.00% 22.09 MiB p/s ETA 0s923.61 MiB / 923.61 MiB 
[-------------------------------------------->] 100.00% 22.09 MiB p/s ETA 0s923.61 MiB / 923.61 MiB 
[-------------------------------------------->] 100.00% 20.66 MiB p/s ETA 0s923.61 MiB / 923.61 MiB 
[-------------------------------------------->] 100.00% 20.66 MiB p/s ETA 0s923.61 MiB / 923.61 MiB 
[-------------------------------------------->] 100.00% 20.66 MiB p/s ETA 0s923.61 MiB / 923.61 MiB 
[-------------------------------------------->] 100.00% 19.33 MiB p/s ETA 0s923.61 MiB / 923.61 MiB 
[-------------------------------------------->] 100.00% 19.33 MiB p/s ETA 0s923.61 MiB / 923.61 MiB 
[-------------------------------------------->] 100.00% 19.33 MiB p/s ETA 0s923.61 MiB / 923.61 MiB 
[-------------------------------------------->] 100.00% 18.08 MiB p/s ETA 0s923.61 MiB / 923.61 MiB 
[-------------------------------------------->] 100.00% 18.08 MiB p/s ETA 0s923.61 MiB / 923.61 MiB 
[-------------------------------------------->] 100.00% 18.08 MiB p/s ETA 0s923.61 MiB / 923.61 MiB 
[-------------------------------------------->] 100.00% 16.92 MiB p/s ETA 0s923.61 MiB / 923.61 MiB 
[-------------------------------------------->] 100.00% 16.92 MiB p/s ETA 0s923.61 MiB / 923.61 MiB 
[-------------------------------------------->] 100.00% 16.92 MiB p/s ETA 0s923.61 MiB / 923.61 MiB 
[-------------------------------------------->] 100.00% 15.83 MiB p/s ETA 0s923.61 MiB / 923.61 MiB 
[-------------------------------------------->] 100.00% 15.83 MiB p/s ETA 0s923.61 MiB / 923.61 MiB 
[-------------------------------------------->] 100.00% 15.83 MiB p/s ETA 0s923.61 MiB / 923.61 MiB 
[-------------------------------------------->] 100.00% 14.81 MiB p/s ETA 0s923.61 MiB / 923.61 MiB 
[-------------------------------------------->] 100.00% 14.81 MiB p/s ETA 0s923.61 MiB / 923.61 MiB 
[-------------------------------------------->] 100.00% 14.81 MiB p/s ETA 0s923.61 MiB / 923.61 MiB 
[-------------------------------------------->] 100.00% 13.85 MiB p/s ETA 0s923.61 MiB / 923.61 MiB 
[-------------------------------------------->] 100.00% 13.85 MiB p/s ETA 0s923.61 MiB / 923.61 MiB 
[-------------------------------------------->] 100.00% 13.85 MiB p/s ETA 0s923.61 MiB / 923.61 MiB 
[-------------------------------------------->] 100.00% 12.96 MiB p/s ETA 0s923.61 MiB / 923.61 MiB 
[-------------------------------------------->] 100.00% 12.96 MiB p/s ETA 0s923.61 MiB / 923.61 MiB 
[-------------------------------------------->] 100.00% 12.96 MiB p/s ETA 0s923.61 MiB / 923.61 MiB 
[-------------------------------------------->] 100.00% 12.12 MiB p/s ETA 0s923.61 MiB / 923.61 MiB 
[-------------------------------------------->] 100.00% 12.12 MiB p/s ETA 0s923.61 MiB / 923.61 MiB 
[-------------------------------------------->] 100.00% 12.12 MiB p/s ETA 0s923.61 MiB / 923.61 MiB 
[-------------------------------------------->] 100.00% 11.34 MiB p/s ETA 0s923.61 MiB / 923.61 MiB 
[-------------------------------------------->] 100.00% 11.34 MiB p/s ETA 0s923.61 MiB / 923.61 MiB 
[-------------------------------------------->] 100.00% 11.34 MiB p/s ETA 0s923.61 MiB / 923.61 MiB 
[-------------------------------------------->] 100.00% 10.61 MiB p/s ETA 0s923.61 MiB / 923.61 MiB 
[-------------------------------------------->] 100.00% 10.61 MiB p/s ETA 0s923.61 MiB / 923.61 MiB 
[-------------------------------------------->] 100.00% 10.61 MiB p/s ETA 0s923.61 MiB / 923.61 MiB 
[--------------------------------------------->] 100.00% 9.92 MiB p/s ETA 0s923.61 MiB / 923.61 MiB 
[--------------------------------------------->] 100.00% 9.92 MiB p/s ETA 0s923.61 MiB / 923.61 MiB 
[--------------------------------------------->] 100.00% 9.92 MiB p/s ETA 0s923.61 MiB / 923.61 MiB 
[--------------------------------------------->] 100.00% 9.28 MiB p/s ETA 0s923.61 MiB / 923.61 MiB 
[--------------------------------------------->] 100.00% 9.28 MiB p/s ETA 0s923.61 MiB / 923.61 MiB 
[--------------------------------------------->] 100.00% 9.28 MiB p/s ETA 0s923.61 MiB / 923.61 MiB 
[--------------------------------------------->] 100.00% 8.68 MiB p/s ETA 0s923.61 MiB / 923.61 MiB 
[--------------------------------------------->] 100.00% 8.68 MiB p/s ETA 0s923.61 MiB / 923.61 MiB 
[--------------------------------------------->] 100.00% 8.68 MiB p/s ETA 0s923.61 MiB / 923.61 MiB 
[--------------------------------------------->] 100.00% 8.12 MiB p/s ETA 0s923.61 MiB / 923.61 MiB 
[--------------------------------------------->] 100.00% 8.12 MiB p/s ETA 0s923.61 MiB / 923.61 MiB 
[--------------------------------------------->] 100.00% 8.12 MiB p/s ETA 0s923.61 MiB / 923.61 MiB 
[--------------------------------------------->] 100.00% 7.60 MiB p/s ETA 0s923.61 MiB / 923.61 MiB 
[--------------------------------------------->] 100.00% 7.60 MiB p/s ETA 0s923.61 MiB / 923.61 MiB 
[--------------------------------------------->] 100.00% 7.60 MiB p/s ETA 0s923.61 MiB / 923.61 MiB 
[--------------------------------------------->] 100.00% 7.11 MiB p/s ETA 0s923.61 MiB / 923.61 MiB 
[--------------------------------------------->] 100.00% 7.11 MiB p/s ETA 0s923.61 MiB / 923.61 MiB 
[------------------------------------------------] 100.00% 19.87 MiB p/s 47s2026-09-24T19:43:06Z	INFO	[javadb] 
Artifact successfully downloaded	repo="mirror.gcr.io/aquasec/trivy-java-db:1"
2026-09-24T19:43:06Z	INFO	[javadb] Java DB is cached for 3 days. If you want to update the database more frequently, 
"trivy clean --java-db" command clears the DB cache.
2026-09-24T19:43:07Z	INFO	Detected OS	family="alpine" version="3.24.2"
2026-09-24T19:43:07Z	WARN	This OS version is not on the EOL list	family="alpine" version="3.24"
2026-09-24T19:43:07Z	INFO	[alpine] Detecting vulnerabilities...	os_version="3.24" repository="3.24" pkg_num=73
2026-09-24T19:43:07Z	INFO	Number of language-specific files	num=1
2026-09-24T19:43:07Z	INFO	[jar] Detecting vulnerabilities...
2026-09-24T19:43:07Z	WARN	Using severities from other vendors for some vulnerabilities. Read 
https://trivy.dev/docs/v0.74/guide/scanner/vulnerability#severity-selection for details.
2026-09-24T19:43:07Z	INFO	Table result includes only package filenames. Use '--format json' option to get the full 
path to the package file.

Report Summary

┌────────────────────────────────────────────────────────┬────────┬─────────────────┐
│                         Target                         │  Type  │ Vulnerabilities │
├────────────────────────────────────────────────────────┼────────┼─────────────────┤
│ conference-registration-backend:latest (alpine 3.24.2) │ alpine │        1        │
├────────────────────────────────────────────────────────┼────────┼─────────────────┤
│ app/app.jar                                            │  jar   │        9        │
└────────────────────────────────────────────────────────┴────────┴─────────────────┘
Legend:
- '-': Not scanned
- '0': Clean (no security findings detected)


conference-registration-backend:latest (alpine 3.24.2)
======================================================
Total: 1 (LOW: 0, MEDIUM: 0, HIGH: 1, CRITICAL: 0)

┌──────────┬────────────────┬──────────┬────────┬───────────────────┬───────────────┬────────────────────────────────────────────────────────┐
│ Library  │ Vulnerability  │ Severity │ Status │ Installed Version │ Fixed Version │                         Title                          │
├──────────┼────────────────┼──────────┼────────┼───────────────────┼───────────────┼────────────────────────────────────────────────────────┤
│ libexpat │ CVE-2026-93990 │ HIGH     │ fixed  │ 2.8.4-r0          │ 2.8.5-r0      │ expat: Expat: XML Injection via Malformed UTF-16 Input │
│          │                │          │        │                   │               │ https://avd.aquasec.com/nvd/cve-2026-93990             │
└──────────┴────────────────┴──────────┴────────┴───────────────────┴───────────────┴────────────────────────────────────────────────────────┘

Java (jar)
==========
Total: 9 (LOW: 0, MEDIUM: 5, HIGH: 1, CRITICAL: 3)

┌───────────────────────────────────────────────────────┬─────────────────────┬──────────┬────────┬───────────────────┬───────────────────────────────┬──────────────────────────────────────────────────────────────┐
│                        Library                        │    Vulnerability    │ Severity │ Status │ Installed Version │         Fixed Version         │                            Title                             │
├───────────────────────────────────────────────────────┼─────────────────────┼──────────┼────────┼───────────────────┼───────────────────────────────┼──────────────────────────────────────────────────────────────┤
│ com.fasterxml.jackson.core:jackson-databind (app.jar) │ CVE-2026-54515      │ MEDIUM   │ fixed  │ 2.21.4            │ 3.1.4, 2.18.9, 2.21.5, 2.22.1 │ jackson-databind: jackson-databind: Ignored properties can   │
│                                                       │                     │          │        │                   │                               │ be unexpectedly modified                                     │
│                                                       │                     │          │        │                   │                               │ https://avd.aquasec.com/nvd/cve-2026-54515                   │
│                                                       ├─────────────────────┤          │        │                   ├───────────────────────────────┼──────────────────────────────────────────────────────────────┤
│                                                       │ CVE-2026-59889      │          │        │                   │ 2.21.5, 2.18.9, 2.22.1        │ com.fasterxml.jackson.core/jackson-databind:                 │
│                                                       │                     │          │        │                   │                               │ Jackson-databind: Privilege escalation via improper handling │
│                                                       │                     │          │        │                   │                               │ of @JsonUnwrapped properties                                 │
│                                                       │                     │          │        │                   │                               │ https://avd.aquasec.com/nvd/cve-2026-59889                   │
│                                                       ├─────────────────────┤          │        │                   ├───────────────────────────────┼──────────────────────────────────────────────────────────────┤
│                                                       │ GHSA-mhm7-754m-9p8w │          │        │                   │ 2.18.9, 2.21.5                │ jackson-databind: `@JsonView` bypass for creator properties  │
│                                                       │                     │          │        │                   │                               │ with `@JsonTypeInfo(include=As.EXTERNAL_PROPERTY)`           │
│                                                       │                     │          │        │                   │                               │ https://github.com/advisories/GHSA-mhm7-754m-9p8w            │
├───────────────────────────────────────────────────────┼─────────────────────┤          │        ├───────────────────┼───────────────────────────────┼──────────────────────────────────────────────────────────────┤
│ org.apache.commons:commons-lang3 (app.jar)            │ CVE-2025-48924      │          │        │ 3.17.0            │ 3.18.0                        │ commons-lang/commons-lang: org.apache.commons/commons-lang3: │
│                                                       │                     │          │        │                   │                               │ Uncontrolled Recursion vulnerability in Apache Commons Lang  │
│                                                       │                     │          │        │                   │                               │ https://avd.aquasec.com/nvd/cve-2025-48924                   │
├───────────────────────────────────────────────────────┼─────────────────────┤          │        ├───────────────────┼───────────────────────────────┼──────────────────────────────────────────────────────────────┤
│ org.apache.logging.log4j:log4j-api (app.jar)          │ CVE-2026-49844      │          │        │ 2.24.3            │ 2.25.5, 2.26.1                │ org.apache.logging.log4j/log4j-api: Apache Log4j API:        │
│                                                       │                     │          │        │                   │                               │ Malformed JSON output due to improper encoding of...         │
│                                                       │                     │          │        │                   │                               │ https://avd.aquasec.com/nvd/cve-2026-49844                   │
├───────────────────────────────────────────────────────┼─────────────────────┼──────────┤        ├───────────────────┼───────────────────────────────┼──────────────────────────────────────────────────────────────┤
│ org.apache.tomcat.embed:tomcat-embed-core (app.jar)   │ CVE-2026-65182      │ CRITICAL │        │ 10.1.55           │ 11.0.25, 10.1.58, 9.0.121     │ Apache Tomcat: Apache Tomcat: Security constraint bypass due │
│                                                       │                     │          │        │                   │                               │ to improper access control...                                │
│                                                       │                     │          │        │                   │                               │ https://avd.aquasec.com/nvd/cve-2026-65182                   │
│                                                       ├─────────────────────┤          │        │                   │                               ├──────────────────────────────────────────────────────────────┤
│                                                       │ CVE-2026-65905      │          │        │                   │                               │ tomcat: Apache Tomcat: Authentication bypass via limited     │
│                                                       │                     │          │        │                   │                               │ replay attack in DIGEST authenticator...                     │
│                                                       │                     │          │        │                   │                               │ https://avd.aquasec.com/nvd/cve-2026-65905                   │
│                                                       ├─────────────────────┤          │        │                   │                               ├──────────────────────────────────────────────────────────────┤
│                                                       │ CVE-2026-68525      │          │        │                   │                               │ org.apache.tomcat/tomcat: Apache Tomcat: Unauthorized        │
│                                                       │                     │          │        │                   │                               │ resource access via FORM authentication bypass               │
│                                                       │                     │          │        │                   │                               │ https://avd.aquasec.com/nvd/cve-2026-68525                   │
├───────────────────────────────────────────────────────┼─────────────────────┼──────────┤        ├───────────────────┼───────────────────────────────┼──────────────────────────────────────────────────────────────┤
│ org.postgresql:postgresql (app.jar)                   │ CVE-2026-54291      │ HIGH     │        │ 42.7.11           │ 42.7.12                       │ org.postgresql/postgresql: com.ongres.scram/scram-client:    │
│                                                       │                     │          │        │                   │                               │ pgjdbc: Man-in-the-middle protection bypass via              │
│                                                       │                     │          │        │                   │                               │ SCRAM-SHA-256-PLUS downgrade                                 │
│                                                       │                     │          │        │                   │                               │ https://avd.aquasec.com/nvd/cve-2026-54291                   │
└───────────────────────────────────────────────────────┴─────────────────────┴──────────┴────────┴───────────────────┴───────────────────────────────┴──────────────────────────────────────────────────────────────┘
=== conference-registration-frontend:latest
docker : 2026-09-24T19:43:09Z	INFO	[vuln] Vulnerability scanning is enabled
At line:1 char:776
+ ... trivy.log"; docker run --rm -v //var/run/docker.sock:/var/run/docker. ...
+                 ~~~~~~~~~~~~~~~~~~~~~~~~~~~~~~~~~~~~~~~~~~~~~~~~~~~~~~~~~
    + CategoryInfo          : NotSpecified: (2026-09-24T19:4...ning is enabled:String) [], RemoteException
    + FullyQualifiedErrorId : NativeCommandError
 
2026-09-24T19:43:10Z	INFO	Detected OS	family="alpine" version="3.21.3"
2026-09-24T19:43:10Z	INFO	[alpine] Detecting vulnerabilities...	os_version="3.21" repository="3.21" pkg_num=68
2026-09-24T19:43:10Z	INFO	Number of language-specific files	num=0
2026-09-24T19:43:10Z	WARN	Using severities from other vendors for some vulnerabilities. Read 
https://trivy.dev/docs/v0.74/guide/scanner/vulnerability#severity-selection for details.

Report Summary

┌─────────────────────────────────────────────────────────┬────────┬─────────────────┐
│                         Target                          │  Type  │ Vulnerabilities │
├─────────────────────────────────────────────────────────┼────────┼─────────────────┤
│ conference-registration-frontend:latest (alpine 3.21.3) │ alpine │       135       │
└─────────────────────────────────────────────────────────┴────────┴─────────────────┘
Legend:
- '-': Not scanned
- '0': Clean (no security findings detected)


conference-registration-frontend:latest (alpine 3.21.3)
=======================================================
Total: 135 (LOW: 40, MEDIUM: 57, HIGH: 36, CRITICAL: 2)

┌───────────────┬────────────────┬──────────┬────────┬───────────────────┬───────────────┬──────────────────────────────────────────────────────────────┐
│    Library    │ Vulnerability  │ Severity │ Status │ Installed Version │ Fixed Version │                            Title                             │
├───────────────┼────────────────┼──────────┼────────┼───────────────────┼───────────────┼──────────────────────────────────────────────────────────────┤
│ busybox       │ CVE-2024-58251 │ MEDIUM   │ fixed  │ 1.37.0-r12        │ 1.37.0-r14    │ In netstat in BusyBox through 1.37.0, local users can launch │
│               │                │          │        │                   │               │ of networ...                                                 │
│               │                │          │        │                   │               │ https://avd.aquasec.com/nvd/cve-2024-58251                   │
│               ├────────────────┼──────────┤        │                   │               ├──────────────────────────────────────────────────────────────┤
│               │ CVE-2025-46394 │ LOW      │        │                   │               │ In tar in BusyBox through 1.37.0, a TAR archive can have     │
│               │                │          │        │                   │               │ filenames...                                                 │
│               │                │          │        │                   │               │ https://avd.aquasec.com/nvd/cve-2025-46394                   │
├───────────────┼────────────────┼──────────┤        │                   │               ├──────────────────────────────────────────────────────────────┤
│ busybox-binsh │ CVE-2024-58251 │ MEDIUM   │        │                   │               │ In netstat in BusyBox through 1.37.0, local users can launch │
│               │                │          │        │                   │               │ of networ...                                                 │
│               │                │          │        │                   │               │ https://avd.aquasec.com/nvd/cve-2024-58251                   │
│               ├────────────────┼──────────┤        │                   │               ├──────────────────────────────────────────────────────────────┤
│               │ CVE-2025-46394 │ LOW      │        │                   │               │ In tar in BusyBox through 1.37.0, a TAR archive can have     │
│               │                │          │        │                   │               │ filenames...                                                 │
│               │                │          │        │                   │               │ https://avd.aquasec.com/nvd/cve-2025-46394                   │
├───────────────┼────────────────┼──────────┤        ├───────────────────┼───────────────┼──────────────────────────────────────────────────────────────┤
│ c-ares        │ CVE-2026-33630 │ HIGH     │        │ 1.34.5-r0         │ 1.34.8-r0     │ c-ares: c-ares: Use-after-free / double-free in              │
│               │                │          │        │                   │               │ query-completion handling                                    │
│               │                │          │        │                   │               │ https://avd.aquasec.com/nvd/cve-2026-33630                   │
│               ├────────────────┼──────────┤        │                   ├───────────────┼──────────────────────────────────────────────────────────────┤
│               │ CVE-2025-62408 │ MEDIUM   │        │                   │ 1.34.6-r0     │ c-ares: c-ares: Denial of Service due to query termination   │
│               │                │          │        │                   │               │ after maximum attempts...                                    │
│               │                │          │        │                   │               │ https://avd.aquasec.com/nvd/cve-2025-62408                   │
├───────────────┼────────────────┤          │        ├───────────────────┼───────────────┼──────────────────────────────────────────────────────────────┤
│ curl          │ CVE-2025-4947  │          │        │ 8.12.1-r1         │ 8.14.0-r0     │ libcurl: curl: QUIC certificate check skip with wolfSSL      │
│               │                │          │        │                   │               │ https://avd.aquasec.com/nvd/cve-2025-4947                    │
│               ├────────────────┤          │        │                   │               ├──────────────────────────────────────────────────────────────┤
│               │ CVE-2025-5025  │          │        │                   │               │ curl: libcurl: QUIC Certificate Pinning Bypass               │
│               │                │          │        │                   │               │ https://avd.aquasec.com/nvd/cve-2025-5025                    │
│               ├────────────────┤          │        │                   ├───────────────┼──────────────────────────────────────────────────────────────┤
│               │ CVE-2025-5399  │          │        │                   │ 8.14.1-r0     │ curl: libcurl: WebSocket endless loop                        │
│               │                │          │        │                   │               │ https://avd.aquasec.com/nvd/cve-2025-5399                    │
│               ├────────────────┤          │        │                   ├───────────────┼──────────────────────────────────────────────────────────────┤
│               │ CVE-2025-9086  │          │        │                   │ 8.14.1-r2     │ curl: libcurl: Curl out of bounds read for cookie path       │
│               │                │          │        │                   │               │ https://avd.aquasec.com/nvd/cve-2025-9086                    │
│               ├────────────────┼──────────┤        │                   │               ├──────────────────────────────────────────────────────────────┤
│               │ CVE-2025-10148 │ LOW      │        │                   │               │ curl: predictable WebSocket mask                             │
│               │                │          │        │                   │               │ https://avd.aquasec.com/nvd/cve-2025-10148                   │
├───────────────┼────────────────┼──────────┤        ├───────────────────┼───────────────┼──────────────────────────────────────────────────────────────┤
│ libcrypto3    │ CVE-2026-31789 │ CRITICAL │        │ 3.3.3-r0          │ 3.3.7-r0      │ openssl: OpenSSL: Heap buffer overflow on 32-bit systems     │
│               │                │          │        │                   │               │ from large X.509 certificate...                              │
│               │                │          │        │                   │               │ https://avd.aquasec.com/nvd/cve-2026-31789                   │
│               ├────────────────┼──────────┤        │                   ├───────────────┼──────────────────────────────────────────────────────────────┤
│               │ CVE-2025-15467 │ HIGH     │        │                   │ 3.3.6-r0      │ openssl: OpenSSL: Remote code execution or Denial of Service │
│               │                │          │        │                   │               │ via oversized Initialization...                              │
│               │                │          │        │                   │               │ https://avd.aquasec.com/nvd/cve-2025-15467                   │
│               ├────────────────┤          │        │                   │               ├──────────────────────────────────────────────────────────────┤
│               │ CVE-2025-69421 │          │        │                   │               │ openssl: OpenSSL: Denial of Service via malformed PKCS#12    │
│               │                │          │        │                   │               │ file processing                                              │
│               │                │          │        │                   │               │ https://avd.aquasec.com/nvd/cve-2025-69421                   │
│               ├────────────────┤          │        │                   ├───────────────┼──────────────────────────────────────────────────────────────┤
│               │ CVE-2026-28387 │          │        │                   │ 3.3.7-r0      │ openssl: OpenSSL: Arbitrary code execution due to            │
│               │                │          │        │                   │               │ use-after-free in DANE TLSA authentication...                │
│               │                │          │        │                   │               │ https://avd.aquasec.com/nvd/cve-2026-28387                   │
│               ├────────────────┤          │        │                   │               ├──────────────────────────────────────────────────────────────┤
│               │ CVE-2026-28388 │          │        │                   │               │ openssl: OpenSSL: Denial of Service due to NULL pointer      │
│               │                │          │        │                   │               │ dereference in delta...                                      │
│               │                │          │        │                   │               │ https://avd.aquasec.com/nvd/cve-2026-28388                   │
│               ├────────────────┤          │        │                   │               ├──────────────────────────────────────────────────────────────┤
│               │ CVE-2026-28389 │          │        │                   │               │ openssl: OpenSSL: Denial of Service vulnerability in CMS     │
│               │                │          │        │                   │               │ processing                                                   │
│               │                │          │        │                   │               │ https://avd.aquasec.com/nvd/cve-2026-28389                   │
│               ├────────────────┤          │        │                   │               ├──────────────────────────────────────────────────────────────┤
│               │ CVE-2026-28390 │          │        │                   │               │ openssl: OpenSSL: Denial of Service due to NULL pointer      │
│               │                │          │        │                   │               │ dereference in CMS...                                        │
│               │                │          │        │                   │               │ https://avd.aquasec.com/nvd/cve-2026-28390                   │
│               ├────────────────┤          │        │                   ├───────────────┼──────────────────────────────────────────────────────────────┤
│               │ CVE-2026-45447 │          │        │                   │ 3.3.7-r1      │ openssl: Heap Use-After-Free in OpenSSL PKCS7_verify()       │
│               │                │          │        │                   │               │ https://avd.aquasec.com/nvd/cve-2026-45447                   │
│               ├────────────────┼──────────┤        │                   ├───────────────┼──────────────────────────────────────────────────────────────┤
│               │ CVE-2025-69419 │ MEDIUM   │        │                   │ 3.3.6-r0      │ openssl: OpenSSL: Arbitrary code execution due to            │
│               │                │          │        │                   │               │ out-of-bounds write in PKCS#12 processing...                 │
│               │                │          │        │                   │               │ https://avd.aquasec.com/nvd/cve-2025-69419                   │
│               ├────────────────┤          │        │                   ├───────────────┼──────────────────────────────────────────────────────────────┤
│               │ CVE-2025-9230  │          │        │                   │ 3.3.5-r0      │ openssl: Out-of-bounds read & write in RFC 3211 KEK Unwrap   │
│               │                │          │        │                   │               │ https://avd.aquasec.com/nvd/cve-2025-9230                    │
│               ├────────────────┤          │        │                   │               ├──────────────────────────────────────────────────────────────┤
│               │ CVE-2025-9231  │          │        │                   │               │ openssl: Timing side-channel in SM2 algorithm on 64 bit ARM  │
│               │                │          │        │                   │               │ https://avd.aquasec.com/nvd/cve-2025-9231                    │
│               ├────────────────┤          │        │                   ├───────────────┼──────────────────────────────────────────────────────────────┤
│               │ CVE-2026-31790 │          │        │                   │ 3.3.7-r0      │ openssl: openssl: Information Disclosure from Uninitialized  │
│               │                │          │        │                   │               │ Memory via Invalid RSA Public Key...                         │
│               │                │          │        │                   │               │ https://avd.aquasec.com/nvd/cve-2026-31790                   │
│               ├────────────────┤          │        │                   ├───────────────┼──────────────────────────────────────────────────────────────┤
│               │ CVE-2026-34182 │          │        │                   │ 3.3.7-r1      │ openssl: CMS AuthEnvelopedData Processing May Accept Forged  │
│               │                │          │        │                   │               │ Messages                                                     │
│               │                │          │        │                   │               │ https://avd.aquasec.com/nvd/cve-2026-34182                   │
│               ├────────────────┤          │        │                   │               ├──────────────────────────────────────────────────────────────┤
│               │ CVE-2026-34183 │          │        │                   │               │ openssl: Unbounded Memory Growth in the QUIC PATH_CHALLENGE  │
│               │                │          │        │                   │               │ Handler                                                      │
│               │                │          │        │                   │               │ https://avd.aquasec.com/nvd/cve-2026-34183                   │
│               ├────────────────┤          │        │                   │               ├──────────────────────────────────────────────────────────────┤
│               │ CVE-2026-45445 │          │        │                   │               │ openssl: AES-OCB IV Ignored on EVP_Cipher() Path             │
│               │                │          │        │                   │               │ https://avd.aquasec.com/nvd/cve-2026-45445                   │
│               ├────────────────┤          │        │                   │               ├──────────────────────────────────────────────────────────────┤
│               │ CVE-2026-63072 │          │        │                   │               │ openssl: heap buffer overflow in CMS key unwrapping          │
│               │                │          │        │                   │               │ https://avd.aquasec.com/nvd/cve-2026-63072                   │
│               ├────────────────┤          │        │                   │               ├──────────────────────────────────────────────────────────────┤
│               │ CVE-2026-63076 │          │        │                   │               │ openssl: invalid pointer dereference in CMP server via       │
│               │                │          │        │                   │               │ crafted protectionAlg                                        │
│               │                │          │        │                   │               │ https://avd.aquasec.com/nvd/cve-2026-63076                   │
│               ├────────────────┼──────────┤        │                   ├───────────────┼──────────────────────────────────────────────────────────────┤
│               │ CVE-2025-15468 │ LOW      │        │                   │ 3.3.6-r0      │ openssl: OpenSSL: Denial of Service via NULL pointer         │
│               │                │          │        │                   │               │ dereference in QUIC protocol...                              │
│               │                │          │        │                   │               │ https://avd.aquasec.com/nvd/cve-2025-15468                   │
│               ├────────────────┤          │        │                   │               ├──────────────────────────────────────────────────────────────┤
│               │ CVE-2025-66199 │          │        │                   │               │ openssl: OpenSSL: Denial of Service due to excessive memory  │
│               │                │          │        │                   │               │ allocation in TLS...                                         │
│               │                │          │        │                   │               │ https://avd.aquasec.com/nvd/cve-2025-66199                   │
│               ├────────────────┤          │        │                   │               ├──────────────────────────────────────────────────────────────┤
│               │ CVE-2025-68160 │          │        │                   │               │ openssl: OpenSSL: Denial of Service due to out-of-bounds     │
│               │                │          │        │                   │               │ write in BIO filter...                                       │
│               │                │          │        │                   │               │ https://avd.aquasec.com/nvd/cve-2025-68160                   │
│               ├────────────────┤          │        │                   │               ├──────────────────────────────────────────────────────────────┤
│               │ CVE-2025-69418 │          │        │                   │               │ openssl: OpenSSL: Information disclosure and data tampering  │
│               │                │          │        │                   │               │ via specific low-level OCB encryption/decryption...          │
│               │                │          │        │                   │               │ https://avd.aquasec.com/nvd/cve-2025-69418                   │
│               ├────────────────┤          │        │                   │               ├──────────────────────────────────────────────────────────────┤
│               │ CVE-2025-69420 │          │        │                   │               │ openssl: OpenSSL: Denial of Service via malformed TimeStamp  │
│               │                │          │        │                   │               │ Response                                                     │
│               │                │          │        │                   │               │ https://avd.aquasec.com/nvd/cve-2025-69420                   │
│               ├────────────────┤          │        │                   ├───────────────┼──────────────────────────────────────────────────────────────┤
│               │ CVE-2025-9232  │          │        │                   │ 3.3.5-r0      │ openssl: Out-of-bounds read in HTTP client no_proxy handling │
│               │                │          │        │                   │               │ https://avd.aquasec.com/nvd/cve-2025-9232                    │
│               ├────────────────┤          │        │                   ├───────────────┼──────────────────────────────────────────────────────────────┤
│               │ CVE-2026-22795 │          │        │                   │ 3.3.6-r0      │ openssl: OpenSSL: Denial of Service due to type confusion in │
│               │                │          │        │                   │               │ PKCS#12 file...                                              │
│               │                │          │        │                   │               │ https://avd.aquasec.com/nvd/cve-2026-22795                   │
│               ├────────────────┤          │        │                   │               ├──────────────────────────────────────────────────────────────┤
│               │ CVE-2026-22796 │          │        │                   │               │ openssl: OpenSSL: Denial of Service via type confusion in    │
│               │                │          │        │                   │               │ PKCS#7 signature verification...                             │
│               │                │          │        │                   │               │ https://avd.aquasec.com/nvd/cve-2026-22796                   │
│               ├────────────────┤          │        │                   ├───────────────┼──────────────────────────────────────────────────────────────┤
│               │ CVE-2026-42766 │          │        │                   │ 3.3.7-r1      │ openssl: Possible NULL Dereference in Password-Based CMS     │
│               │                │          │        │                   │               │ Decryption                                                   │
│               │                │          │        │                   │               │ https://avd.aquasec.com/nvd/cve-2026-42766                   │
│               ├────────────────┤          │        │                   │               ├──────────────────────────────────────────────────────────────┤
│               │ CVE-2026-42768 │          │        │                   │               │ openssl: Multi-RecipientInfo Bleichenbacher Oracle in        │
│               │                │          │        │                   │               │ CMS_decrypt() and PKCS7_decrypt()                            │
│               │                │          │        │                   │               │ https://avd.aquasec.com/nvd/cve-2026-42768                   │
│               ├────────────────┤          │        │                   │               ├──────────────────────────────────────────────────────────────┤
│               │ CVE-2026-42770 │          │        │                   │               │ openssl: FFC-DH Peer Validation Uses Attacker-Supplied q     │
│               │                │          │        │                   │               │ https://avd.aquasec.com/nvd/cve-2026-42770                   │
│               ├────────────────┤          │        │                   │               ├──────────────────────────────────────────────────────────────┤
│               │ CVE-2026-45446 │          │        │                   │               │ openssl: Incorrect Tag Processing for Empty Messages in      │
│               │                │          │        │                   │               │ AES-GCM-SIV and AES-SIV modes...                             │
│               │                │          │        │                   │               │ https://avd.aquasec.com/nvd/cve-2026-45446                   │
│               ├────────────────┤          │        │                   │               ├──────────────────────────────────────────────────────────────┤
│               │ CVE-2026-63073 │          │        │                   │               │ openssl: untrusted sender DN used as format string in CMP    │
│               │                │          │        │                   │               │ response validation...                                       │
│               │                │          │        │                   │               │ https://avd.aquasec.com/nvd/cve-2026-63073                   │
│               ├────────────────┤          │        │                   │               ├──────────────────────────────────────────────────────────────┤
│               │ CVE-2026-75803 │          │        │                   │               │ openssl: openssl: AEAD forgeries possible with empty         │
│               │                │          │        │                   │               │ ciphertext in EVP_Cipher()                                   │
│               │                │          │        │                   │               │ https://avd.aquasec.com/nvd/cve-2026-75803                   │
│               ├────────────────┤          │        │                   │               ├──────────────────────────────────────────────────────────────┤
│               │ CVE-2026-9076  │          │        │                   │               │ openssl: OpenSSL: Denial of Service due to heap              │
│               │                │          │        │                   │               │ out-of-bounds read in CMS...                                 │
│               │                │          │        │                   │               │ https://avd.aquasec.com/nvd/cve-2026-9076                    │
├───────────────┼────────────────┼──────────┤        ├───────────────────┼───────────────┼──────────────────────────────────────────────────────────────┤
│ libcurl       │ CVE-2025-4947  │ MEDIUM   │        │ 8.12.1-r1         │ 8.14.0-r0     │ libcurl: curl: QUIC certificate check skip with wolfSSL      │
│               │                │          │        │                   │               │ https://avd.aquasec.com/nvd/cve-2025-4947                    │
│               ├────────────────┤          │        │                   │               ├──────────────────────────────────────────────────────────────┤
│               │ CVE-2025-5025  │          │        │                   │               │ curl: libcurl: QUIC Certificate Pinning Bypass               │
│               │                │          │        │                   │               │ https://avd.aquasec.com/nvd/cve-2025-5025                    │
│               ├────────────────┤          │        │                   ├───────────────┼──────────────────────────────────────────────────────────────┤
│               │ CVE-2025-5399  │          │        │                   │ 8.14.1-r0     │ curl: libcurl: WebSocket endless loop                        │
│               │                │          │        │                   │               │ https://avd.aquasec.com/nvd/cve-2025-5399                    │
│               ├────────────────┤          │        │                   ├───────────────┼──────────────────────────────────────────────────────────────┤
│               │ CVE-2025-9086  │          │        │                   │ 8.14.1-r2     │ curl: libcurl: Curl out of bounds read for cookie path       │
│               │                │          │        │                   │               │ https://avd.aquasec.com/nvd/cve-2025-9086                    │
│               ├────────────────┼──────────┤        │                   │               ├──────────────────────────────────────────────────────────────┤
│               │ CVE-2025-10148 │ LOW      │        │                   │               │ curl: predictable WebSocket mask                             │
│               │                │          │        │                   │               │ https://avd.aquasec.com/nvd/cve-2025-10148                   │
├───────────────┼────────────────┼──────────┤        ├───────────────────┼───────────────┼──────────────────────────────────────────────────────────────┤
│ libexpat      │ CVE-2025-59375 │ HIGH     │        │ 2.7.0-r0          │ 2.7.2-r0      │ firefox: thunderbird: expat: libexpat in Expat allows        │
│               │                │          │        │                   │               │ attackers to trigger large dynamic...                        │
│               │                │          │        │                   │               │ https://avd.aquasec.com/nvd/cve-2025-59375                   │
│               ├────────────────┤          │        │                   ├───────────────┼──────────────────────────────────────────────────────────────┤
│               │ CVE-2026-25210 │          │        │                   │ 2.7.4-r0      │ libexpat: libexpat: Information disclosure and data          │
│               │                │          │        │                   │               │ integrity issues due to integer overflow...                  │
│               │                │          │        │                   │               │ https://avd.aquasec.com/nvd/cve-2026-25210                   │
│               ├────────────────┤          │        │                   ├───────────────┼──────────────────────────────────────────────────────────────┤
│               │ CVE-2026-45186 │          │        │                   │ 2.8.1-r0      │ libexpat: denial of service via crafted XML input            │
│               │                │          │        │                   │               │ https://avd.aquasec.com/nvd/cve-2026-45186                   │
│               ├────────────────┤          │        │                   ├───────────────┼──────────────────────────────────────────────────────────────┤
│               │ CVE-2026-66046 │          │        │                   │ 2.8.4-r0      │ expat: Expat: Denial of Service via quadratic complexity in  │
│               │                │          │        │                   │               │ attribute processing                                         │
│               │                │          │        │                   │               │ https://avd.aquasec.com/nvd/cve-2026-66046                   │
│               ├────────────────┤          │        │                   │               ├──────────────────────────────────────────────────────────────┤
│               │ CVE-2026-76641 │          │        │                   │               │ expat: Expat: Denial of Service via XML external entity      │
│               │                │          │        │                   │               │ parsing                                                      │
│               │                │          │        │                   │               │ https://avd.aquasec.com/nvd/cve-2026-76641                   │
│               ├────────────────┤          │        │                   │               ├──────────────────────────────────────────────────────────────┤
│               │ CVE-2026-76956 │          │        │                   │               │ libexpat: libexpat: Denial of Service via hash flooding      │
│               │                │          │        │                   │               │ attack with crafted XML...                                   │
│               │                │          │        │                   │               │ https://avd.aquasec.com/nvd/cve-2026-76956                   │
│               ├────────────────┤          │        │                   │               ├──────────────────────────────────────────────────────────────┤
│               │ CVE-2026-76957 │          │        │                   │               │ libexpat: libexpat: Memory corruption vulnerability allows   │
│               │                │          │        │                   │               │ arbitrary code execution or denial of...                     │
│               │                │          │        │                   │               │ https://avd.aquasec.com/nvd/cve-2026-76957                   │
│               ├────────────────┼──────────┤        │                   ├───────────────┼──────────────────────────────────────────────────────────────┤
│               │ CVE-2026-32776 │ MEDIUM   │        │                   │ 2.7.5-r0      │ libexpat: libexpat: Denial of Service due to NULL pointer    │
│               │                │          │        │                   │               │ dereference                                                  │
│               │                │          │        │                   │               │ https://avd.aquasec.com/nvd/cve-2026-32776                   │
│               ├────────────────┤          │        │                   │               ├──────────────────────────────────────────────────────────────┤
│               │ CVE-2026-32777 │          │        │                   │               │ libexpat: libexpat: Denial of Service via infinite loop in   │
│               │                │          │        │                   │               │ DTD content parsing...                                       │
│               │                │          │        │                   │               │ https://avd.aquasec.com/nvd/cve-2026-32777                   │
│               ├────────────────┤          │        │                   │               ├──────────────────────────────────────────────────────────────┤
│               │ CVE-2026-32778 │          │        │                   │               │ libexpat: libexpat: Denial of Service via NULL pointer       │
│               │                │          │        │                   │               │ dereference after out-of-memory condition...                 │
│               │                │          │        │                   │               │ https://avd.aquasec.com/nvd/cve-2026-32778                   │
│               ├────────────────┤          │        │                   ├───────────────┼──────────────────────────────────────────────────────────────┤
│               │ CVE-2026-50219 │          │        │                   │ 2.8.2-r0      │ expat: libexpat: Use-after-free vulnerability due to         │
│               │                │          │        │                   │               │ improper handler call depth tracking                         │
│               │                │          │        │                   │               │ https://avd.aquasec.com/nvd/cve-2026-50219                   │
│               ├────────────────┤          │        │                   │               ├──────────────────────────────────────────────────────────────┤
│               │ CVE-2026-56131 │          │        │                   │               │ libexpat: libexpat: Use-after-free vulnerability due to      │
│               │                │          │        │                   │               │ insufficient handler call depth tracking                     │
│               │                │          │        │                   │               │ https://avd.aquasec.com/nvd/cve-2026-56131                   │
│               ├────────────────┤          │        │                   │               ├──────────────────────────────────────────────────────────────┤
│               │ CVE-2026-56132 │          │        │                   │               │ expat: libexpat: Arbitrary Code Execution via Heap-based     │
│               │                │          │        │                   │               │ Buffer Overflow                                              │
│               │                │          │        │                   │               │ https://avd.aquasec.com/nvd/cve-2026-56132                   │
│               ├────────────────┤          │        │                   │               ├──────────────────────────────────────────────────────────────┤
│               │ CVE-2026-56403 │          │        │                   │               │ libexpat: libexpat: Arbitrary code execution due to integer  │
│               │                │          │        │                   │               │ overflow in storeAtts                                        │
│               │                │          │        │                   │               │ https://avd.aquasec.com/nvd/cve-2026-56403                   │
│               ├────────────────┤          │        │                   │               ├──────────────────────────────────────────────────────────────┤
│               │ CVE-2026-56404 │          │        │                   │               │ libexpat: libexpat: Arbitrary Code Execution via integer     │
│               │                │          │        │                   │               │ overflow in addBinding                                       │
│               │                │          │        │                   │               │ https://avd.aquasec.com/nvd/cve-2026-56404                   │
│               ├────────────────┤          │        │                   │               ├──────────────────────────────────────────────────────────────┤
│               │ CVE-2026-56405 │          │        │                   │               │ libexpat: libexpat: Information disclosure and arbitrary     │
│               │                │          │        │                   │               │ code execution via integer overflow                          │
│               │                │          │        │                   │               │ https://avd.aquasec.com/nvd/cve-2026-56405                   │
│               ├────────────────┤          │        │                   │               ├──────────────────────────────────────────────────────────────┤
│               │ CVE-2026-56406 │          │        │                   │               │ libexpat: libexpat: Arbitrary code execution via integer     │
│               │                │          │        │                   │               │ overflow in XML_ParseBuffer                                  │
│               │                │          │        │                   │               │ https://avd.aquasec.com/nvd/cve-2026-56406                   │
│               ├────────────────┤          │        │                   │               ├──────────────────────────────────────────────────────────────┤
│               │ CVE-2026-56407 │          │        │                   │               │ libexpat: libexpat: Arbitrary code execution due to integer  │
│               │                │          │        │                   │               │ overflow                                                     │
│               │                │          │        │                   │               │ https://avd.aquasec.com/nvd/cve-2026-56407                   │
│               ├────────────────┤          │        │                   │               ├──────────────────────────────────────────────────────────────┤
│               │ CVE-2026-56408 │          │        │                   │               │ libexpat before 2.8.2 has an integer overflow in copyString. │
│               │                │          │        │                   │               │ https://avd.aquasec.com/nvd/cve-2026-56408                   │
│               ├────────────────┤          │        │                   │               ├──────────────────────────────────────────────────────────────┤
│               │ CVE-2026-56409 │          │        │                   │               │ xmlwf in libexpat before 2.8.2 has an integer overflow for   │
│               │                │          │        │                   │               │ the output...                                                │
│               │                │          │        │                   │               │ https://avd.aquasec.com/nvd/cve-2026-56409                   │
│               ├────────────────┤          │        │                   │               ├──────────────────────────────────────────────────────────────┤
│               │ CVE-2026-56410 │          │        │                   │               │ libexpat: libexpat: Integer overflow in xmlwf can lead to    │
│               │                │          │        │                   │               │ information disclosure and...                                │
│               │                │          │        │                   │               │ https://avd.aquasec.com/nvd/cve-2026-56410                   │
│               ├────────────────┤          │        │                   │               ├──────────────────────────────────────────────────────────────┤
│               │ CVE-2026-56411 │          │        │                   │               │ expat: libexpat: Integer Overflow Vulnerability Leading to   │
│               │                │          │        │                   │               │ Information Disclosure or Code Execution...                  │
│               │                │          │        │                   │               │ https://avd.aquasec.com/nvd/cve-2026-56411                   │
│               ├────────────────┤          │        │                   │               ├──────────────────────────────────────────────────────────────┤
│               │ CVE-2026-56412 │          │        │                   │               │ libexpat: libexpat: Use-after-free vulnerability due to      │
│               │                │          │        │                   │               │ improper handling of XML CDATA sections...                   │
│               │                │          │        │                   │               │ https://avd.aquasec.com/nvd/cve-2026-56412                   │
│               ├────────────────┼──────────┤        │                   ├───────────────┼──────────────────────────────────────────────────────────────┤
│               │ CVE-2026-24515 │ LOW      │        │                   │ 2.7.4-r0      │ libexpat: libexpat null pointer dereference                  │
│               │                │          │        │                   │               │ https://avd.aquasec.com/nvd/cve-2026-24515                   │
│               ├────────────────┤          │        │                   ├───────────────┼──────────────────────────────────────────────────────────────┤
│               │ CVE-2026-41080 │          │        │                   │ 2.8.1-r0      │ libexpat: expat: libexpat: Denial of Service via hash        │
│               │                │          │        │                   │               │ flooding with crafted XML...                                 │
│               │                │          │        │                   │               │ https://avd.aquasec.com/nvd/cve-2026-41080                   │
├───────────────┼────────────────┼──────────┤        ├───────────────────┼───────────────┼──────────────────────────────────────────────────────────────┤
│ libpng        │ CVE-2025-64720 │ HIGH     │        │ 1.6.47-r0         │ 1.6.53-r0     │ libpng: LIBPNG buffer overflow                               │
│               │                │          │        │                   │               │ https://avd.aquasec.com/nvd/cve-2025-64720                   │
│               ├────────────────┤          │        │                   │               ├──────────────────────────────────────────────────────────────┤
│               │ CVE-2025-65018 │          │        │                   │               │ libpng: LIBPNG heap buffer overflow                          │
│               │                │          │        │                   │               │ https://avd.aquasec.com/nvd/cve-2025-65018                   │
│               ├────────────────┤          │        │                   │               ├──────────────────────────────────────────────────────────────┤
│               │ CVE-2025-66293 │          │        │                   │               │ libpng: LIBPNG out-of-bounds read in                         │
│               │                │          │        │                   │               │ png_image_read_composite                                     │
│               │                │          │        │                   │               │ https://avd.aquasec.com/nvd/cve-2025-66293                   │
│               ├────────────────┤          │        │                   ├───────────────┼──────────────────────────────────────────────────────────────┤
│               │ CVE-2026-22695 │          │        │                   │ 1.6.54-r0     │ libpng: libpng: Denial of service and information disclosure │
│               │                │          │        │                   │               │ via heap buffer over-read...                                 │
│               │                │          │        │                   │               │ https://avd.aquasec.com/nvd/cve-2026-22695                   │
│               ├────────────────┤          │        │                   │               ├──────────────────────────────────────────────────────────────┤
│               │ CVE-2026-22801 │          │        │                   │               │ libpng: libpng: Information disclosure and denial of service │
│               │                │          │        │                   │               │ via integer truncation in...                                 │
│               │                │          │        │                   │               │ https://avd.aquasec.com/nvd/cve-2026-22801                   │
│               ├────────────────┤          │        │                   ├───────────────┼──────────────────────────────────────────────────────────────┤
│               │ CVE-2026-25646 │          │        │                   │ 1.6.55-r0     │ libpng: LIBPNG has a heap buffer overflow in                 │
│               │                │          │        │                   │               │ png_set_quantize                                             │
│               │                │          │        │                   │               │ https://avd.aquasec.com/nvd/cve-2026-25646                   │
│               ├────────────────┼──────────┤        │                   ├───────────────┼──────────────────────────────────────────────────────────────┤
│               │ CVE-2025-64505 │ MEDIUM   │        │                   │ 1.6.53-r0     │ libpng: LIBPNG heap buffer overflow via malformed palette    │
│               │                │          │        │                   │               │ index                                                        │
│               │                │          │        │                   │               │ https://avd.aquasec.com/nvd/cve-2025-64505                   │
│               ├────────────────┤          │        │                   │               ├──────────────────────────────────────────────────────────────┤
│               │ CVE-2025-64506 │          │        │                   │               │ libpng: LIBPNG heap buffer over-read                         │
│               │                │          │        │                   │               │ https://avd.aquasec.com/nvd/cve-2025-64506                   │
│               ├────────────────┤          │        │                   ├───────────────┼──────────────────────────────────────────────────────────────┤
│               │ CVE-2026-33416 │          │        │                   │ 1.6.56-r0     │ libpng: libpng: Arbitrary code execution due to              │
│               │                │          │        │                   │               │ use-after-free vulnerability                                 │
│               │                │          │        │                   │               │ https://avd.aquasec.com/nvd/cve-2026-33416                   │
│               ├────────────────┤          │        │                   │               ├──────────────────────────────────────────────────────────────┤
│               │ CVE-2026-33636 │          │        │                   │               │ libpng: libpng: Information disclosure and denial of service │
│               │                │          │        │                   │               │ via out-of-bounds read/write in...                           │
│               │                │          │        │                   │               │ https://avd.aquasec.com/nvd/cve-2026-33636                   │
│               ├────────────────┤          │        │                   ├───────────────┼──────────────────────────────────────────────────────────────┤
│               │ CVE-2026-34757 │          │        │                   │ 1.6.57-r0     │ libpng: libpng: Information disclosure and data corruption   │
│               │                │          │        │                   │               │ via use-after-free vulnerability                             │
│               │                │          │        │                   │               │ https://avd.aquasec.com/nvd/cve-2026-34757                   │
├───────────────┼────────────────┼──────────┤        ├───────────────────┼───────────────┼──────────────────────────────────────────────────────────────┤
│ libssl3       │ CVE-2026-31789 │ CRITICAL │        │ 3.3.3-r0          │ 3.3.7-r0      │ openssl: OpenSSL: Heap buffer overflow on 32-bit systems     │
│               │                │          │        │                   │               │ from large X.509 certificate...                              │
│               │                │          │        │                   │               │ https://avd.aquasec.com/nvd/cve-2026-31789                   │
│               ├────────────────┼──────────┤        │                   ├───────────────┼──────────────────────────────────────────────────────────────┤
│               │ CVE-2025-15467 │ HIGH     │        │                   │ 3.3.6-r0      │ openssl: OpenSSL: Remote code execution or Denial of Service │
│               │                │          │        │                   │               │ via oversized Initialization...                              │
│               │                │          │        │                   │               │ https://avd.aquasec.com/nvd/cve-2025-15467                   │
│               ├────────────────┤          │        │                   │               ├──────────────────────────────────────────────────────────────┤
│               │ CVE-2025-69421 │          │        │                   │               │ openssl: OpenSSL: Denial of Service via malformed PKCS#12    │
│               │                │          │        │                   │               │ file processing                                              │
│               │                │          │        │                   │               │ https://avd.aquasec.com/nvd/cve-2025-69421                   │
│               ├────────────────┤          │        │                   ├───────────────┼──────────────────────────────────────────────────────────────┤
│               │ CVE-2026-28387 │          │        │                   │ 3.3.7-r0      │ openssl: OpenSSL: Arbitrary code execution due to            │
│               │                │          │        │                   │               │ use-after-free in DANE TLSA authentication...                │
│               │                │          │        │                   │               │ https://avd.aquasec.com/nvd/cve-2026-28387                   │
│               ├────────────────┤          │        │                   │               ├──────────────────────────────────────────────────────────────┤
│               │ CVE-2026-28388 │          │        │                   │               │ openssl: OpenSSL: Denial of Service due to NULL pointer      │
│               │                │          │        │                   │               │ dereference in delta...                                      │
│               │                │          │        │                   │               │ https://avd.aquasec.com/nvd/cve-2026-28388                   │
│               ├────────────────┤          │        │                   │               ├──────────────────────────────────────────────────────────────┤
│               │ CVE-2026-28389 │          │        │                   │               │ openssl: OpenSSL: Denial of Service vulnerability in CMS     │
│               │                │          │        │                   │               │ processing                                                   │
│               │                │          │        │                   │               │ https://avd.aquasec.com/nvd/cve-2026-28389                   │
│               ├────────────────┤          │        │                   │               ├──────────────────────────────────────────────────────────────┤
│               │ CVE-2026-28390 │          │        │                   │               │ openssl: OpenSSL: Denial of Service due to NULL pointer      │
│               │                │          │        │                   │               │ dereference in CMS...                                        │
│               │                │          │        │                   │               │ https://avd.aquasec.com/nvd/cve-2026-28390                   │
│               ├────────────────┤          │        │                   ├───────────────┼──────────────────────────────────────────────────────────────┤
│               │ CVE-2026-45447 │          │        │                   │ 3.3.7-r1      │ openssl: Heap Use-After-Free in OpenSSL PKCS7_verify()       │
│               │                │          │        │                   │               │ https://avd.aquasec.com/nvd/cve-2026-45447                   │
│               ├────────────────┼──────────┤        │                   ├───────────────┼──────────────────────────────────────────────────────────────┤
│               │ CVE-2025-69419 │ MEDIUM   │        │                   │ 3.3.6-r0      │ openssl: OpenSSL: Arbitrary code execution due to            │
│               │                │          │        │                   │               │ out-of-bounds write in PKCS#12 processing...                 │
│               │                │          │        │                   │               │ https://avd.aquasec.com/nvd/cve-2025-69419                   │
│               ├────────────────┤          │        │                   ├───────────────┼──────────────────────────────────────────────────────────────┤
│               │ CVE-2025-9230  │          │        │                   │ 3.3.5-r0      │ openssl: Out-of-bounds read & write in RFC 3211 KEK Unwrap   │
│               │                │          │        │                   │               │ https://avd.aquasec.com/nvd/cve-2025-9230                    │
│               ├────────────────┤          │        │                   │               ├──────────────────────────────────────────────────────────────┤
│               │ CVE-2025-9231  │          │        │                   │               │ openssl: Timing side-channel in SM2 algorithm on 64 bit ARM  │
│               │                │          │        │                   │               │ https://avd.aquasec.com/nvd/cve-2025-9231                    │
│               ├────────────────┤          │        │                   ├───────────────┼──────────────────────────────────────────────────────────────┤
│               │ CVE-2026-31790 │          │        │                   │ 3.3.7-r0      │ openssl: openssl: Information Disclosure from Uninitialized  │
│               │                │          │        │                   │               │ Memory via Invalid RSA Public Key...                         │
│               │                │          │        │                   │               │ https://avd.aquasec.com/nvd/cve-2026-31790                   │
│               ├────────────────┤          │        │                   ├───────────────┼──────────────────────────────────────────────────────────────┤
│               │ CVE-2026-34182 │          │        │                   │ 3.3.7-r1      │ openssl: CMS AuthEnvelopedData Processing May Accept Forged  │
│               │                │          │        │                   │               │ Messages                                                     │
│               │                │          │        │                   │               │ https://avd.aquasec.com/nvd/cve-2026-34182                   │
│               ├────────────────┤          │        │                   │               ├──────────────────────────────────────────────────────────────┤
│               │ CVE-2026-34183 │          │        │                   │               │ openssl: Unbounded Memory Growth in the QUIC PATH_CHALLENGE  │
│               │                │          │        │                   │               │ Handler                                                      │
│               │                │          │        │                   │               │ https://avd.aquasec.com/nvd/cve-2026-34183                   │
│               ├────────────────┤          │        │                   │               ├──────────────────────────────────────────────────────────────┤
│               │ CVE-2026-45445 │          │        │                   │               │ openssl: AES-OCB IV Ignored on EVP_Cipher() Path             │
│               │                │          │        │                   │               │ https://avd.aquasec.com/nvd/cve-2026-45445                   │
│               ├────────────────┤          │        │                   │               ├──────────────────────────────────────────────────────────────┤
│               │ CVE-2026-63072 │          │        │                   │               │ openssl: heap buffer overflow in CMS key unwrapping          │
│               │                │          │        │                   │               │ https://avd.aquasec.com/nvd/cve-2026-63072                   │
│               ├────────────────┤          │        │                   │               ├──────────────────────────────────────────────────────────────┤
│               │ CVE-2026-63076 │          │        │                   │               │ openssl: invalid pointer dereference in CMP server via       │
│               │                │          │        │                   │               │ crafted protectionAlg                                        │
│               │                │          │        │                   │               │ https://avd.aquasec.com/nvd/cve-2026-63076                   │
│               ├────────────────┼──────────┤        │                   ├───────────────┼──────────────────────────────────────────────────────────────┤
│               │ CVE-2025-15468 │ LOW      │        │                   │ 3.3.6-r0      │ openssl: OpenSSL: Denial of Service via NULL pointer         │
│               │                │          │        │                   │               │ dereference in QUIC protocol...                              │
│               │                │          │        │                   │               │ https://avd.aquasec.com/nvd/cve-2025-15468                   │
│               ├────────────────┤          │        │                   │               ├──────────────────────────────────────────────────────────────┤
│               │ CVE-2025-66199 │          │        │                   │               │ openssl: OpenSSL: Denial of Service due to excessive memory  │
│               │                │          │        │                   │               │ allocation in TLS...                                         │
│               │                │          │        │                   │               │ https://avd.aquasec.com/nvd/cve-2025-66199                   │
│               ├────────────────┤          │        │                   │               ├──────────────────────────────────────────────────────────────┤
│               │ CVE-2025-68160 │          │        │                   │               │ openssl: OpenSSL: Denial of Service due to out-of-bounds     │
│               │                │          │        │                   │               │ write in BIO filter...                                       │
│               │                │          │        │                   │               │ https://avd.aquasec.com/nvd/cve-2025-68160                   │
│               ├────────────────┤          │        │                   │               ├──────────────────────────────────────────────────────────────┤
│               │ CVE-2025-69418 │          │        │                   │               │ openssl: OpenSSL: Information disclosure and data tampering  │
│               │                │          │        │                   │               │ via specific low-level OCB encryption/decryption...          │
│               │                │          │        │                   │               │ https://avd.aquasec.com/nvd/cve-2025-69418                   │
│               ├────────────────┤          │        │                   │               ├──────────────────────────────────────────────────────────────┤
│               │ CVE-2025-69420 │          │        │                   │               │ openssl: OpenSSL: Denial of Service via malformed TimeStamp  │
│               │                │          │        │                   │               │ Response                                                     │
│               │                │          │        │                   │               │ https://avd.aquasec.com/nvd/cve-2025-69420                   │
│               ├────────────────┤          │        │                   ├───────────────┼──────────────────────────────────────────────────────────────┤
│               │ CVE-2025-9232  │          │        │                   │ 3.3.5-r0      │ openssl: Out-of-bounds read in HTTP client no_proxy handling │
│               │                │          │        │                   │               │ https://avd.aquasec.com/nvd/cve-2025-9232                    │
│               ├────────────────┤          │        │                   ├───────────────┼──────────────────────────────────────────────────────────────┤
│               │ CVE-2026-22795 │          │        │                   │ 3.3.6-r0      │ openssl: OpenSSL: Denial of Service due to type confusion in │
│               │                │          │        │                   │               │ PKCS#12 file...                                              │
│               │                │          │        │                   │               │ https://avd.aquasec.com/nvd/cve-2026-22795                   │
│               ├────────────────┤          │        │                   │               ├──────────────────────────────────────────────────────────────┤
│               │ CVE-2026-22796 │          │        │                   │               │ openssl: OpenSSL: Denial of Service via type confusion in    │
│               │                │          │        │                   │               │ PKCS#7 signature verification...                             │
│               │                │          │        │                   │               │ https://avd.aquasec.com/nvd/cve-2026-22796                   │
│               ├────────────────┤          │        │                   ├───────────────┼──────────────────────────────────────────────────────────────┤
│               │ CVE-2026-42766 │          │        │                   │ 3.3.7-r1      │ openssl: Possible NULL Dereference in Password-Based CMS     │
│               │                │          │        │                   │               │ Decryption                                                   │
│               │                │          │        │                   │               │ https://avd.aquasec.com/nvd/cve-2026-42766                   │
│               ├────────────────┤          │        │                   │               ├──────────────────────────────────────────────────────────────┤
│               │ CVE-2026-42768 │          │        │                   │               │ openssl: Multi-RecipientInfo Bleichenbacher Oracle in        │
│               │                │          │        │                   │               │ CMS_decrypt() and PKCS7_decrypt()                            │
│               │                │          │        │                   │               │ https://avd.aquasec.com/nvd/cve-2026-42768                   │
│               ├────────────────┤          │        │                   │               ├──────────────────────────────────────────────────────────────┤
│               │ CVE-2026-42770 │          │        │                   │               │ openssl: FFC-DH Peer Validation Uses Attacker-Supplied q     │
│               │                │          │        │                   │               │ https://avd.aquasec.com/nvd/cve-2026-42770                   │
│               ├────────────────┤          │        │                   │               ├──────────────────────────────────────────────────────────────┤
│               │ CVE-2026-45446 │          │        │                   │               │ openssl: Incorrect Tag Processing for Empty Messages in      │
│               │                │          │        │                   │               │ AES-GCM-SIV and AES-SIV modes...                             │
│               │                │          │        │                   │               │ https://avd.aquasec.com/nvd/cve-2026-45446                   │
│               ├────────────────┤          │        │                   │               ├──────────────────────────────────────────────────────────────┤
│               │ CVE-2026-63073 │          │        │                   │               │ openssl: untrusted sender DN used as format string in CMP    │
│               │                │          │        │                   │               │ response validation...                                       │
│               │                │          │        │                   │               │ https://avd.aquasec.com/nvd/cve-2026-63073                   │
│               ├────────────────┤          │        │                   │               ├──────────────────────────────────────────────────────────────┤
│               │ CVE-2026-75803 │          │        │                   │               │ openssl: openssl: AEAD forgeries possible with empty         │
│               │                │          │        │                   │               │ ciphertext in EVP_Cipher()                                   │
│               │                │          │        │                   │               │ https://avd.aquasec.com/nvd/cve-2026-75803                   │
│               ├────────────────┤          │        │                   │               ├──────────────────────────────────────────────────────────────┤
│               │ CVE-2026-9076  │          │        │                   │               │ openssl: OpenSSL: Denial of Service due to heap              │
│               │                │          │        │                   │               │ out-of-bounds read in CMS...                                 │
│               │                │          │        │                   │               │ https://avd.aquasec.com/nvd/cve-2026-9076                    │
├───────────────┼────────────────┼──────────┤        ├───────────────────┼───────────────┼──────────────────────────────────────────────────────────────┤
│ libxml2       │ CVE-2025-49794 │ HIGH     │        │ 2.13.4-r6         │ 2.13.9-r0     │ libxml: Heap use after free (UAF) leads to Denial of service │
│               │                │          │        │                   │               │ (DoS)...                                                     │
│               │                │          │        │                   │               │ https://avd.aquasec.com/nvd/cve-2025-49794                   │
│               ├────────────────┤          │        │                   │               ├──────────────────────────────────────────────────────────────┤
│               │ CVE-2025-49795 │          │        │                   │               │ libxml: Null pointer dereference leads to Denial of service  │
│               │                │          │        │                   │               │ (DoS)                                                        │
│               │                │          │        │                   │               │ https://avd.aquasec.com/nvd/cve-2025-49795                   │
│               ├────────────────┤          │        │                   │               ├──────────────────────────────────────────────────────────────┤
│               │ CVE-2025-49796 │          │        │                   │               │ libxml: Type confusion leads to Denial of service (DoS)      │
│               │                │          │        │                   │               │ https://avd.aquasec.com/nvd/cve-2025-49796                   │
│               ├────────────────┤          │        │                   ├───────────────┼──────────────────────────────────────────────────────────────┤
│               │ CVE-2026-6732  │          │        │                   │ 2.13.9-r1     │ libxml2: libxml2: Denial of Service via crafted              │
│               │                │          │        │                   │               │ XSD-validated document                                       │
│               │                │          │        │                   │               │ https://avd.aquasec.com/nvd/cve-2026-6732                    │
│               ├────────────────┼──────────┤        │                   ├───────────────┼──────────────────────────────────────────────────────────────┤
│               │ CVE-2025-6021  │ MEDIUM   │        │                   │ 2.13.9-r0     │ libxml2: Integer Overflow in xmlBuildQName() Leads to Stack  │
│               │                │          │        │                   │               │ Buffer Overflow in libxml2...                                │
│               │                │          │        │                   │               │ https://avd.aquasec.com/nvd/cve-2025-6021                    │
│               ├────────────────┼──────────┤        │                   │               ├──────────────────────────────────────────────────────────────┤
│               │ CVE-2025-6170  │ LOW      │        │                   │               │ libxml2: Stack Buffer Overflow in xmllint Interactive Shell  │
│               │                │          │        │                   │               │ Command Handling                                             │
│               │                │          │        │                   │               │ https://avd.aquasec.com/nvd/cve-2025-6170                    │
├───────────────┼────────────────┼──────────┤        ├───────────────────┼───────────────┼──────────────────────────────────────────────────────────────┤
│ libxpm        │ CVE-2026-4367  │ MEDIUM   │        │ 3.5.17-r0         │ 3.5.19-r0     │ libXpm: libXpm: Denial of Service via out-of-bounds read in  │
│               │                │          │        │                   │               │ XPM file parsing...                                          │
│               │                │          │        │                   │               │ https://avd.aquasec.com/nvd/cve-2026-4367                    │
├───────────────┼────────────────┼──────────┤        ├───────────────────┼───────────────┼──────────────────────────────────────────────────────────────┤
│ musl          │ CVE-2026-40200 │ HIGH     │        │ 1.2.5-r9          │ 1.2.5-r11     │ musl: musl libc: Arbitrary code execution and denial of      │
│               │                │          │        │                   │               │ service via stack-based...                                   │
│               │                │          │        │                   │               │ https://avd.aquasec.com/nvd/cve-2026-40200                   │
│               ├────────────────┼──────────┤        │                   ├───────────────┼──────────────────────────────────────────────────────────────┤
│               │ CVE-2026-6042  │ MEDIUM   │        │                   │ 1.2.5-r10     │ musl libc: GB18030 4-byte Decoder: musl libc: Denial of      │
│               │                │          │        │                   │               │ Service via inefficient...                                   │
│               │                │          │        │                   │               │ https://avd.aquasec.com/nvd/cve-2026-6042                    │
├───────────────┼────────────────┼──────────┤        │                   ├───────────────┼──────────────────────────────────────────────────────────────┤
│ musl-utils    │ CVE-2026-40200 │ HIGH     │        │                   │ 1.2.5-r11     │ musl: musl libc: Arbitrary code execution and denial of      │
│               │                │          │        │                   │               │ service via stack-based...                                   │
│               │                │          │        │                   │               │ https://avd.aquasec.com/nvd/cve-2026-40200                   │
│               ├────────────────┼──────────┤        │                   ├───────────────┼──────────────────────────────────────────────────────────────┤
│               │ CVE-2026-6042  │ MEDIUM   │        │                   │ 1.2.5-r10     │ musl libc: GB18030 4-byte Decoder: musl libc: Denial of      │
│               │                │          │        │                   │               │ Service via inefficient...                                   │
│               │                │          │        │                   │               │ https://avd.aquasec.com/nvd/cve-2026-6042                    │
├───────────────┼────────────────┼──────────┤        ├───────────────────┼───────────────┼──────────────────────────────────────────────────────────────┤
│ nghttp2-libs  │ CVE-2026-27135 │ HIGH     │        │ 1.64.0-r0         │ 1.68.1        │ nghttp2: nghttp2: Denial of Service via malformed HTTP/2     │
│               │                │          │        │                   │               │ frames after session termination...                          │
│               │                │          │        │                   │               │ https://avd.aquasec.com/nvd/cve-2026-27135                   │
├───────────────┼────────────────┼──────────┤        ├───────────────────┼───────────────┼──────────────────────────────────────────────────────────────┤
│ ssl_client    │ CVE-2024-58251 │ MEDIUM   │        │ 1.37.0-r12        │ 1.37.0-r14    │ In netstat in BusyBox through 1.37.0, local users can launch │
│               │                │          │        │                   │               │ of networ...                                                 │
│               │                │          │        │                   │               │ https://avd.aquasec.com/nvd/cve-2024-58251                   │
│               ├────────────────┼──────────┤        │                   │               ├──────────────────────────────────────────────────────────────┤
│               │ CVE-2025-46394 │ LOW      │        │                   │               │ In tar in BusyBox through 1.37.0, a TAR archive can have     │
│               │                │          │        │                   │               │ filenames...                                                 │
│               │                │          │        │                   │               │ https://avd.aquasec.com/nvd/cve-2025-46394                   │
├───────────────┼────────────────┤          │        ├───────────────────┼───────────────┼──────────────────────────────────────────────────────────────┤
│ tiff          │ CVE-2025-8961  │          │        │ 4.7.0-r0          │ 4.7.1-r0      │ libtiff: LibTIFF memory corruption                           │
│               │                │          │        │                   │               │ https://avd.aquasec.com/nvd/cve-2025-8961                    │
│               ├────────────────┤          │        │                   │               ├──────────────────────────────────────────────────────────────┤
│               │ CVE-2025-9165  │          │        │                   │               │ libtiff: LibTIFF memory leak                                 │
│               │                │          │        │                   │               │ https://avd.aquasec.com/nvd/cve-2025-9165                    │
├───────────────┼────────────────┼──────────┤        ├───────────────────┼───────────────┼──────────────────────────────────────────────────────────────┤
│ xz-libs       │ CVE-2026-34743 │ MEDIUM   │        │ 5.6.3-r1          │ 5.8.3-r0      │ xz: XZ Utils: Denial of Service via buffer overflow in index │
│               │                │          │        │                   │               │ decoding...                                                  │
│               │                │          │        │                   │               │ https://avd.aquasec.com/nvd/cve-2026-34743                   │
├───────────────┼────────────────┼──────────┤        ├───────────────────┼───────────────┼──────────────────────────────────────────────────────────────┤
│ zlib          │ CVE-2026-22184 │ HIGH     │        │ 1.3.1-r2          │ 1.3.2-r0      │ zlib: zlib: Arbitrary code execution via buffer overflow in  │
│               │                │          │        │                   │               │ untgz utility                                                │
│               │                │          │        │                   │               │ https://avd.aquasec.com/nvd/cve-2026-22184                   │
│               ├────────────────┼──────────┤        │                   │               ├──────────────────────────────────────────────────────────────┤
│               │ CVE-2026-27171 │ MEDIUM   │        │                   │               │ zlib: zlib: Denial of Service via infinite loop in CRC32     │
│               │                │          │        │                   │               │ combine functions...                                         │
│               │                │          │        │                   │               │ https://avd.aquasec.com/nvd/cve-2026-27171                   │
└───────────────┴────────────────┴──────────┴────────┴───────────────────┴───────────────┴──────────────────────────────────────────────────────────────┘
END 2026-09-24T21:43:10.4651240+02:00
